ISO-10303-21;
HEADER;
/* Generated by software containing ST-Developer
 * from STEP Tools, Inc. (www.steptools.com) 
 */

FILE_DESCRIPTION(
/* description */ (''),
/* implementation_level */ '2;1');

FILE_NAME(
/* name */ 'Rover Chassis v.2.step',
/* time_stamp */ '2026-07-29T22:51:45-04:00',
/* author */ (''),
/* organization */ (''),
/* preprocessor_version */ 'ST-DEVELOPER v20.1',
/* originating_system */ 'Autodesk Translation Framework v15.8.0.0',
/* authorisation */ '');

FILE_SCHEMA (('AUTOMOTIVE_DESIGN { 1 0 10303 214 3 1 1 }'));
ENDSEC;

DATA;
#10=MECHANICAL_DESIGN_GEOMETRIC_PRESENTATION_REPRESENTATION('',(#13),#3201);
#11=SHAPE_REPRESENTATION_RELATIONSHIP('SRR','None',#3208,#12);
#12=ADVANCED_BREP_SHAPE_REPRESENTATION('',(#14),#3200);
#13=STYLED_ITEM('',(#3217),#14);
#14=MANIFOLD_SOLID_BREP('Body1',#1943);
#15=FACE_BOUND('',#258,.T.);
#16=FACE_BOUND('',#262,.T.);
#17=FACE_BOUND('',#266,.T.);
#18=FACE_BOUND('',#270,.T.);
#19=FACE_BOUND('',#280,.T.);
#20=FACE_BOUND('',#281,.T.);
#21=FACE_BOUND('',#282,.T.);
#22=FACE_BOUND('',#288,.T.);
#23=FACE_BOUND('',#289,.T.);
#24=FACE_BOUND('',#290,.T.);
#25=FACE_BOUND('',#305,.T.);
#26=FACE_BOUND('',#306,.T.);
#27=FACE_BOUND('',#307,.T.);
#28=FACE_BOUND('',#308,.T.);
#29=FACE_BOUND('',#309,.T.);
#30=FACE_BOUND('',#310,.T.);
#31=FACE_BOUND('',#311,.T.);
#32=FACE_BOUND('',#312,.T.);
#33=FACE_BOUND('',#349,.T.);
#34=FACE_BOUND('',#350,.T.);
#35=FACE_BOUND('',#352,.T.);
#36=FACE_BOUND('',#353,.T.);
#37=FACE_BOUND('',#361,.T.);
#38=FACE_BOUND('',#362,.T.);
#39=FACE_BOUND('',#363,.T.);
#40=FACE_BOUND('',#366,.T.);
#41=FACE_BOUND('',#367,.T.);
#42=FACE_BOUND('',#368,.T.);
#43=FACE_BOUND('',#371,.T.);
#44=FACE_BOUND('',#372,.T.);
#45=FACE_BOUND('',#373,.T.);
#46=FACE_BOUND('',#374,.T.);
#47=FACE_BOUND('',#375,.T.);
#48=FACE_BOUND('',#376,.T.);
#49=FACE_BOUND('',#379,.T.);
#50=FACE_BOUND('',#380,.T.);
#51=FACE_BOUND('',#381,.T.);
#52=FACE_BOUND('',#382,.T.);
#53=FACE_BOUND('',#383,.T.);
#54=FACE_BOUND('',#384,.T.);
#55=FACE_BOUND('',#387,.T.);
#56=FACE_BOUND('',#388,.T.);
#57=FACE_BOUND('',#389,.T.);
#58=FACE_BOUND('',#390,.T.);
#59=FACE_BOUND('',#391,.T.);
#60=FACE_BOUND('',#392,.T.);
#61=FACE_BOUND('',#393,.T.);
#62=FACE_BOUND('',#394,.T.);
#63=TOROIDAL_SURFACE('',#1985,2.6,0.5);
#64=TOROIDAL_SURFACE('',#1992,2.6,0.5);
#65=TOROIDAL_SURFACE('',#1999,2.6,0.5);
#66=TOROIDAL_SURFACE('',#2006,2.6,0.5);
#67=PLANE('',#1966);
#68=PLANE('',#1970);
#69=PLANE('',#1974);
#70=PLANE('',#1978);
#71=PLANE('',#1991);
#72=PLANE('',#1998);
#73=PLANE('',#2005);
#74=PLANE('',#2012);
#75=PLANE('',#2013);
#76=PLANE('',#2014);
#77=PLANE('',#2015);
#78=PLANE('',#2016);
#79=PLANE('',#2017);
#80=PLANE('',#2018);
#81=PLANE('',#2019);
#82=PLANE('',#2020);
#83=PLANE('',#2021);
#84=PLANE('',#2025);
#85=PLANE('',#2026);
#86=PLANE('',#2027);
#87=PLANE('',#2028);
#88=PLANE('',#2029);
#89=PLANE('',#2036);
#90=PLANE('',#2040);
#91=PLANE('',#2041);
#92=PLANE('',#2042);
#93=PLANE('',#2043);
#94=PLANE('',#2044);
#95=PLANE('',#2045);
#96=PLANE('',#2046);
#97=PLANE('',#2047);
#98=PLANE('',#2048);
#99=PLANE('',#2049);
#100=PLANE('',#2050);
#101=PLANE('',#2087);
#102=PLANE('',#2088);
#103=PLANE('',#2089);
#104=PLANE('',#2090);
#105=PLANE('',#2091);
#106=PLANE('',#2092);
#107=PLANE('',#2093);
#108=PLANE('',#2094);
#109=PLANE('',#2095);
#110=PLANE('',#2096);
#111=PLANE('',#2097);
#112=PLANE('',#2098);
#113=PLANE('',#2099);
#114=PLANE('',#2100);
#115=PLANE('',#2101);
#116=PLANE('',#2102);
#117=PLANE('',#2103);
#118=PLANE('',#2104);
#119=PLANE('',#2105);
#120=PLANE('',#2106);
#121=PLANE('',#2107);
#122=PLANE('',#2108);
#123=PLANE('',#2109);
#124=PLANE('',#2110);
#125=PLANE('',#2111);
#126=PLANE('',#2112);
#127=PLANE('',#2113);
#128=PLANE('',#2114);
#129=PLANE('',#2115);
#130=PLANE('',#2116);
#131=PLANE('',#2117);
#132=PLANE('',#2118);
#133=PLANE('',#2119);
#134=PLANE('',#2120);
#135=PLANE('',#2121);
#136=PLANE('',#2122);
#137=PLANE('',#2123);
#138=PLANE('',#2124);
#139=FACE_OUTER_BOUND('',#243,.T.);
#140=FACE_OUTER_BOUND('',#244,.T.);
#141=FACE_OUTER_BOUND('',#245,.T.);
#142=FACE_OUTER_BOUND('',#246,.T.);
#143=FACE_OUTER_BOUND('',#247,.T.);
#144=FACE_OUTER_BOUND('',#248,.T.);
#145=FACE_OUTER_BOUND('',#249,.T.);
#146=FACE_OUTER_BOUND('',#250,.T.);
#147=FACE_OUTER_BOUND('',#251,.T.);
#148=FACE_OUTER_BOUND('',#252,.T.);
#149=FACE_OUTER_BOUND('',#253,.T.);
#150=FACE_OUTER_BOUND('',#254,.T.);
#151=FACE_OUTER_BOUND('',#255,.T.);
#152=FACE_OUTER_BOUND('',#256,.T.);
#153=FACE_OUTER_BOUND('',#257,.T.);
#154=FACE_OUTER_BOUND('',#259,.T.);
#155=FACE_OUTER_BOUND('',#260,.T.);
#156=FACE_OUTER_BOUND('',#261,.T.);
#157=FACE_OUTER_BOUND('',#263,.T.);
#158=FACE_OUTER_BOUND('',#264,.T.);
#159=FACE_OUTER_BOUND('',#265,.T.);
#160=FACE_OUTER_BOUND('',#267,.T.);
#161=FACE_OUTER_BOUND('',#268,.T.);
#162=FACE_OUTER_BOUND('',#269,.T.);
#163=FACE_OUTER_BOUND('',#271,.T.);
#164=FACE_OUTER_BOUND('',#272,.T.);
#165=FACE_OUTER_BOUND('',#273,.T.);
#166=FACE_OUTER_BOUND('',#274,.T.);
#167=FACE_OUTER_BOUND('',#275,.T.);
#168=FACE_OUTER_BOUND('',#276,.T.);
#169=FACE_OUTER_BOUND('',#277,.T.);
#170=FACE_OUTER_BOUND('',#278,.T.);
#171=FACE_OUTER_BOUND('',#279,.T.);
#172=FACE_OUTER_BOUND('',#283,.T.);
#173=FACE_OUTER_BOUND('',#284,.T.);
#174=FACE_OUTER_BOUND('',#285,.T.);
#175=FACE_OUTER_BOUND('',#286,.T.);
#176=FACE_OUTER_BOUND('',#287,.T.);
#177=FACE_OUTER_BOUND('',#291,.T.);
#178=FACE_OUTER_BOUND('',#292,.T.);
#179=FACE_OUTER_BOUND('',#293,.T.);
#180=FACE_OUTER_BOUND('',#294,.T.);
#181=FACE_OUTER_BOUND('',#295,.T.);
#182=FACE_OUTER_BOUND('',#296,.T.);
#183=FACE_OUTER_BOUND('',#297,.T.);
#184=FACE_OUTER_BOUND('',#298,.T.);
#185=FACE_OUTER_BOUND('',#299,.T.);
#186=FACE_OUTER_BOUND('',#300,.T.);
#187=FACE_OUTER_BOUND('',#301,.T.);
#188=FACE_OUTER_BOUND('',#302,.T.);
#189=FACE_OUTER_BOUND('',#303,.T.);
#190=FACE_OUTER_BOUND('',#304,.T.);
#191=FACE_OUTER_BOUND('',#313,.T.);
#192=FACE_OUTER_BOUND('',#314,.T.);
#193=FACE_OUTER_BOUND('',#315,.T.);
#194=FACE_OUTER_BOUND('',#316,.T.);
#195=FACE_OUTER_BOUND('',#317,.T.);
#196=FACE_OUTER_BOUND('',#318,.T.);
#197=FACE_OUTER_BOUND('',#319,.T.);
#198=FACE_OUTER_BOUND('',#320,.T.);
#199=FACE_OUTER_BOUND('',#321,.T.);
#200=FACE_OUTER_BOUND('',#322,.T.);
#201=FACE_OUTER_BOUND('',#323,.T.);
#202=FACE_OUTER_BOUND('',#324,.T.);
#203=FACE_OUTER_BOUND('',#325,.T.);
#204=FACE_OUTER_BOUND('',#326,.T.);
#205=FACE_OUTER_BOUND('',#327,.T.);
#206=FACE_OUTER_BOUND('',#328,.T.);
#207=FACE_OUTER_BOUND('',#329,.T.);
#208=FACE_OUTER_BOUND('',#330,.T.);
#209=FACE_OUTER_BOUND('',#331,.T.);
#210=FACE_OUTER_BOUND('',#332,.T.);
#211=FACE_OUTER_BOUND('',#333,.T.);
#212=FACE_OUTER_BOUND('',#334,.T.);
#213=FACE_OUTER_BOUND('',#335,.T.);
#214=FACE_OUTER_BOUND('',#336,.T.);
#215=FACE_OUTER_BOUND('',#337,.T.);
#216=FACE_OUTER_BOUND('',#338,.T.);
#217=FACE_OUTER_BOUND('',#339,.T.);
#218=FACE_OUTER_BOUND('',#340,.T.);
#219=FACE_OUTER_BOUND('',#341,.T.);
#220=FACE_OUTER_BOUND('',#342,.T.);
#221=FACE_OUTER_BOUND('',#343,.T.);
#222=FACE_OUTER_BOUND('',#344,.T.);
#223=FACE_OUTER_BOUND('',#345,.T.);
#224=FACE_OUTER_BOUND('',#346,.T.);
#225=FACE_OUTER_BOUND('',#347,.T.);
#226=FACE_OUTER_BOUND('',#348,.T.);
#227=FACE_OUTER_BOUND('',#351,.T.);
#228=FACE_OUTER_BOUND('',#354,.T.);
#229=FACE_OUTER_BOUND('',#355,.T.);
#230=FACE_OUTER_BOUND('',#356,.T.);
#231=FACE_OUTER_BOUND('',#357,.T.);
#232=FACE_OUTER_BOUND('',#358,.T.);
#233=FACE_OUTER_BOUND('',#359,.T.);
#234=FACE_OUTER_BOUND('',#360,.T.);
#235=FACE_OUTER_BOUND('',#364,.T.);
#236=FACE_OUTER_BOUND('',#365,.T.);
#237=FACE_OUTER_BOUND('',#369,.T.);
#238=FACE_OUTER_BOUND('',#370,.T.);
#239=FACE_OUTER_BOUND('',#377,.T.);
#240=FACE_OUTER_BOUND('',#378,.T.);
#241=FACE_OUTER_BOUND('',#385,.T.);
#242=FACE_OUTER_BOUND('',#386,.T.);
#243=EDGE_LOOP('',(#1287,#1288,#1289,#1290));
#244=EDGE_LOOP('',(#1291,#1292,#1293,#1294));
#245=EDGE_LOOP('',(#1295,#1296,#1297,#1298));
#246=EDGE_LOOP('',(#1299,#1300,#1301,#1302));
#247=EDGE_LOOP('',(#1303,#1304,#1305,#1306));
#248=EDGE_LOOP('',(#1307,#1308,#1309,#1310));
#249=EDGE_LOOP('',(#1311,#1312,#1313,#1314));
#250=EDGE_LOOP('',(#1315,#1316,#1317,#1318));
#251=EDGE_LOOP('',(#1319,#1320,#1321,#1322));
#252=EDGE_LOOP('',(#1323,#1324,#1325,#1326));
#253=EDGE_LOOP('',(#1327,#1328,#1329,#1330));
#254=EDGE_LOOP('',(#1331,#1332,#1333,#1334));
#255=EDGE_LOOP('',(#1335,#1336,#1337,#1338));
#256=EDGE_LOOP('',(#1339,#1340,#1341,#1342));
#257=EDGE_LOOP('',(#1343,#1344,#1345,#1346));
#258=EDGE_LOOP('',(#1347));
#259=EDGE_LOOP('',(#1348,#1349,#1350,#1351));
#260=EDGE_LOOP('',(#1352,#1353,#1354,#1355));
#261=EDGE_LOOP('',(#1356,#1357,#1358,#1359));
#262=EDGE_LOOP('',(#1360));
#263=EDGE_LOOP('',(#1361,#1362,#1363,#1364));
#264=EDGE_LOOP('',(#1365,#1366,#1367,#1368));
#265=EDGE_LOOP('',(#1369,#1370,#1371,#1372));
#266=EDGE_LOOP('',(#1373));
#267=EDGE_LOOP('',(#1374,#1375,#1376,#1377));
#268=EDGE_LOOP('',(#1378,#1379,#1380,#1381));
#269=EDGE_LOOP('',(#1382,#1383,#1384,#1385));
#270=EDGE_LOOP('',(#1386));
#271=EDGE_LOOP('',(#1387));
#272=EDGE_LOOP('',(#1388));
#273=EDGE_LOOP('',(#1389));
#274=EDGE_LOOP('',(#1390));
#275=EDGE_LOOP('',(#1391,#1392,#1393,#1394));
#276=EDGE_LOOP('',(#1395,#1396,#1397,#1398));
#277=EDGE_LOOP('',(#1399,#1400,#1401,#1402));
#278=EDGE_LOOP('',(#1403,#1404,#1405,#1406,#1407));
#279=EDGE_LOOP('',(#1408,#1409,#1410,#1411,#1412,#1413,#1414,#1415,#1416,
#1417,#1418,#1419,#1420));
#280=EDGE_LOOP('',(#1421));
#281=EDGE_LOOP('',(#1422));
#282=EDGE_LOOP('',(#1423));
#283=EDGE_LOOP('',(#1424,#1425,#1426,#1427));
#284=EDGE_LOOP('',(#1428,#1429,#1430,#1431));
#285=EDGE_LOOP('',(#1432,#1433,#1434,#1435));
#286=EDGE_LOOP('',(#1436,#1437,#1438,#1439,#1440));
#287=EDGE_LOOP('',(#1441,#1442,#1443,#1444,#1445,#1446,#1447,#1448,#1449,
#1450,#1451,#1452,#1453));
#288=EDGE_LOOP('',(#1454));
#289=EDGE_LOOP('',(#1455));
#290=EDGE_LOOP('',(#1456));
#291=EDGE_LOOP('',(#1457,#1458,#1459,#1460));
#292=EDGE_LOOP('',(#1461));
#293=EDGE_LOOP('',(#1462,#1463,#1464,#1465));
#294=EDGE_LOOP('',(#1466));
#295=EDGE_LOOP('',(#1467,#1468,#1469,#1470,#1471));
#296=EDGE_LOOP('',(#1472,#1473,#1474,#1475));
#297=EDGE_LOOP('',(#1476,#1477,#1478,#1479));
#298=EDGE_LOOP('',(#1480,#1481,#1482,#1483,#1484,#1485,#1486,#1487));
#299=EDGE_LOOP('',(#1488,#1489,#1490,#1491));
#300=EDGE_LOOP('',(#1492,#1493,#1494,#1495));
#301=EDGE_LOOP('',(#1496,#1497,#1498,#1499,#1500));
#302=EDGE_LOOP('',(#1501,#1502,#1503,#1504));
#303=EDGE_LOOP('',(#1505,#1506,#1507,#1508));
#304=EDGE_LOOP('',(#1509,#1510,#1511,#1512,#1513,#1514,#1515,#1516));
#305=EDGE_LOOP('',(#1517));
#306=EDGE_LOOP('',(#1518));
#307=EDGE_LOOP('',(#1519));
#308=EDGE_LOOP('',(#1520));
#309=EDGE_LOOP('',(#1521));
#310=EDGE_LOOP('',(#1522));
#311=EDGE_LOOP('',(#1523));
#312=EDGE_LOOP('',(#1524));
#313=EDGE_LOOP('',(#1525,#1526,#1527,#1528));
#314=EDGE_LOOP('',(#1529,#1530,#1531,#1532));
#315=EDGE_LOOP('',(#1533,#1534,#1535,#1536));
#316=EDGE_LOOP('',(#1537,#1538,#1539,#1540));
#317=EDGE_LOOP('',(#1541,#1542,#1543,#1544));
#318=EDGE_LOOP('',(#1545,#1546,#1547,#1548));
#319=EDGE_LOOP('',(#1549,#1550,#1551,#1552));
#320=EDGE_LOOP('',(#1553,#1554,#1555,#1556));
#321=EDGE_LOOP('',(#1557,#1558,#1559,#1560));
#322=EDGE_LOOP('',(#1561,#1562,#1563,#1564));
#323=EDGE_LOOP('',(#1565,#1566,#1567,#1568));
#324=EDGE_LOOP('',(#1569,#1570,#1571,#1572));
#325=EDGE_LOOP('',(#1573,#1574,#1575,#1576));
#326=EDGE_LOOP('',(#1577,#1578,#1579,#1580));
#327=EDGE_LOOP('',(#1581,#1582,#1583,#1584));
#328=EDGE_LOOP('',(#1585,#1586,#1587,#1588));
#329=EDGE_LOOP('',(#1589,#1590,#1591,#1592));
#330=EDGE_LOOP('',(#1593,#1594,#1595,#1596));
#331=EDGE_LOOP('',(#1597,#1598,#1599,#1600));
#332=EDGE_LOOP('',(#1601,#1602,#1603,#1604,#1605,#1606));
#333=EDGE_LOOP('',(#1607,#1608,#1609,#1610));
#334=EDGE_LOOP('',(#1611,#1612,#1613,#1614));
#335=EDGE_LOOP('',(#1615,#1616,#1617,#1618));
#336=EDGE_LOOP('',(#1619,#1620,#1621,#1622));
#337=EDGE_LOOP('',(#1623,#1624,#1625,#1626));
#338=EDGE_LOOP('',(#1627,#1628,#1629,#1630));
#339=EDGE_LOOP('',(#1631,#1632,#1633,#1634));
#340=EDGE_LOOP('',(#1635,#1636,#1637,#1638));
#341=EDGE_LOOP('',(#1639,#1640,#1641,#1642));
#342=EDGE_LOOP('',(#1643,#1644,#1645,#1646));
#343=EDGE_LOOP('',(#1647,#1648,#1649,#1650));
#344=EDGE_LOOP('',(#1651,#1652,#1653,#1654,#1655,#1656,#1657,#1658));
#345=EDGE_LOOP('',(#1659,#1660,#1661,#1662));
#346=EDGE_LOOP('',(#1663,#1664,#1665,#1666));
#347=EDGE_LOOP('',(#1667,#1668,#1669,#1670));
#348=EDGE_LOOP('',(#1671,#1672,#1673,#1674,#1675,#1676));
#349=EDGE_LOOP('',(#1677));
#350=EDGE_LOOP('',(#1678));
#351=EDGE_LOOP('',(#1679,#1680,#1681,#1682,#1683,#1684));
#352=EDGE_LOOP('',(#1685));
#353=EDGE_LOOP('',(#1686));
#354=EDGE_LOOP('',(#1687,#1688,#1689,#1690));
#355=EDGE_LOOP('',(#1691,#1692,#1693,#1694));
#356=EDGE_LOOP('',(#1695,#1696,#1697,#1698));
#357=EDGE_LOOP('',(#1699,#1700,#1701,#1702));
#358=EDGE_LOOP('',(#1703,#1704,#1705,#1706));
#359=EDGE_LOOP('',(#1707,#1708,#1709,#1710,#1711,#1712));
#360=EDGE_LOOP('',(#1713,#1714,#1715,#1716));
#361=EDGE_LOOP('',(#1717));
#362=EDGE_LOOP('',(#1718,#1719,#1720,#1721,#1722,#1723,#1724,#1725));
#363=EDGE_LOOP('',(#1726));
#364=EDGE_LOOP('',(#1727,#1728,#1729,#1730));
#365=EDGE_LOOP('',(#1731,#1732,#1733,#1734));
#366=EDGE_LOOP('',(#1735));
#367=EDGE_LOOP('',(#1736,#1737,#1738,#1739,#1740,#1741,#1742,#1743));
#368=EDGE_LOOP('',(#1744));
#369=EDGE_LOOP('',(#1745,#1746,#1747,#1748,#1749,#1750));
#370=EDGE_LOOP('',(#1751,#1752,#1753,#1754,#1755,#1756,#1757,#1758));
#371=EDGE_LOOP('',(#1759));
#372=EDGE_LOOP('',(#1760));
#373=EDGE_LOOP('',(#1761));
#374=EDGE_LOOP('',(#1762));
#375=EDGE_LOOP('',(#1763,#1764,#1765,#1766));
#376=EDGE_LOOP('',(#1767,#1768,#1769,#1770));
#377=EDGE_LOOP('',(#1771,#1772,#1773,#1774));
#378=EDGE_LOOP('',(#1775,#1776,#1777,#1778,#1779,#1780,#1781,#1782));
#379=EDGE_LOOP('',(#1783));
#380=EDGE_LOOP('',(#1784));
#381=EDGE_LOOP('',(#1785));
#382=EDGE_LOOP('',(#1786));
#383=EDGE_LOOP('',(#1787,#1788,#1789,#1790));
#384=EDGE_LOOP('',(#1791,#1792,#1793,#1794));
#385=EDGE_LOOP('',(#1795,#1796,#1797,#1798));
#386=EDGE_LOOP('',(#1799,#1800,#1801,#1802));
#387=EDGE_LOOP('',(#1803));
#388=EDGE_LOOP('',(#1804));
#389=EDGE_LOOP('',(#1805));
#390=EDGE_LOOP('',(#1806));
#391=EDGE_LOOP('',(#1807));
#392=EDGE_LOOP('',(#1808));
#393=EDGE_LOOP('',(#1809));
#394=EDGE_LOOP('',(#1810));
#395=LINE('',#2666,#593);
#396=LINE('',#2672,#594);
#397=LINE('',#2678,#595);
#398=LINE('',#2683,#596);
#399=LINE('',#2685,#597);
#400=LINE('',#2687,#598);
#401=LINE('',#2688,#599);
#402=LINE('',#2693,#600);
#403=LINE('',#2697,#601);
#404=LINE('',#2699,#602);
#405=LINE('',#2700,#603);
#406=LINE('',#2705,#604);
#407=LINE('',#2709,#605);
#408=LINE('',#2711,#606);
#409=LINE('',#2712,#607);
#410=LINE('',#2717,#608);
#411=LINE('',#2721,#609);
#412=LINE('',#2723,#610);
#413=LINE('',#2724,#611);
#414=LINE('',#2732,#612);
#415=LINE('',#2742,#613);
#416=LINE('',#2747,#614);
#417=LINE('',#2749,#615);
#418=LINE('',#2751,#616);
#419=LINE('',#2752,#617);
#420=LINE('',#2761,#618);
#421=LINE('',#2766,#619);
#422=LINE('',#2768,#620);
#423=LINE('',#2770,#621);
#424=LINE('',#2771,#622);
#425=LINE('',#2780,#623);
#426=LINE('',#2785,#624);
#427=LINE('',#2787,#625);
#428=LINE('',#2789,#626);
#429=LINE('',#2790,#627);
#430=LINE('',#2799,#628);
#431=LINE('',#2804,#629);
#432=LINE('',#2806,#630);
#433=LINE('',#2808,#631);
#434=LINE('',#2809,#632);
#435=LINE('',#2817,#633);
#436=LINE('',#2819,#634);
#437=LINE('',#2821,#635);
#438=LINE('',#2822,#636);
#439=LINE('',#2825,#637);
#440=LINE('',#2827,#638);
#441=LINE('',#2828,#639);
#442=LINE('',#2830,#640);
#443=LINE('',#2831,#641);
#444=LINE('',#2833,#642);
#445=LINE('',#2836,#643);
#446=LINE('',#2838,#644);
#447=LINE('',#2839,#645);
#448=LINE('',#2841,#646);
#449=LINE('',#2843,#647);
#450=LINE('',#2845,#648);
#451=LINE('',#2847,#649);
#452=LINE('',#2848,#650);
#453=LINE('',#2858,#651);
#454=LINE('',#2860,#652);
#455=LINE('',#2862,#653);
#456=LINE('',#2863,#654);
#457=LINE('',#2866,#655);
#458=LINE('',#2868,#656);
#459=LINE('',#2869,#657);
#460=LINE('',#2871,#658);
#461=LINE('',#2872,#659);
#462=LINE('',#2874,#660);
#463=LINE('',#2877,#661);
#464=LINE('',#2879,#662);
#465=LINE('',#2881,#663);
#466=LINE('',#2883,#664);
#467=LINE('',#2884,#665);
#468=LINE('',#2886,#666);
#469=LINE('',#2888,#667);
#470=LINE('',#2889,#668);
#471=LINE('',#2900,#669);
#472=LINE('',#2907,#670);
#473=LINE('',#2913,#671);
#474=LINE('',#2915,#672);
#475=LINE('',#2916,#673);
#476=LINE('',#2917,#674);
#477=LINE('',#2920,#675);
#478=LINE('',#2922,#676);
#479=LINE('',#2923,#677);
#480=LINE('',#2925,#678);
#481=LINE('',#2928,#679);
#482=LINE('',#2929,#680);
#483=LINE('',#2930,#681);
#484=LINE('',#2933,#682);
#485=LINE('',#2935,#683);
#486=LINE('',#2936,#684);
#487=LINE('',#2939,#685);
#488=LINE('',#2941,#686);
#489=LINE('',#2943,#687);
#490=LINE('',#2944,#688);
#491=LINE('',#2947,#689);
#492=LINE('',#2948,#690);
#493=LINE('',#2950,#691);
#494=LINE('',#2953,#692);
#495=LINE('',#2955,#693);
#496=LINE('',#2956,#694);
#497=LINE('',#2958,#695);
#498=LINE('',#2959,#696);
#499=LINE('',#2978,#697);
#500=LINE('',#2982,#698);
#501=LINE('',#2986,#699);
#502=LINE('',#2990,#700);
#503=LINE('',#2994,#701);
#504=LINE('',#2998,#702);
#505=LINE('',#3002,#703);
#506=LINE('',#3006,#704);
#507=LINE('',#3010,#705);
#508=LINE('',#3014,#706);
#509=LINE('',#3018,#707);
#510=LINE('',#3022,#708);
#511=LINE('',#3026,#709);
#512=LINE('',#3030,#710);
#513=LINE('',#3035,#711);
#514=LINE('',#3037,#712);
#515=LINE('',#3039,#713);
#516=LINE('',#3040,#714);
#517=LINE('',#3043,#715);
#518=LINE('',#3045,#716);
#519=LINE('',#3046,#717);
#520=LINE('',#3049,#718);
#521=LINE('',#3051,#719);
#522=LINE('',#3052,#720);
#523=LINE('',#3054,#721);
#524=LINE('',#3055,#722);
#525=LINE('',#3058,#723);
#526=LINE('',#3062,#724);
#527=LINE('',#3064,#725);
#528=LINE('',#3066,#726);
#529=LINE('',#3067,#727);
#530=LINE('',#3070,#728);
#531=LINE('',#3072,#729);
#532=LINE('',#3073,#730);
#533=LINE('',#3076,#731);
#534=LINE('',#3078,#732);
#535=LINE('',#3079,#733);
#536=LINE('',#3081,#734);
#537=LINE('',#3082,#735);
#538=LINE('',#3085,#736);
#539=LINE('',#3089,#737);
#540=LINE('',#3091,#738);
#541=LINE('',#3093,#739);
#542=LINE('',#3094,#740);
#543=LINE('',#3097,#741);
#544=LINE('',#3099,#742);
#545=LINE('',#3100,#743);
#546=LINE('',#3103,#744);
#547=LINE('',#3105,#745);
#548=LINE('',#3106,#746);
#549=LINE('',#3108,#747);
#550=LINE('',#3109,#748);
#551=LINE('',#3112,#749);
#552=LINE('',#3113,#750);
#553=LINE('',#3117,#751);
#554=LINE('',#3119,#752);
#555=LINE('',#3121,#753);
#556=LINE('',#3122,#754);
#557=LINE('',#3125,#755);
#558=LINE('',#3127,#756);
#559=LINE('',#3128,#757);
#560=LINE('',#3130,#758);
#561=LINE('',#3134,#759);
#562=LINE('',#3135,#760);
#563=LINE('',#3137,#761);
#564=LINE('',#3138,#762);
#565=LINE('',#3142,#763);
#566=LINE('',#3144,#764);
#567=LINE('',#3146,#765);
#568=LINE('',#3147,#766);
#569=LINE('',#3150,#767);
#570=LINE('',#3152,#768);
#571=LINE('',#3153,#769);
#572=LINE('',#3156,#770);
#573=LINE('',#3158,#771);
#574=LINE('',#3159,#772);
#575=LINE('',#3161,#773);
#576=LINE('',#3162,#774);
#577=LINE('',#3165,#775);
#578=LINE('',#3170,#776);
#579=LINE('',#3172,#777);
#580=LINE('',#3174,#778);
#581=LINE('',#3175,#779);
#582=LINE('',#3178,#780);
#583=LINE('',#3180,#781);
#584=LINE('',#3181,#782);
#585=LINE('',#3184,#783);
#586=LINE('',#3186,#784);
#587=LINE('',#3187,#785);
#588=LINE('',#3188,#786);
#589=LINE('',#3190,#787);
#590=LINE('',#3191,#788);
#591=LINE('',#3194,#789);
#592=LINE('',#3195,#790);
#593=VECTOR('',#2131,1.75);
#594=VECTOR('',#2138,1.75);
#595=VECTOR('',#2145,1.75);
#596=VECTOR('',#2150,10.);
#597=VECTOR('',#2151,10.);
#598=VECTOR('',#2152,10.);
#599=VECTOR('',#2153,10.);
#600=VECTOR('',#2158,10.);
#601=VECTOR('',#2163,10.);
#602=VECTOR('',#2164,10.);
#603=VECTOR('',#2165,10.);
#604=VECTOR('',#2170,10.);
#605=VECTOR('',#2175,10.);
#606=VECTOR('',#2176,10.);
#607=VECTOR('',#2177,10.);
#608=VECTOR('',#2182,10.);
#609=VECTOR('',#2187,10.);
#610=VECTOR('',#2188,10.);
#611=VECTOR('',#2189,10.);
#612=VECTOR('',#2200,1.75);
#613=VECTOR('',#2213,2.1);
#614=VECTOR('',#2218,10.);
#615=VECTOR('',#2219,10.);
#616=VECTOR('',#2220,10.);
#617=VECTOR('',#2221,10.);
#618=VECTOR('',#2232,2.1);
#619=VECTOR('',#2237,10.);
#620=VECTOR('',#2238,10.);
#621=VECTOR('',#2239,10.);
#622=VECTOR('',#2240,10.);
#623=VECTOR('',#2251,2.1);
#624=VECTOR('',#2256,10.);
#625=VECTOR('',#2257,10.);
#626=VECTOR('',#2258,10.);
#627=VECTOR('',#2259,10.);
#628=VECTOR('',#2270,2.1);
#629=VECTOR('',#2275,10.);
#630=VECTOR('',#2276,10.);
#631=VECTOR('',#2277,10.);
#632=VECTOR('',#2278,10.);
#633=VECTOR('',#2289,10.);
#634=VECTOR('',#2290,10.);
#635=VECTOR('',#2291,10.);
#636=VECTOR('',#2292,10.);
#637=VECTOR('',#2295,10.);
#638=VECTOR('',#2296,10.);
#639=VECTOR('',#2297,10.);
#640=VECTOR('',#2300,10.);
#641=VECTOR('',#2301,10.);
#642=VECTOR('',#2304,10.);
#643=VECTOR('',#2307,10.);
#644=VECTOR('',#2308,10.);
#645=VECTOR('',#2309,10.);
#646=VECTOR('',#2310,10.);
#647=VECTOR('',#2311,10.);
#648=VECTOR('',#2312,10.);
#649=VECTOR('',#2313,10.);
#650=VECTOR('',#2314,10.);
#651=VECTOR('',#2323,10.);
#652=VECTOR('',#2324,10.);
#653=VECTOR('',#2325,10.);
#654=VECTOR('',#2326,10.);
#655=VECTOR('',#2329,10.);
#656=VECTOR('',#2330,10.);
#657=VECTOR('',#2331,10.);
#658=VECTOR('',#2334,10.);
#659=VECTOR('',#2335,10.);
#660=VECTOR('',#2338,10.);
#661=VECTOR('',#2341,10.);
#662=VECTOR('',#2342,10.);
#663=VECTOR('',#2343,10.);
#664=VECTOR('',#2344,10.);
#665=VECTOR('',#2345,10.);
#666=VECTOR('',#2346,10.);
#667=VECTOR('',#2347,10.);
#668=VECTOR('',#2348,10.);
#669=VECTOR('',#2359,3.19999999999999);
#670=VECTOR('',#2368,3.19999999999999);
#671=VECTOR('',#2375,10.);
#672=VECTOR('',#2376,10.);
#673=VECTOR('',#2377,10.);
#674=VECTOR('',#2378,10.);
#675=VECTOR('',#2381,10.);
#676=VECTOR('',#2382,10.);
#677=VECTOR('',#2383,10.);
#678=VECTOR('',#2386,10.);
#679=VECTOR('',#2389,10.);
#680=VECTOR('',#2390,10.);
#681=VECTOR('',#2391,10.);
#682=VECTOR('',#2394,10.);
#683=VECTOR('',#2395,10.);
#684=VECTOR('',#2396,10.);
#685=VECTOR('',#2399,10.);
#686=VECTOR('',#2400,10.);
#687=VECTOR('',#2401,10.);
#688=VECTOR('',#2402,10.);
#689=VECTOR('',#2405,10.);
#690=VECTOR('',#2406,10.);
#691=VECTOR('',#2409,10.);
#692=VECTOR('',#2412,10.);
#693=VECTOR('',#2413,10.);
#694=VECTOR('',#2414,10.);
#695=VECTOR('',#2417,10.);
#696=VECTOR('',#2418,10.);
#697=VECTOR('',#2437,1.85);
#698=VECTOR('',#2442,1.85);
#699=VECTOR('',#2447,6.175);
#700=VECTOR('',#2452,1.85);
#701=VECTOR('',#2457,6.175);
#702=VECTOR('',#2462,1.85);
#703=VECTOR('',#2467,2.1);
#704=VECTOR('',#2472,2.1);
#705=VECTOR('',#2477,2.1);
#706=VECTOR('',#2482,2.1);
#707=VECTOR('',#2487,2.1);
#708=VECTOR('',#2492,2.1);
#709=VECTOR('',#2497,2.1);
#710=VECTOR('',#2502,2.1);
#711=VECTOR('',#2507,10.);
#712=VECTOR('',#2508,10.);
#713=VECTOR('',#2509,10.);
#714=VECTOR('',#2510,10.);
#715=VECTOR('',#2513,10.);
#716=VECTOR('',#2514,10.);
#717=VECTOR('',#2515,10.);
#718=VECTOR('',#2518,10.);
#719=VECTOR('',#2519,10.);
#720=VECTOR('',#2520,10.);
#721=VECTOR('',#2523,10.);
#722=VECTOR('',#2524,10.);
#723=VECTOR('',#2529,10.);
#724=VECTOR('',#2532,10.);
#725=VECTOR('',#2533,10.);
#726=VECTOR('',#2534,10.);
#727=VECTOR('',#2535,10.);
#728=VECTOR('',#2538,10.);
#729=VECTOR('',#2539,10.);
#730=VECTOR('',#2540,10.);
#731=VECTOR('',#2543,10.);
#732=VECTOR('',#2544,10.);
#733=VECTOR('',#2545,10.);
#734=VECTOR('',#2548,10.);
#735=VECTOR('',#2549,10.);
#736=VECTOR('',#2554,10.);
#737=VECTOR('',#2557,10.);
#738=VECTOR('',#2558,10.);
#739=VECTOR('',#2559,10.);
#740=VECTOR('',#2560,10.);
#741=VECTOR('',#2563,10.);
#742=VECTOR('',#2564,10.);
#743=VECTOR('',#2565,10.);
#744=VECTOR('',#2568,10.);
#745=VECTOR('',#2569,10.);
#746=VECTOR('',#2570,10.);
#747=VECTOR('',#2573,10.);
#748=VECTOR('',#2574,10.);
#749=VECTOR('',#2579,10.);
#750=VECTOR('',#2580,10.);
#751=VECTOR('',#2583,10.);
#752=VECTOR('',#2584,10.);
#753=VECTOR('',#2585,10.);
#754=VECTOR('',#2586,10.);
#755=VECTOR('',#2589,10.);
#756=VECTOR('',#2590,10.);
#757=VECTOR('',#2591,10.);
#758=VECTOR('',#2594,10.);
#759=VECTOR('',#2599,10.);
#760=VECTOR('',#2600,10.);
#761=VECTOR('',#2601,10.);
#762=VECTOR('',#2602,10.);
#763=VECTOR('',#2605,10.);
#764=VECTOR('',#2606,10.);
#765=VECTOR('',#2607,10.);
#766=VECTOR('',#2608,10.);
#767=VECTOR('',#2611,10.);
#768=VECTOR('',#2612,10.);
#769=VECTOR('',#2613,10.);
#770=VECTOR('',#2616,10.);
#771=VECTOR('',#2617,10.);
#772=VECTOR('',#2618,10.);
#773=VECTOR('',#2621,10.);
#774=VECTOR('',#2622,10.);
#775=VECTOR('',#2627,10.);
#776=VECTOR('',#2632,10.);
#777=VECTOR('',#2633,10.);
#778=VECTOR('',#2634,10.);
#779=VECTOR('',#2635,10.);
#780=VECTOR('',#2638,10.);
#781=VECTOR('',#2639,10.);
#782=VECTOR('',#2640,10.);
#783=VECTOR('',#2643,10.);
#784=VECTOR('',#2644,10.);
#785=VECTOR('',#2645,10.);
#786=VECTOR('',#2646,10.);
#787=VECTOR('',#2649,10.);
#788=VECTOR('',#2650,10.);
#789=VECTOR('',#2655,10.);
#790=VECTOR('',#2656,10.);
#791=CIRCLE('',#1958,1.75);
#792=CIRCLE('',#1959,1.75);
#793=CIRCLE('',#1961,1.75);
#794=CIRCLE('',#1962,1.75);
#795=CIRCLE('',#1964,1.75);
#796=CIRCLE('',#1965,1.75);
#797=CIRCLE('',#1968,2.5);
#798=CIRCLE('',#1969,2.5);
#799=CIRCLE('',#1972,2.5);
#800=CIRCLE('',#1973,2.5);
#801=CIRCLE('',#1976,2.50000000000001);
#802=CIRCLE('',#1977,2.50000000000001);
#803=CIRCLE('',#1980,2.5);
#804=CIRCLE('',#1981,2.5);
#805=CIRCLE('',#1983,1.75);
#806=CIRCLE('',#1984,1.75);
#807=CIRCLE('',#1986,2.6);
#808=CIRCLE('',#1987,0.5);
#809=CIRCLE('',#1988,2.1);
#810=CIRCLE('',#1990,2.1);
#811=CIRCLE('',#1993,2.6);
#812=CIRCLE('',#1994,0.5);
#813=CIRCLE('',#1995,2.1);
#814=CIRCLE('',#1997,2.1);
#815=CIRCLE('',#2000,2.6);
#816=CIRCLE('',#2001,0.5);
#817=CIRCLE('',#2002,2.1);
#818=CIRCLE('',#2004,2.1);
#819=CIRCLE('',#2007,2.6);
#820=CIRCLE('',#2008,0.5);
#821=CIRCLE('',#2009,2.1);
#822=CIRCLE('',#2011,2.1);
#823=CIRCLE('',#2022,1.85);
#824=CIRCLE('',#2023,6.175);
#825=CIRCLE('',#2024,1.85);
#826=CIRCLE('',#2030,6.175);
#827=CIRCLE('',#2031,1.85);
#828=CIRCLE('',#2032,1.85);
#829=CIRCLE('',#2034,3.19999999999999);
#830=CIRCLE('',#2035,3.19999999999999);
#831=CIRCLE('',#2038,3.19999999999999);
#832=CIRCLE('',#2039,3.19999999999999);
#833=CIRCLE('',#2051,2.1);
#834=CIRCLE('',#2052,2.1);
#835=CIRCLE('',#2053,2.1);
#836=CIRCLE('',#2054,2.1);
#837=CIRCLE('',#2055,2.1);
#838=CIRCLE('',#2056,2.1);
#839=CIRCLE('',#2057,2.1);
#840=CIRCLE('',#2058,2.1);
#841=CIRCLE('',#2060,1.85);
#842=CIRCLE('',#2062,1.85);
#843=CIRCLE('',#2064,6.175);
#844=CIRCLE('',#2066,1.85);
#845=CIRCLE('',#2068,6.175);
#846=CIRCLE('',#2070,1.85);
#847=CIRCLE('',#2072,2.1);
#848=CIRCLE('',#2074,2.1);
#849=CIRCLE('',#2076,2.1);
#850=CIRCLE('',#2078,2.1);
#851=CIRCLE('',#2080,2.1);
#852=CIRCLE('',#2082,2.1);
#853=CIRCLE('',#2084,2.1);
#854=CIRCLE('',#2086,2.1);
#855=VERTEX_POINT('',#2663);
#856=VERTEX_POINT('',#2665);
#857=VERTEX_POINT('',#2669);
#858=VERTEX_POINT('',#2671);
#859=VERTEX_POINT('',#2675);
#860=VERTEX_POINT('',#2677);
#861=VERTEX_POINT('',#2681);
#862=VERTEX_POINT('',#2682);
#863=VERTEX_POINT('',#2684);
#864=VERTEX_POINT('',#2686);
#865=VERTEX_POINT('',#2690);
#866=VERTEX_POINT('',#2692);
#867=VERTEX_POINT('',#2696);
#868=VERTEX_POINT('',#2698);
#869=VERTEX_POINT('',#2702);
#870=VERTEX_POINT('',#2704);
#871=VERTEX_POINT('',#2708);
#872=VERTEX_POINT('',#2710);
#873=VERTEX_POINT('',#2714);
#874=VERTEX_POINT('',#2716);
#875=VERTEX_POINT('',#2720);
#876=VERTEX_POINT('',#2722);
#877=VERTEX_POINT('',#2729);
#878=VERTEX_POINT('',#2731);
#879=VERTEX_POINT('',#2735);
#880=VERTEX_POINT('',#2737);
#881=VERTEX_POINT('',#2741);
#882=VERTEX_POINT('',#2745);
#883=VERTEX_POINT('',#2746);
#884=VERTEX_POINT('',#2748);
#885=VERTEX_POINT('',#2750);
#886=VERTEX_POINT('',#2754);
#887=VERTEX_POINT('',#2756);
#888=VERTEX_POINT('',#2760);
#889=VERTEX_POINT('',#2764);
#890=VERTEX_POINT('',#2765);
#891=VERTEX_POINT('',#2767);
#892=VERTEX_POINT('',#2769);
#893=VERTEX_POINT('',#2773);
#894=VERTEX_POINT('',#2775);
#895=VERTEX_POINT('',#2779);
#896=VERTEX_POINT('',#2783);
#897=VERTEX_POINT('',#2784);
#898=VERTEX_POINT('',#2786);
#899=VERTEX_POINT('',#2788);
#900=VERTEX_POINT('',#2792);
#901=VERTEX_POINT('',#2794);
#902=VERTEX_POINT('',#2798);
#903=VERTEX_POINT('',#2802);
#904=VERTEX_POINT('',#2803);
#905=VERTEX_POINT('',#2805);
#906=VERTEX_POINT('',#2807);
#907=VERTEX_POINT('',#2815);
#908=VERTEX_POINT('',#2816);
#909=VERTEX_POINT('',#2818);
#910=VERTEX_POINT('',#2820);
#911=VERTEX_POINT('',#2824);
#912=VERTEX_POINT('',#2826);
#913=VERTEX_POINT('',#2835);
#914=VERTEX_POINT('',#2837);
#915=VERTEX_POINT('',#2840);
#916=VERTEX_POINT('',#2842);
#917=VERTEX_POINT('',#2844);
#918=VERTEX_POINT('',#2846);
#919=VERTEX_POINT('',#2849);
#920=VERTEX_POINT('',#2851);
#921=VERTEX_POINT('',#2853);
#922=VERTEX_POINT('',#2856);
#923=VERTEX_POINT('',#2857);
#924=VERTEX_POINT('',#2859);
#925=VERTEX_POINT('',#2861);
#926=VERTEX_POINT('',#2865);
#927=VERTEX_POINT('',#2867);
#928=VERTEX_POINT('',#2876);
#929=VERTEX_POINT('',#2878);
#930=VERTEX_POINT('',#2880);
#931=VERTEX_POINT('',#2882);
#932=VERTEX_POINT('',#2885);
#933=VERTEX_POINT('',#2887);
#934=VERTEX_POINT('',#2890);
#935=VERTEX_POINT('',#2892);
#936=VERTEX_POINT('',#2894);
#937=VERTEX_POINT('',#2897);
#938=VERTEX_POINT('',#2899);
#939=VERTEX_POINT('',#2904);
#940=VERTEX_POINT('',#2906);
#941=VERTEX_POINT('',#2911);
#942=VERTEX_POINT('',#2912);
#943=VERTEX_POINT('',#2914);
#944=VERTEX_POINT('',#2919);
#945=VERTEX_POINT('',#2921);
#946=VERTEX_POINT('',#2927);
#947=VERTEX_POINT('',#2932);
#948=VERTEX_POINT('',#2934);
#949=VERTEX_POINT('',#2938);
#950=VERTEX_POINT('',#2940);
#951=VERTEX_POINT('',#2942);
#952=VERTEX_POINT('',#2946);
#953=VERTEX_POINT('',#2952);
#954=VERTEX_POINT('',#2954);
#955=VERTEX_POINT('',#2960);
#956=VERTEX_POINT('',#2962);
#957=VERTEX_POINT('',#2964);
#958=VERTEX_POINT('',#2966);
#959=VERTEX_POINT('',#2968);
#960=VERTEX_POINT('',#2970);
#961=VERTEX_POINT('',#2972);
#962=VERTEX_POINT('',#2974);
#963=VERTEX_POINT('',#2977);
#964=VERTEX_POINT('',#2981);
#965=VERTEX_POINT('',#2985);
#966=VERTEX_POINT('',#2989);
#967=VERTEX_POINT('',#2993);
#968=VERTEX_POINT('',#2997);
#969=VERTEX_POINT('',#3001);
#970=VERTEX_POINT('',#3005);
#971=VERTEX_POINT('',#3009);
#972=VERTEX_POINT('',#3013);
#973=VERTEX_POINT('',#3017);
#974=VERTEX_POINT('',#3021);
#975=VERTEX_POINT('',#3025);
#976=VERTEX_POINT('',#3029);
#977=VERTEX_POINT('',#3033);
#978=VERTEX_POINT('',#3034);
#979=VERTEX_POINT('',#3036);
#980=VERTEX_POINT('',#3038);
#981=VERTEX_POINT('',#3042);
#982=VERTEX_POINT('',#3044);
#983=VERTEX_POINT('',#3048);
#984=VERTEX_POINT('',#3050);
#985=VERTEX_POINT('',#3060);
#986=VERTEX_POINT('',#3061);
#987=VERTEX_POINT('',#3063);
#988=VERTEX_POINT('',#3065);
#989=VERTEX_POINT('',#3069);
#990=VERTEX_POINT('',#3071);
#991=VERTEX_POINT('',#3075);
#992=VERTEX_POINT('',#3077);
#993=VERTEX_POINT('',#3087);
#994=VERTEX_POINT('',#3088);
#995=VERTEX_POINT('',#3090);
#996=VERTEX_POINT('',#3092);
#997=VERTEX_POINT('',#3096);
#998=VERTEX_POINT('',#3098);
#999=VERTEX_POINT('',#3102);
#1000=VERTEX_POINT('',#3104);
#1001=VERTEX_POINT('',#3115);
#1002=VERTEX_POINT('',#3116);
#1003=VERTEX_POINT('',#3118);
#1004=VERTEX_POINT('',#3120);
#1005=VERTEX_POINT('',#3124);
#1006=VERTEX_POINT('',#3126);
#1007=VERTEX_POINT('',#3133);
#1008=VERTEX_POINT('',#3136);
#1009=VERTEX_POINT('',#3140);
#1010=VERTEX_POINT('',#3141);
#1011=VERTEX_POINT('',#3143);
#1012=VERTEX_POINT('',#3145);
#1013=VERTEX_POINT('',#3149);
#1014=VERTEX_POINT('',#3151);
#1015=VERTEX_POINT('',#3155);
#1016=VERTEX_POINT('',#3157);
#1017=VERTEX_POINT('',#3168);
#1018=VERTEX_POINT('',#3169);
#1019=VERTEX_POINT('',#3171);
#1020=VERTEX_POINT('',#3173);
#1021=VERTEX_POINT('',#3177);
#1022=VERTEX_POINT('',#3179);
#1023=VERTEX_POINT('',#3183);
#1024=VERTEX_POINT('',#3185);
#1025=EDGE_CURVE('',#855,#855,#791,.T.);
#1026=EDGE_CURVE('',#855,#856,#395,.T.);
#1027=EDGE_CURVE('',#856,#856,#792,.T.);
#1028=EDGE_CURVE('',#857,#857,#793,.T.);
#1029=EDGE_CURVE('',#857,#858,#396,.T.);
#1030=EDGE_CURVE('',#858,#858,#794,.T.);
#1031=EDGE_CURVE('',#859,#859,#795,.T.);
#1032=EDGE_CURVE('',#859,#860,#397,.T.);
#1033=EDGE_CURVE('',#860,#860,#796,.T.);
#1034=EDGE_CURVE('',#861,#862,#398,.T.);
#1035=EDGE_CURVE('',#861,#863,#399,.T.);
#1036=EDGE_CURVE('',#864,#863,#400,.T.);
#1037=EDGE_CURVE('',#862,#864,#401,.T.);
#1038=EDGE_CURVE('',#865,#861,#797,.T.);
#1039=EDGE_CURVE('',#865,#866,#402,.T.);
#1040=EDGE_CURVE('',#863,#866,#798,.T.);
#1041=EDGE_CURVE('',#867,#865,#403,.T.);
#1042=EDGE_CURVE('',#867,#868,#404,.T.);
#1043=EDGE_CURVE('',#866,#868,#405,.T.);
#1044=EDGE_CURVE('',#869,#867,#799,.T.);
#1045=EDGE_CURVE('',#869,#870,#406,.T.);
#1046=EDGE_CURVE('',#868,#870,#800,.T.);
#1047=EDGE_CURVE('',#871,#869,#407,.T.);
#1048=EDGE_CURVE('',#871,#872,#408,.T.);
#1049=EDGE_CURVE('',#870,#872,#409,.T.);
#1050=EDGE_CURVE('',#873,#871,#801,.T.);
#1051=EDGE_CURVE('',#873,#874,#410,.T.);
#1052=EDGE_CURVE('',#872,#874,#802,.T.);
#1053=EDGE_CURVE('',#875,#873,#411,.T.);
#1054=EDGE_CURVE('',#875,#876,#412,.T.);
#1055=EDGE_CURVE('',#874,#876,#413,.T.);
#1056=EDGE_CURVE('',#862,#875,#803,.T.);
#1057=EDGE_CURVE('',#876,#864,#804,.T.);
#1058=EDGE_CURVE('',#877,#877,#805,.T.);
#1059=EDGE_CURVE('',#877,#878,#414,.T.);
#1060=EDGE_CURVE('',#878,#878,#806,.T.);
#1061=EDGE_CURVE('',#879,#879,#807,.T.);
#1062=EDGE_CURVE('',#879,#880,#808,.T.);
#1063=EDGE_CURVE('',#880,#880,#809,.T.);
#1064=EDGE_CURVE('',#880,#881,#415,.T.);
#1065=EDGE_CURVE('',#881,#881,#810,.T.);
#1066=EDGE_CURVE('',#882,#883,#416,.T.);
#1067=EDGE_CURVE('',#882,#884,#417,.T.);
#1068=EDGE_CURVE('',#884,#885,#418,.T.);
#1069=EDGE_CURVE('',#883,#885,#419,.T.);
#1070=EDGE_CURVE('',#886,#886,#811,.T.);
#1071=EDGE_CURVE('',#886,#887,#812,.T.);
#1072=EDGE_CURVE('',#887,#887,#813,.T.);
#1073=EDGE_CURVE('',#887,#888,#420,.T.);
#1074=EDGE_CURVE('',#888,#888,#814,.T.);
#1075=EDGE_CURVE('',#889,#890,#421,.T.);
#1076=EDGE_CURVE('',#891,#889,#422,.T.);
#1077=EDGE_CURVE('',#892,#891,#423,.T.);
#1078=EDGE_CURVE('',#890,#892,#424,.T.);
#1079=EDGE_CURVE('',#893,#893,#815,.T.);
#1080=EDGE_CURVE('',#893,#894,#816,.T.);
#1081=EDGE_CURVE('',#894,#894,#817,.T.);
#1082=EDGE_CURVE('',#894,#895,#425,.T.);
#1083=EDGE_CURVE('',#895,#895,#818,.T.);
#1084=EDGE_CURVE('',#896,#897,#426,.T.);
#1085=EDGE_CURVE('',#898,#896,#427,.T.);
#1086=EDGE_CURVE('',#899,#898,#428,.T.);
#1087=EDGE_CURVE('',#897,#899,#429,.T.);
#1088=EDGE_CURVE('',#900,#900,#819,.T.);
#1089=EDGE_CURVE('',#900,#901,#820,.T.);
#1090=EDGE_CURVE('',#901,#901,#821,.T.);
#1091=EDGE_CURVE('',#901,#902,#430,.T.);
#1092=EDGE_CURVE('',#902,#902,#822,.T.);
#1093=EDGE_CURVE('',#903,#904,#431,.T.);
#1094=EDGE_CURVE('',#905,#904,#432,.T.);
#1095=EDGE_CURVE('',#906,#905,#433,.T.);
#1096=EDGE_CURVE('',#906,#903,#434,.T.);
#1097=EDGE_CURVE('',#907,#908,#435,.T.);
#1098=EDGE_CURVE('',#908,#909,#436,.T.);
#1099=EDGE_CURVE('',#910,#909,#437,.T.);
#1100=EDGE_CURVE('',#907,#910,#438,.T.);
#1101=EDGE_CURVE('',#911,#882,#439,.T.);
#1102=EDGE_CURVE('',#911,#912,#440,.T.);
#1103=EDGE_CURVE('',#912,#884,#441,.T.);
#1104=EDGE_CURVE('',#910,#911,#442,.T.);
#1105=EDGE_CURVE('',#909,#912,#443,.T.);
#1106=EDGE_CURVE('',#885,#908,#444,.T.);
#1107=EDGE_CURVE('',#883,#913,#445,.T.);
#1108=EDGE_CURVE('',#914,#913,#446,.T.);
#1109=EDGE_CURVE('',#905,#914,#447,.T.);
#1110=EDGE_CURVE('',#904,#915,#448,.T.);
#1111=EDGE_CURVE('',#916,#915,#449,.T.);
#1112=EDGE_CURVE('',#917,#916,#450,.T.);
#1113=EDGE_CURVE('',#918,#917,#451,.T.);
#1114=EDGE_CURVE('',#907,#918,#452,.T.);
#1115=EDGE_CURVE('',#919,#919,#823,.T.);
#1116=EDGE_CURVE('',#920,#920,#824,.T.);
#1117=EDGE_CURVE('',#921,#921,#825,.T.);
#1118=EDGE_CURVE('',#922,#923,#453,.T.);
#1119=EDGE_CURVE('',#924,#923,#454,.T.);
#1120=EDGE_CURVE('',#924,#925,#455,.T.);
#1121=EDGE_CURVE('',#922,#925,#456,.T.);
#1122=EDGE_CURVE('',#890,#926,#457,.T.);
#1123=EDGE_CURVE('',#927,#892,#458,.T.);
#1124=EDGE_CURVE('',#926,#927,#459,.T.);
#1125=EDGE_CURVE('',#926,#924,#460,.T.);
#1126=EDGE_CURVE('',#925,#927,#461,.T.);
#1127=EDGE_CURVE('',#922,#891,#462,.T.);
#1128=EDGE_CURVE('',#928,#923,#463,.T.);
#1129=EDGE_CURVE('',#929,#928,#464,.T.);
#1130=EDGE_CURVE('',#930,#929,#465,.T.);
#1131=EDGE_CURVE('',#931,#930,#466,.T.);
#1132=EDGE_CURVE('',#931,#897,#467,.T.);
#1133=EDGE_CURVE('',#899,#932,#468,.T.);
#1134=EDGE_CURVE('',#933,#932,#469,.T.);
#1135=EDGE_CURVE('',#889,#933,#470,.T.);
#1136=EDGE_CURVE('',#934,#934,#826,.T.);
#1137=EDGE_CURVE('',#935,#935,#827,.T.);
#1138=EDGE_CURVE('',#936,#936,#828,.T.);
#1139=EDGE_CURVE('',#937,#937,#829,.T.);
#1140=EDGE_CURVE('',#937,#938,#471,.T.);
#1141=EDGE_CURVE('',#938,#938,#830,.T.);
#1142=EDGE_CURVE('',#939,#939,#831,.T.);
#1143=EDGE_CURVE('',#939,#940,#472,.T.);
#1144=EDGE_CURVE('',#940,#940,#832,.T.);
#1145=EDGE_CURVE('',#941,#942,#473,.T.);
#1146=EDGE_CURVE('',#941,#943,#474,.T.);
#1147=EDGE_CURVE('',#898,#943,#475,.T.);
#1148=EDGE_CURVE('',#942,#896,#476,.T.);
#1149=EDGE_CURVE('',#943,#944,#477,.T.);
#1150=EDGE_CURVE('',#941,#945,#478,.T.);
#1151=EDGE_CURVE('',#944,#945,#479,.T.);
#1152=EDGE_CURVE('',#942,#931,#480,.T.);
#1153=EDGE_CURVE('',#946,#943,#481,.T.);
#1154=EDGE_CURVE('',#946,#906,#482,.T.);
#1155=EDGE_CURVE('',#914,#932,#483,.T.);
#1156=EDGE_CURVE('',#947,#945,#484,.T.);
#1157=EDGE_CURVE('',#948,#947,#485,.T.);
#1158=EDGE_CURVE('',#944,#948,#486,.T.);
#1159=EDGE_CURVE('',#949,#946,#487,.T.);
#1160=EDGE_CURVE('',#950,#949,#488,.T.);
#1161=EDGE_CURVE('',#950,#951,#489,.T.);
#1162=EDGE_CURVE('',#951,#946,#490,.T.);
#1163=EDGE_CURVE('',#952,#951,#491,.T.);
#1164=EDGE_CURVE('',#952,#903,#492,.T.);
#1165=EDGE_CURVE('',#915,#952,#493,.T.);
#1166=EDGE_CURVE('',#953,#949,#494,.T.);
#1167=EDGE_CURVE('',#954,#953,#495,.T.);
#1168=EDGE_CURVE('',#950,#954,#496,.T.);
#1169=EDGE_CURVE('',#930,#916,#497,.T.);
#1170=EDGE_CURVE('',#951,#941,#498,.T.);
#1171=EDGE_CURVE('',#955,#955,#833,.T.);
#1172=EDGE_CURVE('',#956,#956,#834,.T.);
#1173=EDGE_CURVE('',#957,#957,#835,.T.);
#1174=EDGE_CURVE('',#958,#958,#836,.T.);
#1175=EDGE_CURVE('',#959,#959,#837,.T.);
#1176=EDGE_CURVE('',#960,#960,#838,.T.);
#1177=EDGE_CURVE('',#961,#961,#839,.T.);
#1178=EDGE_CURVE('',#962,#962,#840,.T.);
#1179=EDGE_CURVE('',#936,#963,#499,.T.);
#1180=EDGE_CURVE('',#963,#963,#841,.T.);
#1181=EDGE_CURVE('',#935,#964,#500,.T.);
#1182=EDGE_CURVE('',#964,#964,#842,.T.);
#1183=EDGE_CURVE('',#934,#965,#501,.T.);
#1184=EDGE_CURVE('',#965,#965,#843,.T.);
#1185=EDGE_CURVE('',#919,#966,#502,.T.);
#1186=EDGE_CURVE('',#966,#966,#844,.T.);
#1187=EDGE_CURVE('',#920,#967,#503,.T.);
#1188=EDGE_CURVE('',#967,#967,#845,.T.);
#1189=EDGE_CURVE('',#921,#968,#504,.T.);
#1190=EDGE_CURVE('',#968,#968,#846,.T.);
#1191=EDGE_CURVE('',#962,#969,#505,.T.);
#1192=EDGE_CURVE('',#969,#969,#847,.T.);
#1193=EDGE_CURVE('',#961,#970,#506,.T.);
#1194=EDGE_CURVE('',#970,#970,#848,.T.);
#1195=EDGE_CURVE('',#960,#971,#507,.T.);
#1196=EDGE_CURVE('',#971,#971,#849,.T.);
#1197=EDGE_CURVE('',#959,#972,#508,.T.);
#1198=EDGE_CURVE('',#972,#972,#850,.T.);
#1199=EDGE_CURVE('',#958,#973,#509,.T.);
#1200=EDGE_CURVE('',#973,#973,#851,.T.);
#1201=EDGE_CURVE('',#957,#974,#510,.T.);
#1202=EDGE_CURVE('',#974,#974,#852,.T.);
#1203=EDGE_CURVE('',#956,#975,#511,.T.);
#1204=EDGE_CURVE('',#975,#975,#853,.T.);
#1205=EDGE_CURVE('',#955,#976,#512,.T.);
#1206=EDGE_CURVE('',#976,#976,#854,.T.);
#1207=EDGE_CURVE('',#977,#978,#513,.T.);
#1208=EDGE_CURVE('',#977,#979,#514,.T.);
#1209=EDGE_CURVE('',#979,#980,#515,.T.);
#1210=EDGE_CURVE('',#978,#980,#516,.T.);
#1211=EDGE_CURVE('',#981,#977,#517,.T.);
#1212=EDGE_CURVE('',#981,#982,#518,.T.);
#1213=EDGE_CURVE('',#982,#979,#519,.T.);
#1214=EDGE_CURVE('',#983,#981,#520,.T.);
#1215=EDGE_CURVE('',#983,#984,#521,.T.);
#1216=EDGE_CURVE('',#984,#982,#522,.T.);
#1217=EDGE_CURVE('',#978,#983,#523,.T.);
#1218=EDGE_CURVE('',#980,#984,#524,.T.);
#1219=EDGE_CURVE('',#954,#947,#525,.T.);
#1220=EDGE_CURVE('',#985,#986,#526,.T.);
#1221=EDGE_CURVE('',#985,#987,#527,.T.);
#1222=EDGE_CURVE('',#987,#988,#528,.T.);
#1223=EDGE_CURVE('',#986,#988,#529,.T.);
#1224=EDGE_CURVE('',#989,#985,#530,.T.);
#1225=EDGE_CURVE('',#989,#990,#531,.T.);
#1226=EDGE_CURVE('',#990,#987,#532,.T.);
#1227=EDGE_CURVE('',#991,#989,#533,.T.);
#1228=EDGE_CURVE('',#991,#992,#534,.T.);
#1229=EDGE_CURVE('',#992,#990,#535,.T.);
#1230=EDGE_CURVE('',#986,#991,#536,.T.);
#1231=EDGE_CURVE('',#988,#992,#537,.T.);
#1232=EDGE_CURVE('',#917,#929,#538,.T.);
#1233=EDGE_CURVE('',#993,#994,#539,.T.);
#1234=EDGE_CURVE('',#993,#995,#540,.T.);
#1235=EDGE_CURVE('',#995,#996,#541,.T.);
#1236=EDGE_CURVE('',#994,#996,#542,.T.);
#1237=EDGE_CURVE('',#997,#993,#543,.T.);
#1238=EDGE_CURVE('',#997,#998,#544,.T.);
#1239=EDGE_CURVE('',#998,#995,#545,.T.);
#1240=EDGE_CURVE('',#999,#997,#546,.T.);
#1241=EDGE_CURVE('',#999,#1000,#547,.T.);
#1242=EDGE_CURVE('',#1000,#998,#548,.T.);
#1243=EDGE_CURVE('',#994,#999,#549,.T.);
#1244=EDGE_CURVE('',#996,#1000,#550,.T.);
#1245=EDGE_CURVE('',#908,#922,#551,.T.);
#1246=EDGE_CURVE('',#913,#933,#552,.T.);
#1247=EDGE_CURVE('',#1001,#1002,#553,.T.);
#1248=EDGE_CURVE('',#1001,#1003,#554,.T.);
#1249=EDGE_CURVE('',#1004,#1003,#555,.T.);
#1250=EDGE_CURVE('',#1002,#1004,#556,.T.);
#1251=EDGE_CURVE('',#1002,#1005,#557,.T.);
#1252=EDGE_CURVE('',#1006,#1004,#558,.T.);
#1253=EDGE_CURVE('',#1005,#1006,#559,.T.);
#1254=EDGE_CURVE('',#918,#928,#560,.T.);
#1255=EDGE_CURVE('',#1007,#1001,#561,.T.);
#1256=EDGE_CURVE('',#913,#1007,#562,.T.);
#1257=EDGE_CURVE('',#1008,#933,#563,.T.);
#1258=EDGE_CURVE('',#1003,#1008,#564,.T.);
#1259=EDGE_CURVE('',#1009,#1010,#565,.T.);
#1260=EDGE_CURVE('',#1009,#1011,#566,.T.);
#1261=EDGE_CURVE('',#1011,#1012,#567,.T.);
#1262=EDGE_CURVE('',#1010,#1012,#568,.T.);
#1263=EDGE_CURVE('',#1013,#1009,#569,.T.);
#1264=EDGE_CURVE('',#1013,#1014,#570,.T.);
#1265=EDGE_CURVE('',#1014,#1011,#571,.T.);
#1266=EDGE_CURVE('',#1015,#1013,#572,.T.);
#1267=EDGE_CURVE('',#1015,#1016,#573,.T.);
#1268=EDGE_CURVE('',#1016,#1014,#574,.T.);
#1269=EDGE_CURVE('',#1010,#1015,#575,.T.);
#1270=EDGE_CURVE('',#1012,#1016,#576,.T.);
#1271=EDGE_CURVE('',#953,#948,#577,.T.);
#1272=EDGE_CURVE('',#1017,#1018,#578,.T.);
#1273=EDGE_CURVE('',#1019,#1018,#579,.T.);
#1274=EDGE_CURVE('',#1020,#1019,#580,.T.);
#1275=EDGE_CURVE('',#1017,#1020,#581,.T.);
#1276=EDGE_CURVE('',#1021,#1017,#582,.T.);
#1277=EDGE_CURVE('',#1022,#1020,#583,.T.);
#1278=EDGE_CURVE('',#1021,#1022,#584,.T.);
#1279=EDGE_CURVE('',#1023,#1021,#585,.T.);
#1280=EDGE_CURVE('',#1024,#1022,#586,.T.);
#1281=EDGE_CURVE('',#932,#1024,#587,.T.);
#1282=EDGE_CURVE('',#1023,#914,#588,.T.);
#1283=EDGE_CURVE('',#1024,#1008,#589,.T.);
#1284=EDGE_CURVE('',#1006,#1019,#590,.T.);
#1285=EDGE_CURVE('',#1018,#1005,#591,.T.);
#1286=EDGE_CURVE('',#1007,#1023,#592,.T.);
#1287=ORIENTED_EDGE('',*,*,#1025,.F.);
#1288=ORIENTED_EDGE('',*,*,#1026,.T.);
#1289=ORIENTED_EDGE('',*,*,#1027,.F.);
#1290=ORIENTED_EDGE('',*,*,#1026,.F.);
#1291=ORIENTED_EDGE('',*,*,#1028,.F.);
#1292=ORIENTED_EDGE('',*,*,#1029,.T.);
#1293=ORIENTED_EDGE('',*,*,#1030,.F.);
#1294=ORIENTED_EDGE('',*,*,#1029,.F.);
#1295=ORIENTED_EDGE('',*,*,#1031,.F.);
#1296=ORIENTED_EDGE('',*,*,#1032,.T.);
#1297=ORIENTED_EDGE('',*,*,#1033,.F.);
#1298=ORIENTED_EDGE('',*,*,#1032,.F.);
#1299=ORIENTED_EDGE('',*,*,#1034,.F.);
#1300=ORIENTED_EDGE('',*,*,#1035,.T.);
#1301=ORIENTED_EDGE('',*,*,#1036,.F.);
#1302=ORIENTED_EDGE('',*,*,#1037,.F.);
#1303=ORIENTED_EDGE('',*,*,#1038,.F.);
#1304=ORIENTED_EDGE('',*,*,#1039,.T.);
#1305=ORIENTED_EDGE('',*,*,#1040,.F.);
#1306=ORIENTED_EDGE('',*,*,#1035,.F.);
#1307=ORIENTED_EDGE('',*,*,#1041,.F.);
#1308=ORIENTED_EDGE('',*,*,#1042,.T.);
#1309=ORIENTED_EDGE('',*,*,#1043,.F.);
#1310=ORIENTED_EDGE('',*,*,#1039,.F.);
#1311=ORIENTED_EDGE('',*,*,#1044,.F.);
#1312=ORIENTED_EDGE('',*,*,#1045,.T.);
#1313=ORIENTED_EDGE('',*,*,#1046,.F.);
#1314=ORIENTED_EDGE('',*,*,#1042,.F.);
#1315=ORIENTED_EDGE('',*,*,#1047,.F.);
#1316=ORIENTED_EDGE('',*,*,#1048,.T.);
#1317=ORIENTED_EDGE('',*,*,#1049,.F.);
#1318=ORIENTED_EDGE('',*,*,#1045,.F.);
#1319=ORIENTED_EDGE('',*,*,#1050,.F.);
#1320=ORIENTED_EDGE('',*,*,#1051,.T.);
#1321=ORIENTED_EDGE('',*,*,#1052,.F.);
#1322=ORIENTED_EDGE('',*,*,#1048,.F.);
#1323=ORIENTED_EDGE('',*,*,#1053,.F.);
#1324=ORIENTED_EDGE('',*,*,#1054,.T.);
#1325=ORIENTED_EDGE('',*,*,#1055,.F.);
#1326=ORIENTED_EDGE('',*,*,#1051,.F.);
#1327=ORIENTED_EDGE('',*,*,#1056,.F.);
#1328=ORIENTED_EDGE('',*,*,#1037,.T.);
#1329=ORIENTED_EDGE('',*,*,#1057,.F.);
#1330=ORIENTED_EDGE('',*,*,#1054,.F.);
#1331=ORIENTED_EDGE('',*,*,#1058,.F.);
#1332=ORIENTED_EDGE('',*,*,#1059,.T.);
#1333=ORIENTED_EDGE('',*,*,#1060,.F.);
#1334=ORIENTED_EDGE('',*,*,#1059,.F.);
#1335=ORIENTED_EDGE('',*,*,#1061,.T.);
#1336=ORIENTED_EDGE('',*,*,#1062,.T.);
#1337=ORIENTED_EDGE('',*,*,#1063,.T.);
#1338=ORIENTED_EDGE('',*,*,#1062,.F.);
#1339=ORIENTED_EDGE('',*,*,#1063,.F.);
#1340=ORIENTED_EDGE('',*,*,#1064,.T.);
#1341=ORIENTED_EDGE('',*,*,#1065,.T.);
#1342=ORIENTED_EDGE('',*,*,#1064,.F.);
#1343=ORIENTED_EDGE('',*,*,#1066,.F.);
#1344=ORIENTED_EDGE('',*,*,#1067,.T.);
#1345=ORIENTED_EDGE('',*,*,#1068,.T.);
#1346=ORIENTED_EDGE('',*,*,#1069,.F.);
#1347=ORIENTED_EDGE('',*,*,#1061,.F.);
#1348=ORIENTED_EDGE('',*,*,#1070,.T.);
#1349=ORIENTED_EDGE('',*,*,#1071,.T.);
#1350=ORIENTED_EDGE('',*,*,#1072,.T.);
#1351=ORIENTED_EDGE('',*,*,#1071,.F.);
#1352=ORIENTED_EDGE('',*,*,#1072,.F.);
#1353=ORIENTED_EDGE('',*,*,#1073,.T.);
#1354=ORIENTED_EDGE('',*,*,#1074,.T.);
#1355=ORIENTED_EDGE('',*,*,#1073,.F.);
#1356=ORIENTED_EDGE('',*,*,#1075,.F.);
#1357=ORIENTED_EDGE('',*,*,#1076,.F.);
#1358=ORIENTED_EDGE('',*,*,#1077,.F.);
#1359=ORIENTED_EDGE('',*,*,#1078,.F.);
#1360=ORIENTED_EDGE('',*,*,#1070,.F.);
#1361=ORIENTED_EDGE('',*,*,#1079,.T.);
#1362=ORIENTED_EDGE('',*,*,#1080,.T.);
#1363=ORIENTED_EDGE('',*,*,#1081,.T.);
#1364=ORIENTED_EDGE('',*,*,#1080,.F.);
#1365=ORIENTED_EDGE('',*,*,#1081,.F.);
#1366=ORIENTED_EDGE('',*,*,#1082,.T.);
#1367=ORIENTED_EDGE('',*,*,#1083,.T.);
#1368=ORIENTED_EDGE('',*,*,#1082,.F.);
#1369=ORIENTED_EDGE('',*,*,#1084,.F.);
#1370=ORIENTED_EDGE('',*,*,#1085,.F.);
#1371=ORIENTED_EDGE('',*,*,#1086,.F.);
#1372=ORIENTED_EDGE('',*,*,#1087,.F.);
#1373=ORIENTED_EDGE('',*,*,#1079,.F.);
#1374=ORIENTED_EDGE('',*,*,#1088,.T.);
#1375=ORIENTED_EDGE('',*,*,#1089,.T.);
#1376=ORIENTED_EDGE('',*,*,#1090,.T.);
#1377=ORIENTED_EDGE('',*,*,#1089,.F.);
#1378=ORIENTED_EDGE('',*,*,#1090,.F.);
#1379=ORIENTED_EDGE('',*,*,#1091,.T.);
#1380=ORIENTED_EDGE('',*,*,#1092,.T.);
#1381=ORIENTED_EDGE('',*,*,#1091,.F.);
#1382=ORIENTED_EDGE('',*,*,#1093,.T.);
#1383=ORIENTED_EDGE('',*,*,#1094,.F.);
#1384=ORIENTED_EDGE('',*,*,#1095,.F.);
#1385=ORIENTED_EDGE('',*,*,#1096,.T.);
#1386=ORIENTED_EDGE('',*,*,#1088,.F.);
#1387=ORIENTED_EDGE('',*,*,#1092,.F.);
#1388=ORIENTED_EDGE('',*,*,#1065,.F.);
#1389=ORIENTED_EDGE('',*,*,#1083,.F.);
#1390=ORIENTED_EDGE('',*,*,#1074,.F.);
#1391=ORIENTED_EDGE('',*,*,#1097,.T.);
#1392=ORIENTED_EDGE('',*,*,#1098,.T.);
#1393=ORIENTED_EDGE('',*,*,#1099,.F.);
#1394=ORIENTED_EDGE('',*,*,#1100,.F.);
#1395=ORIENTED_EDGE('',*,*,#1101,.F.);
#1396=ORIENTED_EDGE('',*,*,#1102,.T.);
#1397=ORIENTED_EDGE('',*,*,#1103,.T.);
#1398=ORIENTED_EDGE('',*,*,#1067,.F.);
#1399=ORIENTED_EDGE('',*,*,#1104,.F.);
#1400=ORIENTED_EDGE('',*,*,#1099,.T.);
#1401=ORIENTED_EDGE('',*,*,#1105,.T.);
#1402=ORIENTED_EDGE('',*,*,#1102,.F.);
#1403=ORIENTED_EDGE('',*,*,#1105,.F.);
#1404=ORIENTED_EDGE('',*,*,#1098,.F.);
#1405=ORIENTED_EDGE('',*,*,#1106,.F.);
#1406=ORIENTED_EDGE('',*,*,#1068,.F.);
#1407=ORIENTED_EDGE('',*,*,#1103,.F.);
#1408=ORIENTED_EDGE('',*,*,#1100,.T.);
#1409=ORIENTED_EDGE('',*,*,#1104,.T.);
#1410=ORIENTED_EDGE('',*,*,#1101,.T.);
#1411=ORIENTED_EDGE('',*,*,#1066,.T.);
#1412=ORIENTED_EDGE('',*,*,#1107,.T.);
#1413=ORIENTED_EDGE('',*,*,#1108,.F.);
#1414=ORIENTED_EDGE('',*,*,#1109,.F.);
#1415=ORIENTED_EDGE('',*,*,#1094,.T.);
#1416=ORIENTED_EDGE('',*,*,#1110,.T.);
#1417=ORIENTED_EDGE('',*,*,#1111,.F.);
#1418=ORIENTED_EDGE('',*,*,#1112,.F.);
#1419=ORIENTED_EDGE('',*,*,#1113,.F.);
#1420=ORIENTED_EDGE('',*,*,#1114,.F.);
#1421=ORIENTED_EDGE('',*,*,#1115,.T.);
#1422=ORIENTED_EDGE('',*,*,#1116,.T.);
#1423=ORIENTED_EDGE('',*,*,#1117,.T.);
#1424=ORIENTED_EDGE('',*,*,#1118,.T.);
#1425=ORIENTED_EDGE('',*,*,#1119,.F.);
#1426=ORIENTED_EDGE('',*,*,#1120,.T.);
#1427=ORIENTED_EDGE('',*,*,#1121,.F.);
#1428=ORIENTED_EDGE('',*,*,#1122,.F.);
#1429=ORIENTED_EDGE('',*,*,#1078,.T.);
#1430=ORIENTED_EDGE('',*,*,#1123,.F.);
#1431=ORIENTED_EDGE('',*,*,#1124,.F.);
#1432=ORIENTED_EDGE('',*,*,#1125,.F.);
#1433=ORIENTED_EDGE('',*,*,#1124,.T.);
#1434=ORIENTED_EDGE('',*,*,#1126,.F.);
#1435=ORIENTED_EDGE('',*,*,#1120,.F.);
#1436=ORIENTED_EDGE('',*,*,#1126,.T.);
#1437=ORIENTED_EDGE('',*,*,#1123,.T.);
#1438=ORIENTED_EDGE('',*,*,#1077,.T.);
#1439=ORIENTED_EDGE('',*,*,#1127,.F.);
#1440=ORIENTED_EDGE('',*,*,#1121,.T.);
#1441=ORIENTED_EDGE('',*,*,#1075,.T.);
#1442=ORIENTED_EDGE('',*,*,#1122,.T.);
#1443=ORIENTED_EDGE('',*,*,#1125,.T.);
#1444=ORIENTED_EDGE('',*,*,#1119,.T.);
#1445=ORIENTED_EDGE('',*,*,#1128,.F.);
#1446=ORIENTED_EDGE('',*,*,#1129,.F.);
#1447=ORIENTED_EDGE('',*,*,#1130,.F.);
#1448=ORIENTED_EDGE('',*,*,#1131,.F.);
#1449=ORIENTED_EDGE('',*,*,#1132,.T.);
#1450=ORIENTED_EDGE('',*,*,#1087,.T.);
#1451=ORIENTED_EDGE('',*,*,#1133,.T.);
#1452=ORIENTED_EDGE('',*,*,#1134,.F.);
#1453=ORIENTED_EDGE('',*,*,#1135,.F.);
#1454=ORIENTED_EDGE('',*,*,#1136,.T.);
#1455=ORIENTED_EDGE('',*,*,#1137,.T.);
#1456=ORIENTED_EDGE('',*,*,#1138,.T.);
#1457=ORIENTED_EDGE('',*,*,#1139,.F.);
#1458=ORIENTED_EDGE('',*,*,#1140,.T.);
#1459=ORIENTED_EDGE('',*,*,#1141,.F.);
#1460=ORIENTED_EDGE('',*,*,#1140,.F.);
#1461=ORIENTED_EDGE('',*,*,#1141,.T.);
#1462=ORIENTED_EDGE('',*,*,#1142,.F.);
#1463=ORIENTED_EDGE('',*,*,#1143,.T.);
#1464=ORIENTED_EDGE('',*,*,#1144,.T.);
#1465=ORIENTED_EDGE('',*,*,#1143,.F.);
#1466=ORIENTED_EDGE('',*,*,#1144,.F.);
#1467=ORIENTED_EDGE('',*,*,#1145,.F.);
#1468=ORIENTED_EDGE('',*,*,#1146,.T.);
#1469=ORIENTED_EDGE('',*,*,#1147,.F.);
#1470=ORIENTED_EDGE('',*,*,#1085,.T.);
#1471=ORIENTED_EDGE('',*,*,#1148,.F.);
#1472=ORIENTED_EDGE('',*,*,#1149,.F.);
#1473=ORIENTED_EDGE('',*,*,#1146,.F.);
#1474=ORIENTED_EDGE('',*,*,#1150,.T.);
#1475=ORIENTED_EDGE('',*,*,#1151,.F.);
#1476=ORIENTED_EDGE('',*,*,#1152,.F.);
#1477=ORIENTED_EDGE('',*,*,#1148,.T.);
#1478=ORIENTED_EDGE('',*,*,#1084,.T.);
#1479=ORIENTED_EDGE('',*,*,#1132,.F.);
#1480=ORIENTED_EDGE('',*,*,#1086,.T.);
#1481=ORIENTED_EDGE('',*,*,#1147,.T.);
#1482=ORIENTED_EDGE('',*,*,#1153,.F.);
#1483=ORIENTED_EDGE('',*,*,#1154,.T.);
#1484=ORIENTED_EDGE('',*,*,#1095,.T.);
#1485=ORIENTED_EDGE('',*,*,#1109,.T.);
#1486=ORIENTED_EDGE('',*,*,#1155,.T.);
#1487=ORIENTED_EDGE('',*,*,#1133,.F.);
#1488=ORIENTED_EDGE('',*,*,#1151,.T.);
#1489=ORIENTED_EDGE('',*,*,#1156,.F.);
#1490=ORIENTED_EDGE('',*,*,#1157,.F.);
#1491=ORIENTED_EDGE('',*,*,#1158,.F.);
#1492=ORIENTED_EDGE('',*,*,#1159,.F.);
#1493=ORIENTED_EDGE('',*,*,#1160,.F.);
#1494=ORIENTED_EDGE('',*,*,#1161,.T.);
#1495=ORIENTED_EDGE('',*,*,#1162,.T.);
#1496=ORIENTED_EDGE('',*,*,#1163,.F.);
#1497=ORIENTED_EDGE('',*,*,#1164,.T.);
#1498=ORIENTED_EDGE('',*,*,#1096,.F.);
#1499=ORIENTED_EDGE('',*,*,#1154,.F.);
#1500=ORIENTED_EDGE('',*,*,#1162,.F.);
#1501=ORIENTED_EDGE('',*,*,#1165,.F.);
#1502=ORIENTED_EDGE('',*,*,#1110,.F.);
#1503=ORIENTED_EDGE('',*,*,#1093,.F.);
#1504=ORIENTED_EDGE('',*,*,#1164,.F.);
#1505=ORIENTED_EDGE('',*,*,#1160,.T.);
#1506=ORIENTED_EDGE('',*,*,#1166,.F.);
#1507=ORIENTED_EDGE('',*,*,#1167,.F.);
#1508=ORIENTED_EDGE('',*,*,#1168,.F.);
#1509=ORIENTED_EDGE('',*,*,#1152,.T.);
#1510=ORIENTED_EDGE('',*,*,#1131,.T.);
#1511=ORIENTED_EDGE('',*,*,#1169,.T.);
#1512=ORIENTED_EDGE('',*,*,#1111,.T.);
#1513=ORIENTED_EDGE('',*,*,#1165,.T.);
#1514=ORIENTED_EDGE('',*,*,#1163,.T.);
#1515=ORIENTED_EDGE('',*,*,#1170,.T.);
#1516=ORIENTED_EDGE('',*,*,#1145,.T.);
#1517=ORIENTED_EDGE('',*,*,#1171,.T.);
#1518=ORIENTED_EDGE('',*,*,#1172,.T.);
#1519=ORIENTED_EDGE('',*,*,#1173,.T.);
#1520=ORIENTED_EDGE('',*,*,#1174,.T.);
#1521=ORIENTED_EDGE('',*,*,#1175,.T.);
#1522=ORIENTED_EDGE('',*,*,#1176,.T.);
#1523=ORIENTED_EDGE('',*,*,#1177,.T.);
#1524=ORIENTED_EDGE('',*,*,#1178,.T.);
#1525=ORIENTED_EDGE('',*,*,#1138,.F.);
#1526=ORIENTED_EDGE('',*,*,#1179,.T.);
#1527=ORIENTED_EDGE('',*,*,#1180,.F.);
#1528=ORIENTED_EDGE('',*,*,#1179,.F.);
#1529=ORIENTED_EDGE('',*,*,#1137,.F.);
#1530=ORIENTED_EDGE('',*,*,#1181,.T.);
#1531=ORIENTED_EDGE('',*,*,#1182,.F.);
#1532=ORIENTED_EDGE('',*,*,#1181,.F.);
#1533=ORIENTED_EDGE('',*,*,#1136,.F.);
#1534=ORIENTED_EDGE('',*,*,#1183,.T.);
#1535=ORIENTED_EDGE('',*,*,#1184,.F.);
#1536=ORIENTED_EDGE('',*,*,#1183,.F.);
#1537=ORIENTED_EDGE('',*,*,#1115,.F.);
#1538=ORIENTED_EDGE('',*,*,#1185,.T.);
#1539=ORIENTED_EDGE('',*,*,#1186,.F.);
#1540=ORIENTED_EDGE('',*,*,#1185,.F.);
#1541=ORIENTED_EDGE('',*,*,#1116,.F.);
#1542=ORIENTED_EDGE('',*,*,#1187,.T.);
#1543=ORIENTED_EDGE('',*,*,#1188,.F.);
#1544=ORIENTED_EDGE('',*,*,#1187,.F.);
#1545=ORIENTED_EDGE('',*,*,#1117,.F.);
#1546=ORIENTED_EDGE('',*,*,#1189,.T.);
#1547=ORIENTED_EDGE('',*,*,#1190,.F.);
#1548=ORIENTED_EDGE('',*,*,#1189,.F.);
#1549=ORIENTED_EDGE('',*,*,#1178,.F.);
#1550=ORIENTED_EDGE('',*,*,#1191,.T.);
#1551=ORIENTED_EDGE('',*,*,#1192,.F.);
#1552=ORIENTED_EDGE('',*,*,#1191,.F.);
#1553=ORIENTED_EDGE('',*,*,#1177,.F.);
#1554=ORIENTED_EDGE('',*,*,#1193,.T.);
#1555=ORIENTED_EDGE('',*,*,#1194,.F.);
#1556=ORIENTED_EDGE('',*,*,#1193,.F.);
#1557=ORIENTED_EDGE('',*,*,#1176,.F.);
#1558=ORIENTED_EDGE('',*,*,#1195,.T.);
#1559=ORIENTED_EDGE('',*,*,#1196,.F.);
#1560=ORIENTED_EDGE('',*,*,#1195,.F.);
#1561=ORIENTED_EDGE('',*,*,#1175,.F.);
#1562=ORIENTED_EDGE('',*,*,#1197,.T.);
#1563=ORIENTED_EDGE('',*,*,#1198,.F.);
#1564=ORIENTED_EDGE('',*,*,#1197,.F.);
#1565=ORIENTED_EDGE('',*,*,#1174,.F.);
#1566=ORIENTED_EDGE('',*,*,#1199,.T.);
#1567=ORIENTED_EDGE('',*,*,#1200,.F.);
#1568=ORIENTED_EDGE('',*,*,#1199,.F.);
#1569=ORIENTED_EDGE('',*,*,#1173,.F.);
#1570=ORIENTED_EDGE('',*,*,#1201,.T.);
#1571=ORIENTED_EDGE('',*,*,#1202,.F.);
#1572=ORIENTED_EDGE('',*,*,#1201,.F.);
#1573=ORIENTED_EDGE('',*,*,#1172,.F.);
#1574=ORIENTED_EDGE('',*,*,#1203,.T.);
#1575=ORIENTED_EDGE('',*,*,#1204,.F.);
#1576=ORIENTED_EDGE('',*,*,#1203,.F.);
#1577=ORIENTED_EDGE('',*,*,#1171,.F.);
#1578=ORIENTED_EDGE('',*,*,#1205,.T.);
#1579=ORIENTED_EDGE('',*,*,#1206,.F.);
#1580=ORIENTED_EDGE('',*,*,#1205,.F.);
#1581=ORIENTED_EDGE('',*,*,#1207,.F.);
#1582=ORIENTED_EDGE('',*,*,#1208,.T.);
#1583=ORIENTED_EDGE('',*,*,#1209,.T.);
#1584=ORIENTED_EDGE('',*,*,#1210,.F.);
#1585=ORIENTED_EDGE('',*,*,#1211,.F.);
#1586=ORIENTED_EDGE('',*,*,#1212,.T.);
#1587=ORIENTED_EDGE('',*,*,#1213,.T.);
#1588=ORIENTED_EDGE('',*,*,#1208,.F.);
#1589=ORIENTED_EDGE('',*,*,#1214,.F.);
#1590=ORIENTED_EDGE('',*,*,#1215,.T.);
#1591=ORIENTED_EDGE('',*,*,#1216,.T.);
#1592=ORIENTED_EDGE('',*,*,#1212,.F.);
#1593=ORIENTED_EDGE('',*,*,#1217,.F.);
#1594=ORIENTED_EDGE('',*,*,#1210,.T.);
#1595=ORIENTED_EDGE('',*,*,#1218,.T.);
#1596=ORIENTED_EDGE('',*,*,#1215,.F.);
#1597=ORIENTED_EDGE('',*,*,#1218,.F.);
#1598=ORIENTED_EDGE('',*,*,#1209,.F.);
#1599=ORIENTED_EDGE('',*,*,#1213,.F.);
#1600=ORIENTED_EDGE('',*,*,#1216,.F.);
#1601=ORIENTED_EDGE('',*,*,#1156,.T.);
#1602=ORIENTED_EDGE('',*,*,#1150,.F.);
#1603=ORIENTED_EDGE('',*,*,#1170,.F.);
#1604=ORIENTED_EDGE('',*,*,#1161,.F.);
#1605=ORIENTED_EDGE('',*,*,#1168,.T.);
#1606=ORIENTED_EDGE('',*,*,#1219,.T.);
#1607=ORIENTED_EDGE('',*,*,#1220,.F.);
#1608=ORIENTED_EDGE('',*,*,#1221,.T.);
#1609=ORIENTED_EDGE('',*,*,#1222,.T.);
#1610=ORIENTED_EDGE('',*,*,#1223,.F.);
#1611=ORIENTED_EDGE('',*,*,#1224,.F.);
#1612=ORIENTED_EDGE('',*,*,#1225,.T.);
#1613=ORIENTED_EDGE('',*,*,#1226,.T.);
#1614=ORIENTED_EDGE('',*,*,#1221,.F.);
#1615=ORIENTED_EDGE('',*,*,#1227,.F.);
#1616=ORIENTED_EDGE('',*,*,#1228,.T.);
#1617=ORIENTED_EDGE('',*,*,#1229,.T.);
#1618=ORIENTED_EDGE('',*,*,#1225,.F.);
#1619=ORIENTED_EDGE('',*,*,#1230,.F.);
#1620=ORIENTED_EDGE('',*,*,#1223,.T.);
#1621=ORIENTED_EDGE('',*,*,#1231,.T.);
#1622=ORIENTED_EDGE('',*,*,#1228,.F.);
#1623=ORIENTED_EDGE('',*,*,#1231,.F.);
#1624=ORIENTED_EDGE('',*,*,#1222,.F.);
#1625=ORIENTED_EDGE('',*,*,#1226,.F.);
#1626=ORIENTED_EDGE('',*,*,#1229,.F.);
#1627=ORIENTED_EDGE('',*,*,#1130,.T.);
#1628=ORIENTED_EDGE('',*,*,#1232,.F.);
#1629=ORIENTED_EDGE('',*,*,#1112,.T.);
#1630=ORIENTED_EDGE('',*,*,#1169,.F.);
#1631=ORIENTED_EDGE('',*,*,#1233,.F.);
#1632=ORIENTED_EDGE('',*,*,#1234,.T.);
#1633=ORIENTED_EDGE('',*,*,#1235,.T.);
#1634=ORIENTED_EDGE('',*,*,#1236,.F.);
#1635=ORIENTED_EDGE('',*,*,#1237,.F.);
#1636=ORIENTED_EDGE('',*,*,#1238,.T.);
#1637=ORIENTED_EDGE('',*,*,#1239,.T.);
#1638=ORIENTED_EDGE('',*,*,#1234,.F.);
#1639=ORIENTED_EDGE('',*,*,#1240,.F.);
#1640=ORIENTED_EDGE('',*,*,#1241,.T.);
#1641=ORIENTED_EDGE('',*,*,#1242,.T.);
#1642=ORIENTED_EDGE('',*,*,#1238,.F.);
#1643=ORIENTED_EDGE('',*,*,#1243,.F.);
#1644=ORIENTED_EDGE('',*,*,#1236,.T.);
#1645=ORIENTED_EDGE('',*,*,#1244,.T.);
#1646=ORIENTED_EDGE('',*,*,#1241,.F.);
#1647=ORIENTED_EDGE('',*,*,#1244,.F.);
#1648=ORIENTED_EDGE('',*,*,#1235,.F.);
#1649=ORIENTED_EDGE('',*,*,#1239,.F.);
#1650=ORIENTED_EDGE('',*,*,#1242,.F.);
#1651=ORIENTED_EDGE('',*,*,#1106,.T.);
#1652=ORIENTED_EDGE('',*,*,#1245,.T.);
#1653=ORIENTED_EDGE('',*,*,#1127,.T.);
#1654=ORIENTED_EDGE('',*,*,#1076,.T.);
#1655=ORIENTED_EDGE('',*,*,#1135,.T.);
#1656=ORIENTED_EDGE('',*,*,#1246,.F.);
#1657=ORIENTED_EDGE('',*,*,#1107,.F.);
#1658=ORIENTED_EDGE('',*,*,#1069,.T.);
#1659=ORIENTED_EDGE('',*,*,#1247,.F.);
#1660=ORIENTED_EDGE('',*,*,#1248,.T.);
#1661=ORIENTED_EDGE('',*,*,#1249,.F.);
#1662=ORIENTED_EDGE('',*,*,#1250,.F.);
#1663=ORIENTED_EDGE('',*,*,#1251,.F.);
#1664=ORIENTED_EDGE('',*,*,#1250,.T.);
#1665=ORIENTED_EDGE('',*,*,#1252,.F.);
#1666=ORIENTED_EDGE('',*,*,#1253,.F.);
#1667=ORIENTED_EDGE('',*,*,#1129,.T.);
#1668=ORIENTED_EDGE('',*,*,#1254,.F.);
#1669=ORIENTED_EDGE('',*,*,#1113,.T.);
#1670=ORIENTED_EDGE('',*,*,#1232,.T.);
#1671=ORIENTED_EDGE('',*,*,#1128,.T.);
#1672=ORIENTED_EDGE('',*,*,#1118,.F.);
#1673=ORIENTED_EDGE('',*,*,#1245,.F.);
#1674=ORIENTED_EDGE('',*,*,#1097,.F.);
#1675=ORIENTED_EDGE('',*,*,#1114,.T.);
#1676=ORIENTED_EDGE('',*,*,#1254,.T.);
#1677=ORIENTED_EDGE('',*,*,#1027,.T.);
#1678=ORIENTED_EDGE('',*,*,#1030,.T.);
#1679=ORIENTED_EDGE('',*,*,#1255,.F.);
#1680=ORIENTED_EDGE('',*,*,#1256,.F.);
#1681=ORIENTED_EDGE('',*,*,#1246,.T.);
#1682=ORIENTED_EDGE('',*,*,#1257,.F.);
#1683=ORIENTED_EDGE('',*,*,#1258,.F.);
#1684=ORIENTED_EDGE('',*,*,#1248,.F.);
#1685=ORIENTED_EDGE('',*,*,#1025,.T.);
#1686=ORIENTED_EDGE('',*,*,#1028,.T.);
#1687=ORIENTED_EDGE('',*,*,#1259,.F.);
#1688=ORIENTED_EDGE('',*,*,#1260,.T.);
#1689=ORIENTED_EDGE('',*,*,#1261,.T.);
#1690=ORIENTED_EDGE('',*,*,#1262,.F.);
#1691=ORIENTED_EDGE('',*,*,#1263,.F.);
#1692=ORIENTED_EDGE('',*,*,#1264,.T.);
#1693=ORIENTED_EDGE('',*,*,#1265,.T.);
#1694=ORIENTED_EDGE('',*,*,#1260,.F.);
#1695=ORIENTED_EDGE('',*,*,#1266,.F.);
#1696=ORIENTED_EDGE('',*,*,#1267,.T.);
#1697=ORIENTED_EDGE('',*,*,#1268,.T.);
#1698=ORIENTED_EDGE('',*,*,#1264,.F.);
#1699=ORIENTED_EDGE('',*,*,#1269,.F.);
#1700=ORIENTED_EDGE('',*,*,#1262,.T.);
#1701=ORIENTED_EDGE('',*,*,#1270,.T.);
#1702=ORIENTED_EDGE('',*,*,#1267,.F.);
#1703=ORIENTED_EDGE('',*,*,#1270,.F.);
#1704=ORIENTED_EDGE('',*,*,#1261,.F.);
#1705=ORIENTED_EDGE('',*,*,#1265,.F.);
#1706=ORIENTED_EDGE('',*,*,#1268,.F.);
#1707=ORIENTED_EDGE('',*,*,#1158,.T.);
#1708=ORIENTED_EDGE('',*,*,#1271,.F.);
#1709=ORIENTED_EDGE('',*,*,#1166,.T.);
#1710=ORIENTED_EDGE('',*,*,#1159,.T.);
#1711=ORIENTED_EDGE('',*,*,#1153,.T.);
#1712=ORIENTED_EDGE('',*,*,#1149,.T.);
#1713=ORIENTED_EDGE('',*,*,#1157,.T.);
#1714=ORIENTED_EDGE('',*,*,#1219,.F.);
#1715=ORIENTED_EDGE('',*,*,#1167,.T.);
#1716=ORIENTED_EDGE('',*,*,#1271,.T.);
#1717=ORIENTED_EDGE('',*,*,#1033,.T.);
#1718=ORIENTED_EDGE('',*,*,#1036,.T.);
#1719=ORIENTED_EDGE('',*,*,#1040,.T.);
#1720=ORIENTED_EDGE('',*,*,#1043,.T.);
#1721=ORIENTED_EDGE('',*,*,#1046,.T.);
#1722=ORIENTED_EDGE('',*,*,#1049,.T.);
#1723=ORIENTED_EDGE('',*,*,#1052,.T.);
#1724=ORIENTED_EDGE('',*,*,#1055,.T.);
#1725=ORIENTED_EDGE('',*,*,#1057,.T.);
#1726=ORIENTED_EDGE('',*,*,#1060,.T.);
#1727=ORIENTED_EDGE('',*,*,#1272,.T.);
#1728=ORIENTED_EDGE('',*,*,#1273,.F.);
#1729=ORIENTED_EDGE('',*,*,#1274,.F.);
#1730=ORIENTED_EDGE('',*,*,#1275,.F.);
#1731=ORIENTED_EDGE('',*,*,#1276,.T.);
#1732=ORIENTED_EDGE('',*,*,#1275,.T.);
#1733=ORIENTED_EDGE('',*,*,#1277,.F.);
#1734=ORIENTED_EDGE('',*,*,#1278,.F.);
#1735=ORIENTED_EDGE('',*,*,#1031,.T.);
#1736=ORIENTED_EDGE('',*,*,#1034,.T.);
#1737=ORIENTED_EDGE('',*,*,#1056,.T.);
#1738=ORIENTED_EDGE('',*,*,#1053,.T.);
#1739=ORIENTED_EDGE('',*,*,#1050,.T.);
#1740=ORIENTED_EDGE('',*,*,#1047,.T.);
#1741=ORIENTED_EDGE('',*,*,#1044,.T.);
#1742=ORIENTED_EDGE('',*,*,#1041,.T.);
#1743=ORIENTED_EDGE('',*,*,#1038,.T.);
#1744=ORIENTED_EDGE('',*,*,#1058,.T.);
#1745=ORIENTED_EDGE('',*,*,#1279,.T.);
#1746=ORIENTED_EDGE('',*,*,#1278,.T.);
#1747=ORIENTED_EDGE('',*,*,#1280,.F.);
#1748=ORIENTED_EDGE('',*,*,#1281,.F.);
#1749=ORIENTED_EDGE('',*,*,#1155,.F.);
#1750=ORIENTED_EDGE('',*,*,#1282,.F.);
#1751=ORIENTED_EDGE('',*,*,#1252,.T.);
#1752=ORIENTED_EDGE('',*,*,#1249,.T.);
#1753=ORIENTED_EDGE('',*,*,#1258,.T.);
#1754=ORIENTED_EDGE('',*,*,#1283,.F.);
#1755=ORIENTED_EDGE('',*,*,#1280,.T.);
#1756=ORIENTED_EDGE('',*,*,#1277,.T.);
#1757=ORIENTED_EDGE('',*,*,#1274,.T.);
#1758=ORIENTED_EDGE('',*,*,#1284,.F.);
#1759=ORIENTED_EDGE('',*,*,#1139,.T.);
#1760=ORIENTED_EDGE('',*,*,#1180,.T.);
#1761=ORIENTED_EDGE('',*,*,#1182,.T.);
#1762=ORIENTED_EDGE('',*,*,#1184,.T.);
#1763=ORIENTED_EDGE('',*,*,#1207,.T.);
#1764=ORIENTED_EDGE('',*,*,#1217,.T.);
#1765=ORIENTED_EDGE('',*,*,#1214,.T.);
#1766=ORIENTED_EDGE('',*,*,#1211,.T.);
#1767=ORIENTED_EDGE('',*,*,#1220,.T.);
#1768=ORIENTED_EDGE('',*,*,#1230,.T.);
#1769=ORIENTED_EDGE('',*,*,#1227,.T.);
#1770=ORIENTED_EDGE('',*,*,#1224,.T.);
#1771=ORIENTED_EDGE('',*,*,#1257,.T.);
#1772=ORIENTED_EDGE('',*,*,#1134,.T.);
#1773=ORIENTED_EDGE('',*,*,#1281,.T.);
#1774=ORIENTED_EDGE('',*,*,#1283,.T.);
#1775=ORIENTED_EDGE('',*,*,#1285,.F.);
#1776=ORIENTED_EDGE('',*,*,#1272,.F.);
#1777=ORIENTED_EDGE('',*,*,#1276,.F.);
#1778=ORIENTED_EDGE('',*,*,#1279,.F.);
#1779=ORIENTED_EDGE('',*,*,#1286,.F.);
#1780=ORIENTED_EDGE('',*,*,#1255,.T.);
#1781=ORIENTED_EDGE('',*,*,#1247,.T.);
#1782=ORIENTED_EDGE('',*,*,#1251,.T.);
#1783=ORIENTED_EDGE('',*,*,#1142,.T.);
#1784=ORIENTED_EDGE('',*,*,#1186,.T.);
#1785=ORIENTED_EDGE('',*,*,#1188,.T.);
#1786=ORIENTED_EDGE('',*,*,#1190,.T.);
#1787=ORIENTED_EDGE('',*,*,#1233,.T.);
#1788=ORIENTED_EDGE('',*,*,#1243,.T.);
#1789=ORIENTED_EDGE('',*,*,#1240,.T.);
#1790=ORIENTED_EDGE('',*,*,#1237,.T.);
#1791=ORIENTED_EDGE('',*,*,#1259,.T.);
#1792=ORIENTED_EDGE('',*,*,#1269,.T.);
#1793=ORIENTED_EDGE('',*,*,#1266,.T.);
#1794=ORIENTED_EDGE('',*,*,#1263,.T.);
#1795=ORIENTED_EDGE('',*,*,#1256,.T.);
#1796=ORIENTED_EDGE('',*,*,#1286,.T.);
#1797=ORIENTED_EDGE('',*,*,#1282,.T.);
#1798=ORIENTED_EDGE('',*,*,#1108,.T.);
#1799=ORIENTED_EDGE('',*,*,#1253,.T.);
#1800=ORIENTED_EDGE('',*,*,#1284,.T.);
#1801=ORIENTED_EDGE('',*,*,#1273,.T.);
#1802=ORIENTED_EDGE('',*,*,#1285,.T.);
#1803=ORIENTED_EDGE('',*,*,#1206,.T.);
#1804=ORIENTED_EDGE('',*,*,#1204,.T.);
#1805=ORIENTED_EDGE('',*,*,#1202,.T.);
#1806=ORIENTED_EDGE('',*,*,#1200,.T.);
#1807=ORIENTED_EDGE('',*,*,#1198,.T.);
#1808=ORIENTED_EDGE('',*,*,#1196,.T.);
#1809=ORIENTED_EDGE('',*,*,#1194,.T.);
#1810=ORIENTED_EDGE('',*,*,#1192,.T.);
#1811=CYLINDRICAL_SURFACE('',#1957,1.75);
#1812=CYLINDRICAL_SURFACE('',#1960,1.75);
#1813=CYLINDRICAL_SURFACE('',#1963,1.75);
#1814=CYLINDRICAL_SURFACE('',#1967,2.5);
#1815=CYLINDRICAL_SURFACE('',#1971,2.5);
#1816=CYLINDRICAL_SURFACE('',#1975,2.50000000000001);
#1817=CYLINDRICAL_SURFACE('',#1979,2.5);
#1818=CYLINDRICAL_SURFACE('',#1982,1.75);
#1819=CYLINDRICAL_SURFACE('',#1989,2.1);
#1820=CYLINDRICAL_SURFACE('',#1996,2.1);
#1821=CYLINDRICAL_SURFACE('',#2003,2.1);
#1822=CYLINDRICAL_SURFACE('',#2010,2.1);
#1823=CYLINDRICAL_SURFACE('',#2033,3.19999999999999);
#1824=CYLINDRICAL_SURFACE('',#2037,3.19999999999999);
#1825=CYLINDRICAL_SURFACE('',#2059,1.85);
#1826=CYLINDRICAL_SURFACE('',#2061,1.85);
#1827=CYLINDRICAL_SURFACE('',#2063,6.175);
#1828=CYLINDRICAL_SURFACE('',#2065,1.85);
#1829=CYLINDRICAL_SURFACE('',#2067,6.175);
#1830=CYLINDRICAL_SURFACE('',#2069,1.85);
#1831=CYLINDRICAL_SURFACE('',#2071,2.1);
#1832=CYLINDRICAL_SURFACE('',#2073,2.1);
#1833=CYLINDRICAL_SURFACE('',#2075,2.1);
#1834=CYLINDRICAL_SURFACE('',#2077,2.1);
#1835=CYLINDRICAL_SURFACE('',#2079,2.1);
#1836=CYLINDRICAL_SURFACE('',#2081,2.1);
#1837=CYLINDRICAL_SURFACE('',#2083,2.1);
#1838=CYLINDRICAL_SURFACE('',#2085,2.1);
#1839=ADVANCED_FACE('',(#139),#1811,.F.);
#1840=ADVANCED_FACE('',(#140),#1812,.F.);
#1841=ADVANCED_FACE('',(#141),#1813,.F.);
#1842=ADVANCED_FACE('',(#142),#67,.F.);
#1843=ADVANCED_FACE('',(#143),#1814,.F.);
#1844=ADVANCED_FACE('',(#144),#68,.F.);
#1845=ADVANCED_FACE('',(#145),#1815,.F.);
#1846=ADVANCED_FACE('',(#146),#69,.F.);
#1847=ADVANCED_FACE('',(#147),#1816,.F.);
#1848=ADVANCED_FACE('',(#148),#70,.F.);
#1849=ADVANCED_FACE('',(#149),#1817,.F.);
#1850=ADVANCED_FACE('',(#150),#1818,.F.);
#1851=ADVANCED_FACE('',(#151),#63,.T.);
#1852=ADVANCED_FACE('',(#152),#1819,.F.);
#1853=ADVANCED_FACE('',(#153,#15),#71,.F.);
#1854=ADVANCED_FACE('',(#154),#64,.T.);
#1855=ADVANCED_FACE('',(#155),#1820,.F.);
#1856=ADVANCED_FACE('',(#156,#16),#72,.T.);
#1857=ADVANCED_FACE('',(#157),#65,.T.);
#1858=ADVANCED_FACE('',(#158),#1821,.F.);
#1859=ADVANCED_FACE('',(#159,#17),#73,.F.);
#1860=ADVANCED_FACE('',(#160),#66,.T.);
#1861=ADVANCED_FACE('',(#161),#1822,.F.);
#1862=ADVANCED_FACE('',(#162,#18),#74,.T.);
#1863=ADVANCED_FACE('',(#163),#75,.T.);
#1864=ADVANCED_FACE('',(#164),#76,.T.);
#1865=ADVANCED_FACE('',(#165),#77,.T.);
#1866=ADVANCED_FACE('',(#166),#78,.T.);
#1867=ADVANCED_FACE('',(#167),#79,.F.);
#1868=ADVANCED_FACE('',(#168),#80,.F.);
#1869=ADVANCED_FACE('',(#169),#81,.F.);
#1870=ADVANCED_FACE('',(#170),#82,.F.);
#1871=ADVANCED_FACE('',(#171,#19,#20,#21),#83,.T.);
#1872=ADVANCED_FACE('',(#172),#84,.T.);
#1873=ADVANCED_FACE('',(#173),#85,.T.);
#1874=ADVANCED_FACE('',(#174),#86,.T.);
#1875=ADVANCED_FACE('',(#175),#87,.T.);
#1876=ADVANCED_FACE('',(#176,#22,#23,#24),#88,.T.);
#1877=ADVANCED_FACE('',(#177),#1823,.F.);
#1878=ADVANCED_FACE('',(#178),#89,.F.);
#1879=ADVANCED_FACE('',(#179),#1824,.F.);
#1880=ADVANCED_FACE('',(#180),#90,.T.);
#1881=ADVANCED_FACE('',(#181),#91,.F.);
#1882=ADVANCED_FACE('',(#182),#92,.F.);
#1883=ADVANCED_FACE('',(#183),#93,.F.);
#1884=ADVANCED_FACE('',(#184),#94,.T.);
#1885=ADVANCED_FACE('',(#185),#95,.T.);
#1886=ADVANCED_FACE('',(#186),#96,.T.);
#1887=ADVANCED_FACE('',(#187),#97,.T.);
#1888=ADVANCED_FACE('',(#188),#98,.T.);
#1889=ADVANCED_FACE('',(#189),#99,.T.);
#1890=ADVANCED_FACE('',(#190,#25,#26,#27,#28,#29,#30,#31,#32),#100,.T.);
#1891=ADVANCED_FACE('',(#191),#1825,.F.);
#1892=ADVANCED_FACE('',(#192),#1826,.F.);
#1893=ADVANCED_FACE('',(#193),#1827,.F.);
#1894=ADVANCED_FACE('',(#194),#1828,.F.);
#1895=ADVANCED_FACE('',(#195),#1829,.F.);
#1896=ADVANCED_FACE('',(#196),#1830,.F.);
#1897=ADVANCED_FACE('',(#197),#1831,.F.);
#1898=ADVANCED_FACE('',(#198),#1832,.F.);
#1899=ADVANCED_FACE('',(#199),#1833,.F.);
#1900=ADVANCED_FACE('',(#200),#1834,.F.);
#1901=ADVANCED_FACE('',(#201),#1835,.F.);
#1902=ADVANCED_FACE('',(#202),#1836,.F.);
#1903=ADVANCED_FACE('',(#203),#1837,.F.);
#1904=ADVANCED_FACE('',(#204),#1838,.F.);
#1905=ADVANCED_FACE('',(#205),#101,.F.);
#1906=ADVANCED_FACE('',(#206),#102,.F.);
#1907=ADVANCED_FACE('',(#207),#103,.F.);
#1908=ADVANCED_FACE('',(#208),#104,.F.);
#1909=ADVANCED_FACE('',(#209),#105,.F.);
#1910=ADVANCED_FACE('',(#210),#106,.T.);
#1911=ADVANCED_FACE('',(#211),#107,.F.);
#1912=ADVANCED_FACE('',(#212),#108,.F.);
#1913=ADVANCED_FACE('',(#213),#109,.F.);
#1914=ADVANCED_FACE('',(#214),#110,.F.);
#1915=ADVANCED_FACE('',(#215),#111,.F.);
#1916=ADVANCED_FACE('',(#216),#112,.T.);
#1917=ADVANCED_FACE('',(#217),#113,.F.);
#1918=ADVANCED_FACE('',(#218),#114,.F.);
#1919=ADVANCED_FACE('',(#219),#115,.F.);
#1920=ADVANCED_FACE('',(#220),#116,.F.);
#1921=ADVANCED_FACE('',(#221),#117,.F.);
#1922=ADVANCED_FACE('',(#222),#118,.T.);
#1923=ADVANCED_FACE('',(#223),#119,.T.);
#1924=ADVANCED_FACE('',(#224),#120,.T.);
#1925=ADVANCED_FACE('',(#225),#121,.T.);
#1926=ADVANCED_FACE('',(#226,#33,#34),#122,.T.);
#1927=ADVANCED_FACE('',(#227,#35,#36),#123,.T.);
#1928=ADVANCED_FACE('',(#228),#124,.F.);
#1929=ADVANCED_FACE('',(#229),#125,.F.);
#1930=ADVANCED_FACE('',(#230),#126,.F.);
#1931=ADVANCED_FACE('',(#231),#127,.F.);
#1932=ADVANCED_FACE('',(#232),#128,.F.);
#1933=ADVANCED_FACE('',(#233),#129,.T.);
#1934=ADVANCED_FACE('',(#234,#37,#38,#39),#130,.T.);
#1935=ADVANCED_FACE('',(#235),#131,.T.);
#1936=ADVANCED_FACE('',(#236,#40,#41,#42),#132,.T.);
#1937=ADVANCED_FACE('',(#237),#133,.T.);
#1938=ADVANCED_FACE('',(#238,#43,#44,#45,#46,#47,#48),#134,.T.);
#1939=ADVANCED_FACE('',(#239),#135,.T.);
#1940=ADVANCED_FACE('',(#240,#49,#50,#51,#52,#53,#54),#136,.T.);
#1941=ADVANCED_FACE('',(#241),#137,.T.);
#1942=ADVANCED_FACE('',(#242,#55,#56,#57,#58,#59,#60,#61,#62),#138,.F.);
#1943=CLOSED_SHELL('',(#1839,#1840,#1841,#1842,#1843,#1844,#1845,#1846,
#1847,#1848,#1849,#1850,#1851,#1852,#1853,#1854,#1855,#1856,#1857,#1858,
#1859,#1860,#1861,#1862,#1863,#1864,#1865,#1866,#1867,#1868,#1869,#1870,
#1871,#1872,#1873,#1874,#1875,#1876,#1877,#1878,#1879,#1880,#1881,#1882,
#1883,#1884,#1885,#1886,#1887,#1888,#1889,#1890,#1891,#1892,#1893,#1894,
#1895,#1896,#1897,#1898,#1899,#1900,#1901,#1902,#1903,#1904,#1905,#1906,
#1907,#1908,#1909,#1910,#1911,#1912,#1913,#1914,#1915,#1916,#1917,#1918,
#1919,#1920,#1921,#1922,#1923,#1924,#1925,#1926,#1927,#1928,#1929,#1930,
#1931,#1932,#1933,#1934,#1935,#1936,#1937,#1938,#1939,#1940,#1941,#1942));
#1944=DERIVED_UNIT_ELEMENT(#1946,1.);
#1945=DERIVED_UNIT_ELEMENT(#3203,-3.);
#1946=(
MASS_UNIT()
NAMED_UNIT(*)
SI_UNIT(.KILO.,.GRAM.)
);
#1947=DERIVED_UNIT((#1944,#1945));
#1948=MEASURE_REPRESENTATION_ITEM('density measure',
POSITIVE_RATIO_MEASURE(7850.),#1947);
#1949=PROPERTY_DEFINITION_REPRESENTATION(#1954,#1951);
#1950=PROPERTY_DEFINITION_REPRESENTATION(#1955,#1952);
#1951=REPRESENTATION('material name',(#1953),#3200);
#1952=REPRESENTATION('density',(#1948),#3200);
#1953=DESCRIPTIVE_REPRESENTATION_ITEM('Steel','Steel');
#1954=PROPERTY_DEFINITION('material property','material name',#3210);
#1955=PROPERTY_DEFINITION('material property','density of part',#3210);
#1956=AXIS2_PLACEMENT_3D('',#2661,#2125,#2126);
#1957=AXIS2_PLACEMENT_3D('',#2662,#2127,#2128);
#1958=AXIS2_PLACEMENT_3D('',#2664,#2129,#2130);
#1959=AXIS2_PLACEMENT_3D('',#2667,#2132,#2133);
#1960=AXIS2_PLACEMENT_3D('',#2668,#2134,#2135);
#1961=AXIS2_PLACEMENT_3D('',#2670,#2136,#2137);
#1962=AXIS2_PLACEMENT_3D('',#2673,#2139,#2140);
#1963=AXIS2_PLACEMENT_3D('',#2674,#2141,#2142);
#1964=AXIS2_PLACEMENT_3D('',#2676,#2143,#2144);
#1965=AXIS2_PLACEMENT_3D('',#2679,#2146,#2147);
#1966=AXIS2_PLACEMENT_3D('',#2680,#2148,#2149);
#1967=AXIS2_PLACEMENT_3D('',#2689,#2154,#2155);
#1968=AXIS2_PLACEMENT_3D('',#2691,#2156,#2157);
#1969=AXIS2_PLACEMENT_3D('',#2694,#2159,#2160);
#1970=AXIS2_PLACEMENT_3D('',#2695,#2161,#2162);
#1971=AXIS2_PLACEMENT_3D('',#2701,#2166,#2167);
#1972=AXIS2_PLACEMENT_3D('',#2703,#2168,#2169);
#1973=AXIS2_PLACEMENT_3D('',#2706,#2171,#2172);
#1974=AXIS2_PLACEMENT_3D('',#2707,#2173,#2174);
#1975=AXIS2_PLACEMENT_3D('',#2713,#2178,#2179);
#1976=AXIS2_PLACEMENT_3D('',#2715,#2180,#2181);
#1977=AXIS2_PLACEMENT_3D('',#2718,#2183,#2184);
#1978=AXIS2_PLACEMENT_3D('',#2719,#2185,#2186);
#1979=AXIS2_PLACEMENT_3D('',#2725,#2190,#2191);
#1980=AXIS2_PLACEMENT_3D('',#2726,#2192,#2193);
#1981=AXIS2_PLACEMENT_3D('',#2727,#2194,#2195);
#1982=AXIS2_PLACEMENT_3D('',#2728,#2196,#2197);
#1983=AXIS2_PLACEMENT_3D('',#2730,#2198,#2199);
#1984=AXIS2_PLACEMENT_3D('',#2733,#2201,#2202);
#1985=AXIS2_PLACEMENT_3D('',#2734,#2203,#2204);
#1986=AXIS2_PLACEMENT_3D('',#2736,#2205,#2206);
#1987=AXIS2_PLACEMENT_3D('',#2738,#2207,#2208);
#1988=AXIS2_PLACEMENT_3D('',#2739,#2209,#2210);
#1989=AXIS2_PLACEMENT_3D('',#2740,#2211,#2212);
#1990=AXIS2_PLACEMENT_3D('',#2743,#2214,#2215);
#1991=AXIS2_PLACEMENT_3D('',#2744,#2216,#2217);
#1992=AXIS2_PLACEMENT_3D('',#2753,#2222,#2223);
#1993=AXIS2_PLACEMENT_3D('',#2755,#2224,#2225);
#1994=AXIS2_PLACEMENT_3D('',#2757,#2226,#2227);
#1995=AXIS2_PLACEMENT_3D('',#2758,#2228,#2229);
#1996=AXIS2_PLACEMENT_3D('',#2759,#2230,#2231);
#1997=AXIS2_PLACEMENT_3D('',#2762,#2233,#2234);
#1998=AXIS2_PLACEMENT_3D('',#2763,#2235,#2236);
#1999=AXIS2_PLACEMENT_3D('',#2772,#2241,#2242);
#2000=AXIS2_PLACEMENT_3D('',#2774,#2243,#2244);
#2001=AXIS2_PLACEMENT_3D('',#2776,#2245,#2246);
#2002=AXIS2_PLACEMENT_3D('',#2777,#2247,#2248);
#2003=AXIS2_PLACEMENT_3D('',#2778,#2249,#2250);
#2004=AXIS2_PLACEMENT_3D('',#2781,#2252,#2253);
#2005=AXIS2_PLACEMENT_3D('',#2782,#2254,#2255);
#2006=AXIS2_PLACEMENT_3D('',#2791,#2260,#2261);
#2007=AXIS2_PLACEMENT_3D('',#2793,#2262,#2263);
#2008=AXIS2_PLACEMENT_3D('',#2795,#2264,#2265);
#2009=AXIS2_PLACEMENT_3D('',#2796,#2266,#2267);
#2010=AXIS2_PLACEMENT_3D('',#2797,#2268,#2269);
#2011=AXIS2_PLACEMENT_3D('',#2800,#2271,#2272);
#2012=AXIS2_PLACEMENT_3D('',#2801,#2273,#2274);
#2013=AXIS2_PLACEMENT_3D('',#2810,#2279,#2280);
#2014=AXIS2_PLACEMENT_3D('',#2811,#2281,#2282);
#2015=AXIS2_PLACEMENT_3D('',#2812,#2283,#2284);
#2016=AXIS2_PLACEMENT_3D('',#2813,#2285,#2286);
#2017=AXIS2_PLACEMENT_3D('',#2814,#2287,#2288);
#2018=AXIS2_PLACEMENT_3D('',#2823,#2293,#2294);
#2019=AXIS2_PLACEMENT_3D('',#2829,#2298,#2299);
#2020=AXIS2_PLACEMENT_3D('',#2832,#2302,#2303);
#2021=AXIS2_PLACEMENT_3D('',#2834,#2305,#2306);
#2022=AXIS2_PLACEMENT_3D('',#2850,#2315,#2316);
#2023=AXIS2_PLACEMENT_3D('',#2852,#2317,#2318);
#2024=AXIS2_PLACEMENT_3D('',#2854,#2319,#2320);
#2025=AXIS2_PLACEMENT_3D('',#2855,#2321,#2322);
#2026=AXIS2_PLACEMENT_3D('',#2864,#2327,#2328);
#2027=AXIS2_PLACEMENT_3D('',#2870,#2332,#2333);
#2028=AXIS2_PLACEMENT_3D('',#2873,#2336,#2337);
#2029=AXIS2_PLACEMENT_3D('',#2875,#2339,#2340);
#2030=AXIS2_PLACEMENT_3D('',#2891,#2349,#2350);
#2031=AXIS2_PLACEMENT_3D('',#2893,#2351,#2352);
#2032=AXIS2_PLACEMENT_3D('',#2895,#2353,#2354);
#2033=AXIS2_PLACEMENT_3D('',#2896,#2355,#2356);
#2034=AXIS2_PLACEMENT_3D('',#2898,#2357,#2358);
#2035=AXIS2_PLACEMENT_3D('',#2901,#2360,#2361);
#2036=AXIS2_PLACEMENT_3D('',#2902,#2362,#2363);
#2037=AXIS2_PLACEMENT_3D('',#2903,#2364,#2365);
#2038=AXIS2_PLACEMENT_3D('',#2905,#2366,#2367);
#2039=AXIS2_PLACEMENT_3D('',#2908,#2369,#2370);
#2040=AXIS2_PLACEMENT_3D('',#2909,#2371,#2372);
#2041=AXIS2_PLACEMENT_3D('',#2910,#2373,#2374);
#2042=AXIS2_PLACEMENT_3D('',#2918,#2379,#2380);
#2043=AXIS2_PLACEMENT_3D('',#2924,#2384,#2385);
#2044=AXIS2_PLACEMENT_3D('',#2926,#2387,#2388);
#2045=AXIS2_PLACEMENT_3D('',#2931,#2392,#2393);
#2046=AXIS2_PLACEMENT_3D('',#2937,#2397,#2398);
#2047=AXIS2_PLACEMENT_3D('',#2945,#2403,#2404);
#2048=AXIS2_PLACEMENT_3D('',#2949,#2407,#2408);
#2049=AXIS2_PLACEMENT_3D('',#2951,#2410,#2411);
#2050=AXIS2_PLACEMENT_3D('',#2957,#2415,#2416);
#2051=AXIS2_PLACEMENT_3D('',#2961,#2419,#2420);
#2052=AXIS2_PLACEMENT_3D('',#2963,#2421,#2422);
#2053=AXIS2_PLACEMENT_3D('',#2965,#2423,#2424);
#2054=AXIS2_PLACEMENT_3D('',#2967,#2425,#2426);
#2055=AXIS2_PLACEMENT_3D('',#2969,#2427,#2428);
#2056=AXIS2_PLACEMENT_3D('',#2971,#2429,#2430);
#2057=AXIS2_PLACEMENT_3D('',#2973,#2431,#2432);
#2058=AXIS2_PLACEMENT_3D('',#2975,#2433,#2434);
#2059=AXIS2_PLACEMENT_3D('',#2976,#2435,#2436);
#2060=AXIS2_PLACEMENT_3D('',#2979,#2438,#2439);
#2061=AXIS2_PLACEMENT_3D('',#2980,#2440,#2441);
#2062=AXIS2_PLACEMENT_3D('',#2983,#2443,#2444);
#2063=AXIS2_PLACEMENT_3D('',#2984,#2445,#2446);
#2064=AXIS2_PLACEMENT_3D('',#2987,#2448,#2449);
#2065=AXIS2_PLACEMENT_3D('',#2988,#2450,#2451);
#2066=AXIS2_PLACEMENT_3D('',#2991,#2453,#2454);
#2067=AXIS2_PLACEMENT_3D('',#2992,#2455,#2456);
#2068=AXIS2_PLACEMENT_3D('',#2995,#2458,#2459);
#2069=AXIS2_PLACEMENT_3D('',#2996,#2460,#2461);
#2070=AXIS2_PLACEMENT_3D('',#2999,#2463,#2464);
#2071=AXIS2_PLACEMENT_3D('',#3000,#2465,#2466);
#2072=AXIS2_PLACEMENT_3D('',#3003,#2468,#2469);
#2073=AXIS2_PLACEMENT_3D('',#3004,#2470,#2471);
#2074=AXIS2_PLACEMENT_3D('',#3007,#2473,#2474);
#2075=AXIS2_PLACEMENT_3D('',#3008,#2475,#2476);
#2076=AXIS2_PLACEMENT_3D('',#3011,#2478,#2479);
#2077=AXIS2_PLACEMENT_3D('',#3012,#2480,#2481);
#2078=AXIS2_PLACEMENT_3D('',#3015,#2483,#2484);
#2079=AXIS2_PLACEMENT_3D('',#3016,#2485,#2486);
#2080=AXIS2_PLACEMENT_3D('',#3019,#2488,#2489);
#2081=AXIS2_PLACEMENT_3D('',#3020,#2490,#2491);
#2082=AXIS2_PLACEMENT_3D('',#3023,#2493,#2494);
#2083=AXIS2_PLACEMENT_3D('',#3024,#2495,#2496);
#2084=AXIS2_PLACEMENT_3D('',#3027,#2498,#2499);
#2085=AXIS2_PLACEMENT_3D('',#3028,#2500,#2501);
#2086=AXIS2_PLACEMENT_3D('',#3031,#2503,#2504);
#2087=AXIS2_PLACEMENT_3D('',#3032,#2505,#2506);
#2088=AXIS2_PLACEMENT_3D('',#3041,#2511,#2512);
#2089=AXIS2_PLACEMENT_3D('',#3047,#2516,#2517);
#2090=AXIS2_PLACEMENT_3D('',#3053,#2521,#2522);
#2091=AXIS2_PLACEMENT_3D('',#3056,#2525,#2526);
#2092=AXIS2_PLACEMENT_3D('',#3057,#2527,#2528);
#2093=AXIS2_PLACEMENT_3D('',#3059,#2530,#2531);
#2094=AXIS2_PLACEMENT_3D('',#3068,#2536,#2537);
#2095=AXIS2_PLACEMENT_3D('',#3074,#2541,#2542);
#2096=AXIS2_PLACEMENT_3D('',#3080,#2546,#2547);
#2097=AXIS2_PLACEMENT_3D('',#3083,#2550,#2551);
#2098=AXIS2_PLACEMENT_3D('',#3084,#2552,#2553);
#2099=AXIS2_PLACEMENT_3D('',#3086,#2555,#2556);
#2100=AXIS2_PLACEMENT_3D('',#3095,#2561,#2562);
#2101=AXIS2_PLACEMENT_3D('',#3101,#2566,#2567);
#2102=AXIS2_PLACEMENT_3D('',#3107,#2571,#2572);
#2103=AXIS2_PLACEMENT_3D('',#3110,#2575,#2576);
#2104=AXIS2_PLACEMENT_3D('',#3111,#2577,#2578);
#2105=AXIS2_PLACEMENT_3D('',#3114,#2581,#2582);
#2106=AXIS2_PLACEMENT_3D('',#3123,#2587,#2588);
#2107=AXIS2_PLACEMENT_3D('',#3129,#2592,#2593);
#2108=AXIS2_PLACEMENT_3D('',#3131,#2595,#2596);
#2109=AXIS2_PLACEMENT_3D('',#3132,#2597,#2598);
#2110=AXIS2_PLACEMENT_3D('',#3139,#2603,#2604);
#2111=AXIS2_PLACEMENT_3D('',#3148,#2609,#2610);
#2112=AXIS2_PLACEMENT_3D('',#3154,#2614,#2615);
#2113=AXIS2_PLACEMENT_3D('',#3160,#2619,#2620);
#2114=AXIS2_PLACEMENT_3D('',#3163,#2623,#2624);
#2115=AXIS2_PLACEMENT_3D('',#3164,#2625,#2626);
#2116=AXIS2_PLACEMENT_3D('',#3166,#2628,#2629);
#2117=AXIS2_PLACEMENT_3D('',#3167,#2630,#2631);
#2118=AXIS2_PLACEMENT_3D('',#3176,#2636,#2637);
#2119=AXIS2_PLACEMENT_3D('',#3182,#2641,#2642);
#2120=AXIS2_PLACEMENT_3D('',#3189,#2647,#2648);
#2121=AXIS2_PLACEMENT_3D('',#3192,#2651,#2652);
#2122=AXIS2_PLACEMENT_3D('',#3193,#2653,#2654);
#2123=AXIS2_PLACEMENT_3D('',#3196,#2657,#2658);
#2124=AXIS2_PLACEMENT_3D('',#3197,#2659,#2660);
#2125=DIRECTION('axis',(0.,0.,1.));
#2126=DIRECTION('refdir',(1.,0.,0.));
#2127=DIRECTION('center_axis',(0.,-0.707106781186546,-0.707106781186549));
#2128=DIRECTION('ref_axis',(-1.,0.,0.));
#2129=DIRECTION('center_axis',(0.,-0.707106781186548,-0.707106781186548));
#2130=DIRECTION('ref_axis',(-1.,0.,0.));
#2131=DIRECTION('',(0.,-0.707106781186546,-0.707106781186549));
#2132=DIRECTION('center_axis',(0.,0.707106781186548,0.707106781186547));
#2133=DIRECTION('ref_axis',(-1.,0.,0.));
#2134=DIRECTION('center_axis',(0.,-0.707106781186546,-0.707106781186549));
#2135=DIRECTION('ref_axis',(-1.,0.,0.));
#2136=DIRECTION('center_axis',(0.,-0.707106781186548,-0.707106781186548));
#2137=DIRECTION('ref_axis',(-1.,0.,0.));
#2138=DIRECTION('',(0.,-0.707106781186546,-0.707106781186549));
#2139=DIRECTION('center_axis',(0.,0.707106781186548,0.707106781186547));
#2140=DIRECTION('ref_axis',(-1.,0.,0.));
#2141=DIRECTION('center_axis',(0.,1.,0.));
#2142=DIRECTION('ref_axis',(1.,0.,0.));
#2143=DIRECTION('center_axis',(0.,1.,0.));
#2144=DIRECTION('ref_axis',(1.,0.,0.));
#2145=DIRECTION('',(0.,1.,0.));
#2146=DIRECTION('center_axis',(0.,-1.,0.));
#2147=DIRECTION('ref_axis',(1.,0.,0.));
#2148=DIRECTION('center_axis',(1.,0.,-9.34924652315922E-16));
#2149=DIRECTION('ref_axis',(-9.34924652315922E-16,0.,-1.));
#2150=DIRECTION('',(-9.34924652315922E-16,0.,-1.));
#2151=DIRECTION('',(0.,1.,0.));
#2152=DIRECTION('',(9.34924652315922E-16,0.,1.));
#2153=DIRECTION('',(0.,1.,0.));
#2154=DIRECTION('center_axis',(0.,1.,0.));
#2155=DIRECTION('ref_axis',(1.,0.,-3.55271367880051E-15));
#2156=DIRECTION('center_axis',(0.,1.,0.));
#2157=DIRECTION('ref_axis',(1.,0.,-3.55271367880051E-15));
#2158=DIRECTION('',(0.,1.,0.));
#2159=DIRECTION('center_axis',(0.,-1.,0.));
#2160=DIRECTION('ref_axis',(1.,0.,-3.55271367880051E-15));
#2161=DIRECTION('center_axis',(0.,0.,1.));
#2162=DIRECTION('ref_axis',(1.,0.,0.));
#2163=DIRECTION('',(1.,0.,0.));
#2164=DIRECTION('',(0.,1.,0.));
#2165=DIRECTION('',(-1.,0.,0.));
#2166=DIRECTION('center_axis',(0.,1.,0.));
#2167=DIRECTION('ref_axis',(-3.55271367880049E-15,0.,1.));
#2168=DIRECTION('center_axis',(0.,1.,0.));
#2169=DIRECTION('ref_axis',(-3.55271367880049E-15,0.,1.));
#2170=DIRECTION('',(0.,1.,0.));
#2171=DIRECTION('center_axis',(0.,-1.,0.));
#2172=DIRECTION('ref_axis',(-3.55271367880049E-15,0.,1.));
#2173=DIRECTION('center_axis',(-1.,0.,1.86984930463184E-15));
#2174=DIRECTION('ref_axis',(1.86984930463184E-15,0.,1.));
#2175=DIRECTION('',(1.86984930463184E-15,0.,1.));
#2176=DIRECTION('',(0.,1.,0.));
#2177=DIRECTION('',(-1.86984930463184E-15,0.,-1.));
#2178=DIRECTION('center_axis',(0.,1.,0.));
#2179=DIRECTION('ref_axis',(-1.,0.,0.));
#2180=DIRECTION('center_axis',(0.,1.,0.));
#2181=DIRECTION('ref_axis',(-1.,0.,0.));
#2182=DIRECTION('',(0.,1.,0.));
#2183=DIRECTION('center_axis',(0.,-1.,0.));
#2184=DIRECTION('ref_axis',(-1.,0.,0.));
#2185=DIRECTION('center_axis',(3.5527136788005E-16,0.,-1.));
#2186=DIRECTION('ref_axis',(-1.,0.,-3.5527136788005E-16));
#2187=DIRECTION('',(-1.,0.,-3.5527136788005E-16));
#2188=DIRECTION('',(0.,1.,0.));
#2189=DIRECTION('',(1.,0.,3.5527136788005E-16));
#2190=DIRECTION('center_axis',(0.,1.,0.));
#2191=DIRECTION('ref_axis',(3.5527136788005E-15,0.,-1.));
#2192=DIRECTION('center_axis',(0.,1.,0.));
#2193=DIRECTION('ref_axis',(3.5527136788005E-15,0.,-1.));
#2194=DIRECTION('center_axis',(0.,-1.,0.));
#2195=DIRECTION('ref_axis',(3.5527136788005E-15,0.,-1.));
#2196=DIRECTION('center_axis',(0.,1.,0.));
#2197=DIRECTION('ref_axis',(1.,0.,0.));
#2198=DIRECTION('center_axis',(0.,1.,0.));
#2199=DIRECTION('ref_axis',(1.,0.,0.));
#2200=DIRECTION('',(0.,1.,0.));
#2201=DIRECTION('center_axis',(0.,-1.,0.));
#2202=DIRECTION('ref_axis',(1.,0.,0.));
#2203=DIRECTION('center_axis',(0.,0.,-1.));
#2204=DIRECTION('ref_axis',(-1.,0.,0.));
#2205=DIRECTION('center_axis',(0.,0.,1.));
#2206=DIRECTION('ref_axis',(-1.,0.,0.));
#2207=DIRECTION('center_axis',(0.,-1.,0.));
#2208=DIRECTION('ref_axis',(1.,0.,0.));
#2209=DIRECTION('center_axis',(0.,0.,-1.));
#2210=DIRECTION('ref_axis',(-1.,0.,0.));
#2211=DIRECTION('center_axis',(0.,0.,-1.));
#2212=DIRECTION('ref_axis',(-1.,0.,0.));
#2213=DIRECTION('',(0.,0.,-1.));
#2214=DIRECTION('center_axis',(0.,0.,-1.));
#2215=DIRECTION('ref_axis',(-1.,0.,0.));
#2216=DIRECTION('center_axis',(0.,0.,-1.));
#2217=DIRECTION('ref_axis',(0.,1.,0.));
#2218=DIRECTION('',(0.,1.,0.));
#2219=DIRECTION('',(1.,0.,0.));
#2220=DIRECTION('',(0.,1.,0.));
#2221=DIRECTION('',(1.,0.,0.));
#2222=DIRECTION('center_axis',(0.,0.,-1.));
#2223=DIRECTION('ref_axis',(-1.,0.,0.));
#2224=DIRECTION('center_axis',(0.,0.,1.));
#2225=DIRECTION('ref_axis',(-1.,0.,0.));
#2226=DIRECTION('center_axis',(0.,-1.,0.));
#2227=DIRECTION('ref_axis',(1.,0.,0.));
#2228=DIRECTION('center_axis',(0.,0.,-1.));
#2229=DIRECTION('ref_axis',(-1.,0.,0.));
#2230=DIRECTION('center_axis',(0.,0.,-1.));
#2231=DIRECTION('ref_axis',(-1.,0.,0.));
#2232=DIRECTION('',(0.,0.,-1.));
#2233=DIRECTION('center_axis',(0.,0.,-1.));
#2234=DIRECTION('ref_axis',(-1.,0.,0.));
#2235=DIRECTION('center_axis',(0.,0.,1.));
#2236=DIRECTION('ref_axis',(0.,1.,0.));
#2237=DIRECTION('',(0.,-1.,0.));
#2238=DIRECTION('',(1.,0.,0.));
#2239=DIRECTION('',(0.,1.,0.));
#2240=DIRECTION('',(-1.,0.,0.));
#2241=DIRECTION('center_axis',(0.,0.,-1.));
#2242=DIRECTION('ref_axis',(-1.,0.,0.));
#2243=DIRECTION('center_axis',(0.,0.,1.));
#2244=DIRECTION('ref_axis',(-1.,0.,0.));
#2245=DIRECTION('center_axis',(0.,-1.,0.));
#2246=DIRECTION('ref_axis',(1.,0.,0.));
#2247=DIRECTION('center_axis',(0.,0.,-1.));
#2248=DIRECTION('ref_axis',(-1.,0.,0.));
#2249=DIRECTION('center_axis',(0.,0.,-1.));
#2250=DIRECTION('ref_axis',(-1.,0.,0.));
#2251=DIRECTION('',(0.,0.,-1.));
#2252=DIRECTION('center_axis',(0.,0.,-1.));
#2253=DIRECTION('ref_axis',(-1.,0.,0.));
#2254=DIRECTION('center_axis',(0.,0.,-1.));
#2255=DIRECTION('ref_axis',(-1.,0.,0.));
#2256=DIRECTION('',(1.,0.,0.));
#2257=DIRECTION('',(-6.66133814775094E-16,1.,0.));
#2258=DIRECTION('',(-1.,0.,0.));
#2259=DIRECTION('',(0.,-1.,0.));
#2260=DIRECTION('center_axis',(0.,0.,-1.));
#2261=DIRECTION('ref_axis',(-1.,0.,0.));
#2262=DIRECTION('center_axis',(0.,0.,1.));
#2263=DIRECTION('ref_axis',(-1.,0.,0.));
#2264=DIRECTION('center_axis',(0.,-1.,0.));
#2265=DIRECTION('ref_axis',(1.,0.,0.));
#2266=DIRECTION('center_axis',(0.,0.,-1.));
#2267=DIRECTION('ref_axis',(-1.,0.,0.));
#2268=DIRECTION('center_axis',(0.,0.,-1.));
#2269=DIRECTION('ref_axis',(-1.,0.,0.));
#2270=DIRECTION('',(0.,0.,-1.));
#2271=DIRECTION('center_axis',(0.,0.,-1.));
#2272=DIRECTION('ref_axis',(-1.,0.,0.));
#2273=DIRECTION('center_axis',(0.,0.,1.));
#2274=DIRECTION('ref_axis',(1.,0.,0.));
#2275=DIRECTION('',(-1.,0.,0.));
#2276=DIRECTION('',(0.,1.,0.));
#2277=DIRECTION('',(-1.,0.,0.));
#2278=DIRECTION('',(6.66133814775094E-16,1.,0.));
#2279=DIRECTION('center_axis',(0.,0.,1.));
#2280=DIRECTION('ref_axis',(-1.,0.,0.));
#2281=DIRECTION('center_axis',(0.,0.,1.));
#2282=DIRECTION('ref_axis',(-1.,0.,0.));
#2283=DIRECTION('center_axis',(0.,0.,1.));
#2284=DIRECTION('ref_axis',(-1.,0.,0.));
#2285=DIRECTION('center_axis',(0.,0.,1.));
#2286=DIRECTION('ref_axis',(-1.,0.,0.));
#2287=DIRECTION('center_axis',(0.,-1.,0.));
#2288=DIRECTION('ref_axis',(0.,0.,-1.));
#2289=DIRECTION('',(1.,0.,0.));
#2290=DIRECTION('',(0.,0.,-1.));
#2291=DIRECTION('',(1.,0.,0.));
#2292=DIRECTION('',(0.,0.,-1.));
#2293=DIRECTION('center_axis',(0.,1.,0.));
#2294=DIRECTION('ref_axis',(0.,0.,1.));
#2295=DIRECTION('',(0.,0.,1.));
#2296=DIRECTION('',(1.,0.,0.));
#2297=DIRECTION('',(0.,0.,1.));
#2298=DIRECTION('center_axis',(0.,0.,1.));
#2299=DIRECTION('ref_axis',(0.,-1.,0.));
#2300=DIRECTION('',(0.,-1.,0.));
#2301=DIRECTION('',(0.,-1.,0.));
#2302=DIRECTION('center_axis',(-1.,0.,0.));
#2303=DIRECTION('ref_axis',(0.,0.,1.));
#2304=DIRECTION('',(0.,0.,-1.));
#2305=DIRECTION('center_axis',(1.,0.,0.));
#2306=DIRECTION('ref_axis',(0.,1.,0.));
#2307=DIRECTION('',(0.,0.,1.));
#2308=DIRECTION('',(0.,1.,0.));
#2309=DIRECTION('',(0.,0.,1.));
#2310=DIRECTION('',(0.,0.,-1.));
#2311=DIRECTION('',(0.,-1.,0.));
#2312=DIRECTION('',(0.,-0.794357832977196,-0.607450107570797));
#2313=DIRECTION('',(0.,0.,-1.));
#2314=DIRECTION('',(0.,0.707106781186547,-0.707106781186548));
#2315=DIRECTION('center_axis',(-1.,0.,0.));
#2316=DIRECTION('ref_axis',(0.,1.,0.));
#2317=DIRECTION('center_axis',(-1.,0.,0.));
#2318=DIRECTION('ref_axis',(0.,1.,0.));
#2319=DIRECTION('center_axis',(-1.,0.,0.));
#2320=DIRECTION('ref_axis',(0.,1.,0.));
#2321=DIRECTION('center_axis',(0.,1.,0.));
#2322=DIRECTION('ref_axis',(0.,0.,-1.));
#2323=DIRECTION('',(1.,0.,0.));
#2324=DIRECTION('',(0.,0.,1.));
#2325=DIRECTION('',(-1.,0.,0.));
#2326=DIRECTION('',(0.,0.,-1.));
#2327=DIRECTION('center_axis',(0.,-1.,0.));
#2328=DIRECTION('ref_axis',(0.,0.,1.));
#2329=DIRECTION('',(0.,0.,-1.));
#2330=DIRECTION('',(0.,0.,1.));
#2331=DIRECTION('',(-1.,0.,0.));
#2332=DIRECTION('center_axis',(0.,0.,-1.));
#2333=DIRECTION('ref_axis',(0.,-1.,0.));
#2334=DIRECTION('',(0.,1.,0.));
#2335=DIRECTION('',(0.,-1.,0.));
#2336=DIRECTION('center_axis',(-1.,0.,0.));
#2337=DIRECTION('ref_axis',(0.,0.,1.));
#2338=DIRECTION('',(0.,0.,1.));
#2339=DIRECTION('center_axis',(-1.,0.,0.));
#2340=DIRECTION('ref_axis',(0.,-1.,0.));
#2341=DIRECTION('',(0.,-0.707106781186547,0.707106781186548));
#2342=DIRECTION('',(0.,0.,1.));
#2343=DIRECTION('',(0.,0.794357832977196,0.607450107570797));
#2344=DIRECTION('',(0.,1.,0.));
#2345=DIRECTION('',(0.,0.,1.));
#2346=DIRECTION('',(0.,0.,1.));
#2347=DIRECTION('',(0.,-1.,0.));
#2348=DIRECTION('',(0.,0.,1.));
#2349=DIRECTION('center_axis',(1.,0.,0.));
#2350=DIRECTION('ref_axis',(0.,1.,0.));
#2351=DIRECTION('center_axis',(1.,0.,0.));
#2352=DIRECTION('ref_axis',(0.,1.,0.));
#2353=DIRECTION('center_axis',(1.,0.,0.));
#2354=DIRECTION('ref_axis',(0.,1.,0.));
#2355=DIRECTION('center_axis',(1.,0.,0.));
#2356=DIRECTION('ref_axis',(0.,-1.,0.));
#2357=DIRECTION('center_axis',(-1.,0.,0.));
#2358=DIRECTION('ref_axis',(0.,-1.,0.));
#2359=DIRECTION('',(-1.,0.,0.));
#2360=DIRECTION('center_axis',(1.,0.,0.));
#2361=DIRECTION('ref_axis',(0.,-1.,0.));
#2362=DIRECTION('center_axis',(-1.,0.,0.));
#2363=DIRECTION('ref_axis',(0.,-1.,0.));
#2364=DIRECTION('center_axis',(1.,0.,0.));
#2365=DIRECTION('ref_axis',(0.,-1.,0.));
#2366=DIRECTION('center_axis',(1.,0.,0.));
#2367=DIRECTION('ref_axis',(0.,-1.,0.));
#2368=DIRECTION('',(1.,0.,0.));
#2369=DIRECTION('center_axis',(1.,0.,0.));
#2370=DIRECTION('ref_axis',(0.,-1.,0.));
#2371=DIRECTION('center_axis',(-1.,0.,0.));
#2372=DIRECTION('ref_axis',(0.,-1.,0.));
#2373=DIRECTION('center_axis',(1.,6.66133814775094E-16,0.));
#2374=DIRECTION('ref_axis',(-6.66133814775094E-16,1.,0.));
#2375=DIRECTION('',(-6.66133814775094E-16,1.,0.));
#2376=DIRECTION('',(0.,0.,1.));
#2377=DIRECTION('',(0.,0.,-1.));
#2378=DIRECTION('',(0.,0.,1.));
#2379=DIRECTION('center_axis',(0.,1.,0.));
#2380=DIRECTION('ref_axis',(-1.,0.,0.));
#2381=DIRECTION('',(1.,0.,0.));
#2382=DIRECTION('',(1.,0.,0.));
#2383=DIRECTION('',(0.,0.,-1.));
#2384=DIRECTION('center_axis',(0.,-1.,0.));
#2385=DIRECTION('ref_axis',(1.,0.,0.));
#2386=DIRECTION('',(1.,0.,0.));
#2387=DIRECTION('center_axis',(0.,1.,0.));
#2388=DIRECTION('ref_axis',(0.,0.,1.));
#2389=DIRECTION('',(1.,0.,0.));
#2390=DIRECTION('',(0.,0.,1.));
#2391=DIRECTION('',(1.,0.,0.));
#2392=DIRECTION('center_axis',(-1.,0.,0.));
#2393=DIRECTION('ref_axis',(0.,-1.,0.));
#2394=DIRECTION('',(0.,0.794357832977196,-0.607450107570797));
#2395=DIRECTION('',(0.,0.,-1.));
#2396=DIRECTION('',(0.,-0.707106781186547,-0.707106781186548));
#2397=DIRECTION('center_axis',(0.,-1.,0.));
#2398=DIRECTION('ref_axis',(1.,0.,0.));
#2399=DIRECTION('',(1.,0.,0.));
#2400=DIRECTION('',(0.,0.,1.));
#2401=DIRECTION('',(1.,0.,0.));
#2402=DIRECTION('',(0.,0.,1.));
#2403=DIRECTION('center_axis',(1.,-6.66133814775094E-16,0.));
#2404=DIRECTION('ref_axis',(6.66133814775094E-16,1.,0.));
#2405=DIRECTION('',(-6.66133814775094E-16,-1.,0.));
#2406=DIRECTION('',(0.,0.,1.));
#2407=DIRECTION('center_axis',(0.,1.,0.));
#2408=DIRECTION('ref_axis',(-1.,0.,0.));
#2409=DIRECTION('',(1.,0.,0.));
#2410=DIRECTION('center_axis',(1.,0.,0.));
#2411=DIRECTION('ref_axis',(0.,1.,0.));
#2412=DIRECTION('',(0.,0.707106781186547,0.707106781186548));
#2413=DIRECTION('',(0.,0.,1.));
#2414=DIRECTION('',(0.,-0.794357832977196,0.607450107570797));
#2415=DIRECTION('center_axis',(0.,0.,1.));
#2416=DIRECTION('ref_axis',(1.,0.,0.));
#2417=DIRECTION('',(-1.,0.,0.));
#2418=DIRECTION('',(1.,0.,0.));
#2419=DIRECTION('center_axis',(0.,0.,-1.));
#2420=DIRECTION('ref_axis',(-1.,0.,0.));
#2421=DIRECTION('center_axis',(0.,0.,-1.));
#2422=DIRECTION('ref_axis',(-1.,0.,0.));
#2423=DIRECTION('center_axis',(0.,0.,-1.));
#2424=DIRECTION('ref_axis',(-1.,0.,0.));
#2425=DIRECTION('center_axis',(0.,0.,-1.));
#2426=DIRECTION('ref_axis',(-1.,0.,0.));
#2427=DIRECTION('center_axis',(0.,0.,-1.));
#2428=DIRECTION('ref_axis',(-1.,0.,0.));
#2429=DIRECTION('center_axis',(0.,0.,-1.));
#2430=DIRECTION('ref_axis',(-1.,0.,0.));
#2431=DIRECTION('center_axis',(0.,0.,-1.));
#2432=DIRECTION('ref_axis',(-1.,0.,0.));
#2433=DIRECTION('center_axis',(0.,0.,-1.));
#2434=DIRECTION('ref_axis',(-1.,0.,0.));
#2435=DIRECTION('center_axis',(-1.,0.,0.));
#2436=DIRECTION('ref_axis',(0.,1.,0.));
#2437=DIRECTION('',(1.,0.,0.));
#2438=DIRECTION('center_axis',(-1.,0.,0.));
#2439=DIRECTION('ref_axis',(0.,1.,0.));
#2440=DIRECTION('center_axis',(-1.,0.,0.));
#2441=DIRECTION('ref_axis',(0.,1.,0.));
#2442=DIRECTION('',(1.,0.,0.));
#2443=DIRECTION('center_axis',(-1.,0.,0.));
#2444=DIRECTION('ref_axis',(0.,1.,0.));
#2445=DIRECTION('center_axis',(-1.,0.,0.));
#2446=DIRECTION('ref_axis',(0.,1.,0.));
#2447=DIRECTION('',(1.,0.,0.));
#2448=DIRECTION('center_axis',(-1.,0.,0.));
#2449=DIRECTION('ref_axis',(0.,1.,0.));
#2450=DIRECTION('center_axis',(-1.,0.,0.));
#2451=DIRECTION('ref_axis',(0.,1.,0.));
#2452=DIRECTION('',(-1.,0.,0.));
#2453=DIRECTION('center_axis',(1.,0.,0.));
#2454=DIRECTION('ref_axis',(0.,1.,0.));
#2455=DIRECTION('center_axis',(-1.,0.,0.));
#2456=DIRECTION('ref_axis',(0.,1.,0.));
#2457=DIRECTION('',(-1.,0.,0.));
#2458=DIRECTION('center_axis',(1.,0.,0.));
#2459=DIRECTION('ref_axis',(0.,1.,0.));
#2460=DIRECTION('center_axis',(-1.,0.,0.));
#2461=DIRECTION('ref_axis',(0.,1.,0.));
#2462=DIRECTION('',(-1.,0.,0.));
#2463=DIRECTION('center_axis',(1.,0.,0.));
#2464=DIRECTION('ref_axis',(0.,1.,0.));
#2465=DIRECTION('center_axis',(0.,0.,-1.));
#2466=DIRECTION('ref_axis',(-1.,0.,0.));
#2467=DIRECTION('',(0.,0.,-1.));
#2468=DIRECTION('center_axis',(0.,0.,1.));
#2469=DIRECTION('ref_axis',(-1.,0.,0.));
#2470=DIRECTION('center_axis',(0.,0.,-1.));
#2471=DIRECTION('ref_axis',(-1.,0.,0.));
#2472=DIRECTION('',(0.,0.,-1.));
#2473=DIRECTION('center_axis',(0.,0.,1.));
#2474=DIRECTION('ref_axis',(-1.,0.,0.));
#2475=DIRECTION('center_axis',(0.,0.,-1.));
#2476=DIRECTION('ref_axis',(-1.,0.,0.));
#2477=DIRECTION('',(0.,0.,-1.));
#2478=DIRECTION('center_axis',(0.,0.,1.));
#2479=DIRECTION('ref_axis',(-1.,0.,0.));
#2480=DIRECTION('center_axis',(0.,0.,-1.));
#2481=DIRECTION('ref_axis',(-1.,0.,0.));
#2482=DIRECTION('',(0.,0.,-1.));
#2483=DIRECTION('center_axis',(0.,0.,1.));
#2484=DIRECTION('ref_axis',(-1.,0.,0.));
#2485=DIRECTION('center_axis',(0.,0.,-1.));
#2486=DIRECTION('ref_axis',(-1.,0.,0.));
#2487=DIRECTION('',(0.,0.,-1.));
#2488=DIRECTION('center_axis',(0.,0.,1.));
#2489=DIRECTION('ref_axis',(-1.,0.,0.));
#2490=DIRECTION('center_axis',(0.,0.,-1.));
#2491=DIRECTION('ref_axis',(-1.,0.,0.));
#2492=DIRECTION('',(0.,0.,-1.));
#2493=DIRECTION('center_axis',(0.,0.,1.));
#2494=DIRECTION('ref_axis',(-1.,0.,0.));
#2495=DIRECTION('center_axis',(0.,0.,-1.));
#2496=DIRECTION('ref_axis',(-1.,0.,0.));
#2497=DIRECTION('',(0.,0.,-1.));
#2498=DIRECTION('center_axis',(0.,0.,1.));
#2499=DIRECTION('ref_axis',(-1.,0.,0.));
#2500=DIRECTION('center_axis',(0.,0.,-1.));
#2501=DIRECTION('ref_axis',(-1.,0.,0.));
#2502=DIRECTION('',(0.,0.,-1.));
#2503=DIRECTION('center_axis',(0.,0.,1.));
#2504=DIRECTION('ref_axis',(-1.,0.,0.));
#2505=DIRECTION('center_axis',(0.,-1.,0.));
#2506=DIRECTION('ref_axis',(0.,0.,1.));
#2507=DIRECTION('',(0.,0.,1.));
#2508=DIRECTION('',(-1.,0.,0.));
#2509=DIRECTION('',(0.,0.,1.));
#2510=DIRECTION('',(-1.,0.,0.));
#2511=DIRECTION('center_axis',(0.,-0.607450107570797,-0.794357832977196));
#2512=DIRECTION('ref_axis',(0.,-0.794357832977196,0.607450107570797));
#2513=DIRECTION('',(0.,-0.794357832977196,0.607450107570797));
#2514=DIRECTION('',(-1.,0.,0.));
#2515=DIRECTION('',(0.,-0.794357832977196,0.607450107570797));
#2516=DIRECTION('center_axis',(0.,1.,0.));
#2517=DIRECTION('ref_axis',(0.,0.,-1.));
#2518=DIRECTION('',(0.,0.,-1.));
#2519=DIRECTION('',(-1.,0.,0.));
#2520=DIRECTION('',(0.,0.,-1.));
#2521=DIRECTION('center_axis',(0.,-0.707106781186548,0.707106781186547));
#2522=DIRECTION('ref_axis',(0.,0.707106781186547,0.707106781186548));
#2523=DIRECTION('',(0.,0.707106781186547,0.707106781186548));
#2524=DIRECTION('',(0.,0.707106781186547,0.707106781186548));
#2525=DIRECTION('center_axis',(-1.,0.,0.));
#2526=DIRECTION('ref_axis',(0.,0.,1.));
#2527=DIRECTION('center_axis',(0.,0.607450107570797,0.794357832977196));
#2528=DIRECTION('ref_axis',(0.,-0.794357832977196,0.607450107570797));
#2529=DIRECTION('',(1.,0.,0.));
#2530=DIRECTION('center_axis',(0.,0.707106781186548,0.707106781186547));
#2531=DIRECTION('ref_axis',(0.,0.707106781186547,-0.707106781186548));
#2532=DIRECTION('',(0.,0.707106781186547,-0.707106781186548));
#2533=DIRECTION('',(-1.,0.,0.));
#2534=DIRECTION('',(0.,0.707106781186547,-0.707106781186548));
#2535=DIRECTION('',(-1.,0.,0.));
#2536=DIRECTION('center_axis',(0.,-1.,0.));
#2537=DIRECTION('ref_axis',(0.,0.,1.));
#2538=DIRECTION('',(0.,0.,1.));
#2539=DIRECTION('',(-1.,0.,0.));
#2540=DIRECTION('',(0.,0.,1.));
#2541=DIRECTION('center_axis',(0.,0.607450107570797,-0.794357832977196));
#2542=DIRECTION('ref_axis',(0.,-0.794357832977196,-0.607450107570797));
#2543=DIRECTION('',(0.,-0.794357832977196,-0.607450107570797));
#2544=DIRECTION('',(-1.,0.,0.));
#2545=DIRECTION('',(0.,-0.794357832977196,-0.607450107570797));
#2546=DIRECTION('center_axis',(0.,1.,0.));
#2547=DIRECTION('ref_axis',(0.,0.,-1.));
#2548=DIRECTION('',(0.,0.,-1.));
#2549=DIRECTION('',(0.,0.,-1.));
#2550=DIRECTION('center_axis',(-1.,0.,0.));
#2551=DIRECTION('ref_axis',(0.,0.,1.));
#2552=DIRECTION('center_axis',(0.,-0.607450107570797,0.794357832977196));
#2553=DIRECTION('ref_axis',(0.,-0.794357832977196,-0.607450107570797));
#2554=DIRECTION('',(1.,0.,0.));
#2555=DIRECTION('center_axis',(0.,1.,0.));
#2556=DIRECTION('ref_axis',(0.,0.,1.));
#2557=DIRECTION('',(0.,0.,1.));
#2558=DIRECTION('',(1.,0.,0.));
#2559=DIRECTION('',(0.,0.,1.));
#2560=DIRECTION('',(1.,0.,0.));
#2561=DIRECTION('center_axis',(0.,0.607450107570797,-0.794357832977196));
#2562=DIRECTION('ref_axis',(0.,0.794357832977196,0.607450107570797));
#2563=DIRECTION('',(0.,0.794357832977196,0.607450107570797));
#2564=DIRECTION('',(1.,0.,0.));
#2565=DIRECTION('',(0.,0.794357832977196,0.607450107570797));
#2566=DIRECTION('center_axis',(0.,-1.,0.));
#2567=DIRECTION('ref_axis',(0.,0.,-1.));
#2568=DIRECTION('',(0.,0.,-1.));
#2569=DIRECTION('',(1.,0.,0.));
#2570=DIRECTION('',(0.,0.,-1.));
#2571=DIRECTION('center_axis',(0.,0.707106781186548,0.707106781186547));
#2572=DIRECTION('ref_axis',(0.,-0.707106781186547,0.707106781186548));
#2573=DIRECTION('',(0.,-0.707106781186547,0.707106781186548));
#2574=DIRECTION('',(0.,-0.707106781186547,0.707106781186548));
#2575=DIRECTION('center_axis',(1.,0.,0.));
#2576=DIRECTION('ref_axis',(0.,0.,-1.));
#2577=DIRECTION('center_axis',(0.,-1.,0.));
#2578=DIRECTION('ref_axis',(0.,0.,-1.));
#2579=DIRECTION('',(1.,0.,0.));
#2580=DIRECTION('',(1.,0.,0.));
#2581=DIRECTION('center_axis',(0.,1.,0.));
#2582=DIRECTION('ref_axis',(0.,0.,1.));
#2583=DIRECTION('',(0.,0.,-1.));
#2584=DIRECTION('',(1.,0.,0.));
#2585=DIRECTION('',(0.,0.,1.));
#2586=DIRECTION('',(1.,0.,0.));
#2587=DIRECTION('center_axis',(0.,0.707106781186548,-0.707106781186548));
#2588=DIRECTION('ref_axis',(0.,0.707106781186548,0.707106781186548));
#2589=DIRECTION('',(0.,-0.707106781186547,-0.707106781186547));
#2590=DIRECTION('',(0.,0.707106781186547,0.707106781186547));
#2591=DIRECTION('',(1.,0.,0.));
#2592=DIRECTION('center_axis',(0.,-1.,0.));
#2593=DIRECTION('ref_axis',(0.,0.,-1.));
#2594=DIRECTION('',(1.,0.,0.));
#2595=DIRECTION('center_axis',(0.,-0.707106781186548,-0.707106781186547));
#2596=DIRECTION('ref_axis',(0.,0.707106781186547,-0.707106781186548));
#2597=DIRECTION('center_axis',(0.,0.707106781186548,0.707106781186548));
#2598=DIRECTION('ref_axis',(0.,-0.707106781186548,0.707106781186548));
#2599=DIRECTION('',(0.,0.707106781186547,-0.707106781186547));
#2600=DIRECTION('',(-1.,0.,0.));
#2601=DIRECTION('',(-1.,0.,0.));
#2602=DIRECTION('',(0.,-0.707106781186547,0.707106781186547));
#2603=DIRECTION('center_axis',(0.,-1.,0.));
#2604=DIRECTION('ref_axis',(0.,0.,-1.));
#2605=DIRECTION('',(0.,0.,-1.));
#2606=DIRECTION('',(1.,0.,0.));
#2607=DIRECTION('',(0.,0.,-1.));
#2608=DIRECTION('',(1.,0.,0.));
#2609=DIRECTION('center_axis',(0.,-0.707106781186548,0.707106781186547));
#2610=DIRECTION('ref_axis',(0.,-0.707106781186547,-0.707106781186548));
#2611=DIRECTION('',(0.,-0.707106781186547,-0.707106781186548));
#2612=DIRECTION('',(1.,0.,0.));
#2613=DIRECTION('',(0.,-0.707106781186547,-0.707106781186548));
#2614=DIRECTION('center_axis',(0.,1.,0.));
#2615=DIRECTION('ref_axis',(0.,0.,1.));
#2616=DIRECTION('',(0.,0.,1.));
#2617=DIRECTION('',(1.,0.,0.));
#2618=DIRECTION('',(0.,0.,1.));
#2619=DIRECTION('center_axis',(0.,-0.607450107570797,-0.794357832977196));
#2620=DIRECTION('ref_axis',(0.,0.794357832977196,-0.607450107570797));
#2621=DIRECTION('',(0.,0.794357832977196,-0.607450107570797));
#2622=DIRECTION('',(0.,0.794357832977196,-0.607450107570797));
#2623=DIRECTION('center_axis',(1.,0.,0.));
#2624=DIRECTION('ref_axis',(0.,0.,-1.));
#2625=DIRECTION('center_axis',(0.,0.707106781186548,-0.707106781186547));
#2626=DIRECTION('ref_axis',(0.,0.707106781186547,0.707106781186548));
#2627=DIRECTION('',(1.,0.,0.));
#2628=DIRECTION('center_axis',(0.,1.,0.));
#2629=DIRECTION('ref_axis',(0.,0.,1.));
#2630=DIRECTION('center_axis',(0.,-0.707106781186548,-0.707106781186548));
#2631=DIRECTION('ref_axis',(0.,0.707106781186548,-0.707106781186548));
#2632=DIRECTION('',(0.,0.707106781186547,-0.707106781186547));
#2633=DIRECTION('',(-1.,0.,0.));
#2634=DIRECTION('',(0.,0.707106781186547,-0.707106781186547));
#2635=DIRECTION('',(1.,0.,0.));
#2636=DIRECTION('center_axis',(0.,-1.,0.));
#2637=DIRECTION('ref_axis',(0.,0.,-1.));
#2638=DIRECTION('',(0.,0.,-1.));
#2639=DIRECTION('',(0.,0.,-1.));
#2640=DIRECTION('',(1.,0.,0.));
#2641=DIRECTION('center_axis',(0.,-0.707106781186548,0.707106781186548));
#2642=DIRECTION('ref_axis',(0.,-0.707106781186548,-0.707106781186548));
#2643=DIRECTION('',(0.,-0.707106781186547,-0.707106781186547));
#2644=DIRECTION('',(0.,-0.707106781186547,-0.707106781186547));
#2645=DIRECTION('',(1.,0.,0.));
#2646=DIRECTION('',(1.,0.,0.));
#2647=DIRECTION('center_axis',(1.,0.,0.));
#2648=DIRECTION('ref_axis',(0.,1.,0.));
#2649=DIRECTION('',(0.,1.,0.));
#2650=DIRECTION('',(0.,-1.,0.));
#2651=DIRECTION('center_axis',(0.,0.,1.));
#2652=DIRECTION('ref_axis',(1.,0.,0.));
#2653=DIRECTION('center_axis',(-1.,0.,0.));
#2654=DIRECTION('ref_axis',(0.,-1.,0.));
#2655=DIRECTION('',(0.,1.,0.));
#2656=DIRECTION('',(0.,-1.,0.));
#2657=DIRECTION('center_axis',(0.,0.,1.));
#2658=DIRECTION('ref_axis',(1.,0.,0.));
#2659=DIRECTION('center_axis',(0.,0.,1.));
#2660=DIRECTION('ref_axis',(1.,0.,0.));
#2661=CARTESIAN_POINT('',(0.,0.,0.));
#2662=CARTESIAN_POINT('Origin',(33.,90.,50.));
#2663=CARTESIAN_POINT('',(34.75,90.,50.));
#2664=CARTESIAN_POINT('Origin',(33.,90.,50.));
#2665=CARTESIAN_POINT('',(34.75,88.5,48.5));
#2666=CARTESIAN_POINT('',(34.75,90.,50.));
#2667=CARTESIAN_POINT('Origin',(33.,88.5,48.5));
#2668=CARTESIAN_POINT('Origin',(-33.,90.,50.));
#2669=CARTESIAN_POINT('',(-31.25,90.,50.));
#2670=CARTESIAN_POINT('Origin',(-33.,90.,50.));
#2671=CARTESIAN_POINT('',(-31.25,88.5,48.5));
#2672=CARTESIAN_POINT('',(-31.25,90.,50.));
#2673=CARTESIAN_POINT('Origin',(-33.,88.5,48.5));
#2674=CARTESIAN_POINT('Origin',(-35.5,-100.,32.625));
#2675=CARTESIAN_POINT('',(-37.25,-100.,32.625));
#2676=CARTESIAN_POINT('Origin',(-35.5,-100.,32.625));
#2677=CARTESIAN_POINT('',(-37.25,-97.,32.625));
#2678=CARTESIAN_POINT('',(-37.25,-100.,32.625));
#2679=CARTESIAN_POINT('Origin',(-35.5,-97.,32.625));
#2680=CARTESIAN_POINT('Origin',(-39.75,-100.,29.75));
#2681=CARTESIAN_POINT('',(-39.75,-100.,29.75));
#2682=CARTESIAN_POINT('',(-39.75,-100.,25.));
#2683=CARTESIAN_POINT('',(-39.75,-100.,34.875));
#2684=CARTESIAN_POINT('',(-39.75,-97.,29.75));
#2685=CARTESIAN_POINT('',(-39.75,-100.,29.75));
#2686=CARTESIAN_POINT('',(-39.75,-97.,25.));
#2687=CARTESIAN_POINT('',(-39.75,-97.,24.875));
#2688=CARTESIAN_POINT('',(-39.75,-100.,25.));
#2689=CARTESIAN_POINT('Origin',(-42.25,-100.,29.75));
#2690=CARTESIAN_POINT('',(-42.25,-100.,32.25));
#2691=CARTESIAN_POINT('Origin',(-42.25,-100.,29.75));
#2692=CARTESIAN_POINT('',(-42.25,-97.,32.25));
#2693=CARTESIAN_POINT('',(-42.25,-100.,32.25));
#2694=CARTESIAN_POINT('Origin',(-42.25,-97.,29.75));
#2695=CARTESIAN_POINT('Origin',(-54.75,-100.,32.25));
#2696=CARTESIAN_POINT('',(-54.75,-100.,32.25));
#2697=CARTESIAN_POINT('',(-67.375,-100.,32.25));
#2698=CARTESIAN_POINT('',(-54.75,-97.,32.25));
#2699=CARTESIAN_POINT('',(-54.75,-100.,32.25));
#2700=CARTESIAN_POINT('',(-67.375,-97.,32.25));
#2701=CARTESIAN_POINT('Origin',(-54.75,-100.,29.75));
#2702=CARTESIAN_POINT('',(-57.25,-100.,29.75));
#2703=CARTESIAN_POINT('Origin',(-54.75,-100.,29.75));
#2704=CARTESIAN_POINT('',(-57.25,-97.,29.75));
#2705=CARTESIAN_POINT('',(-57.25,-100.,29.75));
#2706=CARTESIAN_POINT('Origin',(-54.75,-97.,29.75));
#2707=CARTESIAN_POINT('Origin',(-57.25,-100.,25.));
#2708=CARTESIAN_POINT('',(-57.25,-100.,25.));
#2709=CARTESIAN_POINT('',(-57.25,-100.,32.5));
#2710=CARTESIAN_POINT('',(-57.25,-97.,25.));
#2711=CARTESIAN_POINT('',(-57.25,-100.,25.));
#2712=CARTESIAN_POINT('',(-57.25,-97.,22.5));
#2713=CARTESIAN_POINT('Origin',(-54.75,-100.,25.));
#2714=CARTESIAN_POINT('',(-54.75,-100.,22.5));
#2715=CARTESIAN_POINT('Origin',(-54.75,-100.,25.));
#2716=CARTESIAN_POINT('',(-54.75,-97.,22.5));
#2717=CARTESIAN_POINT('',(-54.75,-100.,22.5));
#2718=CARTESIAN_POINT('Origin',(-54.75,-97.,25.));
#2719=CARTESIAN_POINT('Origin',(-42.25,-100.,22.5));
#2720=CARTESIAN_POINT('',(-42.25,-100.,22.5));
#2721=CARTESIAN_POINT('',(-61.125,-100.,22.5));
#2722=CARTESIAN_POINT('',(-42.25,-97.,22.5));
#2723=CARTESIAN_POINT('',(-42.25,-100.,22.5));
#2724=CARTESIAN_POINT('',(-61.125,-97.,22.5));
#2725=CARTESIAN_POINT('Origin',(-42.25,-100.,25.));
#2726=CARTESIAN_POINT('Origin',(-42.25,-100.,25.));
#2727=CARTESIAN_POINT('Origin',(-42.25,-97.,25.));
#2728=CARTESIAN_POINT('Origin',(-61.5,-100.,32.625));
#2729=CARTESIAN_POINT('',(-63.25,-100.,32.625));
#2730=CARTESIAN_POINT('Origin',(-61.5,-100.,32.625));
#2731=CARTESIAN_POINT('',(-63.25,-97.,32.625));
#2732=CARTESIAN_POINT('',(-63.25,-100.,32.625));
#2733=CARTESIAN_POINT('Origin',(-61.5,-97.,32.625));
#2734=CARTESIAN_POINT('Origin',(-73.,76.,57.5));
#2735=CARTESIAN_POINT('',(-70.4,76.,58.));
#2736=CARTESIAN_POINT('Origin',(-73.,76.,58.));
#2737=CARTESIAN_POINT('',(-70.9,76.,57.5));
#2738=CARTESIAN_POINT('Origin',(-70.4,76.,57.5));
#2739=CARTESIAN_POINT('Origin',(-73.,76.,57.5));
#2740=CARTESIAN_POINT('Origin',(-73.,76.,58.));
#2741=CARTESIAN_POINT('',(-70.9,76.,50.));
#2742=CARTESIAN_POINT('',(-70.9,76.,58.));
#2743=CARTESIAN_POINT('Origin',(-73.,76.,50.));
#2744=CARTESIAN_POINT('Origin',(-77.,70.,58.));
#2745=CARTESIAN_POINT('',(-77.,70.,58.));
#2746=CARTESIAN_POINT('',(-77.,80.,58.));
#2747=CARTESIAN_POINT('',(-77.,-5.,58.));
#2748=CARTESIAN_POINT('',(-68.,70.,58.));
#2749=CARTESIAN_POINT('',(-77.,70.,58.));
#2750=CARTESIAN_POINT('',(-68.,80.,58.));
#2751=CARTESIAN_POINT('',(-68.,80.,58.));
#2752=CARTESIAN_POINT('',(-78.5,80.,58.));
#2753=CARTESIAN_POINT('Origin',(73.,76.,57.5));
#2754=CARTESIAN_POINT('',(75.6,76.,58.));
#2755=CARTESIAN_POINT('Origin',(73.,76.,58.));
#2756=CARTESIAN_POINT('',(75.1,76.,57.5));
#2757=CARTESIAN_POINT('Origin',(75.6,76.,57.5));
#2758=CARTESIAN_POINT('Origin',(73.,76.,57.5));
#2759=CARTESIAN_POINT('Origin',(73.,76.,58.));
#2760=CARTESIAN_POINT('',(75.1,76.,50.));
#2761=CARTESIAN_POINT('',(75.1,76.,58.));
#2762=CARTESIAN_POINT('Origin',(73.,76.,50.));
#2763=CARTESIAN_POINT('Origin',(77.,70.,58.));
#2764=CARTESIAN_POINT('',(77.,80.,58.));
#2765=CARTESIAN_POINT('',(77.,70.,58.));
#2766=CARTESIAN_POINT('',(77.,75.,58.));
#2767=CARTESIAN_POINT('',(68.,80.,58.));
#2768=CARTESIAN_POINT('',(-1.5,80.,58.));
#2769=CARTESIAN_POINT('',(68.,70.,58.));
#2770=CARTESIAN_POINT('',(68.,80.,58.));
#2771=CARTESIAN_POINT('',(77.,70.,58.));
#2772=CARTESIAN_POINT('Origin',(73.,-76.,57.5));
#2773=CARTESIAN_POINT('',(75.6,-76.,58.));
#2774=CARTESIAN_POINT('Origin',(73.,-76.,58.));
#2775=CARTESIAN_POINT('',(75.1,-76.,57.5));
#2776=CARTESIAN_POINT('Origin',(75.6,-76.,57.5));
#2777=CARTESIAN_POINT('Origin',(73.,-76.,57.5));
#2778=CARTESIAN_POINT('Origin',(73.,-76.,58.));
#2779=CARTESIAN_POINT('',(75.1,-76.,50.));
#2780=CARTESIAN_POINT('',(75.1,-76.,58.));
#2781=CARTESIAN_POINT('Origin',(73.,-76.,50.));
#2782=CARTESIAN_POINT('Origin',(72.5,-60.,58.));
#2783=CARTESIAN_POINT('',(68.,-40.,58.));
#2784=CARTESIAN_POINT('',(77.,-40.,58.));
#2785=CARTESIAN_POINT('',(68.,-40.,58.));
#2786=CARTESIAN_POINT('',(68.,-80.,58.));
#2787=CARTESIAN_POINT('',(68.,-80.,58.));
#2788=CARTESIAN_POINT('',(77.,-80.,58.));
#2789=CARTESIAN_POINT('',(-3.75,-80.,58.));
#2790=CARTESIAN_POINT('',(77.,10.,58.));
#2791=CARTESIAN_POINT('Origin',(-73.,-76.,57.5));
#2792=CARTESIAN_POINT('',(-70.4,-76.,58.));
#2793=CARTESIAN_POINT('Origin',(-73.,-76.,58.));
#2794=CARTESIAN_POINT('',(-70.9,-76.,57.5));
#2795=CARTESIAN_POINT('Origin',(-70.4,-76.,57.5));
#2796=CARTESIAN_POINT('Origin',(-73.,-76.,57.5));
#2797=CARTESIAN_POINT('Origin',(-73.,-76.,58.));
#2798=CARTESIAN_POINT('',(-70.9,-76.,50.));
#2799=CARTESIAN_POINT('',(-70.9,-76.,58.));
#2800=CARTESIAN_POINT('Origin',(-73.,-76.,50.));
#2801=CARTESIAN_POINT('Origin',(-72.5,-60.,58.));
#2802=CARTESIAN_POINT('',(-68.,-40.,58.));
#2803=CARTESIAN_POINT('',(-77.,-40.,58.));
#2804=CARTESIAN_POINT('',(-68.,-40.,58.));
#2805=CARTESIAN_POINT('',(-77.,-80.,58.));
#2806=CARTESIAN_POINT('',(-77.,-70.,58.));
#2807=CARTESIAN_POINT('',(-68.,-80.,58.));
#2808=CARTESIAN_POINT('',(-76.25,-80.,58.));
#2809=CARTESIAN_POINT('',(-68.,-80.,58.));
#2810=CARTESIAN_POINT('Origin',(-73.,-76.,50.));
#2811=CARTESIAN_POINT('Origin',(-73.,76.,50.));
#2812=CARTESIAN_POINT('Origin',(73.,-76.,50.));
#2813=CARTESIAN_POINT('Origin',(73.,76.,50.));
#2814=CARTESIAN_POINT('Origin',(-77.,80.,58.));
#2815=CARTESIAN_POINT('',(-77.,80.,57.));
#2816=CARTESIAN_POINT('',(-68.,80.,57.));
#2817=CARTESIAN_POINT('',(-80.,80.,57.));
#2818=CARTESIAN_POINT('',(-68.,80.,48.));
#2819=CARTESIAN_POINT('',(-68.,80.,48.));
#2820=CARTESIAN_POINT('',(-77.,80.,48.));
#2821=CARTESIAN_POINT('',(-77.,80.,48.));
#2822=CARTESIAN_POINT('',(-77.,80.,29.));
#2823=CARTESIAN_POINT('Origin',(-77.,70.,48.));
#2824=CARTESIAN_POINT('',(-77.,70.,48.));
#2825=CARTESIAN_POINT('',(-77.,70.,24.));
#2826=CARTESIAN_POINT('',(-68.,70.,48.));
#2827=CARTESIAN_POINT('',(-77.,70.,48.));
#2828=CARTESIAN_POINT('',(-68.,70.,58.));
#2829=CARTESIAN_POINT('Origin',(-77.,80.,48.));
#2830=CARTESIAN_POINT('',(-77.,0.,48.));
#2831=CARTESIAN_POINT('',(-68.,70.,48.));
#2832=CARTESIAN_POINT('Origin',(-68.,75.,53.));
#2833=CARTESIAN_POINT('',(-68.,80.,56.5));
#2834=CARTESIAN_POINT('Origin',(-77.,-80.,0.));
#2835=CARTESIAN_POINT('',(-77.,80.,60.));
#2836=CARTESIAN_POINT('',(-77.,80.,0.));
#2837=CARTESIAN_POINT('',(-77.,-80.,60.));
#2838=CARTESIAN_POINT('',(-77.,80.,60.));
#2839=CARTESIAN_POINT('',(-77.,-80.,0.));
#2840=CARTESIAN_POINT('',(-77.,-40.,7.));
#2841=CARTESIAN_POINT('',(-77.,-40.,3.5));
#2842=CARTESIAN_POINT('',(-77.,80.,7.));
#2843=CARTESIAN_POINT('',(-77.,80.,7.));
#2844=CARTESIAN_POINT('',(-77.,97.,20.));
#2845=CARTESIAN_POINT('',(-77.,97.2134279475982,20.1632096069869));
#2846=CARTESIAN_POINT('',(-77.,97.,40.));
#2847=CARTESIAN_POINT('',(-77.,97.,36.));
#2848=CARTESIAN_POINT('',(-77.,88.375,48.625));
#2849=CARTESIAN_POINT('',(-77.,58.15,42.175));
#2850=CARTESIAN_POINT('Origin',(-77.,60.,42.175));
#2851=CARTESIAN_POINT('',(-77.,53.825,26.5));
#2852=CARTESIAN_POINT('Origin',(-77.,60.,26.5));
#2853=CARTESIAN_POINT('',(-77.,58.15,10.825));
#2854=CARTESIAN_POINT('Origin',(-77.,60.,10.825));
#2855=CARTESIAN_POINT('Origin',(77.,80.,58.));
#2856=CARTESIAN_POINT('',(68.,80.,57.));
#2857=CARTESIAN_POINT('',(77.,80.,57.));
#2858=CARTESIAN_POINT('',(-80.,80.,57.));
#2859=CARTESIAN_POINT('',(77.,80.,48.));
#2860=CARTESIAN_POINT('',(77.,80.,29.));
#2861=CARTESIAN_POINT('',(68.,80.,48.));
#2862=CARTESIAN_POINT('',(77.,80.,48.));
#2863=CARTESIAN_POINT('',(68.,80.,48.));
#2864=CARTESIAN_POINT('Origin',(77.,70.,48.));
#2865=CARTESIAN_POINT('',(77.,70.,48.));
#2866=CARTESIAN_POINT('',(77.,70.,24.));
#2867=CARTESIAN_POINT('',(68.,70.,48.));
#2868=CARTESIAN_POINT('',(68.,70.,58.));
#2869=CARTESIAN_POINT('',(77.,70.,48.));
#2870=CARTESIAN_POINT('Origin',(77.,80.,48.));
#2871=CARTESIAN_POINT('',(77.,80.,48.));
#2872=CARTESIAN_POINT('',(68.,70.,48.));
#2873=CARTESIAN_POINT('Origin',(68.,75.,53.));
#2874=CARTESIAN_POINT('',(68.,80.,56.5));
#2875=CARTESIAN_POINT('Origin',(77.,80.,0.));
#2876=CARTESIAN_POINT('',(77.,97.,40.));
#2877=CARTESIAN_POINT('',(77.,88.375,48.625));
#2878=CARTESIAN_POINT('',(77.,97.,20.));
#2879=CARTESIAN_POINT('',(77.,97.,36.));
#2880=CARTESIAN_POINT('',(77.,80.,7.));
#2881=CARTESIAN_POINT('',(77.,97.2134279475982,20.1632096069869));
#2882=CARTESIAN_POINT('',(77.,-40.,7.));
#2883=CARTESIAN_POINT('',(77.,80.,7.));
#2884=CARTESIAN_POINT('',(77.,-40.,3.5));
#2885=CARTESIAN_POINT('',(77.,-80.,60.));
#2886=CARTESIAN_POINT('',(77.,-80.,0.));
#2887=CARTESIAN_POINT('',(77.,80.,60.));
#2888=CARTESIAN_POINT('',(77.,80.,60.));
#2889=CARTESIAN_POINT('',(77.,80.,0.));
#2890=CARTESIAN_POINT('',(77.,53.825,26.5));
#2891=CARTESIAN_POINT('Origin',(77.,60.,26.5));
#2892=CARTESIAN_POINT('',(77.,58.15,42.175));
#2893=CARTESIAN_POINT('Origin',(77.,60.,42.175));
#2894=CARTESIAN_POINT('',(77.,58.15,10.825));
#2895=CARTESIAN_POINT('Origin',(77.,60.,10.825));
#2896=CARTESIAN_POINT('Origin',(80.,-60.,26.5));
#2897=CARTESIAN_POINT('',(80.,-56.8,26.5));
#2898=CARTESIAN_POINT('Origin',(80.,-60.,26.5));
#2899=CARTESIAN_POINT('',(70.,-56.8,26.5));
#2900=CARTESIAN_POINT('',(80.,-56.8,26.5));
#2901=CARTESIAN_POINT('Origin',(70.,-60.,26.5));
#2902=CARTESIAN_POINT('Origin',(70.,-60.,26.5));
#2903=CARTESIAN_POINT('Origin',(-80.,-60.,26.5));
#2904=CARTESIAN_POINT('',(-80.,-56.8,26.5));
#2905=CARTESIAN_POINT('Origin',(-80.,-60.,26.5));
#2906=CARTESIAN_POINT('',(-70.,-56.8,26.5));
#2907=CARTESIAN_POINT('',(-80.,-56.8,26.5));
#2908=CARTESIAN_POINT('Origin',(-70.,-60.,26.5));
#2909=CARTESIAN_POINT('Origin',(-70.,-60.,26.5));
#2910=CARTESIAN_POINT('Origin',(68.,-80.,7.));
#2911=CARTESIAN_POINT('',(68.,-80.,7.));
#2912=CARTESIAN_POINT('',(68.,-40.,7.));
#2913=CARTESIAN_POINT('',(68.,-40.,7.));
#2914=CARTESIAN_POINT('',(68.,-80.,57.));
#2915=CARTESIAN_POINT('',(68.,-80.,7.));
#2916=CARTESIAN_POINT('',(68.,-80.,32.));
#2917=CARTESIAN_POINT('',(68.,-40.,7.));
#2918=CARTESIAN_POINT('Origin',(77.,-80.,7.));
#2919=CARTESIAN_POINT('',(77.,-80.,57.));
#2920=CARTESIAN_POINT('',(-80.,-80.,57.));
#2921=CARTESIAN_POINT('',(77.,-80.,7.));
#2922=CARTESIAN_POINT('',(80.,-80.,7.));
#2923=CARTESIAN_POINT('',(77.,-80.,3.5));
#2924=CARTESIAN_POINT('Origin',(68.,-40.,7.));
#2925=CARTESIAN_POINT('',(34.,-40.,7.));
#2926=CARTESIAN_POINT('Origin',(-80.,-80.,57.));
#2927=CARTESIAN_POINT('',(-68.,-80.,57.));
#2928=CARTESIAN_POINT('',(-80.,-80.,57.));
#2929=CARTESIAN_POINT('',(-68.,-80.,32.));
#2930=CARTESIAN_POINT('',(-80.,-80.,60.));
#2931=CARTESIAN_POINT('Origin',(77.,80.,0.));
#2932=CARTESIAN_POINT('',(77.,-97.,20.));
#2933=CARTESIAN_POINT('',(77.,-88.7134279475983,13.6632096069869));
#2934=CARTESIAN_POINT('',(77.,-97.,40.));
#2935=CARTESIAN_POINT('',(77.,-97.,26.));
#2936=CARTESIAN_POINT('',(77.,-96.875,40.125));
#2937=CARTESIAN_POINT('Origin',(-77.,-80.,7.));
#2938=CARTESIAN_POINT('',(-77.,-80.,57.));
#2939=CARTESIAN_POINT('',(-80.,-80.,57.));
#2940=CARTESIAN_POINT('',(-77.,-80.,7.));
#2941=CARTESIAN_POINT('',(-77.,-80.,3.5));
#2942=CARTESIAN_POINT('',(-68.,-80.,7.));
#2943=CARTESIAN_POINT('',(80.,-80.,7.));
#2944=CARTESIAN_POINT('',(-68.,-80.,7.));
#2945=CARTESIAN_POINT('Origin',(-68.,-80.,7.));
#2946=CARTESIAN_POINT('',(-68.,-40.,7.));
#2947=CARTESIAN_POINT('',(-68.,-40.,7.));
#2948=CARTESIAN_POINT('',(-68.,-40.,7.));
#2949=CARTESIAN_POINT('Origin',(-68.,-40.,7.));
#2950=CARTESIAN_POINT('',(-34.,-40.,7.));
#2951=CARTESIAN_POINT('Origin',(-77.,-80.,0.));
#2952=CARTESIAN_POINT('',(-77.,-97.,40.));
#2953=CARTESIAN_POINT('',(-77.,-96.875,40.125));
#2954=CARTESIAN_POINT('',(-77.,-97.,20.));
#2955=CARTESIAN_POINT('',(-77.,-97.,26.));
#2956=CARTESIAN_POINT('',(-77.,-88.7134279475983,13.6632096069869));
#2957=CARTESIAN_POINT('Origin',(0.,0.,7.));
#2958=CARTESIAN_POINT('',(-80.,80.,7.));
#2959=CARTESIAN_POINT('',(80.,-80.,7.));
#2960=CARTESIAN_POINT('',(-3.985,-8.485,6.99999999999998));
#2961=CARTESIAN_POINT('Origin',(-6.085,-8.485,7.));
#2962=CARTESIAN_POINT('',(31.1,-77.6,7.));
#2963=CARTESIAN_POINT('Origin',(29.,-77.6,7.));
#2964=CARTESIAN_POINT('',(-26.9,-28.6,7.));
#2965=CARTESIAN_POINT('Origin',(-29.,-28.6,7.));
#2966=CARTESIAN_POINT('',(33.485,-8.485,6.99999999999998));
#2967=CARTESIAN_POINT('Origin',(31.385,-8.485,7.));
#2968=CARTESIAN_POINT('',(-3.985,8.485,7.00000000000002));
#2969=CARTESIAN_POINT('Origin',(-6.085,8.485,7.));
#2970=CARTESIAN_POINT('',(-26.9,-77.6,7.));
#2971=CARTESIAN_POINT('Origin',(-29.,-77.6,7.));
#2972=CARTESIAN_POINT('',(31.1,-28.6,7.));
#2973=CARTESIAN_POINT('Origin',(29.,-28.6,7.));
#2974=CARTESIAN_POINT('',(33.485,8.485,6.99999999999998));
#2975=CARTESIAN_POINT('Origin',(31.385,8.485,7.));
#2976=CARTESIAN_POINT('Origin',(77.,60.,10.825));
#2977=CARTESIAN_POINT('',(80.,58.15,10.825));
#2978=CARTESIAN_POINT('',(77.,58.15,10.825));
#2979=CARTESIAN_POINT('Origin',(80.,60.,10.825));
#2980=CARTESIAN_POINT('Origin',(77.,60.,42.175));
#2981=CARTESIAN_POINT('',(80.,58.15,42.175));
#2982=CARTESIAN_POINT('',(77.,58.15,42.175));
#2983=CARTESIAN_POINT('Origin',(80.,60.,42.175));
#2984=CARTESIAN_POINT('Origin',(77.,60.,26.5));
#2985=CARTESIAN_POINT('',(80.,53.825,26.5));
#2986=CARTESIAN_POINT('',(77.,53.825,26.5));
#2987=CARTESIAN_POINT('Origin',(80.,60.,26.5));
#2988=CARTESIAN_POINT('Origin',(-77.,60.,42.175));
#2989=CARTESIAN_POINT('',(-80.,58.15,42.175));
#2990=CARTESIAN_POINT('',(-77.,58.15,42.175));
#2991=CARTESIAN_POINT('Origin',(-80.,60.,42.175));
#2992=CARTESIAN_POINT('Origin',(-77.,60.,26.5));
#2993=CARTESIAN_POINT('',(-80.,53.825,26.5));
#2994=CARTESIAN_POINT('',(-77.,53.825,26.5));
#2995=CARTESIAN_POINT('Origin',(-80.,60.,26.5));
#2996=CARTESIAN_POINT('Origin',(-77.,60.,10.825));
#2997=CARTESIAN_POINT('',(-80.,58.15,10.825));
#2998=CARTESIAN_POINT('',(-77.,58.15,10.825));
#2999=CARTESIAN_POINT('Origin',(-80.,60.,10.825));
#3000=CARTESIAN_POINT('Origin',(31.385,8.485,6.99999999999998));
#3001=CARTESIAN_POINT('',(33.485,8.485,-1.66533453693773E-14));
#3002=CARTESIAN_POINT('',(33.485,8.485,6.99999999999998));
#3003=CARTESIAN_POINT('Origin',(31.385,8.485,0.));
#3004=CARTESIAN_POINT('Origin',(29.,-28.6,7.));
#3005=CARTESIAN_POINT('',(31.1,-28.6,0.));
#3006=CARTESIAN_POINT('',(31.1,-28.6,7.));
#3007=CARTESIAN_POINT('Origin',(29.,-28.6,0.));
#3008=CARTESIAN_POINT('Origin',(-29.,-77.6,7.));
#3009=CARTESIAN_POINT('',(-26.9,-77.6,0.));
#3010=CARTESIAN_POINT('',(-26.9,-77.6,7.));
#3011=CARTESIAN_POINT('Origin',(-29.,-77.6,0.));
#3012=CARTESIAN_POINT('Origin',(-6.085,8.485,7.00000000000002));
#3013=CARTESIAN_POINT('',(-3.985,8.485,1.88737914186277E-14));
#3014=CARTESIAN_POINT('',(-3.985,8.485,7.00000000000002));
#3015=CARTESIAN_POINT('Origin',(-6.085,8.485,0.));
#3016=CARTESIAN_POINT('Origin',(31.385,-8.485,6.99999999999998));
#3017=CARTESIAN_POINT('',(33.485,-8.485,-1.66533453693773E-14));
#3018=CARTESIAN_POINT('',(33.485,-8.485,6.99999999999998));
#3019=CARTESIAN_POINT('Origin',(31.385,-8.485,0.));
#3020=CARTESIAN_POINT('Origin',(-29.,-28.6,7.));
#3021=CARTESIAN_POINT('',(-26.9,-28.6,0.));
#3022=CARTESIAN_POINT('',(-26.9,-28.6,7.));
#3023=CARTESIAN_POINT('Origin',(-29.,-28.6,0.));
#3024=CARTESIAN_POINT('Origin',(29.,-77.6,7.));
#3025=CARTESIAN_POINT('',(31.1,-77.6,0.));
#3026=CARTESIAN_POINT('',(31.1,-77.6,7.));
#3027=CARTESIAN_POINT('Origin',(29.,-77.6,0.));
#3028=CARTESIAN_POINT('Origin',(-6.085,-8.485,6.99999999999998));
#3029=CARTESIAN_POINT('',(-3.985,-8.485,-1.66533453693773E-14));
#3030=CARTESIAN_POINT('',(-3.985,-8.485,6.99999999999998));
#3031=CARTESIAN_POINT('Origin',(-6.085,-8.485,0.));
#3032=CARTESIAN_POINT('Origin',(80.,-97.,20.));
#3033=CARTESIAN_POINT('',(80.,-97.,20.));
#3034=CARTESIAN_POINT('',(80.,-97.,40.));
#3035=CARTESIAN_POINT('',(80.,-97.,10.));
#3036=CARTESIAN_POINT('',(79.,-97.,20.));
#3037=CARTESIAN_POINT('',(80.,-97.,20.));
#3038=CARTESIAN_POINT('',(79.,-97.,40.));
#3039=CARTESIAN_POINT('',(79.,-97.,20.));
#3040=CARTESIAN_POINT('',(80.,-97.,40.));
#3041=CARTESIAN_POINT('Origin',(80.,-80.,7.));
#3042=CARTESIAN_POINT('',(80.,-80.,7.));
#3043=CARTESIAN_POINT('',(80.,-78.311135371179,5.7085152838428));
#3044=CARTESIAN_POINT('',(79.,-80.,7.));
#3045=CARTESIAN_POINT('',(80.,-80.,7.));
#3046=CARTESIAN_POINT('',(79.,-80.,7.));
#3047=CARTESIAN_POINT('Origin',(80.,-80.,57.));
#3048=CARTESIAN_POINT('',(80.,-80.,57.));
#3049=CARTESIAN_POINT('',(80.,-80.,28.5));
#3050=CARTESIAN_POINT('',(79.,-80.,57.));
#3051=CARTESIAN_POINT('',(80.,-80.,57.));
#3052=CARTESIAN_POINT('',(79.,-80.,57.));
#3053=CARTESIAN_POINT('Origin',(80.,-97.,40.));
#3054=CARTESIAN_POINT('',(80.,-102.75,34.25));
#3055=CARTESIAN_POINT('',(79.,-97.,40.));
#3056=CARTESIAN_POINT('Origin',(79.,-88.5,32.));
#3057=CARTESIAN_POINT('Origin',(-80.,-80.,7.));
#3058=CARTESIAN_POINT('',(-80.,-97.,20.));
#3059=CARTESIAN_POINT('Origin',(80.,80.,57.));
#3060=CARTESIAN_POINT('',(80.,80.,57.));
#3061=CARTESIAN_POINT('',(80.,97.,40.));
#3062=CARTESIAN_POINT('',(80.,54.25,82.75));
#3063=CARTESIAN_POINT('',(79.,80.,57.));
#3064=CARTESIAN_POINT('',(80.,80.,57.));
#3065=CARTESIAN_POINT('',(79.,97.,40.));
#3066=CARTESIAN_POINT('',(79.,80.,57.));
#3067=CARTESIAN_POINT('',(80.,97.,40.));
#3068=CARTESIAN_POINT('Origin',(80.,80.,7.));
#3069=CARTESIAN_POINT('',(80.,80.,7.));
#3070=CARTESIAN_POINT('',(80.,80.,3.5));
#3071=CARTESIAN_POINT('',(79.,80.,7.));
#3072=CARTESIAN_POINT('',(80.,80.,7.));
#3073=CARTESIAN_POINT('',(79.,80.,7.));
#3074=CARTESIAN_POINT('Origin',(80.,97.,20.));
#3075=CARTESIAN_POINT('',(80.,97.,20.));
#3076=CARTESIAN_POINT('',(80.,36.3307860262009,-26.3941048034935));
#3077=CARTESIAN_POINT('',(79.,97.,20.));
#3078=CARTESIAN_POINT('',(80.,97.,20.));
#3079=CARTESIAN_POINT('',(79.,97.,20.));
#3080=CARTESIAN_POINT('Origin',(80.,97.,40.));
#3081=CARTESIAN_POINT('',(80.,97.,20.));
#3082=CARTESIAN_POINT('',(79.,97.,40.));
#3083=CARTESIAN_POINT('Origin',(79.,88.5,32.));
#3084=CARTESIAN_POINT('Origin',(-80.,97.,20.));
#3085=CARTESIAN_POINT('',(-80.,97.,20.));
#3086=CARTESIAN_POINT('Origin',(-80.,97.,20.));
#3087=CARTESIAN_POINT('',(-80.,97.,20.));
#3088=CARTESIAN_POINT('',(-80.,97.,40.));
#3089=CARTESIAN_POINT('',(-80.,97.,10.));
#3090=CARTESIAN_POINT('',(-79.,97.,20.));
#3091=CARTESIAN_POINT('',(-80.,97.,20.));
#3092=CARTESIAN_POINT('',(-79.,97.,40.));
#3093=CARTESIAN_POINT('',(-79.,97.,40.));
#3094=CARTESIAN_POINT('',(-80.,97.,40.));
#3095=CARTESIAN_POINT('Origin',(-80.,80.,7.));
#3096=CARTESIAN_POINT('',(-80.,80.,7.));
#3097=CARTESIAN_POINT('',(-80.,78.311135371179,5.7085152838428));
#3098=CARTESIAN_POINT('',(-79.,80.,7.));
#3099=CARTESIAN_POINT('',(-80.,80.,7.));
#3100=CARTESIAN_POINT('',(-79.,80.,7.));
#3101=CARTESIAN_POINT('Origin',(-80.,80.,57.));
#3102=CARTESIAN_POINT('',(-80.,80.,57.));
#3103=CARTESIAN_POINT('',(-80.,80.,28.5));
#3104=CARTESIAN_POINT('',(-79.,80.,57.));
#3105=CARTESIAN_POINT('',(-80.,80.,57.));
#3106=CARTESIAN_POINT('',(-79.,80.,60.));
#3107=CARTESIAN_POINT('Origin',(-80.,97.,40.));
#3108=CARTESIAN_POINT('',(-80.,102.75,34.25));
#3109=CARTESIAN_POINT('',(-79.,80.,57.));
#3110=CARTESIAN_POINT('Origin',(-79.,88.5,32.));
#3111=CARTESIAN_POINT('Origin',(-80.,80.,60.));
#3112=CARTESIAN_POINT('',(-80.,80.,57.));
#3113=CARTESIAN_POINT('',(-80.,80.,60.));
#3114=CARTESIAN_POINT('Origin',(-80.,100.,20.));
#3115=CARTESIAN_POINT('',(-80.,100.,40.));
#3116=CARTESIAN_POINT('',(-80.,100.,20.));
#3117=CARTESIAN_POINT('',(-80.,100.,40.));
#3118=CARTESIAN_POINT('',(80.,100.,40.));
#3119=CARTESIAN_POINT('',(-80.,100.,40.));
#3120=CARTESIAN_POINT('',(80.,100.,20.));
#3121=CARTESIAN_POINT('',(80.,100.,40.));
#3122=CARTESIAN_POINT('',(-80.,100.,20.));
#3123=CARTESIAN_POINT('Origin',(-80.,80.,0.));
#3124=CARTESIAN_POINT('',(-80.,80.,0.));
#3125=CARTESIAN_POINT('',(-80.,100.,20.));
#3126=CARTESIAN_POINT('',(80.,80.,0.));
#3127=CARTESIAN_POINT('',(80.,100.,20.));
#3128=CARTESIAN_POINT('',(-80.,80.,0.));
#3129=CARTESIAN_POINT('Origin',(-80.,97.,40.));
#3130=CARTESIAN_POINT('',(-80.,97.,40.));
#3131=CARTESIAN_POINT('Origin',(-80.,80.,57.));
#3132=CARTESIAN_POINT('Origin',(-80.,100.,40.));
#3133=CARTESIAN_POINT('',(-80.,80.,60.));
#3134=CARTESIAN_POINT('',(-80.,80.,60.));
#3135=CARTESIAN_POINT('',(-80.,80.,60.));
#3136=CARTESIAN_POINT('',(80.,80.,60.));
#3137=CARTESIAN_POINT('',(-80.,80.,60.));
#3138=CARTESIAN_POINT('',(80.,80.,60.));
#3139=CARTESIAN_POINT('Origin',(-80.,-97.,40.));
#3140=CARTESIAN_POINT('',(-80.,-97.,40.));
#3141=CARTESIAN_POINT('',(-80.,-97.,20.));
#3142=CARTESIAN_POINT('',(-80.,-97.,20.));
#3143=CARTESIAN_POINT('',(-79.,-97.,40.));
#3144=CARTESIAN_POINT('',(-80.,-97.,40.));
#3145=CARTESIAN_POINT('',(-79.,-97.,20.));
#3146=CARTESIAN_POINT('',(-79.,-97.,40.));
#3147=CARTESIAN_POINT('',(-80.,-97.,20.));
#3148=CARTESIAN_POINT('Origin',(-80.,-80.,57.));
#3149=CARTESIAN_POINT('',(-80.,-80.,57.));
#3150=CARTESIAN_POINT('',(-80.,-54.25,82.75));
#3151=CARTESIAN_POINT('',(-79.,-80.,57.));
#3152=CARTESIAN_POINT('',(-80.,-80.,57.));
#3153=CARTESIAN_POINT('',(-79.,-80.,57.));
#3154=CARTESIAN_POINT('Origin',(-80.,-80.,7.));
#3155=CARTESIAN_POINT('',(-80.,-80.,7.));
#3156=CARTESIAN_POINT('',(-80.,-80.,3.5));
#3157=CARTESIAN_POINT('',(-79.,-80.,7.));
#3158=CARTESIAN_POINT('',(-80.,-80.,7.));
#3159=CARTESIAN_POINT('',(-79.,-80.,0.));
#3160=CARTESIAN_POINT('Origin',(-80.,-97.,20.));
#3161=CARTESIAN_POINT('',(-80.,-36.3307860262009,-26.3941048034935));
#3162=CARTESIAN_POINT('',(-79.,-80.,7.));
#3163=CARTESIAN_POINT('Origin',(-79.,-88.5,32.));
#3164=CARTESIAN_POINT('Origin',(-80.,-97.,40.));
#3165=CARTESIAN_POINT('',(-80.,-97.,40.));
#3166=CARTESIAN_POINT('Origin',(-80.,-97.,20.));
#3167=CARTESIAN_POINT('Origin',(-80.,-100.,20.));
#3168=CARTESIAN_POINT('',(-80.,-100.,20.));
#3169=CARTESIAN_POINT('',(-80.,-80.,0.));
#3170=CARTESIAN_POINT('',(-80.,-100.,20.));
#3171=CARTESIAN_POINT('',(80.,-80.,0.));
#3172=CARTESIAN_POINT('',(80.,-80.,0.));
#3173=CARTESIAN_POINT('',(80.,-100.,20.));
#3174=CARTESIAN_POINT('',(80.,-100.,20.));
#3175=CARTESIAN_POINT('',(-80.,-100.,20.));
#3176=CARTESIAN_POINT('Origin',(-80.,-100.,40.));
#3177=CARTESIAN_POINT('',(-80.,-100.,40.));
#3178=CARTESIAN_POINT('',(-80.,-100.,40.));
#3179=CARTESIAN_POINT('',(80.,-100.,40.));
#3180=CARTESIAN_POINT('',(80.,-100.,40.));
#3181=CARTESIAN_POINT('',(-80.,-100.,40.));
#3182=CARTESIAN_POINT('Origin',(-80.,-80.,60.));
#3183=CARTESIAN_POINT('',(-80.,-80.,60.));
#3184=CARTESIAN_POINT('',(-80.,-80.,60.));
#3185=CARTESIAN_POINT('',(80.,-80.,60.));
#3186=CARTESIAN_POINT('',(80.,-80.,60.));
#3187=CARTESIAN_POINT('',(80.,-80.,60.));
#3188=CARTESIAN_POINT('',(80.,-80.,60.));
#3189=CARTESIAN_POINT('Origin',(80.,-80.,0.));
#3190=CARTESIAN_POINT('',(80.,80.,60.));
#3191=CARTESIAN_POINT('',(80.,80.,0.));
#3192=CARTESIAN_POINT('Origin',(78.5,0.,60.));
#3193=CARTESIAN_POINT('Origin',(-80.,80.,0.));
#3194=CARTESIAN_POINT('',(-80.,-80.,0.));
#3195=CARTESIAN_POINT('',(-80.,-80.,60.));
#3196=CARTESIAN_POINT('Origin',(-78.5,0.,60.));
#3197=CARTESIAN_POINT('Origin',(0.,0.,0.));
#3198=UNCERTAINTY_MEASURE_WITH_UNIT(LENGTH_MEASURE(0.01),#3202,
'DISTANCE_ACCURACY_VALUE',
'Maximum model space distance between geometric entities at asserted c
onnectivities');
#3199=UNCERTAINTY_MEASURE_WITH_UNIT(LENGTH_MEASURE(0.01),#3202,
'DISTANCE_ACCURACY_VALUE',
'Maximum model space distance between geometric entities at asserted c
onnectivities');
#3200=(
GEOMETRIC_REPRESENTATION_CONTEXT(3)
GLOBAL_UNCERTAINTY_ASSIGNED_CONTEXT((#3198))
GLOBAL_UNIT_ASSIGNED_CONTEXT((#3202,#3204,#3205))
REPRESENTATION_CONTEXT('','3D')
);
#3201=(
GEOMETRIC_REPRESENTATION_CONTEXT(3)
GLOBAL_UNCERTAINTY_ASSIGNED_CONTEXT((#3199))
GLOBAL_UNIT_ASSIGNED_CONTEXT((#3202,#3204,#3205))
REPRESENTATION_CONTEXT('','3D')
);
#3202=(
LENGTH_UNIT()
NAMED_UNIT(*)
SI_UNIT(.MILLI.,.METRE.)
);
#3203=(
LENGTH_UNIT()
NAMED_UNIT(*)
SI_UNIT($,.METRE.)
);
#3204=(
NAMED_UNIT(*)
PLANE_ANGLE_UNIT()
SI_UNIT($,.RADIAN.)
);
#3205=(
NAMED_UNIT(*)
SI_UNIT($,.STERADIAN.)
SOLID_ANGLE_UNIT()
);
#3206=SHAPE_DEFINITION_REPRESENTATION(#3207,#3208);
#3207=PRODUCT_DEFINITION_SHAPE('',$,#3210);
#3208=SHAPE_REPRESENTATION('',(#1956),#3200);
#3209=PRODUCT_DEFINITION_CONTEXT('part definition',#3214,'design');
#3210=PRODUCT_DEFINITION('2026-05-23-12-03-43-391','Rover Chassis v.2',
#3211,#3209);
#3211=PRODUCT_DEFINITION_FORMATION('',$,#3216);
#3212=PRODUCT_RELATED_PRODUCT_CATEGORY('Rover Chassis v.2',
'Rover Chassis v.2',(#3216));
#3213=APPLICATION_PROTOCOL_DEFINITION('international standard',
'automotive_design',2009,#3214);
#3214=APPLICATION_CONTEXT(
'Core Data for Automotive Mechanical Design Process');
#3215=PRODUCT_CONTEXT('part definition',#3214,'mechanical');
#3216=PRODUCT('2026-05-23-12-03-43-391','Rover Chassis v.2',$,(#3215));
#3217=PRESENTATION_STYLE_ASSIGNMENT((#3218));
#3218=SURFACE_STYLE_USAGE(.BOTH.,#3219);
#3219=SURFACE_SIDE_STYLE('',(#3220));
#3220=SURFACE_STYLE_FILL_AREA(#3221);
#3221=FILL_AREA_STYLE('Steel - Satin',(#3222));
#3222=FILL_AREA_STYLE_COLOUR('Steel - Satin',#3223);
#3223=COLOUR_RGB('Steel - Satin',0.627450980392157,0.627450980392157,0.627450980392157);
ENDSEC;
END-ISO-10303-21;
