ISO-10303-21;
HEADER;
/* Generated by software containing ST-Developer
 * from STEP Tools, Inc. (www.steptools.com) 
 */

FILE_DESCRIPTION(
/* description */ (''),
/* implementation_level */ '2;1');

FILE_NAME(
/* name */ 'counterweight-truss.step',
/* time_stamp */ '2026-07-29T22:55:34-04:00',
/* author */ (''),
/* organization */ (''),
/* preprocessor_version */ 'ST-DEVELOPER v20.1',
/* originating_system */ 'Autodesk Translation Framework v15.8.0.0',
/* authorisation */ '');

FILE_SCHEMA (('AUTOMOTIVE_DESIGN { 1 0 10303 214 3 1 1 }'));
ENDSEC;

DATA;
#10=MECHANICAL_DESIGN_GEOMETRIC_PRESENTATION_REPRESENTATION('',(#13),#6206);
#11=SHAPE_REPRESENTATION_RELATIONSHIP('SRR','None',#6213,#12);
#12=ADVANCED_BREP_SHAPE_REPRESENTATION('',(#14),#6205);
#13=STYLED_ITEM('',(#6222),#14);
#14=MANIFOLD_SOLID_BREP('Body1',#4007);
#15=CYLINDRICAL_SURFACE('',#4026,1.75);
#16=CYLINDRICAL_SURFACE('',#4028,1.75);
#17=CYLINDRICAL_SURFACE('',#4030,1.75);
#18=CYLINDRICAL_SURFACE('',#4032,1.75);
#19=CYLINDRICAL_SURFACE('',#4179,1.75);
#20=CYLINDRICAL_SURFACE('',#4182,1.75);
#21=CYLINDRICAL_SURFACE('',#4185,1.75);
#22=CYLINDRICAL_SURFACE('',#4188,1.75);
#23=CYLINDRICAL_SURFACE('',#4190,1.75);
#24=FACE_BOUND('',#289,.T.);
#25=FACE_BOUND('',#290,.T.);
#26=FACE_BOUND('',#291,.T.);
#27=FACE_BOUND('',#292,.T.);
#28=FACE_BOUND('',#293,.T.);
#29=FACE_BOUND('',#303,.T.);
#30=FACE_BOUND('',#304,.T.);
#31=FACE_BOUND('',#305,.T.);
#32=FACE_BOUND('',#306,.T.);
#33=FACE_BOUND('',#318,.T.);
#34=FACE_BOUND('',#319,.T.);
#35=FACE_BOUND('',#320,.T.);
#36=FACE_BOUND('',#321,.T.);
#37=FACE_BOUND('',#322,.T.);
#38=FACE_BOUND('',#323,.T.);
#39=FACE_BOUND('',#324,.T.);
#40=FACE_BOUND('',#325,.T.);
#41=FACE_BOUND('',#327,.T.);
#42=FACE_BOUND('',#328,.T.);
#43=FACE_BOUND('',#329,.T.);
#44=FACE_BOUND('',#330,.T.);
#45=FACE_BOUND('',#331,.T.);
#46=FACE_BOUND('',#332,.T.);
#47=FACE_BOUND('',#333,.T.);
#48=FACE_BOUND('',#334,.T.);
#49=FACE_BOUND('',#365,.T.);
#50=FACE_BOUND('',#411,.T.);
#51=FACE_BOUND('',#412,.T.);
#52=FACE_BOUND('',#413,.T.);
#53=FACE_BOUND('',#414,.T.);
#54=FACE_BOUND('',#416,.T.);
#55=FACE_BOUND('',#417,.T.);
#56=FACE_BOUND('',#418,.T.);
#57=FACE_BOUND('',#419,.T.);
#58=FACE_BOUND('',#421,.T.);
#59=FACE_BOUND('',#422,.T.);
#60=FACE_BOUND('',#424,.T.);
#61=FACE_BOUND('',#425,.T.);
#62=FACE_BOUND('',#426,.T.);
#63=FACE_BOUND('',#427,.T.);
#64=FACE_BOUND('',#428,.T.);
#65=FACE_BOUND('',#429,.T.);
#66=FACE_BOUND('',#430,.T.);
#67=FACE_BOUND('',#431,.T.);
#68=FACE_BOUND('',#432,.T.);
#69=FACE_BOUND('',#433,.T.);
#70=FACE_BOUND('',#434,.T.);
#71=FACE_BOUND('',#435,.T.);
#72=FACE_BOUND('',#436,.T.);
#73=FACE_BOUND('',#437,.T.);
#74=FACE_BOUND('',#438,.T.);
#75=FACE_BOUND('',#439,.T.);
#76=FACE_BOUND('',#440,.T.);
#77=FACE_BOUND('',#441,.T.);
#78=FACE_BOUND('',#443,.T.);
#79=FACE_BOUND('',#459,.T.);
#80=FACE_BOUND('',#490,.T.);
#81=FACE_BOUND('',#491,.T.);
#82=FACE_BOUND('',#494,.T.);
#83=FACE_BOUND('',#495,.T.);
#84=FACE_BOUND('',#496,.T.);
#85=FACE_BOUND('',#497,.T.);
#86=FACE_BOUND('',#498,.T.);
#87=FACE_BOUND('',#499,.T.);
#88=FACE_BOUND('',#500,.T.);
#89=FACE_BOUND('',#501,.T.);
#90=FACE_BOUND('',#502,.T.);
#91=FACE_BOUND('',#503,.T.);
#92=FACE_BOUND('',#504,.T.);
#93=FACE_BOUND('',#505,.T.);
#94=FACE_BOUND('',#506,.T.);
#95=FACE_BOUND('',#507,.T.);
#96=FACE_BOUND('',#508,.T.);
#97=FACE_BOUND('',#509,.T.);
#98=FACE_BOUND('',#510,.T.);
#99=FACE_BOUND('',#511,.T.);
#100=FACE_BOUND('',#523,.T.);
#101=FACE_BOUND('',#524,.T.);
#102=FACE_BOUND('',#525,.T.);
#103=FACE_BOUND('',#526,.T.);
#104=FACE_BOUND('',#527,.T.);
#105=FACE_BOUND('',#529,.T.);
#106=FACE_BOUND('',#530,.T.);
#107=FACE_BOUND('',#531,.T.);
#108=FACE_BOUND('',#532,.T.);
#109=FACE_BOUND('',#533,.T.);
#110=CIRCLE('',#4022,1.75);
#111=CIRCLE('',#4023,1.75);
#112=CIRCLE('',#4024,1.75);
#113=CIRCLE('',#4025,1.75);
#114=CIRCLE('',#4027,1.75);
#115=CIRCLE('',#4029,1.75);
#116=CIRCLE('',#4031,1.75);
#117=CIRCLE('',#4033,1.75);
#118=CIRCLE('',#4081,1.75);
#119=CIRCLE('',#4180,1.75);
#120=CIRCLE('',#4181,1.75);
#121=CIRCLE('',#4183,1.75);
#122=CIRCLE('',#4184,1.75);
#123=CIRCLE('',#4186,1.75);
#124=CIRCLE('',#4187,1.75);
#125=CIRCLE('',#4189,1.75);
#126=CIRCLE('',#4191,1.75);
#127=CIRCLE('',#4192,1.75);
#128=FACE_OUTER_BOUND('',#288,.T.);
#129=FACE_OUTER_BOUND('',#294,.T.);
#130=FACE_OUTER_BOUND('',#295,.T.);
#131=FACE_OUTER_BOUND('',#296,.T.);
#132=FACE_OUTER_BOUND('',#297,.T.);
#133=FACE_OUTER_BOUND('',#298,.T.);
#134=FACE_OUTER_BOUND('',#299,.T.);
#135=FACE_OUTER_BOUND('',#300,.T.);
#136=FACE_OUTER_BOUND('',#301,.T.);
#137=FACE_OUTER_BOUND('',#302,.T.);
#138=FACE_OUTER_BOUND('',#307,.T.);
#139=FACE_OUTER_BOUND('',#308,.T.);
#140=FACE_OUTER_BOUND('',#309,.T.);
#141=FACE_OUTER_BOUND('',#310,.T.);
#142=FACE_OUTER_BOUND('',#311,.T.);
#143=FACE_OUTER_BOUND('',#312,.T.);
#144=FACE_OUTER_BOUND('',#313,.T.);
#145=FACE_OUTER_BOUND('',#314,.T.);
#146=FACE_OUTER_BOUND('',#315,.T.);
#147=FACE_OUTER_BOUND('',#316,.T.);
#148=FACE_OUTER_BOUND('',#317,.T.);
#149=FACE_OUTER_BOUND('',#326,.T.);
#150=FACE_OUTER_BOUND('',#335,.T.);
#151=FACE_OUTER_BOUND('',#336,.T.);
#152=FACE_OUTER_BOUND('',#337,.T.);
#153=FACE_OUTER_BOUND('',#338,.T.);
#154=FACE_OUTER_BOUND('',#339,.T.);
#155=FACE_OUTER_BOUND('',#340,.T.);
#156=FACE_OUTER_BOUND('',#341,.T.);
#157=FACE_OUTER_BOUND('',#342,.T.);
#158=FACE_OUTER_BOUND('',#343,.T.);
#159=FACE_OUTER_BOUND('',#344,.T.);
#160=FACE_OUTER_BOUND('',#345,.T.);
#161=FACE_OUTER_BOUND('',#346,.T.);
#162=FACE_OUTER_BOUND('',#347,.T.);
#163=FACE_OUTER_BOUND('',#348,.T.);
#164=FACE_OUTER_BOUND('',#349,.T.);
#165=FACE_OUTER_BOUND('',#350,.T.);
#166=FACE_OUTER_BOUND('',#351,.T.);
#167=FACE_OUTER_BOUND('',#352,.T.);
#168=FACE_OUTER_BOUND('',#353,.T.);
#169=FACE_OUTER_BOUND('',#354,.T.);
#170=FACE_OUTER_BOUND('',#355,.T.);
#171=FACE_OUTER_BOUND('',#356,.T.);
#172=FACE_OUTER_BOUND('',#357,.T.);
#173=FACE_OUTER_BOUND('',#358,.T.);
#174=FACE_OUTER_BOUND('',#359,.T.);
#175=FACE_OUTER_BOUND('',#360,.T.);
#176=FACE_OUTER_BOUND('',#361,.T.);
#177=FACE_OUTER_BOUND('',#362,.T.);
#178=FACE_OUTER_BOUND('',#363,.T.);
#179=FACE_OUTER_BOUND('',#364,.T.);
#180=FACE_OUTER_BOUND('',#366,.T.);
#181=FACE_OUTER_BOUND('',#367,.T.);
#182=FACE_OUTER_BOUND('',#368,.T.);
#183=FACE_OUTER_BOUND('',#369,.T.);
#184=FACE_OUTER_BOUND('',#370,.T.);
#185=FACE_OUTER_BOUND('',#371,.T.);
#186=FACE_OUTER_BOUND('',#372,.T.);
#187=FACE_OUTER_BOUND('',#373,.T.);
#188=FACE_OUTER_BOUND('',#374,.T.);
#189=FACE_OUTER_BOUND('',#375,.T.);
#190=FACE_OUTER_BOUND('',#376,.T.);
#191=FACE_OUTER_BOUND('',#377,.T.);
#192=FACE_OUTER_BOUND('',#378,.T.);
#193=FACE_OUTER_BOUND('',#379,.T.);
#194=FACE_OUTER_BOUND('',#380,.T.);
#195=FACE_OUTER_BOUND('',#381,.T.);
#196=FACE_OUTER_BOUND('',#382,.T.);
#197=FACE_OUTER_BOUND('',#383,.T.);
#198=FACE_OUTER_BOUND('',#384,.T.);
#199=FACE_OUTER_BOUND('',#385,.T.);
#200=FACE_OUTER_BOUND('',#386,.T.);
#201=FACE_OUTER_BOUND('',#387,.T.);
#202=FACE_OUTER_BOUND('',#388,.T.);
#203=FACE_OUTER_BOUND('',#389,.T.);
#204=FACE_OUTER_BOUND('',#390,.T.);
#205=FACE_OUTER_BOUND('',#391,.T.);
#206=FACE_OUTER_BOUND('',#392,.T.);
#207=FACE_OUTER_BOUND('',#393,.T.);
#208=FACE_OUTER_BOUND('',#394,.T.);
#209=FACE_OUTER_BOUND('',#395,.T.);
#210=FACE_OUTER_BOUND('',#396,.T.);
#211=FACE_OUTER_BOUND('',#397,.T.);
#212=FACE_OUTER_BOUND('',#398,.T.);
#213=FACE_OUTER_BOUND('',#399,.T.);
#214=FACE_OUTER_BOUND('',#400,.T.);
#215=FACE_OUTER_BOUND('',#401,.T.);
#216=FACE_OUTER_BOUND('',#402,.T.);
#217=FACE_OUTER_BOUND('',#403,.T.);
#218=FACE_OUTER_BOUND('',#404,.T.);
#219=FACE_OUTER_BOUND('',#405,.T.);
#220=FACE_OUTER_BOUND('',#406,.T.);
#221=FACE_OUTER_BOUND('',#407,.T.);
#222=FACE_OUTER_BOUND('',#408,.T.);
#223=FACE_OUTER_BOUND('',#409,.T.);
#224=FACE_OUTER_BOUND('',#410,.T.);
#225=FACE_OUTER_BOUND('',#415,.T.);
#226=FACE_OUTER_BOUND('',#420,.T.);
#227=FACE_OUTER_BOUND('',#423,.T.);
#228=FACE_OUTER_BOUND('',#442,.T.);
#229=FACE_OUTER_BOUND('',#444,.T.);
#230=FACE_OUTER_BOUND('',#445,.T.);
#231=FACE_OUTER_BOUND('',#446,.T.);
#232=FACE_OUTER_BOUND('',#447,.T.);
#233=FACE_OUTER_BOUND('',#448,.T.);
#234=FACE_OUTER_BOUND('',#449,.T.);
#235=FACE_OUTER_BOUND('',#450,.T.);
#236=FACE_OUTER_BOUND('',#451,.T.);
#237=FACE_OUTER_BOUND('',#452,.T.);
#238=FACE_OUTER_BOUND('',#453,.T.);
#239=FACE_OUTER_BOUND('',#454,.T.);
#240=FACE_OUTER_BOUND('',#455,.T.);
#241=FACE_OUTER_BOUND('',#456,.T.);
#242=FACE_OUTER_BOUND('',#457,.T.);
#243=FACE_OUTER_BOUND('',#458,.T.);
#244=FACE_OUTER_BOUND('',#460,.T.);
#245=FACE_OUTER_BOUND('',#461,.T.);
#246=FACE_OUTER_BOUND('',#462,.T.);
#247=FACE_OUTER_BOUND('',#463,.T.);
#248=FACE_OUTER_BOUND('',#464,.T.);
#249=FACE_OUTER_BOUND('',#465,.T.);
#250=FACE_OUTER_BOUND('',#466,.T.);
#251=FACE_OUTER_BOUND('',#467,.T.);
#252=FACE_OUTER_BOUND('',#468,.T.);
#253=FACE_OUTER_BOUND('',#469,.T.);
#254=FACE_OUTER_BOUND('',#470,.T.);
#255=FACE_OUTER_BOUND('',#471,.T.);
#256=FACE_OUTER_BOUND('',#472,.T.);
#257=FACE_OUTER_BOUND('',#473,.T.);
#258=FACE_OUTER_BOUND('',#474,.T.);
#259=FACE_OUTER_BOUND('',#475,.T.);
#260=FACE_OUTER_BOUND('',#476,.T.);
#261=FACE_OUTER_BOUND('',#477,.T.);
#262=FACE_OUTER_BOUND('',#478,.T.);
#263=FACE_OUTER_BOUND('',#479,.T.);
#264=FACE_OUTER_BOUND('',#480,.T.);
#265=FACE_OUTER_BOUND('',#481,.T.);
#266=FACE_OUTER_BOUND('',#482,.T.);
#267=FACE_OUTER_BOUND('',#483,.T.);
#268=FACE_OUTER_BOUND('',#484,.T.);
#269=FACE_OUTER_BOUND('',#485,.T.);
#270=FACE_OUTER_BOUND('',#486,.T.);
#271=FACE_OUTER_BOUND('',#487,.T.);
#272=FACE_OUTER_BOUND('',#488,.T.);
#273=FACE_OUTER_BOUND('',#489,.T.);
#274=FACE_OUTER_BOUND('',#492,.T.);
#275=FACE_OUTER_BOUND('',#493,.T.);
#276=FACE_OUTER_BOUND('',#512,.T.);
#277=FACE_OUTER_BOUND('',#513,.T.);
#278=FACE_OUTER_BOUND('',#514,.T.);
#279=FACE_OUTER_BOUND('',#515,.T.);
#280=FACE_OUTER_BOUND('',#516,.T.);
#281=FACE_OUTER_BOUND('',#517,.T.);
#282=FACE_OUTER_BOUND('',#518,.T.);
#283=FACE_OUTER_BOUND('',#519,.T.);
#284=FACE_OUTER_BOUND('',#520,.T.);
#285=FACE_OUTER_BOUND('',#521,.T.);
#286=FACE_OUTER_BOUND('',#522,.T.);
#287=FACE_OUTER_BOUND('',#528,.T.);
#288=EDGE_LOOP('',(#2566,#2567,#2568,#2569));
#289=EDGE_LOOP('',(#2570));
#290=EDGE_LOOP('',(#2571));
#291=EDGE_LOOP('',(#2572));
#292=EDGE_LOOP('',(#2573));
#293=EDGE_LOOP('',(#2574,#2575,#2576,#2577));
#294=EDGE_LOOP('',(#2578,#2579,#2580,#2581));
#295=EDGE_LOOP('',(#2582,#2583,#2584,#2585));
#296=EDGE_LOOP('',(#2586,#2587,#2588,#2589));
#297=EDGE_LOOP('',(#2590,#2591,#2592,#2593));
#298=EDGE_LOOP('',(#2594,#2595,#2596,#2597));
#299=EDGE_LOOP('',(#2598,#2599,#2600,#2601));
#300=EDGE_LOOP('',(#2602,#2603,#2604,#2605));
#301=EDGE_LOOP('',(#2606,#2607,#2608,#2609));
#302=EDGE_LOOP('',(#2610,#2611,#2612,#2613));
#303=EDGE_LOOP('',(#2614));
#304=EDGE_LOOP('',(#2615));
#305=EDGE_LOOP('',(#2616));
#306=EDGE_LOOP('',(#2617));
#307=EDGE_LOOP('',(#2618,#2619,#2620,#2621));
#308=EDGE_LOOP('',(#2622,#2623,#2624,#2625));
#309=EDGE_LOOP('',(#2626,#2627,#2628,#2629));
#310=EDGE_LOOP('',(#2630,#2631,#2632,#2633));
#311=EDGE_LOOP('',(#2634,#2635,#2636,#2637));
#312=EDGE_LOOP('',(#2638,#2639,#2640,#2641));
#313=EDGE_LOOP('',(#2642,#2643,#2644,#2645));
#314=EDGE_LOOP('',(#2646,#2647,#2648,#2649));
#315=EDGE_LOOP('',(#2650,#2651,#2652,#2653));
#316=EDGE_LOOP('',(#2654,#2655,#2656,#2657));
#317=EDGE_LOOP('',(#2658,#2659,#2660,#2661,#2662,#2663,#2664,#2665,#2666,
#2667,#2668,#2669,#2670,#2671,#2672,#2673,#2674,#2675,#2676,#2677,#2678,
#2679,#2680,#2681,#2682,#2683,#2684,#2685,#2686,#2687,#2688,#2689,#2690,
#2691,#2692,#2693,#2694,#2695,#2696,#2697,#2698,#2699,#2700,#2701,#2702,
#2703,#2704,#2705,#2706,#2707,#2708,#2709));
#318=EDGE_LOOP('',(#2710,#2711,#2712));
#319=EDGE_LOOP('',(#2713,#2714,#2715));
#320=EDGE_LOOP('',(#2716,#2717,#2718));
#321=EDGE_LOOP('',(#2719,#2720,#2721));
#322=EDGE_LOOP('',(#2722,#2723,#2724));
#323=EDGE_LOOP('',(#2725,#2726,#2727));
#324=EDGE_LOOP('',(#2728,#2729,#2730));
#325=EDGE_LOOP('',(#2731,#2732,#2733));
#326=EDGE_LOOP('',(#2734,#2735,#2736,#2737,#2738,#2739,#2740,#2741,#2742,
#2743,#2744,#2745,#2746,#2747,#2748,#2749,#2750,#2751,#2752,#2753,#2754,
#2755,#2756,#2757,#2758,#2759,#2760,#2761,#2762,#2763,#2764,#2765,#2766,
#2767,#2768,#2769,#2770,#2771,#2772,#2773,#2774,#2775,#2776,#2777,#2778,
#2779,#2780,#2781,#2782,#2783,#2784,#2785));
#327=EDGE_LOOP('',(#2786,#2787,#2788));
#328=EDGE_LOOP('',(#2789,#2790,#2791));
#329=EDGE_LOOP('',(#2792,#2793,#2794));
#330=EDGE_LOOP('',(#2795,#2796,#2797));
#331=EDGE_LOOP('',(#2798,#2799,#2800));
#332=EDGE_LOOP('',(#2801,#2802,#2803));
#333=EDGE_LOOP('',(#2804,#2805,#2806));
#334=EDGE_LOOP('',(#2807,#2808,#2809));
#335=EDGE_LOOP('',(#2810,#2811,#2812,#2813));
#336=EDGE_LOOP('',(#2814,#2815,#2816,#2817));
#337=EDGE_LOOP('',(#2818,#2819,#2820,#2821));
#338=EDGE_LOOP('',(#2822,#2823,#2824,#2825));
#339=EDGE_LOOP('',(#2826,#2827,#2828,#2829));
#340=EDGE_LOOP('',(#2830,#2831,#2832,#2833));
#341=EDGE_LOOP('',(#2834,#2835,#2836,#2837));
#342=EDGE_LOOP('',(#2838,#2839,#2840,#2841));
#343=EDGE_LOOP('',(#2842,#2843,#2844,#2845));
#344=EDGE_LOOP('',(#2846,#2847,#2848,#2849));
#345=EDGE_LOOP('',(#2850,#2851,#2852,#2853,#2854));
#346=EDGE_LOOP('',(#2855,#2856,#2857));
#347=EDGE_LOOP('',(#2858,#2859,#2860,#2861,#2862,#2863));
#348=EDGE_LOOP('',(#2864,#2865,#2866,#2867));
#349=EDGE_LOOP('',(#2868,#2869,#2870,#2871));
#350=EDGE_LOOP('',(#2872,#2873,#2874,#2875));
#351=EDGE_LOOP('',(#2876,#2877,#2878,#2879));
#352=EDGE_LOOP('',(#2880,#2881,#2882,#2883));
#353=EDGE_LOOP('',(#2884,#2885,#2886,#2887));
#354=EDGE_LOOP('',(#2888,#2889,#2890,#2891));
#355=EDGE_LOOP('',(#2892,#2893,#2894,#2895,#2896,#2897));
#356=EDGE_LOOP('',(#2898,#2899,#2900));
#357=EDGE_LOOP('',(#2901,#2902,#2903,#2904,#2905));
#358=EDGE_LOOP('',(#2906,#2907,#2908,#2909));
#359=EDGE_LOOP('',(#2910,#2911,#2912,#2913));
#360=EDGE_LOOP('',(#2914,#2915,#2916,#2917));
#361=EDGE_LOOP('',(#2918,#2919,#2920,#2921));
#362=EDGE_LOOP('',(#2922,#2923,#2924,#2925));
#363=EDGE_LOOP('',(#2926,#2927,#2928,#2929));
#364=EDGE_LOOP('',(#2930,#2931,#2932,#2933,#2934,#2935,#2936,#2937,#2938,
#2939,#2940,#2941,#2942,#2943));
#365=EDGE_LOOP('',(#2944));
#366=EDGE_LOOP('',(#2945,#2946,#2947,#2948,#2949,#2950,#2951,#2952,#2953,
#2954,#2955,#2956,#2957,#2958));
#367=EDGE_LOOP('',(#2959,#2960,#2961,#2962));
#368=EDGE_LOOP('',(#2963,#2964,#2965,#2966));
#369=EDGE_LOOP('',(#2967,#2968,#2969,#2970));
#370=EDGE_LOOP('',(#2971,#2972,#2973,#2974));
#371=EDGE_LOOP('',(#2975,#2976,#2977,#2978));
#372=EDGE_LOOP('',(#2979,#2980,#2981,#2982));
#373=EDGE_LOOP('',(#2983,#2984,#2985,#2986));
#374=EDGE_LOOP('',(#2987,#2988,#2989,#2990));
#375=EDGE_LOOP('',(#2991,#2992,#2993,#2994));
#376=EDGE_LOOP('',(#2995,#2996,#2997,#2998));
#377=EDGE_LOOP('',(#2999,#3000,#3001,#3002));
#378=EDGE_LOOP('',(#3003,#3004,#3005,#3006));
#379=EDGE_LOOP('',(#3007,#3008,#3009,#3010));
#380=EDGE_LOOP('',(#3011,#3012,#3013,#3014));
#381=EDGE_LOOP('',(#3015,#3016,#3017,#3018));
#382=EDGE_LOOP('',(#3019,#3020,#3021,#3022));
#383=EDGE_LOOP('',(#3023,#3024,#3025,#3026));
#384=EDGE_LOOP('',(#3027,#3028,#3029,#3030));
#385=EDGE_LOOP('',(#3031,#3032,#3033,#3034));
#386=EDGE_LOOP('',(#3035,#3036,#3037,#3038));
#387=EDGE_LOOP('',(#3039,#3040,#3041,#3042));
#388=EDGE_LOOP('',(#3043,#3044,#3045,#3046));
#389=EDGE_LOOP('',(#3047,#3048,#3049,#3050));
#390=EDGE_LOOP('',(#3051,#3052,#3053,#3054));
#391=EDGE_LOOP('',(#3055,#3056,#3057,#3058));
#392=EDGE_LOOP('',(#3059,#3060,#3061,#3062,#3063,#3064,#3065,#3066,#3067,
#3068,#3069,#3070,#3071,#3072,#3073,#3074,#3075,#3076,#3077,#3078,#3079,
#3080,#3081,#3082,#3083,#3084,#3085,#3086));
#393=EDGE_LOOP('',(#3087,#3088,#3089,#3090));
#394=EDGE_LOOP('',(#3091,#3092,#3093,#3094));
#395=EDGE_LOOP('',(#3095,#3096,#3097,#3098));
#396=EDGE_LOOP('',(#3099,#3100,#3101,#3102));
#397=EDGE_LOOP('',(#3103,#3104,#3105,#3106));
#398=EDGE_LOOP('',(#3107,#3108,#3109,#3110));
#399=EDGE_LOOP('',(#3111,#3112,#3113,#3114));
#400=EDGE_LOOP('',(#3115,#3116,#3117,#3118));
#401=EDGE_LOOP('',(#3119,#3120,#3121,#3122));
#402=EDGE_LOOP('',(#3123,#3124,#3125,#3126));
#403=EDGE_LOOP('',(#3127,#3128,#3129,#3130));
#404=EDGE_LOOP('',(#3131,#3132,#3133,#3134));
#405=EDGE_LOOP('',(#3135,#3136,#3137,#3138));
#406=EDGE_LOOP('',(#3139,#3140,#3141,#3142));
#407=EDGE_LOOP('',(#3143,#3144,#3145,#3146));
#408=EDGE_LOOP('',(#3147,#3148,#3149,#3150));
#409=EDGE_LOOP('',(#3151,#3152,#3153,#3154));
#410=EDGE_LOOP('',(#3155,#3156,#3157,#3158,#3159,#3160,#3161,#3162));
#411=EDGE_LOOP('',(#3163,#3164,#3165));
#412=EDGE_LOOP('',(#3166,#3167,#3168));
#413=EDGE_LOOP('',(#3169,#3170,#3171));
#414=EDGE_LOOP('',(#3172,#3173,#3174));
#415=EDGE_LOOP('',(#3175,#3176,#3177,#3178,#3179,#3180));
#416=EDGE_LOOP('',(#3181,#3182,#3183));
#417=EDGE_LOOP('',(#3184,#3185,#3186));
#418=EDGE_LOOP('',(#3187,#3188,#3189));
#419=EDGE_LOOP('',(#3190,#3191,#3192));
#420=EDGE_LOOP('',(#3193,#3194,#3195,#3196,#3197,#3198,#3199,#3200,#3201,
#3202,#3203,#3204,#3205));
#421=EDGE_LOOP('',(#3206,#3207,#3208));
#422=EDGE_LOOP('',(#3209,#3210,#3211));
#423=EDGE_LOOP('',(#3212,#3213,#3214,#3215,#3216,#3217,#3218));
#424=EDGE_LOOP('',(#3219,#3220,#3221));
#425=EDGE_LOOP('',(#3222,#3223,#3224));
#426=EDGE_LOOP('',(#3225,#3226,#3227));
#427=EDGE_LOOP('',(#3228,#3229,#3230));
#428=EDGE_LOOP('',(#3231,#3232,#3233));
#429=EDGE_LOOP('',(#3234,#3235,#3236));
#430=EDGE_LOOP('',(#3237,#3238,#3239));
#431=EDGE_LOOP('',(#3240,#3241,#3242));
#432=EDGE_LOOP('',(#3243,#3244,#3245));
#433=EDGE_LOOP('',(#3246,#3247,#3248));
#434=EDGE_LOOP('',(#3249,#3250,#3251));
#435=EDGE_LOOP('',(#3252,#3253,#3254));
#436=EDGE_LOOP('',(#3255,#3256,#3257));
#437=EDGE_LOOP('',(#3258,#3259,#3260));
#438=EDGE_LOOP('',(#3261,#3262,#3263));
#439=EDGE_LOOP('',(#3264,#3265,#3266));
#440=EDGE_LOOP('',(#3267,#3268,#3269));
#441=EDGE_LOOP('',(#3270,#3271,#3272));
#442=EDGE_LOOP('',(#3273,#3274,#3275,#3276,#3277,#3278,#3279,#3280,#3281,
#3282,#3283,#3284,#3285,#3286,#3287,#3288,#3289,#3290,#3291,#3292,#3293,
#3294,#3295,#3296,#3297,#3298,#3299,#3300,#3301,#3302,#3303,#3304,#3305));
#443=EDGE_LOOP('',(#3306,#3307,#3308));
#444=EDGE_LOOP('',(#3309,#3310,#3311,#3312));
#445=EDGE_LOOP('',(#3313,#3314,#3315,#3316));
#446=EDGE_LOOP('',(#3317,#3318,#3319,#3320));
#447=EDGE_LOOP('',(#3321,#3322,#3323,#3324));
#448=EDGE_LOOP('',(#3325,#3326,#3327,#3328));
#449=EDGE_LOOP('',(#3329,#3330,#3331,#3332));
#450=EDGE_LOOP('',(#3333,#3334,#3335,#3336));
#451=EDGE_LOOP('',(#3337,#3338,#3339,#3340));
#452=EDGE_LOOP('',(#3341,#3342,#3343,#3344));
#453=EDGE_LOOP('',(#3345,#3346,#3347,#3348));
#454=EDGE_LOOP('',(#3349,#3350,#3351,#3352));
#455=EDGE_LOOP('',(#3353,#3354,#3355,#3356));
#456=EDGE_LOOP('',(#3357,#3358,#3359,#3360));
#457=EDGE_LOOP('',(#3361,#3362,#3363,#3364));
#458=EDGE_LOOP('',(#3365,#3366,#3367,#3368,#3369,#3370,#3371,#3372,#3373,
#3374,#3375,#3376,#3377,#3378,#3379,#3380,#3381,#3382,#3383,#3384,#3385,
#3386,#3387,#3388,#3389,#3390,#3391,#3392,#3393,#3394,#3395,#3396,#3397,
#3398,#3399,#3400,#3401,#3402,#3403));
#459=EDGE_LOOP('',(#3404,#3405,#3406));
#460=EDGE_LOOP('',(#3407,#3408,#3409,#3410));
#461=EDGE_LOOP('',(#3411,#3412,#3413,#3414));
#462=EDGE_LOOP('',(#3415,#3416,#3417,#3418));
#463=EDGE_LOOP('',(#3419,#3420,#3421,#3422));
#464=EDGE_LOOP('',(#3423,#3424,#3425,#3426));
#465=EDGE_LOOP('',(#3427,#3428,#3429,#3430));
#466=EDGE_LOOP('',(#3431,#3432,#3433,#3434));
#467=EDGE_LOOP('',(#3435,#3436,#3437,#3438));
#468=EDGE_LOOP('',(#3439,#3440,#3441,#3442));
#469=EDGE_LOOP('',(#3443,#3444,#3445,#3446));
#470=EDGE_LOOP('',(#3447,#3448,#3449,#3450));
#471=EDGE_LOOP('',(#3451,#3452,#3453,#3454));
#472=EDGE_LOOP('',(#3455,#3456,#3457,#3458));
#473=EDGE_LOOP('',(#3459,#3460,#3461,#3462));
#474=EDGE_LOOP('',(#3463,#3464,#3465,#3466));
#475=EDGE_LOOP('',(#3467,#3468,#3469,#3470));
#476=EDGE_LOOP('',(#3471,#3472,#3473,#3474));
#477=EDGE_LOOP('',(#3475,#3476,#3477,#3478));
#478=EDGE_LOOP('',(#3479,#3480,#3481,#3482));
#479=EDGE_LOOP('',(#3483,#3484,#3485,#3486));
#480=EDGE_LOOP('',(#3487,#3488,#3489,#3490));
#481=EDGE_LOOP('',(#3491,#3492,#3493,#3494));
#482=EDGE_LOOP('',(#3495,#3496,#3497,#3498));
#483=EDGE_LOOP('',(#3499,#3500,#3501,#3502,#3503,#3504,#3505,#3506,#3507,
#3508,#3509,#3510,#3511,#3512,#3513,#3514,#3515,#3516,#3517,#3518,#3519,
#3520,#3521,#3522,#3523,#3524,#3525,#3526,#3527));
#484=EDGE_LOOP('',(#3528,#3529,#3530,#3531));
#485=EDGE_LOOP('',(#3532,#3533,#3534,#3535));
#486=EDGE_LOOP('',(#3536,#3537,#3538,#3539));
#487=EDGE_LOOP('',(#3540,#3541,#3542,#3543));
#488=EDGE_LOOP('',(#3544,#3545,#3546,#3547));
#489=EDGE_LOOP('',(#3548,#3549,#3550,#3551,#3552,#3553,#3554,#3555,#3556,
#3557,#3558,#3559));
#490=EDGE_LOOP('',(#3560,#3561,#3562));
#491=EDGE_LOOP('',(#3563,#3564,#3565));
#492=EDGE_LOOP('',(#3566,#3567,#3568,#3569));
#493=EDGE_LOOP('',(#3570,#3571,#3572,#3573,#3574,#3575,#3576));
#494=EDGE_LOOP('',(#3577,#3578,#3579));
#495=EDGE_LOOP('',(#3580,#3581,#3582));
#496=EDGE_LOOP('',(#3583,#3584,#3585));
#497=EDGE_LOOP('',(#3586,#3587,#3588));
#498=EDGE_LOOP('',(#3589,#3590,#3591));
#499=EDGE_LOOP('',(#3592,#3593,#3594));
#500=EDGE_LOOP('',(#3595,#3596,#3597));
#501=EDGE_LOOP('',(#3598,#3599,#3600));
#502=EDGE_LOOP('',(#3601,#3602,#3603));
#503=EDGE_LOOP('',(#3604,#3605,#3606));
#504=EDGE_LOOP('',(#3607,#3608,#3609));
#505=EDGE_LOOP('',(#3610,#3611,#3612));
#506=EDGE_LOOP('',(#3613,#3614,#3615));
#507=EDGE_LOOP('',(#3616,#3617,#3618));
#508=EDGE_LOOP('',(#3619,#3620,#3621));
#509=EDGE_LOOP('',(#3622,#3623,#3624));
#510=EDGE_LOOP('',(#3625,#3626,#3627));
#511=EDGE_LOOP('',(#3628,#3629,#3630));
#512=EDGE_LOOP('',(#3631,#3632,#3633,#3634,#3635,#3636));
#513=EDGE_LOOP('',(#3637,#3638,#3639,#3640));
#514=EDGE_LOOP('',(#3641,#3642,#3643,#3644));
#515=EDGE_LOOP('',(#3645,#3646,#3647,#3648));
#516=EDGE_LOOP('',(#3649,#3650,#3651,#3652));
#517=EDGE_LOOP('',(#3653,#3654,#3655,#3656));
#518=EDGE_LOOP('',(#3657,#3658,#3659,#3660));
#519=EDGE_LOOP('',(#3661,#3662,#3663,#3664));
#520=EDGE_LOOP('',(#3665,#3666,#3667,#3668));
#521=EDGE_LOOP('',(#3669,#3670,#3671,#3672));
#522=EDGE_LOOP('',(#3673,#3674,#3675,#3676));
#523=EDGE_LOOP('',(#3677,#3678,#3679,#3680,#3681,#3682));
#524=EDGE_LOOP('',(#3683));
#525=EDGE_LOOP('',(#3684));
#526=EDGE_LOOP('',(#3685));
#527=EDGE_LOOP('',(#3686));
#528=EDGE_LOOP('',(#3687,#3688,#3689,#3690));
#529=EDGE_LOOP('',(#3691));
#530=EDGE_LOOP('',(#3692));
#531=EDGE_LOOP('',(#3693));
#532=EDGE_LOOP('',(#3694));
#533=EDGE_LOOP('',(#3695));
#534=LINE('',#5108,#1081);
#535=LINE('',#5110,#1082);
#536=LINE('',#5112,#1083);
#537=LINE('',#5113,#1084);
#538=LINE('',#5124,#1085);
#539=LINE('',#5126,#1086);
#540=LINE('',#5128,#1087);
#541=LINE('',#5129,#1088);
#542=LINE('',#5133,#1089);
#543=LINE('',#5137,#1090);
#544=LINE('',#5141,#1091);
#545=LINE('',#5145,#1092);
#546=LINE('',#5148,#1093);
#547=LINE('',#5150,#1094);
#548=LINE('',#5151,#1095);
#549=LINE('',#5154,#1096);
#550=LINE('',#5155,#1097);
#551=LINE('',#5158,#1098);
#552=LINE('',#5159,#1099);
#553=LINE('',#5161,#1100);
#554=LINE('',#5166,#1101);
#555=LINE('',#5168,#1102);
#556=LINE('',#5170,#1103);
#557=LINE('',#5171,#1104);
#558=LINE('',#5174,#1105);
#559=LINE('',#5176,#1106);
#560=LINE('',#5177,#1107);
#561=LINE('',#5181,#1108);
#562=LINE('',#5183,#1109);
#563=LINE('',#5185,#1110);
#564=LINE('',#5186,#1111);
#565=LINE('',#5189,#1112);
#566=LINE('',#5191,#1113);
#567=LINE('',#5192,#1114);
#568=LINE('',#5196,#1115);
#569=LINE('',#5198,#1116);
#570=LINE('',#5200,#1117);
#571=LINE('',#5201,#1118);
#572=LINE('',#5204,#1119);
#573=LINE('',#5206,#1120);
#574=LINE('',#5207,#1121);
#575=LINE('',#5211,#1122);
#576=LINE('',#5213,#1123);
#577=LINE('',#5215,#1124);
#578=LINE('',#5216,#1125);
#579=LINE('',#5219,#1126);
#580=LINE('',#5221,#1127);
#581=LINE('',#5222,#1128);
#582=LINE('',#5224,#1129);
#583=LINE('',#5225,#1130);
#584=LINE('',#5229,#1131);
#585=LINE('',#5231,#1132);
#586=LINE('',#5233,#1133);
#587=LINE('',#5234,#1134);
#588=LINE('',#5236,#1135);
#589=LINE('',#5238,#1136);
#590=LINE('',#5240,#1137);
#591=LINE('',#5242,#1138);
#592=LINE('',#5244,#1139);
#593=LINE('',#5246,#1140);
#594=LINE('',#5248,#1141);
#595=LINE('',#5249,#1142);
#596=LINE('',#5251,#1143);
#597=LINE('',#5253,#1144);
#598=LINE('',#5255,#1145);
#599=LINE('',#5257,#1146);
#600=LINE('',#5259,#1147);
#601=LINE('',#5261,#1148);
#602=LINE('',#5263,#1149);
#603=LINE('',#5265,#1150);
#604=LINE('',#5267,#1151);
#605=LINE('',#5269,#1152);
#606=LINE('',#5271,#1153);
#607=LINE('',#5273,#1154);
#608=LINE('',#5275,#1155);
#609=LINE('',#5277,#1156);
#610=LINE('',#5279,#1157);
#611=LINE('',#5281,#1158);
#612=LINE('',#5283,#1159);
#613=LINE('',#5285,#1160);
#614=LINE('',#5287,#1161);
#615=LINE('',#5289,#1162);
#616=LINE('',#5291,#1163);
#617=LINE('',#5293,#1164);
#618=LINE('',#5295,#1165);
#619=LINE('',#5297,#1166);
#620=LINE('',#5299,#1167);
#621=LINE('',#5301,#1168);
#622=LINE('',#5303,#1169);
#623=LINE('',#5305,#1170);
#624=LINE('',#5307,#1171);
#625=LINE('',#5309,#1172);
#626=LINE('',#5311,#1173);
#627=LINE('',#5313,#1174);
#628=LINE('',#5315,#1175);
#629=LINE('',#5317,#1176);
#630=LINE('',#5319,#1177);
#631=LINE('',#5321,#1178);
#632=LINE('',#5323,#1179);
#633=LINE('',#5325,#1180);
#634=LINE('',#5327,#1181);
#635=LINE('',#5329,#1182);
#636=LINE('',#5330,#1183);
#637=LINE('',#5333,#1184);
#638=LINE('',#5335,#1185);
#639=LINE('',#5336,#1186);
#640=LINE('',#5339,#1187);
#641=LINE('',#5341,#1188);
#642=LINE('',#5342,#1189);
#643=LINE('',#5345,#1190);
#644=LINE('',#5347,#1191);
#645=LINE('',#5348,#1192);
#646=LINE('',#5351,#1193);
#647=LINE('',#5353,#1194);
#648=LINE('',#5354,#1195);
#649=LINE('',#5357,#1196);
#650=LINE('',#5359,#1197);
#651=LINE('',#5360,#1198);
#652=LINE('',#5363,#1199);
#653=LINE('',#5365,#1200);
#654=LINE('',#5366,#1201);
#655=LINE('',#5369,#1202);
#656=LINE('',#5371,#1203);
#657=LINE('',#5372,#1204);
#658=LINE('',#5375,#1205);
#659=LINE('',#5377,#1206);
#660=LINE('',#5378,#1207);
#661=LINE('',#5381,#1208);
#662=LINE('',#5383,#1209);
#663=LINE('',#5385,#1210);
#664=LINE('',#5387,#1211);
#665=LINE('',#5389,#1212);
#666=LINE('',#5391,#1213);
#667=LINE('',#5393,#1214);
#668=LINE('',#5395,#1215);
#669=LINE('',#5397,#1216);
#670=LINE('',#5399,#1217);
#671=LINE('',#5401,#1218);
#672=LINE('',#5403,#1219);
#673=LINE('',#5405,#1220);
#674=LINE('',#5407,#1221);
#675=LINE('',#5409,#1222);
#676=LINE('',#5411,#1223);
#677=LINE('',#5413,#1224);
#678=LINE('',#5415,#1225);
#679=LINE('',#5417,#1226);
#680=LINE('',#5419,#1227);
#681=LINE('',#5421,#1228);
#682=LINE('',#5423,#1229);
#683=LINE('',#5425,#1230);
#684=LINE('',#5427,#1231);
#685=LINE('',#5429,#1232);
#686=LINE('',#5431,#1233);
#687=LINE('',#5433,#1234);
#688=LINE('',#5435,#1235);
#689=LINE('',#5437,#1236);
#690=LINE('',#5439,#1237);
#691=LINE('',#5441,#1238);
#692=LINE('',#5443,#1239);
#693=LINE('',#5445,#1240);
#694=LINE('',#5447,#1241);
#695=LINE('',#5449,#1242);
#696=LINE('',#5451,#1243);
#697=LINE('',#5453,#1244);
#698=LINE('',#5455,#1245);
#699=LINE('',#5457,#1246);
#700=LINE('',#5459,#1247);
#701=LINE('',#5460,#1248);
#702=LINE('',#5462,#1249);
#703=LINE('',#5464,#1250);
#704=LINE('',#5466,#1251);
#705=LINE('',#5468,#1252);
#706=LINE('',#5470,#1253);
#707=LINE('',#5472,#1254);
#708=LINE('',#5473,#1255);
#709=LINE('',#5474,#1256);
#710=LINE('',#5477,#1257);
#711=LINE('',#5479,#1258);
#712=LINE('',#5480,#1259);
#713=LINE('',#5483,#1260);
#714=LINE('',#5485,#1261);
#715=LINE('',#5486,#1262);
#716=LINE('',#5489,#1263);
#717=LINE('',#5491,#1264);
#718=LINE('',#5492,#1265);
#719=LINE('',#5495,#1266);
#720=LINE('',#5497,#1267);
#721=LINE('',#5498,#1268);
#722=LINE('',#5501,#1269);
#723=LINE('',#5503,#1270);
#724=LINE('',#5504,#1271);
#725=LINE('',#5507,#1272);
#726=LINE('',#5509,#1273);
#727=LINE('',#5510,#1274);
#728=LINE('',#5513,#1275);
#729=LINE('',#5515,#1276);
#730=LINE('',#5516,#1277);
#731=LINE('',#5519,#1278);
#732=LINE('',#5521,#1279);
#733=LINE('',#5522,#1280);
#734=LINE('',#5526,#1281);
#735=LINE('',#5528,#1282);
#736=LINE('',#5530,#1283);
#737=LINE('',#5531,#1284);
#738=LINE('',#5535,#1285);
#739=LINE('',#5537,#1286);
#740=LINE('',#5539,#1287);
#741=LINE('',#5540,#1288);
#742=LINE('',#5543,#1289);
#743=LINE('',#5545,#1290);
#744=LINE('',#5546,#1291);
#745=LINE('',#5548,#1292);
#746=LINE('',#5549,#1293);
#747=LINE('',#5552,#1294);
#748=LINE('',#5554,#1295);
#749=LINE('',#5555,#1296);
#750=LINE('',#5557,#1297);
#751=LINE('',#5558,#1298);
#752=LINE('',#5562,#1299);
#753=LINE('',#5563,#1300);
#754=LINE('',#5565,#1301);
#755=LINE('',#5566,#1302);
#756=LINE('',#5569,#1303);
#757=LINE('',#5570,#1304);
#758=LINE('',#5571,#1305);
#759=LINE('',#5574,#1306);
#760=LINE('',#5576,#1307);
#761=LINE('',#5577,#1308);
#762=LINE('',#5579,#1309);
#763=LINE('',#5580,#1310);
#764=LINE('',#5583,#1311);
#765=LINE('',#5585,#1312);
#766=LINE('',#5587,#1313);
#767=LINE('',#5588,#1314);
#768=LINE('',#5591,#1315);
#769=LINE('',#5593,#1316);
#770=LINE('',#5594,#1317);
#771=LINE('',#5598,#1318);
#772=LINE('',#5599,#1319);
#773=LINE('',#5601,#1320);
#774=LINE('',#5603,#1321);
#775=LINE('',#5604,#1322);
#776=LINE('',#5607,#1323);
#777=LINE('',#5609,#1324);
#778=LINE('',#5610,#1325);
#779=LINE('',#5612,#1326);
#780=LINE('',#5613,#1327);
#781=LINE('',#5616,#1328);
#782=LINE('',#5618,#1329);
#783=LINE('',#5619,#1330);
#784=LINE('',#5622,#1331);
#785=LINE('',#5624,#1332);
#786=LINE('',#5625,#1333);
#787=LINE('',#5627,#1334);
#788=LINE('',#5628,#1335);
#789=LINE('',#5631,#1336);
#790=LINE('',#5633,#1337);
#791=LINE('',#5634,#1338);
#792=LINE('',#5636,#1339);
#793=LINE('',#5637,#1340);
#794=LINE('',#5641,#1341);
#795=LINE('',#5642,#1342);
#796=LINE('',#5643,#1343);
#797=LINE('',#5644,#1344);
#798=LINE('',#5647,#1345);
#799=LINE('',#5648,#1346);
#800=LINE('',#5651,#1347);
#801=LINE('',#5652,#1348);
#802=LINE('',#5653,#1349);
#803=LINE('',#5656,#1350);
#804=LINE('',#5658,#1351);
#805=LINE('',#5659,#1352);
#806=LINE('',#5661,#1353);
#807=LINE('',#5662,#1354);
#808=LINE('',#5666,#1355);
#809=LINE('',#5668,#1356);
#810=LINE('',#5670,#1357);
#811=LINE('',#5671,#1358);
#812=LINE('',#5675,#1359);
#813=LINE('',#5676,#1360);
#814=LINE('',#5677,#1361);
#815=LINE('',#5680,#1362);
#816=LINE('',#5682,#1363);
#817=LINE('',#5683,#1364);
#818=LINE('',#5685,#1365);
#819=LINE('',#5686,#1366);
#820=LINE('',#5688,#1367);
#821=LINE('',#5690,#1368);
#822=LINE('',#5692,#1369);
#823=LINE('',#5693,#1370);
#824=LINE('',#5694,#1371);
#825=LINE('',#5696,#1372);
#826=LINE('',#5698,#1373);
#827=LINE('',#5699,#1374);
#828=LINE('',#5705,#1375);
#829=LINE('',#5706,#1376);
#830=LINE('',#5707,#1377);
#831=LINE('',#5709,#1378);
#832=LINE('',#5711,#1379);
#833=LINE('',#5712,#1380);
#834=LINE('',#5713,#1381);
#835=LINE('',#5714,#1382);
#836=LINE('',#5717,#1383);
#837=LINE('',#5718,#1384);
#838=LINE('',#5722,#1385);
#839=LINE('',#5723,#1386);
#840=LINE('',#5724,#1387);
#841=LINE('',#5727,#1388);
#842=LINE('',#5728,#1389);
#843=LINE('',#5732,#1390);
#844=LINE('',#5733,#1391);
#845=LINE('',#5734,#1392);
#846=LINE('',#5737,#1393);
#847=LINE('',#5738,#1394);
#848=LINE('',#5740,#1395);
#849=LINE('',#5744,#1396);
#850=LINE('',#5745,#1397);
#851=LINE('',#5746,#1398);
#852=LINE('',#5749,#1399);
#853=LINE('',#5750,#1400);
#854=LINE('',#5752,#1401);
#855=LINE('',#5756,#1402);
#856=LINE('',#5757,#1403);
#857=LINE('',#5758,#1404);
#858=LINE('',#5761,#1405);
#859=LINE('',#5762,#1406);
#860=LINE('',#5764,#1407);
#861=LINE('',#5768,#1408);
#862=LINE('',#5769,#1409);
#863=LINE('',#5770,#1410);
#864=LINE('',#5773,#1411);
#865=LINE('',#5774,#1412);
#866=LINE('',#5778,#1413);
#867=LINE('',#5779,#1414);
#868=LINE('',#5780,#1415);
#869=LINE('',#5783,#1416);
#870=LINE('',#5784,#1417);
#871=LINE('',#5786,#1418);
#872=LINE('',#5790,#1419);
#873=LINE('',#5791,#1420);
#874=LINE('',#5792,#1421);
#875=LINE('',#5795,#1422);
#876=LINE('',#5796,#1423);
#877=LINE('',#5798,#1424);
#878=LINE('',#5802,#1425);
#879=LINE('',#5803,#1426);
#880=LINE('',#5804,#1427);
#881=LINE('',#5807,#1428);
#882=LINE('',#5808,#1429);
#883=LINE('',#5810,#1430);
#884=LINE('',#5814,#1431);
#885=LINE('',#5815,#1432);
#886=LINE('',#5816,#1433);
#887=LINE('',#5819,#1434);
#888=LINE('',#5820,#1435);
#889=LINE('',#5822,#1436);
#890=LINE('',#5823,#1437);
#891=LINE('',#5824,#1438);
#892=LINE('',#5826,#1439);
#893=LINE('',#5827,#1440);
#894=LINE('',#5829,#1441);
#895=LINE('',#5830,#1442);
#896=LINE('',#5832,#1443);
#897=LINE('',#5834,#1444);
#898=LINE('',#5835,#1445);
#899=LINE('',#5839,#1446);
#900=LINE('',#5840,#1447);
#901=LINE('',#5841,#1448);
#902=LINE('',#5844,#1449);
#903=LINE('',#5845,#1450);
#904=LINE('',#5849,#1451);
#905=LINE('',#5850,#1452);
#906=LINE('',#5851,#1453);
#907=LINE('',#5854,#1454);
#908=LINE('',#5855,#1455);
#909=LINE('',#5859,#1456);
#910=LINE('',#5860,#1457);
#911=LINE('',#5861,#1458);
#912=LINE('',#5864,#1459);
#913=LINE('',#5865,#1460);
#914=LINE('',#5867,#1461);
#915=LINE('',#5871,#1462);
#916=LINE('',#5872,#1463);
#917=LINE('',#5873,#1464);
#918=LINE('',#5876,#1465);
#919=LINE('',#5877,#1466);
#920=LINE('',#5881,#1467);
#921=LINE('',#5882,#1468);
#922=LINE('',#5883,#1469);
#923=LINE('',#5886,#1470);
#924=LINE('',#5887,#1471);
#925=LINE('',#5889,#1472);
#926=LINE('',#5893,#1473);
#927=LINE('',#5894,#1474);
#928=LINE('',#5895,#1475);
#929=LINE('',#5898,#1476);
#930=LINE('',#5899,#1477);
#931=LINE('',#5903,#1478);
#932=LINE('',#5904,#1479);
#933=LINE('',#5905,#1480);
#934=LINE('',#5908,#1481);
#935=LINE('',#5909,#1482);
#936=LINE('',#5911,#1483);
#937=LINE('',#5914,#1484);
#938=LINE('',#5915,#1485);
#939=LINE('',#5917,#1486);
#940=LINE('',#5918,#1487);
#941=LINE('',#5921,#1488);
#942=LINE('',#5922,#1489);
#943=LINE('',#5924,#1490);
#944=LINE('',#5925,#1491);
#945=LINE('',#5928,#1492);
#946=LINE('',#5929,#1493);
#947=LINE('',#5931,#1494);
#948=LINE('',#5932,#1495);
#949=LINE('',#5935,#1496);
#950=LINE('',#5937,#1497);
#951=LINE('',#5938,#1498);
#952=LINE('',#5939,#1499);
#953=LINE('',#5942,#1500);
#954=LINE('',#5944,#1501);
#955=LINE('',#5945,#1502);
#956=LINE('',#5948,#1503);
#957=LINE('',#5950,#1504);
#958=LINE('',#5951,#1505);
#959=LINE('',#5954,#1506);
#960=LINE('',#5956,#1507);
#961=LINE('',#5957,#1508);
#962=LINE('',#5960,#1509);
#963=LINE('',#5962,#1510);
#964=LINE('',#5963,#1511);
#965=LINE('',#5966,#1512);
#966=LINE('',#5968,#1513);
#967=LINE('',#5969,#1514);
#968=LINE('',#5972,#1515);
#969=LINE('',#5974,#1516);
#970=LINE('',#5975,#1517);
#971=LINE('',#5978,#1518);
#972=LINE('',#5980,#1519);
#973=LINE('',#5981,#1520);
#974=LINE('',#5983,#1521);
#975=LINE('',#5984,#1522);
#976=LINE('',#5987,#1523);
#977=LINE('',#5989,#1524);
#978=LINE('',#5990,#1525);
#979=LINE('',#5993,#1526);
#980=LINE('',#5995,#1527);
#981=LINE('',#5996,#1528);
#982=LINE('',#5999,#1529);
#983=LINE('',#6001,#1530);
#984=LINE('',#6002,#1531);
#985=LINE('',#6005,#1532);
#986=LINE('',#6007,#1533);
#987=LINE('',#6008,#1534);
#988=LINE('',#6011,#1535);
#989=LINE('',#6013,#1536);
#990=LINE('',#6014,#1537);
#991=LINE('',#6017,#1538);
#992=LINE('',#6019,#1539);
#993=LINE('',#6020,#1540);
#994=LINE('',#6023,#1541);
#995=LINE('',#6025,#1542);
#996=LINE('',#6026,#1543);
#997=LINE('',#6029,#1544);
#998=LINE('',#6031,#1545);
#999=LINE('',#6032,#1546);
#1000=LINE('',#6034,#1547);
#1001=LINE('',#6035,#1548);
#1002=LINE('',#6037,#1549);
#1003=LINE('',#6038,#1550);
#1004=LINE('',#6039,#1551);
#1005=LINE('',#6040,#1552);
#1006=LINE('',#6041,#1553);
#1007=LINE('',#6042,#1554);
#1008=LINE('',#6043,#1555);
#1009=LINE('',#6044,#1556);
#1010=LINE('',#6047,#1557);
#1011=LINE('',#6048,#1558);
#1012=LINE('',#6050,#1559);
#1013=LINE('',#6052,#1560);
#1014=LINE('',#6053,#1561);
#1015=LINE('',#6055,#1562);
#1016=LINE('',#6058,#1563);
#1017=LINE('',#6059,#1564);
#1018=LINE('',#6061,#1565);
#1019=LINE('',#6064,#1566);
#1020=LINE('',#6065,#1567);
#1021=LINE('',#6067,#1568);
#1022=LINE('',#6070,#1569);
#1023=LINE('',#6071,#1570);
#1024=LINE('',#6073,#1571);
#1025=LINE('',#6075,#1572);
#1026=LINE('',#6076,#1573);
#1027=LINE('',#6077,#1574);
#1028=LINE('',#6078,#1575);
#1029=LINE('',#6079,#1576);
#1030=LINE('',#6081,#1577);
#1031=LINE('',#6082,#1578);
#1032=LINE('',#6084,#1579);
#1033=LINE('',#6087,#1580);
#1034=LINE('',#6088,#1581);
#1035=LINE('',#6090,#1582);
#1036=LINE('',#6093,#1583);
#1037=LINE('',#6094,#1584);
#1038=LINE('',#6096,#1585);
#1039=LINE('',#6099,#1586);
#1040=LINE('',#6102,#1587);
#1041=LINE('',#6105,#1588);
#1042=LINE('',#6106,#1589);
#1043=LINE('',#6108,#1590);
#1044=LINE('',#6110,#1591);
#1045=LINE('',#6111,#1592);
#1046=LINE('',#6113,#1593);
#1047=LINE('',#6116,#1594);
#1048=LINE('',#6119,#1595);
#1049=LINE('',#6120,#1596);
#1050=LINE('',#6122,#1597);
#1051=LINE('',#6125,#1598);
#1052=LINE('',#6126,#1599);
#1053=LINE('',#6127,#1600);
#1054=LINE('',#6128,#1601);
#1055=LINE('',#6130,#1602);
#1056=LINE('',#6133,#1603);
#1057=LINE('',#6137,#1604);
#1058=LINE('',#6139,#1605);
#1059=LINE('',#6140,#1606);
#1060=LINE('',#6142,#1607);
#1061=LINE('',#6145,#1608);
#1062=LINE('',#6146,#1609);
#1063=LINE('',#6148,#1610);
#1064=LINE('',#6153,#1611);
#1065=LINE('',#6159,#1612);
#1066=LINE('',#6165,#1613);
#1067=LINE('',#6170,#1614);
#1068=LINE('',#6175,#1615);
#1069=LINE('',#6180,#1616);
#1070=LINE('',#6182,#1617);
#1071=LINE('',#6184,#1618);
#1072=LINE('',#6185,#1619);
#1073=LINE('',#6188,#1620);
#1074=LINE('',#6190,#1621);
#1075=LINE('',#6191,#1622);
#1076=LINE('',#6194,#1623);
#1077=LINE('',#6196,#1624);
#1078=LINE('',#6197,#1625);
#1079=LINE('',#6199,#1626);
#1080=LINE('',#6200,#1627);
#1081=VECTOR('',#4203,10.);
#1082=VECTOR('',#4204,10.);
#1083=VECTOR('',#4205,10.);
#1084=VECTOR('',#4206,10.);
#1085=VECTOR('',#4215,10.);
#1086=VECTOR('',#4216,10.);
#1087=VECTOR('',#4217,10.);
#1088=VECTOR('',#4218,10.);
#1089=VECTOR('',#4223,1.75);
#1090=VECTOR('',#4228,1.75);
#1091=VECTOR('',#4233,1.75);
#1092=VECTOR('',#4238,1.75);
#1093=VECTOR('',#4241,10.);
#1094=VECTOR('',#4242,10.);
#1095=VECTOR('',#4243,10.);
#1096=VECTOR('',#4246,10.);
#1097=VECTOR('',#4247,10.);
#1098=VECTOR('',#4250,10.);
#1099=VECTOR('',#4251,10.);
#1100=VECTOR('',#4254,10.);
#1101=VECTOR('',#4259,10.);
#1102=VECTOR('',#4260,10.);
#1103=VECTOR('',#4261,10.);
#1104=VECTOR('',#4262,10.);
#1105=VECTOR('',#4265,10.);
#1106=VECTOR('',#4266,10.);
#1107=VECTOR('',#4267,10.);
#1108=VECTOR('',#4270,10.);
#1109=VECTOR('',#4271,10.);
#1110=VECTOR('',#4272,10.);
#1111=VECTOR('',#4273,10.);
#1112=VECTOR('',#4276,10.);
#1113=VECTOR('',#4277,10.);
#1114=VECTOR('',#4278,10.);
#1115=VECTOR('',#4281,10.);
#1116=VECTOR('',#4282,10.);
#1117=VECTOR('',#4283,10.);
#1118=VECTOR('',#4284,10.);
#1119=VECTOR('',#4287,10.);
#1120=VECTOR('',#4288,10.);
#1121=VECTOR('',#4289,10.);
#1122=VECTOR('',#4292,10.);
#1123=VECTOR('',#4293,10.);
#1124=VECTOR('',#4294,10.);
#1125=VECTOR('',#4295,10.);
#1126=VECTOR('',#4298,10.);
#1127=VECTOR('',#4299,10.);
#1128=VECTOR('',#4300,10.);
#1129=VECTOR('',#4303,10.);
#1130=VECTOR('',#4304,10.);
#1131=VECTOR('',#4307,10.);
#1132=VECTOR('',#4308,10.);
#1133=VECTOR('',#4309,10.);
#1134=VECTOR('',#4310,10.);
#1135=VECTOR('',#4313,10.);
#1136=VECTOR('',#4314,10.);
#1137=VECTOR('',#4315,10.);
#1138=VECTOR('',#4316,10.);
#1139=VECTOR('',#4317,10.);
#1140=VECTOR('',#4318,10.);
#1141=VECTOR('',#4319,10.);
#1142=VECTOR('',#4320,10.);
#1143=VECTOR('',#4321,10.);
#1144=VECTOR('',#4322,10.);
#1145=VECTOR('',#4323,10.);
#1146=VECTOR('',#4324,10.);
#1147=VECTOR('',#4325,10.);
#1148=VECTOR('',#4326,10.);
#1149=VECTOR('',#4327,10.);
#1150=VECTOR('',#4328,10.);
#1151=VECTOR('',#4329,10.);
#1152=VECTOR('',#4330,10.);
#1153=VECTOR('',#4331,10.);
#1154=VECTOR('',#4332,10.);
#1155=VECTOR('',#4333,10.);
#1156=VECTOR('',#4334,10.);
#1157=VECTOR('',#4335,10.);
#1158=VECTOR('',#4336,10.);
#1159=VECTOR('',#4337,10.);
#1160=VECTOR('',#4338,10.);
#1161=VECTOR('',#4339,10.);
#1162=VECTOR('',#4340,10.);
#1163=VECTOR('',#4341,10.);
#1164=VECTOR('',#4342,10.);
#1165=VECTOR('',#4343,10.);
#1166=VECTOR('',#4344,10.);
#1167=VECTOR('',#4345,10.);
#1168=VECTOR('',#4346,10.);
#1169=VECTOR('',#4347,10.);
#1170=VECTOR('',#4348,10.);
#1171=VECTOR('',#4349,10.);
#1172=VECTOR('',#4350,10.);
#1173=VECTOR('',#4351,10.);
#1174=VECTOR('',#4352,10.);
#1175=VECTOR('',#4353,10.);
#1176=VECTOR('',#4354,10.);
#1177=VECTOR('',#4355,10.);
#1178=VECTOR('',#4356,10.);
#1179=VECTOR('',#4357,10.);
#1180=VECTOR('',#4358,10.);
#1181=VECTOR('',#4359,10.);
#1182=VECTOR('',#4360,10.);
#1183=VECTOR('',#4361,10.);
#1184=VECTOR('',#4362,10.);
#1185=VECTOR('',#4363,10.);
#1186=VECTOR('',#4364,10.);
#1187=VECTOR('',#4365,10.);
#1188=VECTOR('',#4366,10.);
#1189=VECTOR('',#4367,10.);
#1190=VECTOR('',#4368,10.);
#1191=VECTOR('',#4369,10.);
#1192=VECTOR('',#4370,10.);
#1193=VECTOR('',#4371,10.);
#1194=VECTOR('',#4372,10.);
#1195=VECTOR('',#4373,10.);
#1196=VECTOR('',#4374,10.);
#1197=VECTOR('',#4375,10.);
#1198=VECTOR('',#4376,10.);
#1199=VECTOR('',#4377,10.);
#1200=VECTOR('',#4378,10.);
#1201=VECTOR('',#4379,10.);
#1202=VECTOR('',#4380,10.);
#1203=VECTOR('',#4381,10.);
#1204=VECTOR('',#4382,10.);
#1205=VECTOR('',#4383,10.);
#1206=VECTOR('',#4384,10.);
#1207=VECTOR('',#4385,10.);
#1208=VECTOR('',#4388,10.);
#1209=VECTOR('',#4389,10.);
#1210=VECTOR('',#4390,10.);
#1211=VECTOR('',#4391,10.);
#1212=VECTOR('',#4392,10.);
#1213=VECTOR('',#4393,10.);
#1214=VECTOR('',#4394,10.);
#1215=VECTOR('',#4395,10.);
#1216=VECTOR('',#4396,10.);
#1217=VECTOR('',#4397,10.);
#1218=VECTOR('',#4398,10.);
#1219=VECTOR('',#4399,10.);
#1220=VECTOR('',#4400,10.);
#1221=VECTOR('',#4401,10.);
#1222=VECTOR('',#4402,10.);
#1223=VECTOR('',#4403,10.);
#1224=VECTOR('',#4404,10.);
#1225=VECTOR('',#4405,10.);
#1226=VECTOR('',#4406,10.);
#1227=VECTOR('',#4407,10.);
#1228=VECTOR('',#4408,10.);
#1229=VECTOR('',#4409,10.);
#1230=VECTOR('',#4410,10.);
#1231=VECTOR('',#4411,10.);
#1232=VECTOR('',#4412,10.);
#1233=VECTOR('',#4413,10.);
#1234=VECTOR('',#4414,10.);
#1235=VECTOR('',#4415,10.);
#1236=VECTOR('',#4416,10.);
#1237=VECTOR('',#4417,10.);
#1238=VECTOR('',#4418,10.);
#1239=VECTOR('',#4419,10.);
#1240=VECTOR('',#4420,10.);
#1241=VECTOR('',#4421,10.);
#1242=VECTOR('',#4422,10.);
#1243=VECTOR('',#4423,10.);
#1244=VECTOR('',#4424,10.);
#1245=VECTOR('',#4425,10.);
#1246=VECTOR('',#4426,10.);
#1247=VECTOR('',#4427,10.);
#1248=VECTOR('',#4428,10.);
#1249=VECTOR('',#4429,10.);
#1250=VECTOR('',#4430,10.);
#1251=VECTOR('',#4431,10.);
#1252=VECTOR('',#4432,10.);
#1253=VECTOR('',#4433,10.);
#1254=VECTOR('',#4434,10.);
#1255=VECTOR('',#4435,10.);
#1256=VECTOR('',#4436,10.);
#1257=VECTOR('',#4437,10.);
#1258=VECTOR('',#4438,10.);
#1259=VECTOR('',#4439,10.);
#1260=VECTOR('',#4440,10.);
#1261=VECTOR('',#4441,10.);
#1262=VECTOR('',#4442,10.);
#1263=VECTOR('',#4443,10.);
#1264=VECTOR('',#4444,10.);
#1265=VECTOR('',#4445,10.);
#1266=VECTOR('',#4446,10.);
#1267=VECTOR('',#4447,10.);
#1268=VECTOR('',#4448,10.);
#1269=VECTOR('',#4449,10.);
#1270=VECTOR('',#4450,10.);
#1271=VECTOR('',#4451,10.);
#1272=VECTOR('',#4452,10.);
#1273=VECTOR('',#4453,10.);
#1274=VECTOR('',#4454,10.);
#1275=VECTOR('',#4455,10.);
#1276=VECTOR('',#4456,10.);
#1277=VECTOR('',#4457,10.);
#1278=VECTOR('',#4458,10.);
#1279=VECTOR('',#4459,10.);
#1280=VECTOR('',#4460,10.);
#1281=VECTOR('',#4463,10.);
#1282=VECTOR('',#4464,10.);
#1283=VECTOR('',#4465,10.);
#1284=VECTOR('',#4466,10.);
#1285=VECTOR('',#4469,10.);
#1286=VECTOR('',#4470,10.);
#1287=VECTOR('',#4471,10.);
#1288=VECTOR('',#4472,10.);
#1289=VECTOR('',#4475,10.);
#1290=VECTOR('',#4476,10.);
#1291=VECTOR('',#4477,10.);
#1292=VECTOR('',#4480,10.);
#1293=VECTOR('',#4481,10.);
#1294=VECTOR('',#4484,10.);
#1295=VECTOR('',#4485,10.);
#1296=VECTOR('',#4486,10.);
#1297=VECTOR('',#4489,10.);
#1298=VECTOR('',#4490,10.);
#1299=VECTOR('',#4493,10.);
#1300=VECTOR('',#4494,10.);
#1301=VECTOR('',#4495,10.);
#1302=VECTOR('',#4496,10.);
#1303=VECTOR('',#4499,10.);
#1304=VECTOR('',#4500,10.);
#1305=VECTOR('',#4501,10.);
#1306=VECTOR('',#4504,10.);
#1307=VECTOR('',#4505,10.);
#1308=VECTOR('',#4506,10.);
#1309=VECTOR('',#4509,10.);
#1310=VECTOR('',#4510,10.);
#1311=VECTOR('',#4513,10.);
#1312=VECTOR('',#4514,10.);
#1313=VECTOR('',#4515,10.);
#1314=VECTOR('',#4516,10.);
#1315=VECTOR('',#4519,10.);
#1316=VECTOR('',#4520,10.);
#1317=VECTOR('',#4521,10.);
#1318=VECTOR('',#4524,10.);
#1319=VECTOR('',#4525,10.);
#1320=VECTOR('',#4526,10.);
#1321=VECTOR('',#4527,10.);
#1322=VECTOR('',#4528,10.);
#1323=VECTOR('',#4531,10.);
#1324=VECTOR('',#4532,10.);
#1325=VECTOR('',#4533,10.);
#1326=VECTOR('',#4536,10.);
#1327=VECTOR('',#4537,10.);
#1328=VECTOR('',#4540,10.);
#1329=VECTOR('',#4541,10.);
#1330=VECTOR('',#4542,10.);
#1331=VECTOR('',#4545,10.);
#1332=VECTOR('',#4546,10.);
#1333=VECTOR('',#4547,10.);
#1334=VECTOR('',#4550,10.);
#1335=VECTOR('',#4551,10.);
#1336=VECTOR('',#4554,10.);
#1337=VECTOR('',#4555,10.);
#1338=VECTOR('',#4556,10.);
#1339=VECTOR('',#4559,10.);
#1340=VECTOR('',#4560,10.);
#1341=VECTOR('',#4563,10.);
#1342=VECTOR('',#4564,10.);
#1343=VECTOR('',#4565,10.);
#1344=VECTOR('',#4566,10.);
#1345=VECTOR('',#4569,10.);
#1346=VECTOR('',#4570,10.);
#1347=VECTOR('',#4573,10.);
#1348=VECTOR('',#4574,10.);
#1349=VECTOR('',#4575,10.);
#1350=VECTOR('',#4578,10.);
#1351=VECTOR('',#4579,10.);
#1352=VECTOR('',#4580,10.);
#1353=VECTOR('',#4583,10.);
#1354=VECTOR('',#4584,10.);
#1355=VECTOR('',#4587,10.);
#1356=VECTOR('',#4588,10.);
#1357=VECTOR('',#4589,10.);
#1358=VECTOR('',#4590,10.);
#1359=VECTOR('',#4593,10.);
#1360=VECTOR('',#4594,10.);
#1361=VECTOR('',#4595,10.);
#1362=VECTOR('',#4598,10.);
#1363=VECTOR('',#4599,10.);
#1364=VECTOR('',#4600,10.);
#1365=VECTOR('',#4603,10.);
#1366=VECTOR('',#4604,10.);
#1367=VECTOR('',#4607,10.);
#1368=VECTOR('',#4608,10.);
#1369=VECTOR('',#4609,10.);
#1370=VECTOR('',#4610,10.);
#1371=VECTOR('',#4611,10.);
#1372=VECTOR('',#4612,10.);
#1373=VECTOR('',#4613,10.);
#1374=VECTOR('',#4614,10.);
#1375=VECTOR('',#4619,10.);
#1376=VECTOR('',#4620,10.);
#1377=VECTOR('',#4621,10.);
#1378=VECTOR('',#4622,10.);
#1379=VECTOR('',#4623,10.);
#1380=VECTOR('',#4624,10.);
#1381=VECTOR('',#4625,10.);
#1382=VECTOR('',#4626,10.);
#1383=VECTOR('',#4629,10.);
#1384=VECTOR('',#4630,10.);
#1385=VECTOR('',#4633,10.);
#1386=VECTOR('',#4634,10.);
#1387=VECTOR('',#4635,10.);
#1388=VECTOR('',#4638,10.);
#1389=VECTOR('',#4639,10.);
#1390=VECTOR('',#4642,10.);
#1391=VECTOR('',#4643,10.);
#1392=VECTOR('',#4644,10.);
#1393=VECTOR('',#4647,10.);
#1394=VECTOR('',#4648,10.);
#1395=VECTOR('',#4651,10.);
#1396=VECTOR('',#4654,10.);
#1397=VECTOR('',#4655,10.);
#1398=VECTOR('',#4656,10.);
#1399=VECTOR('',#4659,10.);
#1400=VECTOR('',#4660,10.);
#1401=VECTOR('',#4663,10.);
#1402=VECTOR('',#4666,10.);
#1403=VECTOR('',#4667,10.);
#1404=VECTOR('',#4668,10.);
#1405=VECTOR('',#4671,10.);
#1406=VECTOR('',#4672,10.);
#1407=VECTOR('',#4675,10.);
#1408=VECTOR('',#4678,10.);
#1409=VECTOR('',#4679,10.);
#1410=VECTOR('',#4680,10.);
#1411=VECTOR('',#4683,10.);
#1412=VECTOR('',#4684,10.);
#1413=VECTOR('',#4687,10.);
#1414=VECTOR('',#4688,10.);
#1415=VECTOR('',#4689,10.);
#1416=VECTOR('',#4692,10.);
#1417=VECTOR('',#4693,10.);
#1418=VECTOR('',#4696,10.);
#1419=VECTOR('',#4699,10.);
#1420=VECTOR('',#4700,10.);
#1421=VECTOR('',#4701,10.);
#1422=VECTOR('',#4704,10.);
#1423=VECTOR('',#4705,10.);
#1424=VECTOR('',#4708,10.);
#1425=VECTOR('',#4711,10.);
#1426=VECTOR('',#4712,10.);
#1427=VECTOR('',#4713,10.);
#1428=VECTOR('',#4716,10.);
#1429=VECTOR('',#4717,10.);
#1430=VECTOR('',#4720,10.);
#1431=VECTOR('',#4723,10.);
#1432=VECTOR('',#4724,10.);
#1433=VECTOR('',#4725,10.);
#1434=VECTOR('',#4728,10.);
#1435=VECTOR('',#4729,10.);
#1436=VECTOR('',#4732,10.);
#1437=VECTOR('',#4733,10.);
#1438=VECTOR('',#4734,10.);
#1439=VECTOR('',#4735,10.);
#1440=VECTOR('',#4736,10.);
#1441=VECTOR('',#4737,10.);
#1442=VECTOR('',#4738,10.);
#1443=VECTOR('',#4739,10.);
#1444=VECTOR('',#4740,10.);
#1445=VECTOR('',#4741,10.);
#1446=VECTOR('',#4744,10.);
#1447=VECTOR('',#4745,10.);
#1448=VECTOR('',#4746,10.);
#1449=VECTOR('',#4749,10.);
#1450=VECTOR('',#4750,10.);
#1451=VECTOR('',#4753,10.);
#1452=VECTOR('',#4754,10.);
#1453=VECTOR('',#4755,10.);
#1454=VECTOR('',#4758,10.);
#1455=VECTOR('',#4759,10.);
#1456=VECTOR('',#4762,10.);
#1457=VECTOR('',#4763,10.);
#1458=VECTOR('',#4764,10.);
#1459=VECTOR('',#4767,10.);
#1460=VECTOR('',#4768,10.);
#1461=VECTOR('',#4771,10.);
#1462=VECTOR('',#4774,10.);
#1463=VECTOR('',#4775,10.);
#1464=VECTOR('',#4776,10.);
#1465=VECTOR('',#4779,10.);
#1466=VECTOR('',#4780,10.);
#1467=VECTOR('',#4783,10.);
#1468=VECTOR('',#4784,10.);
#1469=VECTOR('',#4785,10.);
#1470=VECTOR('',#4788,10.);
#1471=VECTOR('',#4789,10.);
#1472=VECTOR('',#4792,10.);
#1473=VECTOR('',#4795,10.);
#1474=VECTOR('',#4796,10.);
#1475=VECTOR('',#4797,10.);
#1476=VECTOR('',#4800,10.);
#1477=VECTOR('',#4801,10.);
#1478=VECTOR('',#4804,10.);
#1479=VECTOR('',#4805,10.);
#1480=VECTOR('',#4806,10.);
#1481=VECTOR('',#4809,10.);
#1482=VECTOR('',#4810,10.);
#1483=VECTOR('',#4813,10.);
#1484=VECTOR('',#4816,10.);
#1485=VECTOR('',#4817,10.);
#1486=VECTOR('',#4818,10.);
#1487=VECTOR('',#4819,10.);
#1488=VECTOR('',#4822,10.);
#1489=VECTOR('',#4823,10.);
#1490=VECTOR('',#4824,10.);
#1491=VECTOR('',#4825,10.);
#1492=VECTOR('',#4828,10.);
#1493=VECTOR('',#4829,10.);
#1494=VECTOR('',#4830,10.);
#1495=VECTOR('',#4831,10.);
#1496=VECTOR('',#4834,10.);
#1497=VECTOR('',#4835,10.);
#1498=VECTOR('',#4836,10.);
#1499=VECTOR('',#4837,10.);
#1500=VECTOR('',#4838,10.);
#1501=VECTOR('',#4839,10.);
#1502=VECTOR('',#4840,10.);
#1503=VECTOR('',#4841,10.);
#1504=VECTOR('',#4842,10.);
#1505=VECTOR('',#4843,10.);
#1506=VECTOR('',#4844,10.);
#1507=VECTOR('',#4845,10.);
#1508=VECTOR('',#4846,10.);
#1509=VECTOR('',#4847,10.);
#1510=VECTOR('',#4848,10.);
#1511=VECTOR('',#4849,10.);
#1512=VECTOR('',#4850,10.);
#1513=VECTOR('',#4851,10.);
#1514=VECTOR('',#4852,10.);
#1515=VECTOR('',#4853,10.);
#1516=VECTOR('',#4854,10.);
#1517=VECTOR('',#4855,10.);
#1518=VECTOR('',#4856,10.);
#1519=VECTOR('',#4857,10.);
#1520=VECTOR('',#4858,10.);
#1521=VECTOR('',#4859,10.);
#1522=VECTOR('',#4860,10.);
#1523=VECTOR('',#4861,10.);
#1524=VECTOR('',#4862,10.);
#1525=VECTOR('',#4863,10.);
#1526=VECTOR('',#4864,10.);
#1527=VECTOR('',#4865,10.);
#1528=VECTOR('',#4866,10.);
#1529=VECTOR('',#4867,10.);
#1530=VECTOR('',#4868,10.);
#1531=VECTOR('',#4869,10.);
#1532=VECTOR('',#4870,10.);
#1533=VECTOR('',#4871,10.);
#1534=VECTOR('',#4872,10.);
#1535=VECTOR('',#4873,10.);
#1536=VECTOR('',#4874,10.);
#1537=VECTOR('',#4875,10.);
#1538=VECTOR('',#4876,10.);
#1539=VECTOR('',#4877,10.);
#1540=VECTOR('',#4878,10.);
#1541=VECTOR('',#4879,10.);
#1542=VECTOR('',#4880,10.);
#1543=VECTOR('',#4881,10.);
#1544=VECTOR('',#4882,10.);
#1545=VECTOR('',#4883,10.);
#1546=VECTOR('',#4884,10.);
#1547=VECTOR('',#4885,10.);
#1548=VECTOR('',#4886,10.);
#1549=VECTOR('',#4889,10.);
#1550=VECTOR('',#4890,10.);
#1551=VECTOR('',#4891,10.);
#1552=VECTOR('',#4892,10.);
#1553=VECTOR('',#4893,10.);
#1554=VECTOR('',#4894,10.);
#1555=VECTOR('',#4895,10.);
#1556=VECTOR('',#4896,10.);
#1557=VECTOR('',#4901,10.);
#1558=VECTOR('',#4902,10.);
#1559=VECTOR('',#4905,10.);
#1560=VECTOR('',#4908,10.);
#1561=VECTOR('',#4909,10.);
#1562=VECTOR('',#4912,10.);
#1563=VECTOR('',#4917,10.);
#1564=VECTOR('',#4918,10.);
#1565=VECTOR('',#4921,10.);
#1566=VECTOR('',#4926,10.);
#1567=VECTOR('',#4927,10.);
#1568=VECTOR('',#4930,10.);
#1569=VECTOR('',#4935,10.);
#1570=VECTOR('',#4936,10.);
#1571=VECTOR('',#4939,10.);
#1572=VECTOR('',#4942,10.);
#1573=VECTOR('',#4943,10.);
#1574=VECTOR('',#4944,10.);
#1575=VECTOR('',#4945,10.);
#1576=VECTOR('',#4946,10.);
#1577=VECTOR('',#4949,10.);
#1578=VECTOR('',#4950,10.);
#1579=VECTOR('',#4953,10.);
#1580=VECTOR('',#4958,10.);
#1581=VECTOR('',#4959,10.);
#1582=VECTOR('',#4962,10.);
#1583=VECTOR('',#4967,10.);
#1584=VECTOR('',#4968,10.);
#1585=VECTOR('',#4971,10.);
#1586=VECTOR('',#4976,10.);
#1587=VECTOR('',#4981,10.);
#1588=VECTOR('',#4986,10.);
#1589=VECTOR('',#4987,10.);
#1590=VECTOR('',#4990,10.);
#1591=VECTOR('',#4993,10.);
#1592=VECTOR('',#4994,10.);
#1593=VECTOR('',#4997,10.);
#1594=VECTOR('',#5002,10.);
#1595=VECTOR('',#5007,10.);
#1596=VECTOR('',#5008,10.);
#1597=VECTOR('',#5011,10.);
#1598=VECTOR('',#5016,10.);
#1599=VECTOR('',#5017,10.);
#1600=VECTOR('',#5018,10.);
#1601=VECTOR('',#5019,10.);
#1602=VECTOR('',#5022,10.);
#1603=VECTOR('',#5027,10.);
#1604=VECTOR('',#5034,10.);
#1605=VECTOR('',#5035,10.);
#1606=VECTOR('',#5036,10.);
#1607=VECTOR('',#5039,10.);
#1608=VECTOR('',#5042,10.);
#1609=VECTOR('',#5043,10.);
#1610=VECTOR('',#5046,10.);
#1611=VECTOR('',#5051,1.75);
#1612=VECTOR('',#5058,1.75);
#1613=VECTOR('',#5065,1.75);
#1614=VECTOR('',#5072,1.75);
#1615=VECTOR('',#5077,1.75);
#1616=VECTOR('',#5082,10.);
#1617=VECTOR('',#5083,10.);
#1618=VECTOR('',#5084,10.);
#1619=VECTOR('',#5085,10.);
#1620=VECTOR('',#5088,10.);
#1621=VECTOR('',#5089,10.);
#1622=VECTOR('',#5090,10.);
#1623=VECTOR('',#5093,10.);
#1624=VECTOR('',#5094,10.);
#1625=VECTOR('',#5095,10.);
#1626=VECTOR('',#5098,10.);
#1627=VECTOR('',#5099,10.);
#1628=VERTEX_POINT('',#5106);
#1629=VERTEX_POINT('',#5107);
#1630=VERTEX_POINT('',#5109);
#1631=VERTEX_POINT('',#5111);
#1632=VERTEX_POINT('',#5114);
#1633=VERTEX_POINT('',#5116);
#1634=VERTEX_POINT('',#5118);
#1635=VERTEX_POINT('',#5120);
#1636=VERTEX_POINT('',#5122);
#1637=VERTEX_POINT('',#5123);
#1638=VERTEX_POINT('',#5125);
#1639=VERTEX_POINT('',#5127);
#1640=VERTEX_POINT('',#5131);
#1641=VERTEX_POINT('',#5135);
#1642=VERTEX_POINT('',#5139);
#1643=VERTEX_POINT('',#5143);
#1644=VERTEX_POINT('',#5147);
#1645=VERTEX_POINT('',#5149);
#1646=VERTEX_POINT('',#5153);
#1647=VERTEX_POINT('',#5157);
#1648=VERTEX_POINT('',#5164);
#1649=VERTEX_POINT('',#5165);
#1650=VERTEX_POINT('',#5167);
#1651=VERTEX_POINT('',#5169);
#1652=VERTEX_POINT('',#5173);
#1653=VERTEX_POINT('',#5175);
#1654=VERTEX_POINT('',#5179);
#1655=VERTEX_POINT('',#5180);
#1656=VERTEX_POINT('',#5182);
#1657=VERTEX_POINT('',#5184);
#1658=VERTEX_POINT('',#5188);
#1659=VERTEX_POINT('',#5190);
#1660=VERTEX_POINT('',#5194);
#1661=VERTEX_POINT('',#5195);
#1662=VERTEX_POINT('',#5197);
#1663=VERTEX_POINT('',#5199);
#1664=VERTEX_POINT('',#5203);
#1665=VERTEX_POINT('',#5205);
#1666=VERTEX_POINT('',#5209);
#1667=VERTEX_POINT('',#5210);
#1668=VERTEX_POINT('',#5212);
#1669=VERTEX_POINT('',#5214);
#1670=VERTEX_POINT('',#5218);
#1671=VERTEX_POINT('',#5220);
#1672=VERTEX_POINT('',#5227);
#1673=VERTEX_POINT('',#5228);
#1674=VERTEX_POINT('',#5230);
#1675=VERTEX_POINT('',#5232);
#1676=VERTEX_POINT('',#5237);
#1677=VERTEX_POINT('',#5239);
#1678=VERTEX_POINT('',#5241);
#1679=VERTEX_POINT('',#5243);
#1680=VERTEX_POINT('',#5245);
#1681=VERTEX_POINT('',#5247);
#1682=VERTEX_POINT('',#5250);
#1683=VERTEX_POINT('',#5252);
#1684=VERTEX_POINT('',#5254);
#1685=VERTEX_POINT('',#5256);
#1686=VERTEX_POINT('',#5258);
#1687=VERTEX_POINT('',#5260);
#1688=VERTEX_POINT('',#5262);
#1689=VERTEX_POINT('',#5264);
#1690=VERTEX_POINT('',#5266);
#1691=VERTEX_POINT('',#5268);
#1692=VERTEX_POINT('',#5270);
#1693=VERTEX_POINT('',#5272);
#1694=VERTEX_POINT('',#5274);
#1695=VERTEX_POINT('',#5276);
#1696=VERTEX_POINT('',#5278);
#1697=VERTEX_POINT('',#5280);
#1698=VERTEX_POINT('',#5282);
#1699=VERTEX_POINT('',#5284);
#1700=VERTEX_POINT('',#5286);
#1701=VERTEX_POINT('',#5288);
#1702=VERTEX_POINT('',#5290);
#1703=VERTEX_POINT('',#5292);
#1704=VERTEX_POINT('',#5294);
#1705=VERTEX_POINT('',#5296);
#1706=VERTEX_POINT('',#5298);
#1707=VERTEX_POINT('',#5300);
#1708=VERTEX_POINT('',#5302);
#1709=VERTEX_POINT('',#5304);
#1710=VERTEX_POINT('',#5306);
#1711=VERTEX_POINT('',#5308);
#1712=VERTEX_POINT('',#5310);
#1713=VERTEX_POINT('',#5312);
#1714=VERTEX_POINT('',#5314);
#1715=VERTEX_POINT('',#5316);
#1716=VERTEX_POINT('',#5318);
#1717=VERTEX_POINT('',#5320);
#1718=VERTEX_POINT('',#5322);
#1719=VERTEX_POINT('',#5324);
#1720=VERTEX_POINT('',#5326);
#1721=VERTEX_POINT('',#5328);
#1722=VERTEX_POINT('',#5331);
#1723=VERTEX_POINT('',#5332);
#1724=VERTEX_POINT('',#5334);
#1725=VERTEX_POINT('',#5337);
#1726=VERTEX_POINT('',#5338);
#1727=VERTEX_POINT('',#5340);
#1728=VERTEX_POINT('',#5343);
#1729=VERTEX_POINT('',#5344);
#1730=VERTEX_POINT('',#5346);
#1731=VERTEX_POINT('',#5349);
#1732=VERTEX_POINT('',#5350);
#1733=VERTEX_POINT('',#5352);
#1734=VERTEX_POINT('',#5355);
#1735=VERTEX_POINT('',#5356);
#1736=VERTEX_POINT('',#5358);
#1737=VERTEX_POINT('',#5361);
#1738=VERTEX_POINT('',#5362);
#1739=VERTEX_POINT('',#5364);
#1740=VERTEX_POINT('',#5367);
#1741=VERTEX_POINT('',#5368);
#1742=VERTEX_POINT('',#5370);
#1743=VERTEX_POINT('',#5373);
#1744=VERTEX_POINT('',#5374);
#1745=VERTEX_POINT('',#5376);
#1746=VERTEX_POINT('',#5380);
#1747=VERTEX_POINT('',#5382);
#1748=VERTEX_POINT('',#5384);
#1749=VERTEX_POINT('',#5386);
#1750=VERTEX_POINT('',#5388);
#1751=VERTEX_POINT('',#5390);
#1752=VERTEX_POINT('',#5392);
#1753=VERTEX_POINT('',#5394);
#1754=VERTEX_POINT('',#5396);
#1755=VERTEX_POINT('',#5398);
#1756=VERTEX_POINT('',#5400);
#1757=VERTEX_POINT('',#5402);
#1758=VERTEX_POINT('',#5404);
#1759=VERTEX_POINT('',#5406);
#1760=VERTEX_POINT('',#5408);
#1761=VERTEX_POINT('',#5410);
#1762=VERTEX_POINT('',#5412);
#1763=VERTEX_POINT('',#5414);
#1764=VERTEX_POINT('',#5416);
#1765=VERTEX_POINT('',#5418);
#1766=VERTEX_POINT('',#5420);
#1767=VERTEX_POINT('',#5422);
#1768=VERTEX_POINT('',#5424);
#1769=VERTEX_POINT('',#5426);
#1770=VERTEX_POINT('',#5428);
#1771=VERTEX_POINT('',#5430);
#1772=VERTEX_POINT('',#5432);
#1773=VERTEX_POINT('',#5434);
#1774=VERTEX_POINT('',#5436);
#1775=VERTEX_POINT('',#5438);
#1776=VERTEX_POINT('',#5440);
#1777=VERTEX_POINT('',#5442);
#1778=VERTEX_POINT('',#5444);
#1779=VERTEX_POINT('',#5446);
#1780=VERTEX_POINT('',#5448);
#1781=VERTEX_POINT('',#5450);
#1782=VERTEX_POINT('',#5452);
#1783=VERTEX_POINT('',#5454);
#1784=VERTEX_POINT('',#5456);
#1785=VERTEX_POINT('',#5458);
#1786=VERTEX_POINT('',#5461);
#1787=VERTEX_POINT('',#5463);
#1788=VERTEX_POINT('',#5465);
#1789=VERTEX_POINT('',#5467);
#1790=VERTEX_POINT('',#5469);
#1791=VERTEX_POINT('',#5471);
#1792=VERTEX_POINT('',#5475);
#1793=VERTEX_POINT('',#5476);
#1794=VERTEX_POINT('',#5478);
#1795=VERTEX_POINT('',#5481);
#1796=VERTEX_POINT('',#5482);
#1797=VERTEX_POINT('',#5484);
#1798=VERTEX_POINT('',#5487);
#1799=VERTEX_POINT('',#5488);
#1800=VERTEX_POINT('',#5490);
#1801=VERTEX_POINT('',#5493);
#1802=VERTEX_POINT('',#5494);
#1803=VERTEX_POINT('',#5496);
#1804=VERTEX_POINT('',#5499);
#1805=VERTEX_POINT('',#5500);
#1806=VERTEX_POINT('',#5502);
#1807=VERTEX_POINT('',#5505);
#1808=VERTEX_POINT('',#5506);
#1809=VERTEX_POINT('',#5508);
#1810=VERTEX_POINT('',#5511);
#1811=VERTEX_POINT('',#5512);
#1812=VERTEX_POINT('',#5514);
#1813=VERTEX_POINT('',#5517);
#1814=VERTEX_POINT('',#5518);
#1815=VERTEX_POINT('',#5520);
#1816=VERTEX_POINT('',#5524);
#1817=VERTEX_POINT('',#5525);
#1818=VERTEX_POINT('',#5527);
#1819=VERTEX_POINT('',#5529);
#1820=VERTEX_POINT('',#5533);
#1821=VERTEX_POINT('',#5534);
#1822=VERTEX_POINT('',#5536);
#1823=VERTEX_POINT('',#5538);
#1824=VERTEX_POINT('',#5542);
#1825=VERTEX_POINT('',#5544);
#1826=VERTEX_POINT('',#5551);
#1827=VERTEX_POINT('',#5553);
#1828=VERTEX_POINT('',#5560);
#1829=VERTEX_POINT('',#5561);
#1830=VERTEX_POINT('',#5564);
#1831=VERTEX_POINT('',#5568);
#1832=VERTEX_POINT('',#5573);
#1833=VERTEX_POINT('',#5575);
#1834=VERTEX_POINT('',#5582);
#1835=VERTEX_POINT('',#5584);
#1836=VERTEX_POINT('',#5586);
#1837=VERTEX_POINT('',#5590);
#1838=VERTEX_POINT('',#5592);
#1839=VERTEX_POINT('',#5596);
#1840=VERTEX_POINT('',#5597);
#1841=VERTEX_POINT('',#5600);
#1842=VERTEX_POINT('',#5602);
#1843=VERTEX_POINT('',#5606);
#1844=VERTEX_POINT('',#5608);
#1845=VERTEX_POINT('',#5615);
#1846=VERTEX_POINT('',#5617);
#1847=VERTEX_POINT('',#5621);
#1848=VERTEX_POINT('',#5623);
#1849=VERTEX_POINT('',#5630);
#1850=VERTEX_POINT('',#5632);
#1851=VERTEX_POINT('',#5639);
#1852=VERTEX_POINT('',#5640);
#1853=VERTEX_POINT('',#5646);
#1854=VERTEX_POINT('',#5650);
#1855=VERTEX_POINT('',#5655);
#1856=VERTEX_POINT('',#5657);
#1857=VERTEX_POINT('',#5664);
#1858=VERTEX_POINT('',#5665);
#1859=VERTEX_POINT('',#5667);
#1860=VERTEX_POINT('',#5669);
#1861=VERTEX_POINT('',#5673);
#1862=VERTEX_POINT('',#5674);
#1863=VERTEX_POINT('',#5679);
#1864=VERTEX_POINT('',#5681);
#1865=VERTEX_POINT('',#5689);
#1866=VERTEX_POINT('',#5691);
#1867=VERTEX_POINT('',#5695);
#1868=VERTEX_POINT('',#5697);
#1869=VERTEX_POINT('',#5700);
#1870=VERTEX_POINT('',#5703);
#1871=VERTEX_POINT('',#5704);
#1872=VERTEX_POINT('',#5708);
#1873=VERTEX_POINT('',#5710);
#1874=VERTEX_POINT('',#5716);
#1875=VERTEX_POINT('',#5720);
#1876=VERTEX_POINT('',#5721);
#1877=VERTEX_POINT('',#5726);
#1878=VERTEX_POINT('',#5730);
#1879=VERTEX_POINT('',#5731);
#1880=VERTEX_POINT('',#5736);
#1881=VERTEX_POINT('',#5742);
#1882=VERTEX_POINT('',#5743);
#1883=VERTEX_POINT('',#5748);
#1884=VERTEX_POINT('',#5754);
#1885=VERTEX_POINT('',#5755);
#1886=VERTEX_POINT('',#5760);
#1887=VERTEX_POINT('',#5766);
#1888=VERTEX_POINT('',#5767);
#1889=VERTEX_POINT('',#5772);
#1890=VERTEX_POINT('',#5776);
#1891=VERTEX_POINT('',#5777);
#1892=VERTEX_POINT('',#5782);
#1893=VERTEX_POINT('',#5788);
#1894=VERTEX_POINT('',#5789);
#1895=VERTEX_POINT('',#5794);
#1896=VERTEX_POINT('',#5800);
#1897=VERTEX_POINT('',#5801);
#1898=VERTEX_POINT('',#5806);
#1899=VERTEX_POINT('',#5812);
#1900=VERTEX_POINT('',#5813);
#1901=VERTEX_POINT('',#5818);
#1902=VERTEX_POINT('',#5825);
#1903=VERTEX_POINT('',#5828);
#1904=VERTEX_POINT('',#5831);
#1905=VERTEX_POINT('',#5833);
#1906=VERTEX_POINT('',#5837);
#1907=VERTEX_POINT('',#5838);
#1908=VERTEX_POINT('',#5843);
#1909=VERTEX_POINT('',#5847);
#1910=VERTEX_POINT('',#5848);
#1911=VERTEX_POINT('',#5853);
#1912=VERTEX_POINT('',#5857);
#1913=VERTEX_POINT('',#5858);
#1914=VERTEX_POINT('',#5863);
#1915=VERTEX_POINT('',#5869);
#1916=VERTEX_POINT('',#5870);
#1917=VERTEX_POINT('',#5875);
#1918=VERTEX_POINT('',#5879);
#1919=VERTEX_POINT('',#5880);
#1920=VERTEX_POINT('',#5885);
#1921=VERTEX_POINT('',#5891);
#1922=VERTEX_POINT('',#5892);
#1923=VERTEX_POINT('',#5897);
#1924=VERTEX_POINT('',#5901);
#1925=VERTEX_POINT('',#5902);
#1926=VERTEX_POINT('',#5907);
#1927=VERTEX_POINT('',#5913);
#1928=VERTEX_POINT('',#5916);
#1929=VERTEX_POINT('',#5920);
#1930=VERTEX_POINT('',#5923);
#1931=VERTEX_POINT('',#5927);
#1932=VERTEX_POINT('',#5930);
#1933=VERTEX_POINT('',#5934);
#1934=VERTEX_POINT('',#5936);
#1935=VERTEX_POINT('',#5940);
#1936=VERTEX_POINT('',#5941);
#1937=VERTEX_POINT('',#5943);
#1938=VERTEX_POINT('',#5946);
#1939=VERTEX_POINT('',#5947);
#1940=VERTEX_POINT('',#5949);
#1941=VERTEX_POINT('',#5952);
#1942=VERTEX_POINT('',#5953);
#1943=VERTEX_POINT('',#5955);
#1944=VERTEX_POINT('',#5958);
#1945=VERTEX_POINT('',#5959);
#1946=VERTEX_POINT('',#5961);
#1947=VERTEX_POINT('',#5964);
#1948=VERTEX_POINT('',#5965);
#1949=VERTEX_POINT('',#5967);
#1950=VERTEX_POINT('',#5970);
#1951=VERTEX_POINT('',#5971);
#1952=VERTEX_POINT('',#5973);
#1953=VERTEX_POINT('',#5976);
#1954=VERTEX_POINT('',#5977);
#1955=VERTEX_POINT('',#5979);
#1956=VERTEX_POINT('',#5982);
#1957=VERTEX_POINT('',#5985);
#1958=VERTEX_POINT('',#5986);
#1959=VERTEX_POINT('',#5988);
#1960=VERTEX_POINT('',#5991);
#1961=VERTEX_POINT('',#5992);
#1962=VERTEX_POINT('',#5994);
#1963=VERTEX_POINT('',#5997);
#1964=VERTEX_POINT('',#5998);
#1965=VERTEX_POINT('',#6000);
#1966=VERTEX_POINT('',#6003);
#1967=VERTEX_POINT('',#6004);
#1968=VERTEX_POINT('',#6006);
#1969=VERTEX_POINT('',#6009);
#1970=VERTEX_POINT('',#6010);
#1971=VERTEX_POINT('',#6012);
#1972=VERTEX_POINT('',#6015);
#1973=VERTEX_POINT('',#6016);
#1974=VERTEX_POINT('',#6018);
#1975=VERTEX_POINT('',#6021);
#1976=VERTEX_POINT('',#6022);
#1977=VERTEX_POINT('',#6024);
#1978=VERTEX_POINT('',#6027);
#1979=VERTEX_POINT('',#6028);
#1980=VERTEX_POINT('',#6030);
#1981=VERTEX_POINT('',#6033);
#1982=VERTEX_POINT('',#6138);
#1983=VERTEX_POINT('',#6144);
#1984=VERTEX_POINT('',#6150);
#1985=VERTEX_POINT('',#6152);
#1986=VERTEX_POINT('',#6156);
#1987=VERTEX_POINT('',#6158);
#1988=VERTEX_POINT('',#6162);
#1989=VERTEX_POINT('',#6164);
#1990=VERTEX_POINT('',#6168);
#1991=VERTEX_POINT('',#6172);
#1992=VERTEX_POINT('',#6174);
#1993=VERTEX_POINT('',#6178);
#1994=VERTEX_POINT('',#6179);
#1995=VERTEX_POINT('',#6181);
#1996=VERTEX_POINT('',#6183);
#1997=VERTEX_POINT('',#6187);
#1998=VERTEX_POINT('',#6189);
#1999=VERTEX_POINT('',#6193);
#2000=VERTEX_POINT('',#6195);
#2001=EDGE_CURVE('',#1628,#1629,#534,.T.);
#2002=EDGE_CURVE('',#1629,#1630,#535,.T.);
#2003=EDGE_CURVE('',#1630,#1631,#536,.T.);
#2004=EDGE_CURVE('',#1631,#1628,#537,.T.);
#2005=EDGE_CURVE('',#1632,#1632,#110,.T.);
#2006=EDGE_CURVE('',#1633,#1633,#111,.T.);
#2007=EDGE_CURVE('',#1634,#1634,#112,.T.);
#2008=EDGE_CURVE('',#1635,#1635,#113,.T.);
#2009=EDGE_CURVE('',#1636,#1637,#538,.T.);
#2010=EDGE_CURVE('',#1638,#1637,#539,.T.);
#2011=EDGE_CURVE('',#1639,#1638,#540,.T.);
#2012=EDGE_CURVE('',#1639,#1636,#541,.T.);
#2013=EDGE_CURVE('',#1640,#1640,#114,.T.);
#2014=EDGE_CURVE('',#1640,#1632,#542,.T.);
#2015=EDGE_CURVE('',#1641,#1641,#115,.T.);
#2016=EDGE_CURVE('',#1641,#1633,#543,.T.);
#2017=EDGE_CURVE('',#1642,#1642,#116,.T.);
#2018=EDGE_CURVE('',#1642,#1634,#544,.T.);
#2019=EDGE_CURVE('',#1643,#1643,#117,.T.);
#2020=EDGE_CURVE('',#1643,#1635,#545,.T.);
#2021=EDGE_CURVE('',#1629,#1644,#546,.T.);
#2022=EDGE_CURVE('',#1645,#1644,#547,.T.);
#2023=EDGE_CURVE('',#1630,#1645,#548,.T.);
#2024=EDGE_CURVE('',#1646,#1645,#549,.T.);
#2025=EDGE_CURVE('',#1631,#1646,#550,.T.);
#2026=EDGE_CURVE('',#1647,#1646,#551,.T.);
#2027=EDGE_CURVE('',#1628,#1647,#552,.T.);
#2028=EDGE_CURVE('',#1644,#1647,#553,.T.);
#2029=EDGE_CURVE('',#1648,#1649,#554,.T.);
#2030=EDGE_CURVE('',#1648,#1650,#555,.T.);
#2031=EDGE_CURVE('',#1651,#1650,#556,.T.);
#2032=EDGE_CURVE('',#1649,#1651,#557,.T.);
#2033=EDGE_CURVE('',#1652,#1649,#558,.T.);
#2034=EDGE_CURVE('',#1653,#1651,#559,.T.);
#2035=EDGE_CURVE('',#1653,#1652,#560,.T.);
#2036=EDGE_CURVE('',#1654,#1655,#561,.T.);
#2037=EDGE_CURVE('',#1656,#1655,#562,.T.);
#2038=EDGE_CURVE('',#1657,#1656,#563,.T.);
#2039=EDGE_CURVE('',#1654,#1657,#564,.T.);
#2040=EDGE_CURVE('',#1654,#1658,#565,.T.);
#2041=EDGE_CURVE('',#1659,#1657,#566,.T.);
#2042=EDGE_CURVE('',#1658,#1659,#567,.T.);
#2043=EDGE_CURVE('',#1660,#1661,#568,.T.);
#2044=EDGE_CURVE('',#1662,#1660,#569,.T.);
#2045=EDGE_CURVE('',#1663,#1662,#570,.T.);
#2046=EDGE_CURVE('',#1661,#1663,#571,.T.);
#2047=EDGE_CURVE('',#1664,#1661,#572,.T.);
#2048=EDGE_CURVE('',#1665,#1663,#573,.T.);
#2049=EDGE_CURVE('',#1664,#1665,#574,.T.);
#2050=EDGE_CURVE('',#1666,#1667,#575,.T.);
#2051=EDGE_CURVE('',#1668,#1667,#576,.T.);
#2052=EDGE_CURVE('',#1669,#1668,#577,.T.);
#2053=EDGE_CURVE('',#1666,#1669,#578,.T.);
#2054=EDGE_CURVE('',#1666,#1670,#579,.T.);
#2055=EDGE_CURVE('',#1671,#1669,#580,.T.);
#2056=EDGE_CURVE('',#1670,#1671,#581,.T.);
#2057=EDGE_CURVE('',#1664,#1660,#582,.T.);
#2058=EDGE_CURVE('',#1662,#1665,#583,.T.);
#2059=EDGE_CURVE('',#1672,#1673,#584,.T.);
#2060=EDGE_CURVE('',#1674,#1672,#585,.T.);
#2061=EDGE_CURVE('',#1675,#1674,#586,.T.);
#2062=EDGE_CURVE('',#1673,#1675,#587,.T.);
#2063=EDGE_CURVE('',#1658,#1655,#588,.T.);
#2064=EDGE_CURVE('',#1676,#1659,#589,.T.);
#2065=EDGE_CURVE('',#1677,#1676,#590,.T.);
#2066=EDGE_CURVE('',#1678,#1677,#591,.T.);
#2067=EDGE_CURVE('',#1678,#1679,#592,.T.);
#2068=EDGE_CURVE('',#1680,#1679,#593,.T.);
#2069=EDGE_CURVE('',#1681,#1680,#594,.T.);
#2070=EDGE_CURVE('',#1681,#1674,#595,.T.);
#2071=EDGE_CURVE('',#1682,#1672,#596,.T.);
#2072=EDGE_CURVE('',#1682,#1683,#597,.T.);
#2073=EDGE_CURVE('',#1683,#1684,#598,.T.);
#2074=EDGE_CURVE('',#1685,#1684,#599,.T.);
#2075=EDGE_CURVE('',#1686,#1685,#600,.T.);
#2076=EDGE_CURVE('',#1687,#1686,#601,.T.);
#2077=EDGE_CURVE('',#1687,#1688,#602,.T.);
#2078=EDGE_CURVE('',#1689,#1688,#603,.T.);
#2079=EDGE_CURVE('',#1689,#1690,#604,.T.);
#2080=EDGE_CURVE('',#1691,#1690,#605,.T.);
#2081=EDGE_CURVE('',#1692,#1691,#606,.T.);
#2082=EDGE_CURVE('',#1693,#1692,#607,.T.);
#2083=EDGE_CURVE('',#1693,#1694,#608,.T.);
#2084=EDGE_CURVE('',#1694,#1695,#609,.T.);
#2085=EDGE_CURVE('',#1696,#1695,#610,.T.);
#2086=EDGE_CURVE('',#1697,#1696,#611,.T.);
#2087=EDGE_CURVE('',#1698,#1697,#612,.T.);
#2088=EDGE_CURVE('',#1698,#1699,#613,.T.);
#2089=EDGE_CURVE('',#1700,#1699,#614,.T.);
#2090=EDGE_CURVE('',#1700,#1701,#615,.T.);
#2091=EDGE_CURVE('',#1701,#1702,#616,.T.);
#2092=EDGE_CURVE('',#1703,#1702,#617,.T.);
#2093=EDGE_CURVE('',#1704,#1703,#618,.T.);
#2094=EDGE_CURVE('',#1704,#1705,#619,.T.);
#2095=EDGE_CURVE('',#1705,#1706,#620,.T.);
#2096=EDGE_CURVE('',#1707,#1706,#621,.T.);
#2097=EDGE_CURVE('',#1708,#1707,#622,.T.);
#2098=EDGE_CURVE('',#1708,#1709,#623,.T.);
#2099=EDGE_CURVE('',#1710,#1709,#624,.T.);
#2100=EDGE_CURVE('',#1711,#1710,#625,.T.);
#2101=EDGE_CURVE('',#1712,#1711,#626,.T.);
#2102=EDGE_CURVE('',#1712,#1713,#627,.T.);
#2103=EDGE_CURVE('',#1714,#1713,#628,.T.);
#2104=EDGE_CURVE('',#1714,#1715,#629,.T.);
#2105=EDGE_CURVE('',#1716,#1715,#630,.T.);
#2106=EDGE_CURVE('',#1717,#1716,#631,.T.);
#2107=EDGE_CURVE('',#1718,#1717,#632,.T.);
#2108=EDGE_CURVE('',#1718,#1719,#633,.T.);
#2109=EDGE_CURVE('',#1719,#1720,#634,.T.);
#2110=EDGE_CURVE('',#1721,#1720,#635,.T.);
#2111=EDGE_CURVE('',#1721,#1656,#636,.T.);
#2112=EDGE_CURVE('',#1722,#1723,#637,.T.);
#2113=EDGE_CURVE('',#1724,#1722,#638,.T.);
#2114=EDGE_CURVE('',#1723,#1724,#639,.T.);
#2115=EDGE_CURVE('',#1725,#1726,#640,.T.);
#2116=EDGE_CURVE('',#1727,#1725,#641,.T.);
#2117=EDGE_CURVE('',#1726,#1727,#642,.T.);
#2118=EDGE_CURVE('',#1728,#1729,#643,.T.);
#2119=EDGE_CURVE('',#1730,#1728,#644,.T.);
#2120=EDGE_CURVE('',#1729,#1730,#645,.T.);
#2121=EDGE_CURVE('',#1731,#1732,#646,.T.);
#2122=EDGE_CURVE('',#1733,#1731,#647,.T.);
#2123=EDGE_CURVE('',#1732,#1733,#648,.T.);
#2124=EDGE_CURVE('',#1734,#1735,#649,.T.);
#2125=EDGE_CURVE('',#1736,#1734,#650,.T.);
#2126=EDGE_CURVE('',#1735,#1736,#651,.T.);
#2127=EDGE_CURVE('',#1737,#1738,#652,.T.);
#2128=EDGE_CURVE('',#1739,#1737,#653,.T.);
#2129=EDGE_CURVE('',#1738,#1739,#654,.T.);
#2130=EDGE_CURVE('',#1740,#1741,#655,.T.);
#2131=EDGE_CURVE('',#1742,#1740,#656,.T.);
#2132=EDGE_CURVE('',#1741,#1742,#657,.T.);
#2133=EDGE_CURVE('',#1743,#1744,#658,.T.);
#2134=EDGE_CURVE('',#1745,#1743,#659,.T.);
#2135=EDGE_CURVE('',#1744,#1745,#660,.T.);
#2136=EDGE_CURVE('',#1671,#1746,#661,.T.);
#2137=EDGE_CURVE('',#1746,#1747,#662,.T.);
#2138=EDGE_CURVE('',#1747,#1748,#663,.T.);
#2139=EDGE_CURVE('',#1748,#1749,#664,.T.);
#2140=EDGE_CURVE('',#1749,#1750,#665,.T.);
#2141=EDGE_CURVE('',#1750,#1751,#666,.T.);
#2142=EDGE_CURVE('',#1751,#1752,#667,.T.);
#2143=EDGE_CURVE('',#1752,#1753,#668,.T.);
#2144=EDGE_CURVE('',#1753,#1754,#669,.T.);
#2145=EDGE_CURVE('',#1754,#1755,#670,.T.);
#2146=EDGE_CURVE('',#1755,#1756,#671,.T.);
#2147=EDGE_CURVE('',#1756,#1757,#672,.T.);
#2148=EDGE_CURVE('',#1757,#1758,#673,.T.);
#2149=EDGE_CURVE('',#1758,#1759,#674,.T.);
#2150=EDGE_CURVE('',#1759,#1760,#675,.T.);
#2151=EDGE_CURVE('',#1760,#1761,#676,.T.);
#2152=EDGE_CURVE('',#1761,#1762,#677,.T.);
#2153=EDGE_CURVE('',#1762,#1763,#678,.T.);
#2154=EDGE_CURVE('',#1763,#1764,#679,.T.);
#2155=EDGE_CURVE('',#1764,#1765,#680,.T.);
#2156=EDGE_CURVE('',#1765,#1766,#681,.T.);
#2157=EDGE_CURVE('',#1766,#1767,#682,.T.);
#2158=EDGE_CURVE('',#1767,#1768,#683,.T.);
#2159=EDGE_CURVE('',#1768,#1769,#684,.T.);
#2160=EDGE_CURVE('',#1769,#1770,#685,.T.);
#2161=EDGE_CURVE('',#1770,#1771,#686,.T.);
#2162=EDGE_CURVE('',#1772,#1771,#687,.T.);
#2163=EDGE_CURVE('',#1772,#1773,#688,.T.);
#2164=EDGE_CURVE('',#1773,#1774,#689,.T.);
#2165=EDGE_CURVE('',#1774,#1775,#690,.T.);
#2166=EDGE_CURVE('',#1775,#1776,#691,.T.);
#2167=EDGE_CURVE('',#1776,#1777,#692,.T.);
#2168=EDGE_CURVE('',#1777,#1778,#693,.T.);
#2169=EDGE_CURVE('',#1778,#1779,#694,.T.);
#2170=EDGE_CURVE('',#1779,#1780,#695,.T.);
#2171=EDGE_CURVE('',#1780,#1781,#696,.T.);
#2172=EDGE_CURVE('',#1781,#1782,#697,.T.);
#2173=EDGE_CURVE('',#1782,#1783,#698,.T.);
#2174=EDGE_CURVE('',#1783,#1784,#699,.T.);
#2175=EDGE_CURVE('',#1784,#1785,#700,.T.);
#2176=EDGE_CURVE('',#1785,#1673,#701,.T.);
#2177=EDGE_CURVE('',#1675,#1786,#702,.T.);
#2178=EDGE_CURVE('',#1786,#1787,#703,.T.);
#2179=EDGE_CURVE('',#1787,#1788,#704,.T.);
#2180=EDGE_CURVE('',#1788,#1789,#705,.T.);
#2181=EDGE_CURVE('',#1789,#1790,#706,.T.);
#2182=EDGE_CURVE('',#1790,#1791,#707,.T.);
#2183=EDGE_CURVE('',#1791,#1668,#708,.T.);
#2184=EDGE_CURVE('',#1667,#1670,#709,.T.);
#2185=EDGE_CURVE('',#1792,#1793,#710,.T.);
#2186=EDGE_CURVE('',#1793,#1794,#711,.T.);
#2187=EDGE_CURVE('',#1794,#1792,#712,.T.);
#2188=EDGE_CURVE('',#1795,#1796,#713,.T.);
#2189=EDGE_CURVE('',#1796,#1797,#714,.T.);
#2190=EDGE_CURVE('',#1797,#1795,#715,.T.);
#2191=EDGE_CURVE('',#1798,#1799,#716,.T.);
#2192=EDGE_CURVE('',#1799,#1800,#717,.T.);
#2193=EDGE_CURVE('',#1800,#1798,#718,.T.);
#2194=EDGE_CURVE('',#1801,#1802,#719,.T.);
#2195=EDGE_CURVE('',#1802,#1803,#720,.T.);
#2196=EDGE_CURVE('',#1803,#1801,#721,.T.);
#2197=EDGE_CURVE('',#1804,#1805,#722,.T.);
#2198=EDGE_CURVE('',#1805,#1806,#723,.T.);
#2199=EDGE_CURVE('',#1806,#1804,#724,.T.);
#2200=EDGE_CURVE('',#1807,#1808,#725,.T.);
#2201=EDGE_CURVE('',#1808,#1809,#726,.T.);
#2202=EDGE_CURVE('',#1809,#1807,#727,.T.);
#2203=EDGE_CURVE('',#1810,#1811,#728,.T.);
#2204=EDGE_CURVE('',#1811,#1812,#729,.T.);
#2205=EDGE_CURVE('',#1812,#1810,#730,.T.);
#2206=EDGE_CURVE('',#1813,#1814,#731,.T.);
#2207=EDGE_CURVE('',#1814,#1815,#732,.T.);
#2208=EDGE_CURVE('',#1815,#1813,#733,.T.);
#2209=EDGE_CURVE('',#1816,#1817,#734,.T.);
#2210=EDGE_CURVE('',#1818,#1817,#735,.T.);
#2211=EDGE_CURVE('',#1819,#1818,#736,.T.);
#2212=EDGE_CURVE('',#1816,#1819,#737,.T.);
#2213=EDGE_CURVE('',#1820,#1821,#738,.T.);
#2214=EDGE_CURVE('',#1822,#1820,#739,.T.);
#2215=EDGE_CURVE('',#1823,#1822,#740,.T.);
#2216=EDGE_CURVE('',#1821,#1823,#741,.T.);
#2217=EDGE_CURVE('',#1816,#1824,#742,.T.);
#2218=EDGE_CURVE('',#1825,#1819,#743,.T.);
#2219=EDGE_CURVE('',#1824,#1825,#744,.T.);
#2220=EDGE_CURVE('',#1817,#1824,#745,.T.);
#2221=EDGE_CURVE('',#1818,#1825,#746,.T.);
#2222=EDGE_CURVE('',#1826,#1713,#747,.T.);
#2223=EDGE_CURVE('',#1827,#1712,#748,.T.);
#2224=EDGE_CURVE('',#1826,#1827,#749,.T.);
#2225=EDGE_CURVE('',#1826,#1714,#750,.T.);
#2226=EDGE_CURVE('',#1715,#1827,#751,.T.);
#2227=EDGE_CURVE('',#1828,#1829,#752,.T.);
#2228=EDGE_CURVE('',#1719,#1828,#753,.T.);
#2229=EDGE_CURVE('',#1830,#1719,#754,.T.);
#2230=EDGE_CURVE('',#1829,#1830,#755,.T.);
#2231=EDGE_CURVE('',#1831,#1829,#756,.T.);
#2232=EDGE_CURVE('',#1748,#1830,#757,.T.);
#2233=EDGE_CURVE('',#1831,#1748,#758,.T.);
#2234=EDGE_CURVE('',#1832,#1753,#759,.T.);
#2235=EDGE_CURVE('',#1833,#1752,#760,.T.);
#2236=EDGE_CURVE('',#1832,#1833,#761,.T.);
#2237=EDGE_CURVE('',#1832,#1754,#762,.T.);
#2238=EDGE_CURVE('',#1755,#1833,#763,.T.);
#2239=EDGE_CURVE('',#1834,#1820,#764,.T.);
#2240=EDGE_CURVE('',#1821,#1835,#765,.T.);
#2241=EDGE_CURVE('',#1835,#1836,#766,.T.);
#2242=EDGE_CURVE('',#1834,#1836,#767,.T.);
#2243=EDGE_CURVE('',#1837,#1823,#768,.T.);
#2244=EDGE_CURVE('',#1838,#1823,#769,.T.);
#2245=EDGE_CURVE('',#1838,#1837,#770,.T.);
#2246=EDGE_CURVE('',#1839,#1840,#771,.T.);
#2247=EDGE_CURVE('',#1695,#1839,#772,.T.);
#2248=EDGE_CURVE('',#1841,#1694,#773,.T.);
#2249=EDGE_CURVE('',#1842,#1841,#774,.T.);
#2250=EDGE_CURVE('',#1840,#1842,#775,.T.);
#2251=EDGE_CURVE('',#1778,#1843,#776,.T.);
#2252=EDGE_CURVE('',#1844,#1777,#777,.T.);
#2253=EDGE_CURVE('',#1843,#1844,#778,.T.);
#2254=EDGE_CURVE('',#1843,#1779,#779,.T.);
#2255=EDGE_CURVE('',#1780,#1844,#780,.T.);
#2256=EDGE_CURVE('',#1785,#1845,#781,.T.);
#2257=EDGE_CURVE('',#1846,#1784,#782,.T.);
#2258=EDGE_CURVE('',#1845,#1846,#783,.T.);
#2259=EDGE_CURVE('',#1845,#1847,#784,.T.);
#2260=EDGE_CURVE('',#1848,#1846,#785,.T.);
#2261=EDGE_CURVE('',#1847,#1848,#786,.T.);
#2262=EDGE_CURVE('',#1847,#1682,#787,.T.);
#2263=EDGE_CURVE('',#1683,#1848,#788,.T.);
#2264=EDGE_CURVE('',#1849,#1688,#789,.T.);
#2265=EDGE_CURVE('',#1850,#1687,#790,.T.);
#2266=EDGE_CURVE('',#1849,#1850,#791,.T.);
#2267=EDGE_CURVE('',#1849,#1689,#792,.T.);
#2268=EDGE_CURVE('',#1690,#1850,#793,.T.);
#2269=EDGE_CURVE('',#1851,#1852,#794,.T.);
#2270=EDGE_CURVE('',#1851,#1842,#795,.T.);
#2271=EDGE_CURVE('',#1773,#1841,#796,.T.);
#2272=EDGE_CURVE('',#1852,#1772,#797,.T.);
#2273=EDGE_CURVE('',#1837,#1853,#798,.T.);
#2274=EDGE_CURVE('',#1853,#1838,#799,.T.);
#2275=EDGE_CURVE('',#1822,#1854,#800,.T.);
#2276=EDGE_CURVE('',#1836,#1854,#801,.T.);
#2277=EDGE_CURVE('',#1823,#1835,#802,.T.);
#2278=EDGE_CURVE('',#1855,#1767,#803,.T.);
#2279=EDGE_CURVE('',#1856,#1766,#804,.T.);
#2280=EDGE_CURVE('',#1855,#1856,#805,.T.);
#2281=EDGE_CURVE('',#1855,#1768,#806,.T.);
#2282=EDGE_CURVE('',#1769,#1856,#807,.T.);
#2283=EDGE_CURVE('',#1857,#1858,#808,.T.);
#2284=EDGE_CURVE('',#1859,#1857,#809,.T.);
#2285=EDGE_CURVE('',#1860,#1859,#810,.T.);
#2286=EDGE_CURVE('',#1858,#1860,#811,.T.);
#2287=EDGE_CURVE('',#1861,#1862,#812,.T.);
#2288=EDGE_CURVE('',#1861,#1860,#813,.T.);
#2289=EDGE_CURVE('',#1862,#1859,#814,.T.);
#2290=EDGE_CURVE('',#1863,#1699,#815,.T.);
#2291=EDGE_CURVE('',#1864,#1698,#816,.T.);
#2292=EDGE_CURVE('',#1863,#1864,#817,.T.);
#2293=EDGE_CURVE('',#1863,#1700,#818,.T.);
#2294=EDGE_CURVE('',#1701,#1864,#819,.T.);
#2295=EDGE_CURVE('',#1839,#1852,#820,.T.);
#2296=EDGE_CURVE('',#1771,#1865,#821,.T.);
#2297=EDGE_CURVE('',#1865,#1866,#822,.T.);
#2298=EDGE_CURVE('',#1866,#1857,#823,.T.);
#2299=EDGE_CURVE('',#1858,#1861,#824,.T.);
#2300=EDGE_CURVE('',#1862,#1867,#825,.T.);
#2301=EDGE_CURVE('',#1867,#1868,#826,.T.);
#2302=EDGE_CURVE('',#1868,#1696,#827,.T.);
#2303=EDGE_CURVE('',#1869,#1869,#118,.T.);
#2304=EDGE_CURVE('',#1870,#1871,#828,.T.);
#2305=EDGE_CURVE('',#1871,#1720,#829,.T.);
#2306=EDGE_CURVE('',#1828,#1831,#830,.T.);
#2307=EDGE_CURVE('',#1872,#1747,#831,.T.);
#2308=EDGE_CURVE('',#1873,#1872,#832,.T.);
#2309=EDGE_CURVE('',#1873,#1650,#833,.T.);
#2310=EDGE_CURVE('',#1652,#1648,#834,.T.);
#2311=EDGE_CURVE('',#1870,#1653,#835,.T.);
#2312=EDGE_CURVE('',#1871,#1874,#836,.T.);
#2313=EDGE_CURVE('',#1874,#1721,#837,.T.);
#2314=EDGE_CURVE('',#1875,#1876,#838,.T.);
#2315=EDGE_CURVE('',#1876,#1710,#839,.T.);
#2316=EDGE_CURVE('',#1875,#1709,#840,.T.);
#2317=EDGE_CURVE('',#1876,#1877,#841,.T.);
#2318=EDGE_CURVE('',#1877,#1711,#842,.T.);
#2319=EDGE_CURVE('',#1878,#1879,#843,.T.);
#2320=EDGE_CURVE('',#1879,#1724,#844,.T.);
#2321=EDGE_CURVE('',#1878,#1722,#845,.T.);
#2322=EDGE_CURVE('',#1879,#1880,#846,.T.);
#2323=EDGE_CURVE('',#1880,#1723,#847,.T.);
#2324=EDGE_CURVE('',#1880,#1878,#848,.T.);
#2325=EDGE_CURVE('',#1881,#1882,#849,.T.);
#2326=EDGE_CURVE('',#1882,#1727,#850,.T.);
#2327=EDGE_CURVE('',#1881,#1725,#851,.T.);
#2328=EDGE_CURVE('',#1882,#1883,#852,.T.);
#2329=EDGE_CURVE('',#1883,#1726,#853,.T.);
#2330=EDGE_CURVE('',#1883,#1881,#854,.T.);
#2331=EDGE_CURVE('',#1884,#1885,#855,.T.);
#2332=EDGE_CURVE('',#1885,#1730,#856,.T.);
#2333=EDGE_CURVE('',#1884,#1728,#857,.T.);
#2334=EDGE_CURVE('',#1885,#1886,#858,.T.);
#2335=EDGE_CURVE('',#1886,#1729,#859,.T.);
#2336=EDGE_CURVE('',#1886,#1884,#860,.T.);
#2337=EDGE_CURVE('',#1887,#1888,#861,.T.);
#2338=EDGE_CURVE('',#1888,#1707,#862,.T.);
#2339=EDGE_CURVE('',#1887,#1706,#863,.T.);
#2340=EDGE_CURVE('',#1888,#1889,#864,.T.);
#2341=EDGE_CURVE('',#1889,#1708,#865,.T.);
#2342=EDGE_CURVE('',#1890,#1891,#866,.T.);
#2343=EDGE_CURVE('',#1891,#1733,#867,.T.);
#2344=EDGE_CURVE('',#1890,#1731,#868,.T.);
#2345=EDGE_CURVE('',#1891,#1892,#869,.T.);
#2346=EDGE_CURVE('',#1892,#1732,#870,.T.);
#2347=EDGE_CURVE('',#1892,#1890,#871,.T.);
#2348=EDGE_CURVE('',#1893,#1894,#872,.T.);
#2349=EDGE_CURVE('',#1894,#1736,#873,.T.);
#2350=EDGE_CURVE('',#1893,#1734,#874,.T.);
#2351=EDGE_CURVE('',#1894,#1895,#875,.T.);
#2352=EDGE_CURVE('',#1895,#1735,#876,.T.);
#2353=EDGE_CURVE('',#1895,#1893,#877,.T.);
#2354=EDGE_CURVE('',#1896,#1897,#878,.T.);
#2355=EDGE_CURVE('',#1897,#1739,#879,.T.);
#2356=EDGE_CURVE('',#1896,#1737,#880,.T.);
#2357=EDGE_CURVE('',#1897,#1898,#881,.T.);
#2358=EDGE_CURVE('',#1898,#1738,#882,.T.);
#2359=EDGE_CURVE('',#1898,#1896,#883,.T.);
#2360=EDGE_CURVE('',#1899,#1900,#884,.T.);
#2361=EDGE_CURVE('',#1900,#1703,#885,.T.);
#2362=EDGE_CURVE('',#1899,#1702,#886,.T.);
#2363=EDGE_CURVE('',#1900,#1901,#887,.T.);
#2364=EDGE_CURVE('',#1901,#1704,#888,.T.);
#2365=EDGE_CURVE('',#1762,#1834,#889,.T.);
#2366=EDGE_CURVE('',#1854,#1705,#890,.T.);
#2367=EDGE_CURVE('',#1901,#1899,#891,.T.);
#2368=EDGE_CURVE('',#1902,#1697,#892,.T.);
#2369=EDGE_CURVE('',#1867,#1902,#893,.T.);
#2370=EDGE_CURVE('',#1866,#1903,#894,.T.);
#2371=EDGE_CURVE('',#1903,#1770,#895,.T.);
#2372=EDGE_CURVE('',#1904,#1765,#896,.T.);
#2373=EDGE_CURVE('',#1905,#1904,#897,.T.);
#2374=EDGE_CURVE('',#1905,#1763,#898,.T.);
#2375=EDGE_CURVE('',#1906,#1907,#899,.T.);
#2376=EDGE_CURVE('',#1907,#1677,#900,.T.);
#2377=EDGE_CURVE('',#1906,#1676,#901,.T.);
#2378=EDGE_CURVE('',#1907,#1908,#902,.T.);
#2379=EDGE_CURVE('',#1908,#1678,#903,.T.);
#2380=EDGE_CURVE('',#1909,#1910,#904,.T.);
#2381=EDGE_CURVE('',#1910,#1693,#905,.T.);
#2382=EDGE_CURVE('',#1909,#1692,#906,.T.);
#2383=EDGE_CURVE('',#1911,#1909,#907,.T.);
#2384=EDGE_CURVE('',#1911,#1691,#908,.T.);
#2385=EDGE_CURVE('',#1912,#1913,#909,.T.);
#2386=EDGE_CURVE('',#1913,#1742,#910,.T.);
#2387=EDGE_CURVE('',#1912,#1740,#911,.T.);
#2388=EDGE_CURVE('',#1913,#1914,#912,.T.);
#2389=EDGE_CURVE('',#1914,#1741,#913,.T.);
#2390=EDGE_CURVE('',#1914,#1912,#914,.T.);
#2391=EDGE_CURVE('',#1915,#1916,#915,.T.);
#2392=EDGE_CURVE('',#1916,#1680,#916,.T.);
#2393=EDGE_CURVE('',#1915,#1679,#917,.T.);
#2394=EDGE_CURVE('',#1916,#1917,#918,.T.);
#2395=EDGE_CURVE('',#1917,#1681,#919,.T.);
#2396=EDGE_CURVE('',#1918,#1919,#920,.T.);
#2397=EDGE_CURVE('',#1919,#1745,#921,.T.);
#2398=EDGE_CURVE('',#1918,#1743,#922,.T.);
#2399=EDGE_CURVE('',#1919,#1920,#923,.T.);
#2400=EDGE_CURVE('',#1920,#1744,#924,.T.);
#2401=EDGE_CURVE('',#1920,#1918,#925,.T.);
#2402=EDGE_CURVE('',#1921,#1922,#926,.T.);
#2403=EDGE_CURVE('',#1922,#1685,#927,.T.);
#2404=EDGE_CURVE('',#1921,#1684,#928,.T.);
#2405=EDGE_CURVE('',#1922,#1923,#929,.T.);
#2406=EDGE_CURVE('',#1923,#1686,#930,.T.);
#2407=EDGE_CURVE('',#1924,#1925,#931,.T.);
#2408=EDGE_CURVE('',#1925,#1717,#932,.T.);
#2409=EDGE_CURVE('',#1924,#1716,#933,.T.);
#2410=EDGE_CURVE('',#1925,#1926,#934,.T.);
#2411=EDGE_CURVE('',#1926,#1718,#935,.T.);
#2412=EDGE_CURVE('',#1868,#1902,#936,.T.);
#2413=EDGE_CURVE('',#1927,#1638,#937,.T.);
#2414=EDGE_CURVE('',#1927,#1821,#938,.T.);
#2415=EDGE_CURVE('',#1928,#1853,#939,.T.);
#2416=EDGE_CURVE('',#1928,#1639,#940,.T.);
#2417=EDGE_CURVE('',#1929,#1673,#941,.T.);
#2418=EDGE_CURVE('',#1929,#1637,#942,.T.);
#2419=EDGE_CURVE('',#1930,#1636,#943,.T.);
#2420=EDGE_CURVE('',#1930,#1672,#944,.T.);
#2421=EDGE_CURVE('',#1931,#1930,#945,.T.);
#2422=EDGE_CURVE('',#1840,#1931,#946,.T.);
#2423=EDGE_CURVE('',#1932,#1851,#947,.T.);
#2424=EDGE_CURVE('',#1932,#1929,#948,.T.);
#2425=EDGE_CURVE('',#1933,#1927,#949,.T.);
#2426=EDGE_CURVE('',#1934,#1932,#950,.T.);
#2427=EDGE_CURVE('',#1934,#1933,#951,.T.);
#2428=EDGE_CURVE('',#1865,#1903,#952,.T.);
#2429=EDGE_CURVE('',#1935,#1936,#953,.T.);
#2430=EDGE_CURVE('',#1936,#1937,#954,.T.);
#2431=EDGE_CURVE('',#1937,#1935,#955,.T.);
#2432=EDGE_CURVE('',#1938,#1939,#956,.T.);
#2433=EDGE_CURVE('',#1939,#1940,#957,.T.);
#2434=EDGE_CURVE('',#1940,#1938,#958,.T.);
#2435=EDGE_CURVE('',#1941,#1942,#959,.T.);
#2436=EDGE_CURVE('',#1942,#1943,#960,.T.);
#2437=EDGE_CURVE('',#1943,#1941,#961,.T.);
#2438=EDGE_CURVE('',#1944,#1945,#962,.T.);
#2439=EDGE_CURVE('',#1945,#1946,#963,.T.);
#2440=EDGE_CURVE('',#1946,#1944,#964,.T.);
#2441=EDGE_CURVE('',#1947,#1948,#965,.T.);
#2442=EDGE_CURVE('',#1948,#1949,#966,.T.);
#2443=EDGE_CURVE('',#1949,#1947,#967,.T.);
#2444=EDGE_CURVE('',#1950,#1951,#968,.T.);
#2445=EDGE_CURVE('',#1951,#1952,#969,.T.);
#2446=EDGE_CURVE('',#1952,#1950,#970,.T.);
#2447=EDGE_CURVE('',#1953,#1954,#971,.T.);
#2448=EDGE_CURVE('',#1954,#1955,#972,.T.);
#2449=EDGE_CURVE('',#1955,#1953,#973,.T.);
#2450=EDGE_CURVE('',#1904,#1956,#974,.T.);
#2451=EDGE_CURVE('',#1956,#1905,#975,.T.);
#2452=EDGE_CURVE('',#1957,#1958,#976,.T.);
#2453=EDGE_CURVE('',#1958,#1959,#977,.T.);
#2454=EDGE_CURVE('',#1959,#1957,#978,.T.);
#2455=EDGE_CURVE('',#1960,#1961,#979,.T.);
#2456=EDGE_CURVE('',#1961,#1962,#980,.T.);
#2457=EDGE_CURVE('',#1962,#1960,#981,.T.);
#2458=EDGE_CURVE('',#1963,#1964,#982,.T.);
#2459=EDGE_CURVE('',#1964,#1965,#983,.T.);
#2460=EDGE_CURVE('',#1965,#1963,#984,.T.);
#2461=EDGE_CURVE('',#1966,#1967,#985,.T.);
#2462=EDGE_CURVE('',#1967,#1968,#986,.T.);
#2463=EDGE_CURVE('',#1968,#1966,#987,.T.);
#2464=EDGE_CURVE('',#1969,#1970,#988,.T.);
#2465=EDGE_CURVE('',#1970,#1971,#989,.T.);
#2466=EDGE_CURVE('',#1971,#1969,#990,.T.);
#2467=EDGE_CURVE('',#1972,#1973,#991,.T.);
#2468=EDGE_CURVE('',#1973,#1974,#992,.T.);
#2469=EDGE_CURVE('',#1974,#1972,#993,.T.);
#2470=EDGE_CURVE('',#1975,#1976,#994,.T.);
#2471=EDGE_CURVE('',#1976,#1977,#995,.T.);
#2472=EDGE_CURVE('',#1977,#1975,#996,.T.);
#2473=EDGE_CURVE('',#1978,#1979,#997,.T.);
#2474=EDGE_CURVE('',#1979,#1980,#998,.T.);
#2475=EDGE_CURVE('',#1980,#1978,#999,.T.);
#2476=EDGE_CURVE('',#1872,#1981,#1000,.T.);
#2477=EDGE_CURVE('',#1981,#1873,#1001,.T.);
#2478=EDGE_CURVE('',#1981,#1746,#1002,.T.);
#2479=EDGE_CURVE('',#1955,#1791,#1003,.T.);
#2480=EDGE_CURVE('',#1954,#1789,#1004,.T.);
#2481=EDGE_CURVE('',#1946,#1788,#1005,.T.);
#2482=EDGE_CURVE('',#1945,#1786,#1006,.T.);
#2483=EDGE_CURVE('',#1917,#1915,#1007,.T.);
#2484=EDGE_CURVE('',#1908,#1906,#1008,.T.);
#2485=EDGE_CURVE('',#1874,#1870,#1009,.T.);
#2486=EDGE_CURVE('',#1979,#1758,#1010,.T.);
#2487=EDGE_CURVE('',#1980,#1757,#1011,.T.);
#2488=EDGE_CURVE('',#1978,#1756,#1012,.T.);
#2489=EDGE_CURVE('',#1976,#1792,#1013,.T.);
#2490=EDGE_CURVE('',#1977,#1794,#1014,.T.);
#2491=EDGE_CURVE('',#1975,#1793,#1015,.T.);
#2492=EDGE_CURVE('',#1973,#1795,#1016,.T.);
#2493=EDGE_CURVE('',#1974,#1797,#1017,.T.);
#2494=EDGE_CURVE('',#1972,#1796,#1018,.T.);
#2495=EDGE_CURVE('',#1970,#1798,#1019,.T.);
#2496=EDGE_CURVE('',#1971,#1800,#1020,.T.);
#2497=EDGE_CURVE('',#1969,#1799,#1021,.T.);
#2498=EDGE_CURVE('',#1967,#1761,#1022,.T.);
#2499=EDGE_CURVE('',#1968,#1760,#1023,.T.);
#2500=EDGE_CURVE('',#1966,#1759,#1024,.T.);
#2501=EDGE_CURVE('',#1936,#1751,#1025,.T.);
#2502=EDGE_CURVE('',#1935,#1749,#1026,.T.);
#2503=EDGE_CURVE('',#1926,#1924,#1027,.T.);
#2504=EDGE_CURVE('',#1877,#1875,#1028,.T.);
#2505=EDGE_CURVE('',#1889,#1887,#1029,.T.);
#2506=EDGE_CURVE('',#1964,#1801,#1030,.T.);
#2507=EDGE_CURVE('',#1965,#1803,#1031,.T.);
#2508=EDGE_CURVE('',#1963,#1802,#1032,.T.);
#2509=EDGE_CURVE('',#1961,#1804,#1033,.T.);
#2510=EDGE_CURVE('',#1962,#1806,#1034,.T.);
#2511=EDGE_CURVE('',#1960,#1805,#1035,.T.);
#2512=EDGE_CURVE('',#1958,#1807,#1036,.T.);
#2513=EDGE_CURVE('',#1959,#1809,#1037,.T.);
#2514=EDGE_CURVE('',#1957,#1808,#1038,.T.);
#2515=EDGE_CURVE('',#1956,#1764,#1039,.T.);
#2516=EDGE_CURVE('',#1953,#1790,#1040,.T.);
#2517=EDGE_CURVE('',#1951,#1775,#1041,.T.);
#2518=EDGE_CURVE('',#1952,#1774,#1042,.T.);
#2519=EDGE_CURVE('',#1950,#1776,#1043,.T.);
#2520=EDGE_CURVE('',#1948,#1810,#1044,.T.);
#2521=EDGE_CURVE('',#1949,#1812,#1045,.T.);
#2522=EDGE_CURVE('',#1947,#1811,#1046,.T.);
#2523=EDGE_CURVE('',#1944,#1787,#1047,.T.);
#2524=EDGE_CURVE('',#1942,#1813,#1048,.T.);
#2525=EDGE_CURVE('',#1943,#1815,#1049,.T.);
#2526=EDGE_CURVE('',#1941,#1814,#1050,.T.);
#2527=EDGE_CURVE('',#1939,#1781,#1051,.T.);
#2528=EDGE_CURVE('',#1910,#1911,#1052,.T.);
#2529=EDGE_CURVE('',#1923,#1921,#1053,.T.);
#2530=EDGE_CURVE('',#1940,#1783,#1054,.T.);
#2531=EDGE_CURVE('',#1938,#1782,#1055,.T.);
#2532=EDGE_CURVE('',#1937,#1750,#1056,.T.);
#2533=EDGE_CURVE('',#1933,#1858,#1057,.T.);
#2534=EDGE_CURVE('',#1861,#1982,#1058,.T.);
#2535=EDGE_CURVE('',#1982,#1928,#1059,.T.);
#2536=EDGE_CURVE('',#1851,#1840,#1060,.T.);
#2537=EDGE_CURVE('',#1983,#1982,#1061,.T.);
#2538=EDGE_CURVE('',#1931,#1983,#1062,.T.);
#2539=EDGE_CURVE('',#1983,#1934,#1063,.T.);
#2540=EDGE_CURVE('',#1984,#1984,#119,.T.);
#2541=EDGE_CURVE('',#1984,#1985,#1064,.T.);
#2542=EDGE_CURVE('',#1985,#1985,#120,.T.);
#2543=EDGE_CURVE('',#1986,#1986,#121,.T.);
#2544=EDGE_CURVE('',#1986,#1987,#1065,.T.);
#2545=EDGE_CURVE('',#1987,#1987,#122,.T.);
#2546=EDGE_CURVE('',#1988,#1988,#123,.T.);
#2547=EDGE_CURVE('',#1988,#1989,#1066,.T.);
#2548=EDGE_CURVE('',#1989,#1989,#124,.T.);
#2549=EDGE_CURVE('',#1990,#1990,#125,.T.);
#2550=EDGE_CURVE('',#1990,#1869,#1067,.T.);
#2551=EDGE_CURVE('',#1991,#1991,#126,.T.);
#2552=EDGE_CURVE('',#1991,#1992,#1068,.T.);
#2553=EDGE_CURVE('',#1992,#1992,#127,.T.);
#2554=EDGE_CURVE('',#1993,#1994,#1069,.T.);
#2555=EDGE_CURVE('',#1993,#1995,#1070,.T.);
#2556=EDGE_CURVE('',#1996,#1995,#1071,.T.);
#2557=EDGE_CURVE('',#1994,#1996,#1072,.T.);
#2558=EDGE_CURVE('',#1994,#1997,#1073,.T.);
#2559=EDGE_CURVE('',#1998,#1996,#1074,.T.);
#2560=EDGE_CURVE('',#1997,#1998,#1075,.T.);
#2561=EDGE_CURVE('',#1997,#1999,#1076,.T.);
#2562=EDGE_CURVE('',#2000,#1998,#1077,.T.);
#2563=EDGE_CURVE('',#1999,#2000,#1078,.T.);
#2564=EDGE_CURVE('',#1999,#1993,#1079,.T.);
#2565=EDGE_CURVE('',#1995,#2000,#1080,.T.);
#2566=ORIENTED_EDGE('',*,*,#2001,.T.);
#2567=ORIENTED_EDGE('',*,*,#2002,.T.);
#2568=ORIENTED_EDGE('',*,*,#2003,.T.);
#2569=ORIENTED_EDGE('',*,*,#2004,.T.);
#2570=ORIENTED_EDGE('',*,*,#2005,.F.);
#2571=ORIENTED_EDGE('',*,*,#2006,.F.);
#2572=ORIENTED_EDGE('',*,*,#2007,.F.);
#2573=ORIENTED_EDGE('',*,*,#2008,.F.);
#2574=ORIENTED_EDGE('',*,*,#2009,.T.);
#2575=ORIENTED_EDGE('',*,*,#2010,.F.);
#2576=ORIENTED_EDGE('',*,*,#2011,.F.);
#2577=ORIENTED_EDGE('',*,*,#2012,.T.);
#2578=ORIENTED_EDGE('',*,*,#2013,.F.);
#2579=ORIENTED_EDGE('',*,*,#2014,.T.);
#2580=ORIENTED_EDGE('',*,*,#2005,.T.);
#2581=ORIENTED_EDGE('',*,*,#2014,.F.);
#2582=ORIENTED_EDGE('',*,*,#2015,.F.);
#2583=ORIENTED_EDGE('',*,*,#2016,.T.);
#2584=ORIENTED_EDGE('',*,*,#2006,.T.);
#2585=ORIENTED_EDGE('',*,*,#2016,.F.);
#2586=ORIENTED_EDGE('',*,*,#2017,.F.);
#2587=ORIENTED_EDGE('',*,*,#2018,.T.);
#2588=ORIENTED_EDGE('',*,*,#2007,.T.);
#2589=ORIENTED_EDGE('',*,*,#2018,.F.);
#2590=ORIENTED_EDGE('',*,*,#2019,.F.);
#2591=ORIENTED_EDGE('',*,*,#2020,.T.);
#2592=ORIENTED_EDGE('',*,*,#2008,.T.);
#2593=ORIENTED_EDGE('',*,*,#2020,.F.);
#2594=ORIENTED_EDGE('',*,*,#2002,.F.);
#2595=ORIENTED_EDGE('',*,*,#2021,.T.);
#2596=ORIENTED_EDGE('',*,*,#2022,.F.);
#2597=ORIENTED_EDGE('',*,*,#2023,.F.);
#2598=ORIENTED_EDGE('',*,*,#2003,.F.);
#2599=ORIENTED_EDGE('',*,*,#2023,.T.);
#2600=ORIENTED_EDGE('',*,*,#2024,.F.);
#2601=ORIENTED_EDGE('',*,*,#2025,.F.);
#2602=ORIENTED_EDGE('',*,*,#2004,.F.);
#2603=ORIENTED_EDGE('',*,*,#2025,.T.);
#2604=ORIENTED_EDGE('',*,*,#2026,.F.);
#2605=ORIENTED_EDGE('',*,*,#2027,.F.);
#2606=ORIENTED_EDGE('',*,*,#2001,.F.);
#2607=ORIENTED_EDGE('',*,*,#2027,.T.);
#2608=ORIENTED_EDGE('',*,*,#2028,.F.);
#2609=ORIENTED_EDGE('',*,*,#2021,.F.);
#2610=ORIENTED_EDGE('',*,*,#2028,.T.);
#2611=ORIENTED_EDGE('',*,*,#2026,.T.);
#2612=ORIENTED_EDGE('',*,*,#2024,.T.);
#2613=ORIENTED_EDGE('',*,*,#2022,.T.);
#2614=ORIENTED_EDGE('',*,*,#2019,.T.);
#2615=ORIENTED_EDGE('',*,*,#2017,.T.);
#2616=ORIENTED_EDGE('',*,*,#2015,.T.);
#2617=ORIENTED_EDGE('',*,*,#2013,.T.);
#2618=ORIENTED_EDGE('',*,*,#2029,.F.);
#2619=ORIENTED_EDGE('',*,*,#2030,.T.);
#2620=ORIENTED_EDGE('',*,*,#2031,.F.);
#2621=ORIENTED_EDGE('',*,*,#2032,.F.);
#2622=ORIENTED_EDGE('',*,*,#2033,.T.);
#2623=ORIENTED_EDGE('',*,*,#2032,.T.);
#2624=ORIENTED_EDGE('',*,*,#2034,.F.);
#2625=ORIENTED_EDGE('',*,*,#2035,.T.);
#2626=ORIENTED_EDGE('',*,*,#2036,.T.);
#2627=ORIENTED_EDGE('',*,*,#2037,.F.);
#2628=ORIENTED_EDGE('',*,*,#2038,.F.);
#2629=ORIENTED_EDGE('',*,*,#2039,.F.);
#2630=ORIENTED_EDGE('',*,*,#2040,.F.);
#2631=ORIENTED_EDGE('',*,*,#2039,.T.);
#2632=ORIENTED_EDGE('',*,*,#2041,.F.);
#2633=ORIENTED_EDGE('',*,*,#2042,.F.);
#2634=ORIENTED_EDGE('',*,*,#2043,.F.);
#2635=ORIENTED_EDGE('',*,*,#2044,.F.);
#2636=ORIENTED_EDGE('',*,*,#2045,.F.);
#2637=ORIENTED_EDGE('',*,*,#2046,.F.);
#2638=ORIENTED_EDGE('',*,*,#2047,.T.);
#2639=ORIENTED_EDGE('',*,*,#2046,.T.);
#2640=ORIENTED_EDGE('',*,*,#2048,.F.);
#2641=ORIENTED_EDGE('',*,*,#2049,.F.);
#2642=ORIENTED_EDGE('',*,*,#2050,.T.);
#2643=ORIENTED_EDGE('',*,*,#2051,.F.);
#2644=ORIENTED_EDGE('',*,*,#2052,.F.);
#2645=ORIENTED_EDGE('',*,*,#2053,.F.);
#2646=ORIENTED_EDGE('',*,*,#2054,.F.);
#2647=ORIENTED_EDGE('',*,*,#2053,.T.);
#2648=ORIENTED_EDGE('',*,*,#2055,.F.);
#2649=ORIENTED_EDGE('',*,*,#2056,.F.);
#2650=ORIENTED_EDGE('',*,*,#2057,.F.);
#2651=ORIENTED_EDGE('',*,*,#2049,.T.);
#2652=ORIENTED_EDGE('',*,*,#2058,.F.);
#2653=ORIENTED_EDGE('',*,*,#2044,.T.);
#2654=ORIENTED_EDGE('',*,*,#2059,.F.);
#2655=ORIENTED_EDGE('',*,*,#2060,.F.);
#2656=ORIENTED_EDGE('',*,*,#2061,.F.);
#2657=ORIENTED_EDGE('',*,*,#2062,.F.);
#2658=ORIENTED_EDGE('',*,*,#2037,.T.);
#2659=ORIENTED_EDGE('',*,*,#2063,.F.);
#2660=ORIENTED_EDGE('',*,*,#2042,.T.);
#2661=ORIENTED_EDGE('',*,*,#2064,.F.);
#2662=ORIENTED_EDGE('',*,*,#2065,.F.);
#2663=ORIENTED_EDGE('',*,*,#2066,.F.);
#2664=ORIENTED_EDGE('',*,*,#2067,.T.);
#2665=ORIENTED_EDGE('',*,*,#2068,.F.);
#2666=ORIENTED_EDGE('',*,*,#2069,.F.);
#2667=ORIENTED_EDGE('',*,*,#2070,.T.);
#2668=ORIENTED_EDGE('',*,*,#2060,.T.);
#2669=ORIENTED_EDGE('',*,*,#2071,.F.);
#2670=ORIENTED_EDGE('',*,*,#2072,.T.);
#2671=ORIENTED_EDGE('',*,*,#2073,.T.);
#2672=ORIENTED_EDGE('',*,*,#2074,.F.);
#2673=ORIENTED_EDGE('',*,*,#2075,.F.);
#2674=ORIENTED_EDGE('',*,*,#2076,.F.);
#2675=ORIENTED_EDGE('',*,*,#2077,.T.);
#2676=ORIENTED_EDGE('',*,*,#2078,.F.);
#2677=ORIENTED_EDGE('',*,*,#2079,.T.);
#2678=ORIENTED_EDGE('',*,*,#2080,.F.);
#2679=ORIENTED_EDGE('',*,*,#2081,.F.);
#2680=ORIENTED_EDGE('',*,*,#2082,.F.);
#2681=ORIENTED_EDGE('',*,*,#2083,.T.);
#2682=ORIENTED_EDGE('',*,*,#2084,.T.);
#2683=ORIENTED_EDGE('',*,*,#2085,.F.);
#2684=ORIENTED_EDGE('',*,*,#2086,.F.);
#2685=ORIENTED_EDGE('',*,*,#2087,.F.);
#2686=ORIENTED_EDGE('',*,*,#2088,.T.);
#2687=ORIENTED_EDGE('',*,*,#2089,.F.);
#2688=ORIENTED_EDGE('',*,*,#2090,.T.);
#2689=ORIENTED_EDGE('',*,*,#2091,.T.);
#2690=ORIENTED_EDGE('',*,*,#2092,.F.);
#2691=ORIENTED_EDGE('',*,*,#2093,.F.);
#2692=ORIENTED_EDGE('',*,*,#2094,.T.);
#2693=ORIENTED_EDGE('',*,*,#2095,.T.);
#2694=ORIENTED_EDGE('',*,*,#2096,.F.);
#2695=ORIENTED_EDGE('',*,*,#2097,.F.);
#2696=ORIENTED_EDGE('',*,*,#2098,.T.);
#2697=ORIENTED_EDGE('',*,*,#2099,.F.);
#2698=ORIENTED_EDGE('',*,*,#2100,.F.);
#2699=ORIENTED_EDGE('',*,*,#2101,.F.);
#2700=ORIENTED_EDGE('',*,*,#2102,.T.);
#2701=ORIENTED_EDGE('',*,*,#2103,.F.);
#2702=ORIENTED_EDGE('',*,*,#2104,.T.);
#2703=ORIENTED_EDGE('',*,*,#2105,.F.);
#2704=ORIENTED_EDGE('',*,*,#2106,.F.);
#2705=ORIENTED_EDGE('',*,*,#2107,.F.);
#2706=ORIENTED_EDGE('',*,*,#2108,.T.);
#2707=ORIENTED_EDGE('',*,*,#2109,.T.);
#2708=ORIENTED_EDGE('',*,*,#2110,.F.);
#2709=ORIENTED_EDGE('',*,*,#2111,.T.);
#2710=ORIENTED_EDGE('',*,*,#2112,.F.);
#2711=ORIENTED_EDGE('',*,*,#2113,.F.);
#2712=ORIENTED_EDGE('',*,*,#2114,.F.);
#2713=ORIENTED_EDGE('',*,*,#2115,.F.);
#2714=ORIENTED_EDGE('',*,*,#2116,.F.);
#2715=ORIENTED_EDGE('',*,*,#2117,.F.);
#2716=ORIENTED_EDGE('',*,*,#2118,.F.);
#2717=ORIENTED_EDGE('',*,*,#2119,.F.);
#2718=ORIENTED_EDGE('',*,*,#2120,.F.);
#2719=ORIENTED_EDGE('',*,*,#2121,.F.);
#2720=ORIENTED_EDGE('',*,*,#2122,.F.);
#2721=ORIENTED_EDGE('',*,*,#2123,.F.);
#2722=ORIENTED_EDGE('',*,*,#2124,.F.);
#2723=ORIENTED_EDGE('',*,*,#2125,.F.);
#2724=ORIENTED_EDGE('',*,*,#2126,.F.);
#2725=ORIENTED_EDGE('',*,*,#2127,.F.);
#2726=ORIENTED_EDGE('',*,*,#2128,.F.);
#2727=ORIENTED_EDGE('',*,*,#2129,.F.);
#2728=ORIENTED_EDGE('',*,*,#2130,.F.);
#2729=ORIENTED_EDGE('',*,*,#2131,.F.);
#2730=ORIENTED_EDGE('',*,*,#2132,.F.);
#2731=ORIENTED_EDGE('',*,*,#2133,.F.);
#2732=ORIENTED_EDGE('',*,*,#2134,.F.);
#2733=ORIENTED_EDGE('',*,*,#2135,.F.);
#2734=ORIENTED_EDGE('',*,*,#2136,.T.);
#2735=ORIENTED_EDGE('',*,*,#2137,.T.);
#2736=ORIENTED_EDGE('',*,*,#2138,.T.);
#2737=ORIENTED_EDGE('',*,*,#2139,.T.);
#2738=ORIENTED_EDGE('',*,*,#2140,.T.);
#2739=ORIENTED_EDGE('',*,*,#2141,.T.);
#2740=ORIENTED_EDGE('',*,*,#2142,.T.);
#2741=ORIENTED_EDGE('',*,*,#2143,.T.);
#2742=ORIENTED_EDGE('',*,*,#2144,.T.);
#2743=ORIENTED_EDGE('',*,*,#2145,.T.);
#2744=ORIENTED_EDGE('',*,*,#2146,.T.);
#2745=ORIENTED_EDGE('',*,*,#2147,.T.);
#2746=ORIENTED_EDGE('',*,*,#2148,.T.);
#2747=ORIENTED_EDGE('',*,*,#2149,.T.);
#2748=ORIENTED_EDGE('',*,*,#2150,.T.);
#2749=ORIENTED_EDGE('',*,*,#2151,.T.);
#2750=ORIENTED_EDGE('',*,*,#2152,.T.);
#2751=ORIENTED_EDGE('',*,*,#2153,.T.);
#2752=ORIENTED_EDGE('',*,*,#2154,.T.);
#2753=ORIENTED_EDGE('',*,*,#2155,.T.);
#2754=ORIENTED_EDGE('',*,*,#2156,.T.);
#2755=ORIENTED_EDGE('',*,*,#2157,.T.);
#2756=ORIENTED_EDGE('',*,*,#2158,.T.);
#2757=ORIENTED_EDGE('',*,*,#2159,.T.);
#2758=ORIENTED_EDGE('',*,*,#2160,.T.);
#2759=ORIENTED_EDGE('',*,*,#2161,.T.);
#2760=ORIENTED_EDGE('',*,*,#2162,.F.);
#2761=ORIENTED_EDGE('',*,*,#2163,.T.);
#2762=ORIENTED_EDGE('',*,*,#2164,.T.);
#2763=ORIENTED_EDGE('',*,*,#2165,.T.);
#2764=ORIENTED_EDGE('',*,*,#2166,.T.);
#2765=ORIENTED_EDGE('',*,*,#2167,.T.);
#2766=ORIENTED_EDGE('',*,*,#2168,.T.);
#2767=ORIENTED_EDGE('',*,*,#2169,.T.);
#2768=ORIENTED_EDGE('',*,*,#2170,.T.);
#2769=ORIENTED_EDGE('',*,*,#2171,.T.);
#2770=ORIENTED_EDGE('',*,*,#2172,.T.);
#2771=ORIENTED_EDGE('',*,*,#2173,.T.);
#2772=ORIENTED_EDGE('',*,*,#2174,.T.);
#2773=ORIENTED_EDGE('',*,*,#2175,.T.);
#2774=ORIENTED_EDGE('',*,*,#2176,.T.);
#2775=ORIENTED_EDGE('',*,*,#2062,.T.);
#2776=ORIENTED_EDGE('',*,*,#2177,.T.);
#2777=ORIENTED_EDGE('',*,*,#2178,.T.);
#2778=ORIENTED_EDGE('',*,*,#2179,.T.);
#2779=ORIENTED_EDGE('',*,*,#2180,.T.);
#2780=ORIENTED_EDGE('',*,*,#2181,.T.);
#2781=ORIENTED_EDGE('',*,*,#2182,.T.);
#2782=ORIENTED_EDGE('',*,*,#2183,.T.);
#2783=ORIENTED_EDGE('',*,*,#2051,.T.);
#2784=ORIENTED_EDGE('',*,*,#2184,.T.);
#2785=ORIENTED_EDGE('',*,*,#2056,.T.);
#2786=ORIENTED_EDGE('',*,*,#2185,.T.);
#2787=ORIENTED_EDGE('',*,*,#2186,.T.);
#2788=ORIENTED_EDGE('',*,*,#2187,.T.);
#2789=ORIENTED_EDGE('',*,*,#2188,.T.);
#2790=ORIENTED_EDGE('',*,*,#2189,.T.);
#2791=ORIENTED_EDGE('',*,*,#2190,.T.);
#2792=ORIENTED_EDGE('',*,*,#2191,.T.);
#2793=ORIENTED_EDGE('',*,*,#2192,.T.);
#2794=ORIENTED_EDGE('',*,*,#2193,.T.);
#2795=ORIENTED_EDGE('',*,*,#2194,.T.);
#2796=ORIENTED_EDGE('',*,*,#2195,.T.);
#2797=ORIENTED_EDGE('',*,*,#2196,.T.);
#2798=ORIENTED_EDGE('',*,*,#2197,.T.);
#2799=ORIENTED_EDGE('',*,*,#2198,.T.);
#2800=ORIENTED_EDGE('',*,*,#2199,.T.);
#2801=ORIENTED_EDGE('',*,*,#2200,.T.);
#2802=ORIENTED_EDGE('',*,*,#2201,.T.);
#2803=ORIENTED_EDGE('',*,*,#2202,.T.);
#2804=ORIENTED_EDGE('',*,*,#2203,.T.);
#2805=ORIENTED_EDGE('',*,*,#2204,.T.);
#2806=ORIENTED_EDGE('',*,*,#2205,.T.);
#2807=ORIENTED_EDGE('',*,*,#2206,.T.);
#2808=ORIENTED_EDGE('',*,*,#2207,.T.);
#2809=ORIENTED_EDGE('',*,*,#2208,.T.);
#2810=ORIENTED_EDGE('',*,*,#2209,.T.);
#2811=ORIENTED_EDGE('',*,*,#2210,.F.);
#2812=ORIENTED_EDGE('',*,*,#2211,.F.);
#2813=ORIENTED_EDGE('',*,*,#2212,.F.);
#2814=ORIENTED_EDGE('',*,*,#2213,.F.);
#2815=ORIENTED_EDGE('',*,*,#2214,.F.);
#2816=ORIENTED_EDGE('',*,*,#2215,.F.);
#2817=ORIENTED_EDGE('',*,*,#2216,.F.);
#2818=ORIENTED_EDGE('',*,*,#2217,.F.);
#2819=ORIENTED_EDGE('',*,*,#2212,.T.);
#2820=ORIENTED_EDGE('',*,*,#2218,.F.);
#2821=ORIENTED_EDGE('',*,*,#2219,.F.);
#2822=ORIENTED_EDGE('',*,*,#2220,.T.);
#2823=ORIENTED_EDGE('',*,*,#2219,.T.);
#2824=ORIENTED_EDGE('',*,*,#2221,.F.);
#2825=ORIENTED_EDGE('',*,*,#2210,.T.);
#2826=ORIENTED_EDGE('',*,*,#2222,.T.);
#2827=ORIENTED_EDGE('',*,*,#2102,.F.);
#2828=ORIENTED_EDGE('',*,*,#2223,.F.);
#2829=ORIENTED_EDGE('',*,*,#2224,.F.);
#2830=ORIENTED_EDGE('',*,*,#2225,.F.);
#2831=ORIENTED_EDGE('',*,*,#2224,.T.);
#2832=ORIENTED_EDGE('',*,*,#2226,.F.);
#2833=ORIENTED_EDGE('',*,*,#2104,.F.);
#2834=ORIENTED_EDGE('',*,*,#2227,.F.);
#2835=ORIENTED_EDGE('',*,*,#2228,.F.);
#2836=ORIENTED_EDGE('',*,*,#2229,.F.);
#2837=ORIENTED_EDGE('',*,*,#2230,.F.);
#2838=ORIENTED_EDGE('',*,*,#2231,.T.);
#2839=ORIENTED_EDGE('',*,*,#2230,.T.);
#2840=ORIENTED_EDGE('',*,*,#2232,.F.);
#2841=ORIENTED_EDGE('',*,*,#2233,.F.);
#2842=ORIENTED_EDGE('',*,*,#2234,.T.);
#2843=ORIENTED_EDGE('',*,*,#2143,.F.);
#2844=ORIENTED_EDGE('',*,*,#2235,.F.);
#2845=ORIENTED_EDGE('',*,*,#2236,.F.);
#2846=ORIENTED_EDGE('',*,*,#2237,.F.);
#2847=ORIENTED_EDGE('',*,*,#2236,.T.);
#2848=ORIENTED_EDGE('',*,*,#2238,.F.);
#2849=ORIENTED_EDGE('',*,*,#2145,.F.);
#2850=ORIENTED_EDGE('',*,*,#2239,.T.);
#2851=ORIENTED_EDGE('',*,*,#2213,.T.);
#2852=ORIENTED_EDGE('',*,*,#2240,.T.);
#2853=ORIENTED_EDGE('',*,*,#2241,.T.);
#2854=ORIENTED_EDGE('',*,*,#2242,.F.);
#2855=ORIENTED_EDGE('',*,*,#2243,.T.);
#2856=ORIENTED_EDGE('',*,*,#2244,.F.);
#2857=ORIENTED_EDGE('',*,*,#2245,.T.);
#2858=ORIENTED_EDGE('',*,*,#2246,.F.);
#2859=ORIENTED_EDGE('',*,*,#2247,.F.);
#2860=ORIENTED_EDGE('',*,*,#2084,.F.);
#2861=ORIENTED_EDGE('',*,*,#2248,.F.);
#2862=ORIENTED_EDGE('',*,*,#2249,.F.);
#2863=ORIENTED_EDGE('',*,*,#2250,.F.);
#2864=ORIENTED_EDGE('',*,*,#2251,.F.);
#2865=ORIENTED_EDGE('',*,*,#2168,.F.);
#2866=ORIENTED_EDGE('',*,*,#2252,.F.);
#2867=ORIENTED_EDGE('',*,*,#2253,.F.);
#2868=ORIENTED_EDGE('',*,*,#2254,.F.);
#2869=ORIENTED_EDGE('',*,*,#2253,.T.);
#2870=ORIENTED_EDGE('',*,*,#2255,.F.);
#2871=ORIENTED_EDGE('',*,*,#2170,.F.);
#2872=ORIENTED_EDGE('',*,*,#2256,.F.);
#2873=ORIENTED_EDGE('',*,*,#2175,.F.);
#2874=ORIENTED_EDGE('',*,*,#2257,.F.);
#2875=ORIENTED_EDGE('',*,*,#2258,.F.);
#2876=ORIENTED_EDGE('',*,*,#2259,.F.);
#2877=ORIENTED_EDGE('',*,*,#2258,.T.);
#2878=ORIENTED_EDGE('',*,*,#2260,.F.);
#2879=ORIENTED_EDGE('',*,*,#2261,.F.);
#2880=ORIENTED_EDGE('',*,*,#2262,.F.);
#2881=ORIENTED_EDGE('',*,*,#2261,.T.);
#2882=ORIENTED_EDGE('',*,*,#2263,.F.);
#2883=ORIENTED_EDGE('',*,*,#2072,.F.);
#2884=ORIENTED_EDGE('',*,*,#2264,.T.);
#2885=ORIENTED_EDGE('',*,*,#2077,.F.);
#2886=ORIENTED_EDGE('',*,*,#2265,.F.);
#2887=ORIENTED_EDGE('',*,*,#2266,.F.);
#2888=ORIENTED_EDGE('',*,*,#2267,.F.);
#2889=ORIENTED_EDGE('',*,*,#2266,.T.);
#2890=ORIENTED_EDGE('',*,*,#2268,.F.);
#2891=ORIENTED_EDGE('',*,*,#2079,.F.);
#2892=ORIENTED_EDGE('',*,*,#2269,.F.);
#2893=ORIENTED_EDGE('',*,*,#2270,.T.);
#2894=ORIENTED_EDGE('',*,*,#2249,.T.);
#2895=ORIENTED_EDGE('',*,*,#2271,.F.);
#2896=ORIENTED_EDGE('',*,*,#2163,.F.);
#2897=ORIENTED_EDGE('',*,*,#2272,.F.);
#2898=ORIENTED_EDGE('',*,*,#2273,.F.);
#2899=ORIENTED_EDGE('',*,*,#2245,.F.);
#2900=ORIENTED_EDGE('',*,*,#2274,.F.);
#2901=ORIENTED_EDGE('',*,*,#2275,.T.);
#2902=ORIENTED_EDGE('',*,*,#2276,.F.);
#2903=ORIENTED_EDGE('',*,*,#2241,.F.);
#2904=ORIENTED_EDGE('',*,*,#2277,.F.);
#2905=ORIENTED_EDGE('',*,*,#2215,.T.);
#2906=ORIENTED_EDGE('',*,*,#2278,.T.);
#2907=ORIENTED_EDGE('',*,*,#2157,.F.);
#2908=ORIENTED_EDGE('',*,*,#2279,.F.);
#2909=ORIENTED_EDGE('',*,*,#2280,.F.);
#2910=ORIENTED_EDGE('',*,*,#2281,.F.);
#2911=ORIENTED_EDGE('',*,*,#2280,.T.);
#2912=ORIENTED_EDGE('',*,*,#2282,.F.);
#2913=ORIENTED_EDGE('',*,*,#2159,.F.);
#2914=ORIENTED_EDGE('',*,*,#2283,.F.);
#2915=ORIENTED_EDGE('',*,*,#2284,.F.);
#2916=ORIENTED_EDGE('',*,*,#2285,.F.);
#2917=ORIENTED_EDGE('',*,*,#2286,.F.);
#2918=ORIENTED_EDGE('',*,*,#2287,.F.);
#2919=ORIENTED_EDGE('',*,*,#2288,.T.);
#2920=ORIENTED_EDGE('',*,*,#2285,.T.);
#2921=ORIENTED_EDGE('',*,*,#2289,.F.);
#2922=ORIENTED_EDGE('',*,*,#2290,.T.);
#2923=ORIENTED_EDGE('',*,*,#2088,.F.);
#2924=ORIENTED_EDGE('',*,*,#2291,.F.);
#2925=ORIENTED_EDGE('',*,*,#2292,.F.);
#2926=ORIENTED_EDGE('',*,*,#2293,.F.);
#2927=ORIENTED_EDGE('',*,*,#2292,.T.);
#2928=ORIENTED_EDGE('',*,*,#2294,.F.);
#2929=ORIENTED_EDGE('',*,*,#2090,.F.);
#2930=ORIENTED_EDGE('',*,*,#2247,.T.);
#2931=ORIENTED_EDGE('',*,*,#2295,.T.);
#2932=ORIENTED_EDGE('',*,*,#2272,.T.);
#2933=ORIENTED_EDGE('',*,*,#2162,.T.);
#2934=ORIENTED_EDGE('',*,*,#2296,.T.);
#2935=ORIENTED_EDGE('',*,*,#2297,.T.);
#2936=ORIENTED_EDGE('',*,*,#2298,.T.);
#2937=ORIENTED_EDGE('',*,*,#2283,.T.);
#2938=ORIENTED_EDGE('',*,*,#2299,.T.);
#2939=ORIENTED_EDGE('',*,*,#2287,.T.);
#2940=ORIENTED_EDGE('',*,*,#2300,.T.);
#2941=ORIENTED_EDGE('',*,*,#2301,.T.);
#2942=ORIENTED_EDGE('',*,*,#2302,.T.);
#2943=ORIENTED_EDGE('',*,*,#2085,.T.);
#2944=ORIENTED_EDGE('',*,*,#2303,.T.);
#2945=ORIENTED_EDGE('',*,*,#2304,.T.);
#2946=ORIENTED_EDGE('',*,*,#2305,.T.);
#2947=ORIENTED_EDGE('',*,*,#2109,.F.);
#2948=ORIENTED_EDGE('',*,*,#2228,.T.);
#2949=ORIENTED_EDGE('',*,*,#2306,.T.);
#2950=ORIENTED_EDGE('',*,*,#2233,.T.);
#2951=ORIENTED_EDGE('',*,*,#2138,.F.);
#2952=ORIENTED_EDGE('',*,*,#2307,.F.);
#2953=ORIENTED_EDGE('',*,*,#2308,.F.);
#2954=ORIENTED_EDGE('',*,*,#2309,.T.);
#2955=ORIENTED_EDGE('',*,*,#2030,.F.);
#2956=ORIENTED_EDGE('',*,*,#2310,.F.);
#2957=ORIENTED_EDGE('',*,*,#2035,.F.);
#2958=ORIENTED_EDGE('',*,*,#2311,.F.);
#2959=ORIENTED_EDGE('',*,*,#2312,.T.);
#2960=ORIENTED_EDGE('',*,*,#2313,.T.);
#2961=ORIENTED_EDGE('',*,*,#2110,.T.);
#2962=ORIENTED_EDGE('',*,*,#2305,.F.);
#2963=ORIENTED_EDGE('',*,*,#2314,.T.);
#2964=ORIENTED_EDGE('',*,*,#2315,.T.);
#2965=ORIENTED_EDGE('',*,*,#2099,.T.);
#2966=ORIENTED_EDGE('',*,*,#2316,.F.);
#2967=ORIENTED_EDGE('',*,*,#2317,.T.);
#2968=ORIENTED_EDGE('',*,*,#2318,.T.);
#2969=ORIENTED_EDGE('',*,*,#2100,.T.);
#2970=ORIENTED_EDGE('',*,*,#2315,.F.);
#2971=ORIENTED_EDGE('',*,*,#2319,.T.);
#2972=ORIENTED_EDGE('',*,*,#2320,.T.);
#2973=ORIENTED_EDGE('',*,*,#2113,.T.);
#2974=ORIENTED_EDGE('',*,*,#2321,.F.);
#2975=ORIENTED_EDGE('',*,*,#2322,.T.);
#2976=ORIENTED_EDGE('',*,*,#2323,.T.);
#2977=ORIENTED_EDGE('',*,*,#2114,.T.);
#2978=ORIENTED_EDGE('',*,*,#2320,.F.);
#2979=ORIENTED_EDGE('',*,*,#2324,.T.);
#2980=ORIENTED_EDGE('',*,*,#2321,.T.);
#2981=ORIENTED_EDGE('',*,*,#2112,.T.);
#2982=ORIENTED_EDGE('',*,*,#2323,.F.);
#2983=ORIENTED_EDGE('',*,*,#2325,.T.);
#2984=ORIENTED_EDGE('',*,*,#2326,.T.);
#2985=ORIENTED_EDGE('',*,*,#2116,.T.);
#2986=ORIENTED_EDGE('',*,*,#2327,.F.);
#2987=ORIENTED_EDGE('',*,*,#2328,.T.);
#2988=ORIENTED_EDGE('',*,*,#2329,.T.);
#2989=ORIENTED_EDGE('',*,*,#2117,.T.);
#2990=ORIENTED_EDGE('',*,*,#2326,.F.);
#2991=ORIENTED_EDGE('',*,*,#2330,.T.);
#2992=ORIENTED_EDGE('',*,*,#2327,.T.);
#2993=ORIENTED_EDGE('',*,*,#2115,.T.);
#2994=ORIENTED_EDGE('',*,*,#2329,.F.);
#2995=ORIENTED_EDGE('',*,*,#2331,.T.);
#2996=ORIENTED_EDGE('',*,*,#2332,.T.);
#2997=ORIENTED_EDGE('',*,*,#2119,.T.);
#2998=ORIENTED_EDGE('',*,*,#2333,.F.);
#2999=ORIENTED_EDGE('',*,*,#2334,.T.);
#3000=ORIENTED_EDGE('',*,*,#2335,.T.);
#3001=ORIENTED_EDGE('',*,*,#2120,.T.);
#3002=ORIENTED_EDGE('',*,*,#2332,.F.);
#3003=ORIENTED_EDGE('',*,*,#2336,.T.);
#3004=ORIENTED_EDGE('',*,*,#2333,.T.);
#3005=ORIENTED_EDGE('',*,*,#2118,.T.);
#3006=ORIENTED_EDGE('',*,*,#2335,.F.);
#3007=ORIENTED_EDGE('',*,*,#2337,.T.);
#3008=ORIENTED_EDGE('',*,*,#2338,.T.);
#3009=ORIENTED_EDGE('',*,*,#2096,.T.);
#3010=ORIENTED_EDGE('',*,*,#2339,.F.);
#3011=ORIENTED_EDGE('',*,*,#2340,.T.);
#3012=ORIENTED_EDGE('',*,*,#2341,.T.);
#3013=ORIENTED_EDGE('',*,*,#2097,.T.);
#3014=ORIENTED_EDGE('',*,*,#2338,.F.);
#3015=ORIENTED_EDGE('',*,*,#2342,.T.);
#3016=ORIENTED_EDGE('',*,*,#2343,.T.);
#3017=ORIENTED_EDGE('',*,*,#2122,.T.);
#3018=ORIENTED_EDGE('',*,*,#2344,.F.);
#3019=ORIENTED_EDGE('',*,*,#2345,.T.);
#3020=ORIENTED_EDGE('',*,*,#2346,.T.);
#3021=ORIENTED_EDGE('',*,*,#2123,.T.);
#3022=ORIENTED_EDGE('',*,*,#2343,.F.);
#3023=ORIENTED_EDGE('',*,*,#2347,.T.);
#3024=ORIENTED_EDGE('',*,*,#2344,.T.);
#3025=ORIENTED_EDGE('',*,*,#2121,.T.);
#3026=ORIENTED_EDGE('',*,*,#2346,.F.);
#3027=ORIENTED_EDGE('',*,*,#2348,.T.);
#3028=ORIENTED_EDGE('',*,*,#2349,.T.);
#3029=ORIENTED_EDGE('',*,*,#2125,.T.);
#3030=ORIENTED_EDGE('',*,*,#2350,.F.);
#3031=ORIENTED_EDGE('',*,*,#2351,.T.);
#3032=ORIENTED_EDGE('',*,*,#2352,.T.);
#3033=ORIENTED_EDGE('',*,*,#2126,.T.);
#3034=ORIENTED_EDGE('',*,*,#2349,.F.);
#3035=ORIENTED_EDGE('',*,*,#2353,.T.);
#3036=ORIENTED_EDGE('',*,*,#2350,.T.);
#3037=ORIENTED_EDGE('',*,*,#2124,.T.);
#3038=ORIENTED_EDGE('',*,*,#2352,.F.);
#3039=ORIENTED_EDGE('',*,*,#2354,.T.);
#3040=ORIENTED_EDGE('',*,*,#2355,.T.);
#3041=ORIENTED_EDGE('',*,*,#2128,.T.);
#3042=ORIENTED_EDGE('',*,*,#2356,.F.);
#3043=ORIENTED_EDGE('',*,*,#2357,.T.);
#3044=ORIENTED_EDGE('',*,*,#2358,.T.);
#3045=ORIENTED_EDGE('',*,*,#2129,.T.);
#3046=ORIENTED_EDGE('',*,*,#2355,.F.);
#3047=ORIENTED_EDGE('',*,*,#2359,.T.);
#3048=ORIENTED_EDGE('',*,*,#2356,.T.);
#3049=ORIENTED_EDGE('',*,*,#2127,.T.);
#3050=ORIENTED_EDGE('',*,*,#2358,.F.);
#3051=ORIENTED_EDGE('',*,*,#2360,.T.);
#3052=ORIENTED_EDGE('',*,*,#2361,.T.);
#3053=ORIENTED_EDGE('',*,*,#2092,.T.);
#3054=ORIENTED_EDGE('',*,*,#2362,.F.);
#3055=ORIENTED_EDGE('',*,*,#2363,.T.);
#3056=ORIENTED_EDGE('',*,*,#2364,.T.);
#3057=ORIENTED_EDGE('',*,*,#2093,.T.);
#3058=ORIENTED_EDGE('',*,*,#2361,.F.);
#3059=ORIENTED_EDGE('',*,*,#2365,.T.);
#3060=ORIENTED_EDGE('',*,*,#2242,.T.);
#3061=ORIENTED_EDGE('',*,*,#2276,.T.);
#3062=ORIENTED_EDGE('',*,*,#2366,.T.);
#3063=ORIENTED_EDGE('',*,*,#2094,.F.);
#3064=ORIENTED_EDGE('',*,*,#2364,.F.);
#3065=ORIENTED_EDGE('',*,*,#2367,.T.);
#3066=ORIENTED_EDGE('',*,*,#2362,.T.);
#3067=ORIENTED_EDGE('',*,*,#2091,.F.);
#3068=ORIENTED_EDGE('',*,*,#2294,.T.);
#3069=ORIENTED_EDGE('',*,*,#2291,.T.);
#3070=ORIENTED_EDGE('',*,*,#2087,.T.);
#3071=ORIENTED_EDGE('',*,*,#2368,.F.);
#3072=ORIENTED_EDGE('',*,*,#2369,.F.);
#3073=ORIENTED_EDGE('',*,*,#2300,.F.);
#3074=ORIENTED_EDGE('',*,*,#2289,.T.);
#3075=ORIENTED_EDGE('',*,*,#2284,.T.);
#3076=ORIENTED_EDGE('',*,*,#2298,.F.);
#3077=ORIENTED_EDGE('',*,*,#2370,.T.);
#3078=ORIENTED_EDGE('',*,*,#2371,.T.);
#3079=ORIENTED_EDGE('',*,*,#2160,.F.);
#3080=ORIENTED_EDGE('',*,*,#2282,.T.);
#3081=ORIENTED_EDGE('',*,*,#2279,.T.);
#3082=ORIENTED_EDGE('',*,*,#2156,.F.);
#3083=ORIENTED_EDGE('',*,*,#2372,.F.);
#3084=ORIENTED_EDGE('',*,*,#2373,.F.);
#3085=ORIENTED_EDGE('',*,*,#2374,.T.);
#3086=ORIENTED_EDGE('',*,*,#2153,.F.);
#3087=ORIENTED_EDGE('',*,*,#2375,.T.);
#3088=ORIENTED_EDGE('',*,*,#2376,.T.);
#3089=ORIENTED_EDGE('',*,*,#2065,.T.);
#3090=ORIENTED_EDGE('',*,*,#2377,.F.);
#3091=ORIENTED_EDGE('',*,*,#2378,.T.);
#3092=ORIENTED_EDGE('',*,*,#2379,.T.);
#3093=ORIENTED_EDGE('',*,*,#2066,.T.);
#3094=ORIENTED_EDGE('',*,*,#2376,.F.);
#3095=ORIENTED_EDGE('',*,*,#2380,.T.);
#3096=ORIENTED_EDGE('',*,*,#2381,.T.);
#3097=ORIENTED_EDGE('',*,*,#2082,.T.);
#3098=ORIENTED_EDGE('',*,*,#2382,.F.);
#3099=ORIENTED_EDGE('',*,*,#2383,.T.);
#3100=ORIENTED_EDGE('',*,*,#2382,.T.);
#3101=ORIENTED_EDGE('',*,*,#2081,.T.);
#3102=ORIENTED_EDGE('',*,*,#2384,.F.);
#3103=ORIENTED_EDGE('',*,*,#2385,.T.);
#3104=ORIENTED_EDGE('',*,*,#2386,.T.);
#3105=ORIENTED_EDGE('',*,*,#2131,.T.);
#3106=ORIENTED_EDGE('',*,*,#2387,.F.);
#3107=ORIENTED_EDGE('',*,*,#2388,.T.);
#3108=ORIENTED_EDGE('',*,*,#2389,.T.);
#3109=ORIENTED_EDGE('',*,*,#2132,.T.);
#3110=ORIENTED_EDGE('',*,*,#2386,.F.);
#3111=ORIENTED_EDGE('',*,*,#2390,.T.);
#3112=ORIENTED_EDGE('',*,*,#2387,.T.);
#3113=ORIENTED_EDGE('',*,*,#2130,.T.);
#3114=ORIENTED_EDGE('',*,*,#2389,.F.);
#3115=ORIENTED_EDGE('',*,*,#2391,.T.);
#3116=ORIENTED_EDGE('',*,*,#2392,.T.);
#3117=ORIENTED_EDGE('',*,*,#2068,.T.);
#3118=ORIENTED_EDGE('',*,*,#2393,.F.);
#3119=ORIENTED_EDGE('',*,*,#2394,.T.);
#3120=ORIENTED_EDGE('',*,*,#2395,.T.);
#3121=ORIENTED_EDGE('',*,*,#2069,.T.);
#3122=ORIENTED_EDGE('',*,*,#2392,.F.);
#3123=ORIENTED_EDGE('',*,*,#2396,.T.);
#3124=ORIENTED_EDGE('',*,*,#2397,.T.);
#3125=ORIENTED_EDGE('',*,*,#2134,.T.);
#3126=ORIENTED_EDGE('',*,*,#2398,.F.);
#3127=ORIENTED_EDGE('',*,*,#2399,.T.);
#3128=ORIENTED_EDGE('',*,*,#2400,.T.);
#3129=ORIENTED_EDGE('',*,*,#2135,.T.);
#3130=ORIENTED_EDGE('',*,*,#2397,.F.);
#3131=ORIENTED_EDGE('',*,*,#2401,.T.);
#3132=ORIENTED_EDGE('',*,*,#2398,.T.);
#3133=ORIENTED_EDGE('',*,*,#2133,.T.);
#3134=ORIENTED_EDGE('',*,*,#2400,.F.);
#3135=ORIENTED_EDGE('',*,*,#2402,.T.);
#3136=ORIENTED_EDGE('',*,*,#2403,.T.);
#3137=ORIENTED_EDGE('',*,*,#2074,.T.);
#3138=ORIENTED_EDGE('',*,*,#2404,.F.);
#3139=ORIENTED_EDGE('',*,*,#2405,.T.);
#3140=ORIENTED_EDGE('',*,*,#2406,.T.);
#3141=ORIENTED_EDGE('',*,*,#2075,.T.);
#3142=ORIENTED_EDGE('',*,*,#2403,.F.);
#3143=ORIENTED_EDGE('',*,*,#2407,.T.);
#3144=ORIENTED_EDGE('',*,*,#2408,.T.);
#3145=ORIENTED_EDGE('',*,*,#2106,.T.);
#3146=ORIENTED_EDGE('',*,*,#2409,.F.);
#3147=ORIENTED_EDGE('',*,*,#2410,.T.);
#3148=ORIENTED_EDGE('',*,*,#2411,.T.);
#3149=ORIENTED_EDGE('',*,*,#2107,.T.);
#3150=ORIENTED_EDGE('',*,*,#2408,.F.);
#3151=ORIENTED_EDGE('',*,*,#2412,.T.);
#3152=ORIENTED_EDGE('',*,*,#2368,.T.);
#3153=ORIENTED_EDGE('',*,*,#2086,.T.);
#3154=ORIENTED_EDGE('',*,*,#2302,.F.);
#3155=ORIENTED_EDGE('',*,*,#2011,.T.);
#3156=ORIENTED_EDGE('',*,*,#2413,.F.);
#3157=ORIENTED_EDGE('',*,*,#2414,.T.);
#3158=ORIENTED_EDGE('',*,*,#2216,.T.);
#3159=ORIENTED_EDGE('',*,*,#2243,.F.);
#3160=ORIENTED_EDGE('',*,*,#2273,.T.);
#3161=ORIENTED_EDGE('',*,*,#2415,.F.);
#3162=ORIENTED_EDGE('',*,*,#2416,.T.);
#3163=ORIENTED_EDGE('',*,*,#2227,.T.);
#3164=ORIENTED_EDGE('',*,*,#2231,.F.);
#3165=ORIENTED_EDGE('',*,*,#2306,.F.);
#3166=ORIENTED_EDGE('',*,*,#2217,.T.);
#3167=ORIENTED_EDGE('',*,*,#2220,.F.);
#3168=ORIENTED_EDGE('',*,*,#2209,.F.);
#3169=ORIENTED_EDGE('',*,*,#2144,.F.);
#3170=ORIENTED_EDGE('',*,*,#2234,.F.);
#3171=ORIENTED_EDGE('',*,*,#2237,.T.);
#3172=ORIENTED_EDGE('',*,*,#2222,.F.);
#3173=ORIENTED_EDGE('',*,*,#2225,.T.);
#3174=ORIENTED_EDGE('',*,*,#2103,.T.);
#3175=ORIENTED_EDGE('',*,*,#2059,.T.);
#3176=ORIENTED_EDGE('',*,*,#2417,.F.);
#3177=ORIENTED_EDGE('',*,*,#2418,.T.);
#3178=ORIENTED_EDGE('',*,*,#2009,.F.);
#3179=ORIENTED_EDGE('',*,*,#2419,.F.);
#3180=ORIENTED_EDGE('',*,*,#2420,.T.);
#3181=ORIENTED_EDGE('',*,*,#2184,.F.);
#3182=ORIENTED_EDGE('',*,*,#2050,.F.);
#3183=ORIENTED_EDGE('',*,*,#2054,.T.);
#3184=ORIENTED_EDGE('',*,*,#2029,.T.);
#3185=ORIENTED_EDGE('',*,*,#2033,.F.);
#3186=ORIENTED_EDGE('',*,*,#2310,.T.);
#3187=ORIENTED_EDGE('',*,*,#2043,.T.);
#3188=ORIENTED_EDGE('',*,*,#2047,.F.);
#3189=ORIENTED_EDGE('',*,*,#2057,.T.);
#3190=ORIENTED_EDGE('',*,*,#2036,.F.);
#3191=ORIENTED_EDGE('',*,*,#2040,.T.);
#3192=ORIENTED_EDGE('',*,*,#2063,.T.);
#3193=ORIENTED_EDGE('',*,*,#2256,.T.);
#3194=ORIENTED_EDGE('',*,*,#2259,.T.);
#3195=ORIENTED_EDGE('',*,*,#2262,.T.);
#3196=ORIENTED_EDGE('',*,*,#2071,.T.);
#3197=ORIENTED_EDGE('',*,*,#2420,.F.);
#3198=ORIENTED_EDGE('',*,*,#2421,.F.);
#3199=ORIENTED_EDGE('',*,*,#2422,.F.);
#3200=ORIENTED_EDGE('',*,*,#2250,.T.);
#3201=ORIENTED_EDGE('',*,*,#2270,.F.);
#3202=ORIENTED_EDGE('',*,*,#2423,.F.);
#3203=ORIENTED_EDGE('',*,*,#2424,.T.);
#3204=ORIENTED_EDGE('',*,*,#2417,.T.);
#3205=ORIENTED_EDGE('',*,*,#2176,.F.);
#3206=ORIENTED_EDGE('',*,*,#2169,.F.);
#3207=ORIENTED_EDGE('',*,*,#2251,.T.);
#3208=ORIENTED_EDGE('',*,*,#2254,.T.);
#3209=ORIENTED_EDGE('',*,*,#2264,.F.);
#3210=ORIENTED_EDGE('',*,*,#2267,.T.);
#3211=ORIENTED_EDGE('',*,*,#2078,.T.);
#3212=ORIENTED_EDGE('',*,*,#2425,.T.);
#3213=ORIENTED_EDGE('',*,*,#2413,.T.);
#3214=ORIENTED_EDGE('',*,*,#2010,.T.);
#3215=ORIENTED_EDGE('',*,*,#2418,.F.);
#3216=ORIENTED_EDGE('',*,*,#2424,.F.);
#3217=ORIENTED_EDGE('',*,*,#2426,.F.);
#3218=ORIENTED_EDGE('',*,*,#2427,.T.);
#3219=ORIENTED_EDGE('',*,*,#2297,.F.);
#3220=ORIENTED_EDGE('',*,*,#2428,.T.);
#3221=ORIENTED_EDGE('',*,*,#2370,.F.);
#3222=ORIENTED_EDGE('',*,*,#2429,.T.);
#3223=ORIENTED_EDGE('',*,*,#2430,.T.);
#3224=ORIENTED_EDGE('',*,*,#2431,.T.);
#3225=ORIENTED_EDGE('',*,*,#2432,.T.);
#3226=ORIENTED_EDGE('',*,*,#2433,.T.);
#3227=ORIENTED_EDGE('',*,*,#2434,.T.);
#3228=ORIENTED_EDGE('',*,*,#2435,.T.);
#3229=ORIENTED_EDGE('',*,*,#2436,.T.);
#3230=ORIENTED_EDGE('',*,*,#2437,.T.);
#3231=ORIENTED_EDGE('',*,*,#2438,.T.);
#3232=ORIENTED_EDGE('',*,*,#2439,.T.);
#3233=ORIENTED_EDGE('',*,*,#2440,.T.);
#3234=ORIENTED_EDGE('',*,*,#2441,.T.);
#3235=ORIENTED_EDGE('',*,*,#2442,.T.);
#3236=ORIENTED_EDGE('',*,*,#2443,.T.);
#3237=ORIENTED_EDGE('',*,*,#2444,.T.);
#3238=ORIENTED_EDGE('',*,*,#2445,.T.);
#3239=ORIENTED_EDGE('',*,*,#2446,.T.);
#3240=ORIENTED_EDGE('',*,*,#2447,.T.);
#3241=ORIENTED_EDGE('',*,*,#2448,.T.);
#3242=ORIENTED_EDGE('',*,*,#2449,.T.);
#3243=ORIENTED_EDGE('',*,*,#2373,.T.);
#3244=ORIENTED_EDGE('',*,*,#2450,.T.);
#3245=ORIENTED_EDGE('',*,*,#2451,.T.);
#3246=ORIENTED_EDGE('',*,*,#2452,.T.);
#3247=ORIENTED_EDGE('',*,*,#2453,.T.);
#3248=ORIENTED_EDGE('',*,*,#2454,.T.);
#3249=ORIENTED_EDGE('',*,*,#2455,.T.);
#3250=ORIENTED_EDGE('',*,*,#2456,.T.);
#3251=ORIENTED_EDGE('',*,*,#2457,.T.);
#3252=ORIENTED_EDGE('',*,*,#2458,.T.);
#3253=ORIENTED_EDGE('',*,*,#2459,.T.);
#3254=ORIENTED_EDGE('',*,*,#2460,.T.);
#3255=ORIENTED_EDGE('',*,*,#2461,.T.);
#3256=ORIENTED_EDGE('',*,*,#2462,.T.);
#3257=ORIENTED_EDGE('',*,*,#2463,.T.);
#3258=ORIENTED_EDGE('',*,*,#2464,.T.);
#3259=ORIENTED_EDGE('',*,*,#2465,.T.);
#3260=ORIENTED_EDGE('',*,*,#2466,.T.);
#3261=ORIENTED_EDGE('',*,*,#2467,.T.);
#3262=ORIENTED_EDGE('',*,*,#2468,.T.);
#3263=ORIENTED_EDGE('',*,*,#2469,.T.);
#3264=ORIENTED_EDGE('',*,*,#2470,.T.);
#3265=ORIENTED_EDGE('',*,*,#2471,.T.);
#3266=ORIENTED_EDGE('',*,*,#2472,.T.);
#3267=ORIENTED_EDGE('',*,*,#2473,.T.);
#3268=ORIENTED_EDGE('',*,*,#2474,.T.);
#3269=ORIENTED_EDGE('',*,*,#2475,.T.);
#3270=ORIENTED_EDGE('',*,*,#2476,.T.);
#3271=ORIENTED_EDGE('',*,*,#2477,.T.);
#3272=ORIENTED_EDGE('',*,*,#2308,.T.);
#3273=ORIENTED_EDGE('',*,*,#2477,.F.);
#3274=ORIENTED_EDGE('',*,*,#2478,.T.);
#3275=ORIENTED_EDGE('',*,*,#2136,.F.);
#3276=ORIENTED_EDGE('',*,*,#2055,.T.);
#3277=ORIENTED_EDGE('',*,*,#2052,.T.);
#3278=ORIENTED_EDGE('',*,*,#2183,.F.);
#3279=ORIENTED_EDGE('',*,*,#2479,.F.);
#3280=ORIENTED_EDGE('',*,*,#2448,.F.);
#3281=ORIENTED_EDGE('',*,*,#2480,.T.);
#3282=ORIENTED_EDGE('',*,*,#2180,.F.);
#3283=ORIENTED_EDGE('',*,*,#2481,.F.);
#3284=ORIENTED_EDGE('',*,*,#2439,.F.);
#3285=ORIENTED_EDGE('',*,*,#2482,.T.);
#3286=ORIENTED_EDGE('',*,*,#2177,.F.);
#3287=ORIENTED_EDGE('',*,*,#2061,.T.);
#3288=ORIENTED_EDGE('',*,*,#2070,.F.);
#3289=ORIENTED_EDGE('',*,*,#2395,.F.);
#3290=ORIENTED_EDGE('',*,*,#2483,.T.);
#3291=ORIENTED_EDGE('',*,*,#2393,.T.);
#3292=ORIENTED_EDGE('',*,*,#2067,.F.);
#3293=ORIENTED_EDGE('',*,*,#2379,.F.);
#3294=ORIENTED_EDGE('',*,*,#2484,.T.);
#3295=ORIENTED_EDGE('',*,*,#2377,.T.);
#3296=ORIENTED_EDGE('',*,*,#2064,.T.);
#3297=ORIENTED_EDGE('',*,*,#2041,.T.);
#3298=ORIENTED_EDGE('',*,*,#2038,.T.);
#3299=ORIENTED_EDGE('',*,*,#2111,.F.);
#3300=ORIENTED_EDGE('',*,*,#2313,.F.);
#3301=ORIENTED_EDGE('',*,*,#2485,.T.);
#3302=ORIENTED_EDGE('',*,*,#2311,.T.);
#3303=ORIENTED_EDGE('',*,*,#2034,.T.);
#3304=ORIENTED_EDGE('',*,*,#2031,.T.);
#3305=ORIENTED_EDGE('',*,*,#2309,.F.);
#3306=ORIENTED_EDGE('',*,*,#2058,.T.);
#3307=ORIENTED_EDGE('',*,*,#2048,.T.);
#3308=ORIENTED_EDGE('',*,*,#2045,.T.);
#3309=ORIENTED_EDGE('',*,*,#2476,.F.);
#3310=ORIENTED_EDGE('',*,*,#2307,.T.);
#3311=ORIENTED_EDGE('',*,*,#2137,.F.);
#3312=ORIENTED_EDGE('',*,*,#2478,.F.);
#3313=ORIENTED_EDGE('',*,*,#2474,.F.);
#3314=ORIENTED_EDGE('',*,*,#2486,.T.);
#3315=ORIENTED_EDGE('',*,*,#2148,.F.);
#3316=ORIENTED_EDGE('',*,*,#2487,.F.);
#3317=ORIENTED_EDGE('',*,*,#2475,.F.);
#3318=ORIENTED_EDGE('',*,*,#2487,.T.);
#3319=ORIENTED_EDGE('',*,*,#2147,.F.);
#3320=ORIENTED_EDGE('',*,*,#2488,.F.);
#3321=ORIENTED_EDGE('',*,*,#2471,.F.);
#3322=ORIENTED_EDGE('',*,*,#2489,.T.);
#3323=ORIENTED_EDGE('',*,*,#2187,.F.);
#3324=ORIENTED_EDGE('',*,*,#2490,.F.);
#3325=ORIENTED_EDGE('',*,*,#2472,.F.);
#3326=ORIENTED_EDGE('',*,*,#2490,.T.);
#3327=ORIENTED_EDGE('',*,*,#2186,.F.);
#3328=ORIENTED_EDGE('',*,*,#2491,.F.);
#3329=ORIENTED_EDGE('',*,*,#2470,.F.);
#3330=ORIENTED_EDGE('',*,*,#2491,.T.);
#3331=ORIENTED_EDGE('',*,*,#2185,.F.);
#3332=ORIENTED_EDGE('',*,*,#2489,.F.);
#3333=ORIENTED_EDGE('',*,*,#2468,.F.);
#3334=ORIENTED_EDGE('',*,*,#2492,.T.);
#3335=ORIENTED_EDGE('',*,*,#2190,.F.);
#3336=ORIENTED_EDGE('',*,*,#2493,.F.);
#3337=ORIENTED_EDGE('',*,*,#2469,.F.);
#3338=ORIENTED_EDGE('',*,*,#2493,.T.);
#3339=ORIENTED_EDGE('',*,*,#2189,.F.);
#3340=ORIENTED_EDGE('',*,*,#2494,.F.);
#3341=ORIENTED_EDGE('',*,*,#2467,.F.);
#3342=ORIENTED_EDGE('',*,*,#2494,.T.);
#3343=ORIENTED_EDGE('',*,*,#2188,.F.);
#3344=ORIENTED_EDGE('',*,*,#2492,.F.);
#3345=ORIENTED_EDGE('',*,*,#2465,.F.);
#3346=ORIENTED_EDGE('',*,*,#2495,.T.);
#3347=ORIENTED_EDGE('',*,*,#2193,.F.);
#3348=ORIENTED_EDGE('',*,*,#2496,.F.);
#3349=ORIENTED_EDGE('',*,*,#2466,.F.);
#3350=ORIENTED_EDGE('',*,*,#2496,.T.);
#3351=ORIENTED_EDGE('',*,*,#2192,.F.);
#3352=ORIENTED_EDGE('',*,*,#2497,.F.);
#3353=ORIENTED_EDGE('',*,*,#2464,.F.);
#3354=ORIENTED_EDGE('',*,*,#2497,.T.);
#3355=ORIENTED_EDGE('',*,*,#2191,.F.);
#3356=ORIENTED_EDGE('',*,*,#2495,.F.);
#3357=ORIENTED_EDGE('',*,*,#2462,.F.);
#3358=ORIENTED_EDGE('',*,*,#2498,.T.);
#3359=ORIENTED_EDGE('',*,*,#2151,.F.);
#3360=ORIENTED_EDGE('',*,*,#2499,.F.);
#3361=ORIENTED_EDGE('',*,*,#2463,.F.);
#3362=ORIENTED_EDGE('',*,*,#2499,.T.);
#3363=ORIENTED_EDGE('',*,*,#2150,.F.);
#3364=ORIENTED_EDGE('',*,*,#2500,.F.);
#3365=ORIENTED_EDGE('',*,*,#2498,.F.);
#3366=ORIENTED_EDGE('',*,*,#2461,.F.);
#3367=ORIENTED_EDGE('',*,*,#2500,.T.);
#3368=ORIENTED_EDGE('',*,*,#2149,.F.);
#3369=ORIENTED_EDGE('',*,*,#2486,.F.);
#3370=ORIENTED_EDGE('',*,*,#2473,.F.);
#3371=ORIENTED_EDGE('',*,*,#2488,.T.);
#3372=ORIENTED_EDGE('',*,*,#2146,.F.);
#3373=ORIENTED_EDGE('',*,*,#2238,.T.);
#3374=ORIENTED_EDGE('',*,*,#2235,.T.);
#3375=ORIENTED_EDGE('',*,*,#2142,.F.);
#3376=ORIENTED_EDGE('',*,*,#2501,.F.);
#3377=ORIENTED_EDGE('',*,*,#2429,.F.);
#3378=ORIENTED_EDGE('',*,*,#2502,.T.);
#3379=ORIENTED_EDGE('',*,*,#2139,.F.);
#3380=ORIENTED_EDGE('',*,*,#2232,.T.);
#3381=ORIENTED_EDGE('',*,*,#2229,.T.);
#3382=ORIENTED_EDGE('',*,*,#2108,.F.);
#3383=ORIENTED_EDGE('',*,*,#2411,.F.);
#3384=ORIENTED_EDGE('',*,*,#2503,.T.);
#3385=ORIENTED_EDGE('',*,*,#2409,.T.);
#3386=ORIENTED_EDGE('',*,*,#2105,.T.);
#3387=ORIENTED_EDGE('',*,*,#2226,.T.);
#3388=ORIENTED_EDGE('',*,*,#2223,.T.);
#3389=ORIENTED_EDGE('',*,*,#2101,.T.);
#3390=ORIENTED_EDGE('',*,*,#2318,.F.);
#3391=ORIENTED_EDGE('',*,*,#2504,.T.);
#3392=ORIENTED_EDGE('',*,*,#2316,.T.);
#3393=ORIENTED_EDGE('',*,*,#2098,.F.);
#3394=ORIENTED_EDGE('',*,*,#2341,.F.);
#3395=ORIENTED_EDGE('',*,*,#2505,.T.);
#3396=ORIENTED_EDGE('',*,*,#2339,.T.);
#3397=ORIENTED_EDGE('',*,*,#2095,.F.);
#3398=ORIENTED_EDGE('',*,*,#2366,.F.);
#3399=ORIENTED_EDGE('',*,*,#2275,.F.);
#3400=ORIENTED_EDGE('',*,*,#2214,.T.);
#3401=ORIENTED_EDGE('',*,*,#2239,.F.);
#3402=ORIENTED_EDGE('',*,*,#2365,.F.);
#3403=ORIENTED_EDGE('',*,*,#2152,.F.);
#3404=ORIENTED_EDGE('',*,*,#2211,.T.);
#3405=ORIENTED_EDGE('',*,*,#2221,.T.);
#3406=ORIENTED_EDGE('',*,*,#2218,.T.);
#3407=ORIENTED_EDGE('',*,*,#2459,.F.);
#3408=ORIENTED_EDGE('',*,*,#2506,.T.);
#3409=ORIENTED_EDGE('',*,*,#2196,.F.);
#3410=ORIENTED_EDGE('',*,*,#2507,.F.);
#3411=ORIENTED_EDGE('',*,*,#2460,.F.);
#3412=ORIENTED_EDGE('',*,*,#2507,.T.);
#3413=ORIENTED_EDGE('',*,*,#2195,.F.);
#3414=ORIENTED_EDGE('',*,*,#2508,.F.);
#3415=ORIENTED_EDGE('',*,*,#2458,.F.);
#3416=ORIENTED_EDGE('',*,*,#2508,.T.);
#3417=ORIENTED_EDGE('',*,*,#2194,.F.);
#3418=ORIENTED_EDGE('',*,*,#2506,.F.);
#3419=ORIENTED_EDGE('',*,*,#2456,.F.);
#3420=ORIENTED_EDGE('',*,*,#2509,.T.);
#3421=ORIENTED_EDGE('',*,*,#2199,.F.);
#3422=ORIENTED_EDGE('',*,*,#2510,.F.);
#3423=ORIENTED_EDGE('',*,*,#2457,.F.);
#3424=ORIENTED_EDGE('',*,*,#2510,.T.);
#3425=ORIENTED_EDGE('',*,*,#2198,.F.);
#3426=ORIENTED_EDGE('',*,*,#2511,.F.);
#3427=ORIENTED_EDGE('',*,*,#2455,.F.);
#3428=ORIENTED_EDGE('',*,*,#2511,.T.);
#3429=ORIENTED_EDGE('',*,*,#2197,.F.);
#3430=ORIENTED_EDGE('',*,*,#2509,.F.);
#3431=ORIENTED_EDGE('',*,*,#2453,.F.);
#3432=ORIENTED_EDGE('',*,*,#2512,.T.);
#3433=ORIENTED_EDGE('',*,*,#2202,.F.);
#3434=ORIENTED_EDGE('',*,*,#2513,.F.);
#3435=ORIENTED_EDGE('',*,*,#2454,.F.);
#3436=ORIENTED_EDGE('',*,*,#2513,.T.);
#3437=ORIENTED_EDGE('',*,*,#2201,.F.);
#3438=ORIENTED_EDGE('',*,*,#2514,.F.);
#3439=ORIENTED_EDGE('',*,*,#2452,.F.);
#3440=ORIENTED_EDGE('',*,*,#2514,.T.);
#3441=ORIENTED_EDGE('',*,*,#2200,.F.);
#3442=ORIENTED_EDGE('',*,*,#2512,.F.);
#3443=ORIENTED_EDGE('',*,*,#2450,.F.);
#3444=ORIENTED_EDGE('',*,*,#2372,.T.);
#3445=ORIENTED_EDGE('',*,*,#2155,.F.);
#3446=ORIENTED_EDGE('',*,*,#2515,.F.);
#3447=ORIENTED_EDGE('',*,*,#2451,.F.);
#3448=ORIENTED_EDGE('',*,*,#2515,.T.);
#3449=ORIENTED_EDGE('',*,*,#2154,.F.);
#3450=ORIENTED_EDGE('',*,*,#2374,.F.);
#3451=ORIENTED_EDGE('',*,*,#2449,.F.);
#3452=ORIENTED_EDGE('',*,*,#2479,.T.);
#3453=ORIENTED_EDGE('',*,*,#2182,.F.);
#3454=ORIENTED_EDGE('',*,*,#2516,.F.);
#3455=ORIENTED_EDGE('',*,*,#2447,.F.);
#3456=ORIENTED_EDGE('',*,*,#2516,.T.);
#3457=ORIENTED_EDGE('',*,*,#2181,.F.);
#3458=ORIENTED_EDGE('',*,*,#2480,.F.);
#3459=ORIENTED_EDGE('',*,*,#2445,.F.);
#3460=ORIENTED_EDGE('',*,*,#2517,.T.);
#3461=ORIENTED_EDGE('',*,*,#2165,.F.);
#3462=ORIENTED_EDGE('',*,*,#2518,.F.);
#3463=ORIENTED_EDGE('',*,*,#2444,.F.);
#3464=ORIENTED_EDGE('',*,*,#2519,.T.);
#3465=ORIENTED_EDGE('',*,*,#2166,.F.);
#3466=ORIENTED_EDGE('',*,*,#2517,.F.);
#3467=ORIENTED_EDGE('',*,*,#2442,.F.);
#3468=ORIENTED_EDGE('',*,*,#2520,.T.);
#3469=ORIENTED_EDGE('',*,*,#2205,.F.);
#3470=ORIENTED_EDGE('',*,*,#2521,.F.);
#3471=ORIENTED_EDGE('',*,*,#2443,.F.);
#3472=ORIENTED_EDGE('',*,*,#2521,.T.);
#3473=ORIENTED_EDGE('',*,*,#2204,.F.);
#3474=ORIENTED_EDGE('',*,*,#2522,.F.);
#3475=ORIENTED_EDGE('',*,*,#2441,.F.);
#3476=ORIENTED_EDGE('',*,*,#2522,.T.);
#3477=ORIENTED_EDGE('',*,*,#2203,.F.);
#3478=ORIENTED_EDGE('',*,*,#2520,.F.);
#3479=ORIENTED_EDGE('',*,*,#2440,.F.);
#3480=ORIENTED_EDGE('',*,*,#2481,.T.);
#3481=ORIENTED_EDGE('',*,*,#2179,.F.);
#3482=ORIENTED_EDGE('',*,*,#2523,.F.);
#3483=ORIENTED_EDGE('',*,*,#2438,.F.);
#3484=ORIENTED_EDGE('',*,*,#2523,.T.);
#3485=ORIENTED_EDGE('',*,*,#2178,.F.);
#3486=ORIENTED_EDGE('',*,*,#2482,.F.);
#3487=ORIENTED_EDGE('',*,*,#2436,.F.);
#3488=ORIENTED_EDGE('',*,*,#2524,.T.);
#3489=ORIENTED_EDGE('',*,*,#2208,.F.);
#3490=ORIENTED_EDGE('',*,*,#2525,.F.);
#3491=ORIENTED_EDGE('',*,*,#2437,.F.);
#3492=ORIENTED_EDGE('',*,*,#2525,.T.);
#3493=ORIENTED_EDGE('',*,*,#2207,.F.);
#3494=ORIENTED_EDGE('',*,*,#2526,.F.);
#3495=ORIENTED_EDGE('',*,*,#2435,.F.);
#3496=ORIENTED_EDGE('',*,*,#2526,.T.);
#3497=ORIENTED_EDGE('',*,*,#2206,.F.);
#3498=ORIENTED_EDGE('',*,*,#2524,.F.);
#3499=ORIENTED_EDGE('',*,*,#2433,.F.);
#3500=ORIENTED_EDGE('',*,*,#2527,.T.);
#3501=ORIENTED_EDGE('',*,*,#2171,.F.);
#3502=ORIENTED_EDGE('',*,*,#2255,.T.);
#3503=ORIENTED_EDGE('',*,*,#2252,.T.);
#3504=ORIENTED_EDGE('',*,*,#2167,.F.);
#3505=ORIENTED_EDGE('',*,*,#2519,.F.);
#3506=ORIENTED_EDGE('',*,*,#2446,.F.);
#3507=ORIENTED_EDGE('',*,*,#2518,.T.);
#3508=ORIENTED_EDGE('',*,*,#2164,.F.);
#3509=ORIENTED_EDGE('',*,*,#2271,.T.);
#3510=ORIENTED_EDGE('',*,*,#2248,.T.);
#3511=ORIENTED_EDGE('',*,*,#2083,.F.);
#3512=ORIENTED_EDGE('',*,*,#2381,.F.);
#3513=ORIENTED_EDGE('',*,*,#2528,.T.);
#3514=ORIENTED_EDGE('',*,*,#2384,.T.);
#3515=ORIENTED_EDGE('',*,*,#2080,.T.);
#3516=ORIENTED_EDGE('',*,*,#2268,.T.);
#3517=ORIENTED_EDGE('',*,*,#2265,.T.);
#3518=ORIENTED_EDGE('',*,*,#2076,.T.);
#3519=ORIENTED_EDGE('',*,*,#2406,.F.);
#3520=ORIENTED_EDGE('',*,*,#2529,.T.);
#3521=ORIENTED_EDGE('',*,*,#2404,.T.);
#3522=ORIENTED_EDGE('',*,*,#2073,.F.);
#3523=ORIENTED_EDGE('',*,*,#2263,.T.);
#3524=ORIENTED_EDGE('',*,*,#2260,.T.);
#3525=ORIENTED_EDGE('',*,*,#2257,.T.);
#3526=ORIENTED_EDGE('',*,*,#2174,.F.);
#3527=ORIENTED_EDGE('',*,*,#2530,.F.);
#3528=ORIENTED_EDGE('',*,*,#2434,.F.);
#3529=ORIENTED_EDGE('',*,*,#2530,.T.);
#3530=ORIENTED_EDGE('',*,*,#2173,.F.);
#3531=ORIENTED_EDGE('',*,*,#2531,.F.);
#3532=ORIENTED_EDGE('',*,*,#2432,.F.);
#3533=ORIENTED_EDGE('',*,*,#2531,.T.);
#3534=ORIENTED_EDGE('',*,*,#2172,.F.);
#3535=ORIENTED_EDGE('',*,*,#2527,.F.);
#3536=ORIENTED_EDGE('',*,*,#2430,.F.);
#3537=ORIENTED_EDGE('',*,*,#2501,.T.);
#3538=ORIENTED_EDGE('',*,*,#2141,.F.);
#3539=ORIENTED_EDGE('',*,*,#2532,.F.);
#3540=ORIENTED_EDGE('',*,*,#2431,.F.);
#3541=ORIENTED_EDGE('',*,*,#2532,.T.);
#3542=ORIENTED_EDGE('',*,*,#2140,.F.);
#3543=ORIENTED_EDGE('',*,*,#2502,.F.);
#3544=ORIENTED_EDGE('',*,*,#2428,.F.);
#3545=ORIENTED_EDGE('',*,*,#2296,.F.);
#3546=ORIENTED_EDGE('',*,*,#2161,.F.);
#3547=ORIENTED_EDGE('',*,*,#2371,.F.);
#3548=ORIENTED_EDGE('',*,*,#2277,.T.);
#3549=ORIENTED_EDGE('',*,*,#2240,.F.);
#3550=ORIENTED_EDGE('',*,*,#2414,.F.);
#3551=ORIENTED_EDGE('',*,*,#2425,.F.);
#3552=ORIENTED_EDGE('',*,*,#2533,.T.);
#3553=ORIENTED_EDGE('',*,*,#2286,.T.);
#3554=ORIENTED_EDGE('',*,*,#2288,.F.);
#3555=ORIENTED_EDGE('',*,*,#2534,.T.);
#3556=ORIENTED_EDGE('',*,*,#2535,.T.);
#3557=ORIENTED_EDGE('',*,*,#2415,.T.);
#3558=ORIENTED_EDGE('',*,*,#2274,.T.);
#3559=ORIENTED_EDGE('',*,*,#2244,.T.);
#3560=ORIENTED_EDGE('',*,*,#2089,.T.);
#3561=ORIENTED_EDGE('',*,*,#2290,.F.);
#3562=ORIENTED_EDGE('',*,*,#2293,.T.);
#3563=ORIENTED_EDGE('',*,*,#2278,.F.);
#3564=ORIENTED_EDGE('',*,*,#2281,.T.);
#3565=ORIENTED_EDGE('',*,*,#2158,.F.);
#3566=ORIENTED_EDGE('',*,*,#2246,.T.);
#3567=ORIENTED_EDGE('',*,*,#2536,.F.);
#3568=ORIENTED_EDGE('',*,*,#2269,.T.);
#3569=ORIENTED_EDGE('',*,*,#2295,.F.);
#3570=ORIENTED_EDGE('',*,*,#2421,.T.);
#3571=ORIENTED_EDGE('',*,*,#2419,.T.);
#3572=ORIENTED_EDGE('',*,*,#2012,.F.);
#3573=ORIENTED_EDGE('',*,*,#2416,.F.);
#3574=ORIENTED_EDGE('',*,*,#2535,.F.);
#3575=ORIENTED_EDGE('',*,*,#2537,.F.);
#3576=ORIENTED_EDGE('',*,*,#2538,.F.);
#3577=ORIENTED_EDGE('',*,*,#2301,.F.);
#3578=ORIENTED_EDGE('',*,*,#2369,.T.);
#3579=ORIENTED_EDGE('',*,*,#2412,.F.);
#3580=ORIENTED_EDGE('',*,*,#2312,.F.);
#3581=ORIENTED_EDGE('',*,*,#2304,.F.);
#3582=ORIENTED_EDGE('',*,*,#2485,.F.);
#3583=ORIENTED_EDGE('',*,*,#2504,.F.);
#3584=ORIENTED_EDGE('',*,*,#2317,.F.);
#3585=ORIENTED_EDGE('',*,*,#2314,.F.);
#3586=ORIENTED_EDGE('',*,*,#2324,.F.);
#3587=ORIENTED_EDGE('',*,*,#2322,.F.);
#3588=ORIENTED_EDGE('',*,*,#2319,.F.);
#3589=ORIENTED_EDGE('',*,*,#2330,.F.);
#3590=ORIENTED_EDGE('',*,*,#2328,.F.);
#3591=ORIENTED_EDGE('',*,*,#2325,.F.);
#3592=ORIENTED_EDGE('',*,*,#2336,.F.);
#3593=ORIENTED_EDGE('',*,*,#2334,.F.);
#3594=ORIENTED_EDGE('',*,*,#2331,.F.);
#3595=ORIENTED_EDGE('',*,*,#2505,.F.);
#3596=ORIENTED_EDGE('',*,*,#2340,.F.);
#3597=ORIENTED_EDGE('',*,*,#2337,.F.);
#3598=ORIENTED_EDGE('',*,*,#2347,.F.);
#3599=ORIENTED_EDGE('',*,*,#2345,.F.);
#3600=ORIENTED_EDGE('',*,*,#2342,.F.);
#3601=ORIENTED_EDGE('',*,*,#2353,.F.);
#3602=ORIENTED_EDGE('',*,*,#2351,.F.);
#3603=ORIENTED_EDGE('',*,*,#2348,.F.);
#3604=ORIENTED_EDGE('',*,*,#2359,.F.);
#3605=ORIENTED_EDGE('',*,*,#2357,.F.);
#3606=ORIENTED_EDGE('',*,*,#2354,.F.);
#3607=ORIENTED_EDGE('',*,*,#2367,.F.);
#3608=ORIENTED_EDGE('',*,*,#2363,.F.);
#3609=ORIENTED_EDGE('',*,*,#2360,.F.);
#3610=ORIENTED_EDGE('',*,*,#2378,.F.);
#3611=ORIENTED_EDGE('',*,*,#2375,.F.);
#3612=ORIENTED_EDGE('',*,*,#2484,.F.);
#3613=ORIENTED_EDGE('',*,*,#2383,.F.);
#3614=ORIENTED_EDGE('',*,*,#2528,.F.);
#3615=ORIENTED_EDGE('',*,*,#2380,.F.);
#3616=ORIENTED_EDGE('',*,*,#2390,.F.);
#3617=ORIENTED_EDGE('',*,*,#2388,.F.);
#3618=ORIENTED_EDGE('',*,*,#2385,.F.);
#3619=ORIENTED_EDGE('',*,*,#2394,.F.);
#3620=ORIENTED_EDGE('',*,*,#2391,.F.);
#3621=ORIENTED_EDGE('',*,*,#2483,.F.);
#3622=ORIENTED_EDGE('',*,*,#2401,.F.);
#3623=ORIENTED_EDGE('',*,*,#2399,.F.);
#3624=ORIENTED_EDGE('',*,*,#2396,.F.);
#3625=ORIENTED_EDGE('',*,*,#2405,.F.);
#3626=ORIENTED_EDGE('',*,*,#2402,.F.);
#3627=ORIENTED_EDGE('',*,*,#2529,.F.);
#3628=ORIENTED_EDGE('',*,*,#2503,.F.);
#3629=ORIENTED_EDGE('',*,*,#2410,.F.);
#3630=ORIENTED_EDGE('',*,*,#2407,.F.);
#3631=ORIENTED_EDGE('',*,*,#2539,.F.);
#3632=ORIENTED_EDGE('',*,*,#2537,.T.);
#3633=ORIENTED_EDGE('',*,*,#2534,.F.);
#3634=ORIENTED_EDGE('',*,*,#2299,.F.);
#3635=ORIENTED_EDGE('',*,*,#2533,.F.);
#3636=ORIENTED_EDGE('',*,*,#2427,.F.);
#3637=ORIENTED_EDGE('',*,*,#2540,.F.);
#3638=ORIENTED_EDGE('',*,*,#2541,.T.);
#3639=ORIENTED_EDGE('',*,*,#2542,.F.);
#3640=ORIENTED_EDGE('',*,*,#2541,.F.);
#3641=ORIENTED_EDGE('',*,*,#2543,.F.);
#3642=ORIENTED_EDGE('',*,*,#2544,.T.);
#3643=ORIENTED_EDGE('',*,*,#2545,.F.);
#3644=ORIENTED_EDGE('',*,*,#2544,.F.);
#3645=ORIENTED_EDGE('',*,*,#2546,.F.);
#3646=ORIENTED_EDGE('',*,*,#2547,.T.);
#3647=ORIENTED_EDGE('',*,*,#2548,.F.);
#3648=ORIENTED_EDGE('',*,*,#2547,.F.);
#3649=ORIENTED_EDGE('',*,*,#2549,.F.);
#3650=ORIENTED_EDGE('',*,*,#2550,.T.);
#3651=ORIENTED_EDGE('',*,*,#2303,.F.);
#3652=ORIENTED_EDGE('',*,*,#2550,.F.);
#3653=ORIENTED_EDGE('',*,*,#2551,.F.);
#3654=ORIENTED_EDGE('',*,*,#2552,.T.);
#3655=ORIENTED_EDGE('',*,*,#2553,.F.);
#3656=ORIENTED_EDGE('',*,*,#2552,.F.);
#3657=ORIENTED_EDGE('',*,*,#2554,.F.);
#3658=ORIENTED_EDGE('',*,*,#2555,.T.);
#3659=ORIENTED_EDGE('',*,*,#2556,.F.);
#3660=ORIENTED_EDGE('',*,*,#2557,.F.);
#3661=ORIENTED_EDGE('',*,*,#2558,.F.);
#3662=ORIENTED_EDGE('',*,*,#2557,.T.);
#3663=ORIENTED_EDGE('',*,*,#2559,.F.);
#3664=ORIENTED_EDGE('',*,*,#2560,.F.);
#3665=ORIENTED_EDGE('',*,*,#2561,.F.);
#3666=ORIENTED_EDGE('',*,*,#2560,.T.);
#3667=ORIENTED_EDGE('',*,*,#2562,.F.);
#3668=ORIENTED_EDGE('',*,*,#2563,.F.);
#3669=ORIENTED_EDGE('',*,*,#2564,.F.);
#3670=ORIENTED_EDGE('',*,*,#2563,.T.);
#3671=ORIENTED_EDGE('',*,*,#2565,.F.);
#3672=ORIENTED_EDGE('',*,*,#2555,.F.);
#3673=ORIENTED_EDGE('',*,*,#2564,.T.);
#3674=ORIENTED_EDGE('',*,*,#2554,.T.);
#3675=ORIENTED_EDGE('',*,*,#2558,.T.);
#3676=ORIENTED_EDGE('',*,*,#2561,.T.);
#3677=ORIENTED_EDGE('',*,*,#2426,.T.);
#3678=ORIENTED_EDGE('',*,*,#2423,.T.);
#3679=ORIENTED_EDGE('',*,*,#2536,.T.);
#3680=ORIENTED_EDGE('',*,*,#2422,.T.);
#3681=ORIENTED_EDGE('',*,*,#2538,.T.);
#3682=ORIENTED_EDGE('',*,*,#2539,.T.);
#3683=ORIENTED_EDGE('',*,*,#2553,.T.);
#3684=ORIENTED_EDGE('',*,*,#2548,.T.);
#3685=ORIENTED_EDGE('',*,*,#2545,.T.);
#3686=ORIENTED_EDGE('',*,*,#2542,.T.);
#3687=ORIENTED_EDGE('',*,*,#2565,.T.);
#3688=ORIENTED_EDGE('',*,*,#2562,.T.);
#3689=ORIENTED_EDGE('',*,*,#2559,.T.);
#3690=ORIENTED_EDGE('',*,*,#2556,.T.);
#3691=ORIENTED_EDGE('',*,*,#2551,.T.);
#3692=ORIENTED_EDGE('',*,*,#2549,.T.);
#3693=ORIENTED_EDGE('',*,*,#2546,.T.);
#3694=ORIENTED_EDGE('',*,*,#2543,.T.);
#3695=ORIENTED_EDGE('',*,*,#2540,.T.);
#3696=PLANE('',#4021);
#3697=PLANE('',#4034);
#3698=PLANE('',#4035);
#3699=PLANE('',#4036);
#3700=PLANE('',#4037);
#3701=PLANE('',#4038);
#3702=PLANE('',#4039);
#3703=PLANE('',#4040);
#3704=PLANE('',#4041);
#3705=PLANE('',#4042);
#3706=PLANE('',#4043);
#3707=PLANE('',#4044);
#3708=PLANE('',#4045);
#3709=PLANE('',#4046);
#3710=PLANE('',#4047);
#3711=PLANE('',#4048);
#3712=PLANE('',#4049);
#3713=PLANE('',#4050);
#3714=PLANE('',#4051);
#3715=PLANE('',#4052);
#3716=PLANE('',#4053);
#3717=PLANE('',#4054);
#3718=PLANE('',#4055);
#3719=PLANE('',#4056);
#3720=PLANE('',#4057);
#3721=PLANE('',#4058);
#3722=PLANE('',#4059);
#3723=PLANE('',#4060);
#3724=PLANE('',#4061);
#3725=PLANE('',#4062);
#3726=PLANE('',#4063);
#3727=PLANE('',#4064);
#3728=PLANE('',#4065);
#3729=PLANE('',#4066);
#3730=PLANE('',#4067);
#3731=PLANE('',#4068);
#3732=PLANE('',#4069);
#3733=PLANE('',#4070);
#3734=PLANE('',#4071);
#3735=PLANE('',#4072);
#3736=PLANE('',#4073);
#3737=PLANE('',#4074);
#3738=PLANE('',#4075);
#3739=PLANE('',#4076);
#3740=PLANE('',#4077);
#3741=PLANE('',#4078);
#3742=PLANE('',#4079);
#3743=PLANE('',#4080);
#3744=PLANE('',#4082);
#3745=PLANE('',#4083);
#3746=PLANE('',#4084);
#3747=PLANE('',#4085);
#3748=PLANE('',#4086);
#3749=PLANE('',#4087);
#3750=PLANE('',#4088);
#3751=PLANE('',#4089);
#3752=PLANE('',#4090);
#3753=PLANE('',#4091);
#3754=PLANE('',#4092);
#3755=PLANE('',#4093);
#3756=PLANE('',#4094);
#3757=PLANE('',#4095);
#3758=PLANE('',#4096);
#3759=PLANE('',#4097);
#3760=PLANE('',#4098);
#3761=PLANE('',#4099);
#3762=PLANE('',#4100);
#3763=PLANE('',#4101);
#3764=PLANE('',#4102);
#3765=PLANE('',#4103);
#3766=PLANE('',#4104);
#3767=PLANE('',#4105);
#3768=PLANE('',#4106);
#3769=PLANE('',#4107);
#3770=PLANE('',#4108);
#3771=PLANE('',#4109);
#3772=PLANE('',#4110);
#3773=PLANE('',#4111);
#3774=PLANE('',#4112);
#3775=PLANE('',#4113);
#3776=PLANE('',#4114);
#3777=PLANE('',#4115);
#3778=PLANE('',#4116);
#3779=PLANE('',#4117);
#3780=PLANE('',#4118);
#3781=PLANE('',#4119);
#3782=PLANE('',#4120);
#3783=PLANE('',#4121);
#3784=PLANE('',#4122);
#3785=PLANE('',#4123);
#3786=PLANE('',#4124);
#3787=PLANE('',#4125);
#3788=PLANE('',#4126);
#3789=PLANE('',#4127);
#3790=PLANE('',#4128);
#3791=PLANE('',#4129);
#3792=PLANE('',#4130);
#3793=PLANE('',#4131);
#3794=PLANE('',#4132);
#3795=PLANE('',#4133);
#3796=PLANE('',#4134);
#3797=PLANE('',#4135);
#3798=PLANE('',#4136);
#3799=PLANE('',#4137);
#3800=PLANE('',#4138);
#3801=PLANE('',#4139);
#3802=PLANE('',#4140);
#3803=PLANE('',#4141);
#3804=PLANE('',#4142);
#3805=PLANE('',#4143);
#3806=PLANE('',#4144);
#3807=PLANE('',#4145);
#3808=PLANE('',#4146);
#3809=PLANE('',#4147);
#3810=PLANE('',#4148);
#3811=PLANE('',#4149);
#3812=PLANE('',#4150);
#3813=PLANE('',#4151);
#3814=PLANE('',#4152);
#3815=PLANE('',#4153);
#3816=PLANE('',#4154);
#3817=PLANE('',#4155);
#3818=PLANE('',#4156);
#3819=PLANE('',#4157);
#3820=PLANE('',#4158);
#3821=PLANE('',#4159);
#3822=PLANE('',#4160);
#3823=PLANE('',#4161);
#3824=PLANE('',#4162);
#3825=PLANE('',#4163);
#3826=PLANE('',#4164);
#3827=PLANE('',#4165);
#3828=PLANE('',#4166);
#3829=PLANE('',#4167);
#3830=PLANE('',#4168);
#3831=PLANE('',#4169);
#3832=PLANE('',#4170);
#3833=PLANE('',#4171);
#3834=PLANE('',#4172);
#3835=PLANE('',#4173);
#3836=PLANE('',#4174);
#3837=PLANE('',#4175);
#3838=PLANE('',#4176);
#3839=PLANE('',#4177);
#3840=PLANE('',#4178);
#3841=PLANE('',#4193);
#3842=PLANE('',#4194);
#3843=PLANE('',#4195);
#3844=PLANE('',#4196);
#3845=PLANE('',#4197);
#3846=PLANE('',#4198);
#3847=ADVANCED_FACE('',(#128,#24,#25,#26,#27,#28),#3696,.F.);
#3848=ADVANCED_FACE('',(#129),#15,.F.);
#3849=ADVANCED_FACE('',(#130),#16,.F.);
#3850=ADVANCED_FACE('',(#131),#17,.F.);
#3851=ADVANCED_FACE('',(#132),#18,.F.);
#3852=ADVANCED_FACE('',(#133),#3697,.T.);
#3853=ADVANCED_FACE('',(#134),#3698,.T.);
#3854=ADVANCED_FACE('',(#135),#3699,.T.);
#3855=ADVANCED_FACE('',(#136),#3700,.T.);
#3856=ADVANCED_FACE('',(#137,#29,#30,#31,#32),#3701,.T.);
#3857=ADVANCED_FACE('',(#138),#3702,.T.);
#3858=ADVANCED_FACE('',(#139),#3703,.T.);
#3859=ADVANCED_FACE('',(#140),#3704,.T.);
#3860=ADVANCED_FACE('',(#141),#3705,.T.);
#3861=ADVANCED_FACE('',(#142),#3706,.T.);
#3862=ADVANCED_FACE('',(#143),#3707,.T.);
#3863=ADVANCED_FACE('',(#144),#3708,.T.);
#3864=ADVANCED_FACE('',(#145),#3709,.T.);
#3865=ADVANCED_FACE('',(#146),#3710,.T.);
#3866=ADVANCED_FACE('',(#147),#3711,.T.);
#3867=ADVANCED_FACE('',(#148,#33,#34,#35,#36,#37,#38,#39,#40),#3712,.F.);
#3868=ADVANCED_FACE('',(#149,#41,#42,#43,#44,#45,#46,#47,#48),#3713,.T.);
#3869=ADVANCED_FACE('',(#150),#3714,.T.);
#3870=ADVANCED_FACE('',(#151),#3715,.T.);
#3871=ADVANCED_FACE('',(#152),#3716,.T.);
#3872=ADVANCED_FACE('',(#153),#3717,.T.);
#3873=ADVANCED_FACE('',(#154),#3718,.T.);
#3874=ADVANCED_FACE('',(#155),#3719,.T.);
#3875=ADVANCED_FACE('',(#156),#3720,.T.);
#3876=ADVANCED_FACE('',(#157),#3721,.T.);
#3877=ADVANCED_FACE('',(#158),#3722,.T.);
#3878=ADVANCED_FACE('',(#159),#3723,.T.);
#3879=ADVANCED_FACE('',(#160),#3724,.T.);
#3880=ADVANCED_FACE('',(#161),#3725,.T.);
#3881=ADVANCED_FACE('',(#162),#3726,.T.);
#3882=ADVANCED_FACE('',(#163),#3727,.T.);
#3883=ADVANCED_FACE('',(#164),#3728,.T.);
#3884=ADVANCED_FACE('',(#165),#3729,.T.);
#3885=ADVANCED_FACE('',(#166),#3730,.T.);
#3886=ADVANCED_FACE('',(#167),#3731,.T.);
#3887=ADVANCED_FACE('',(#168),#3732,.T.);
#3888=ADVANCED_FACE('',(#169),#3733,.T.);
#3889=ADVANCED_FACE('',(#170),#3734,.T.);
#3890=ADVANCED_FACE('',(#171),#3735,.T.);
#3891=ADVANCED_FACE('',(#172),#3736,.T.);
#3892=ADVANCED_FACE('',(#173),#3737,.T.);
#3893=ADVANCED_FACE('',(#174),#3738,.T.);
#3894=ADVANCED_FACE('',(#175),#3739,.T.);
#3895=ADVANCED_FACE('',(#176),#3740,.T.);
#3896=ADVANCED_FACE('',(#177),#3741,.T.);
#3897=ADVANCED_FACE('',(#178),#3742,.T.);
#3898=ADVANCED_FACE('',(#179,#49),#3743,.T.);
#3899=ADVANCED_FACE('',(#180),#3744,.F.);
#3900=ADVANCED_FACE('',(#181),#3745,.F.);
#3901=ADVANCED_FACE('',(#182),#3746,.F.);
#3902=ADVANCED_FACE('',(#183),#3747,.F.);
#3903=ADVANCED_FACE('',(#184),#3748,.F.);
#3904=ADVANCED_FACE('',(#185),#3749,.F.);
#3905=ADVANCED_FACE('',(#186),#3750,.F.);
#3906=ADVANCED_FACE('',(#187),#3751,.F.);
#3907=ADVANCED_FACE('',(#188),#3752,.F.);
#3908=ADVANCED_FACE('',(#189),#3753,.F.);
#3909=ADVANCED_FACE('',(#190),#3754,.F.);
#3910=ADVANCED_FACE('',(#191),#3755,.F.);
#3911=ADVANCED_FACE('',(#192),#3756,.F.);
#3912=ADVANCED_FACE('',(#193),#3757,.F.);
#3913=ADVANCED_FACE('',(#194),#3758,.F.);
#3914=ADVANCED_FACE('',(#195),#3759,.F.);
#3915=ADVANCED_FACE('',(#196),#3760,.F.);
#3916=ADVANCED_FACE('',(#197),#3761,.F.);
#3917=ADVANCED_FACE('',(#198),#3762,.F.);
#3918=ADVANCED_FACE('',(#199),#3763,.F.);
#3919=ADVANCED_FACE('',(#200),#3764,.F.);
#3920=ADVANCED_FACE('',(#201),#3765,.F.);
#3921=ADVANCED_FACE('',(#202),#3766,.F.);
#3922=ADVANCED_FACE('',(#203),#3767,.F.);
#3923=ADVANCED_FACE('',(#204),#3768,.F.);
#3924=ADVANCED_FACE('',(#205),#3769,.F.);
#3925=ADVANCED_FACE('',(#206),#3770,.F.);
#3926=ADVANCED_FACE('',(#207),#3771,.F.);
#3927=ADVANCED_FACE('',(#208),#3772,.F.);
#3928=ADVANCED_FACE('',(#209),#3773,.F.);
#3929=ADVANCED_FACE('',(#210),#3774,.F.);
#3930=ADVANCED_FACE('',(#211),#3775,.F.);
#3931=ADVANCED_FACE('',(#212),#3776,.F.);
#3932=ADVANCED_FACE('',(#213),#3777,.F.);
#3933=ADVANCED_FACE('',(#214),#3778,.F.);
#3934=ADVANCED_FACE('',(#215),#3779,.F.);
#3935=ADVANCED_FACE('',(#216),#3780,.F.);
#3936=ADVANCED_FACE('',(#217),#3781,.F.);
#3937=ADVANCED_FACE('',(#218),#3782,.F.);
#3938=ADVANCED_FACE('',(#219),#3783,.F.);
#3939=ADVANCED_FACE('',(#220),#3784,.F.);
#3940=ADVANCED_FACE('',(#221),#3785,.F.);
#3941=ADVANCED_FACE('',(#222),#3786,.F.);
#3942=ADVANCED_FACE('',(#223),#3787,.F.);
#3943=ADVANCED_FACE('',(#224,#50,#51,#52,#53),#3788,.F.);
#3944=ADVANCED_FACE('',(#225,#54,#55,#56,#57),#3789,.F.);
#3945=ADVANCED_FACE('',(#226,#58,#59),#3790,.F.);
#3946=ADVANCED_FACE('',(#227,#60,#61,#62,#63,#64,#65,#66,#67,#68,#69,#70,
#71,#72,#73,#74,#75,#76,#77),#3791,.T.);
#3947=ADVANCED_FACE('',(#228,#78),#3792,.T.);
#3948=ADVANCED_FACE('',(#229),#3793,.T.);
#3949=ADVANCED_FACE('',(#230),#3794,.T.);
#3950=ADVANCED_FACE('',(#231),#3795,.T.);
#3951=ADVANCED_FACE('',(#232),#3796,.T.);
#3952=ADVANCED_FACE('',(#233),#3797,.T.);
#3953=ADVANCED_FACE('',(#234),#3798,.T.);
#3954=ADVANCED_FACE('',(#235),#3799,.T.);
#3955=ADVANCED_FACE('',(#236),#3800,.T.);
#3956=ADVANCED_FACE('',(#237),#3801,.T.);
#3957=ADVANCED_FACE('',(#238),#3802,.T.);
#3958=ADVANCED_FACE('',(#239),#3803,.T.);
#3959=ADVANCED_FACE('',(#240),#3804,.T.);
#3960=ADVANCED_FACE('',(#241),#3805,.T.);
#3961=ADVANCED_FACE('',(#242),#3806,.T.);
#3962=ADVANCED_FACE('',(#243,#79),#3807,.T.);
#3963=ADVANCED_FACE('',(#244),#3808,.T.);
#3964=ADVANCED_FACE('',(#245),#3809,.T.);
#3965=ADVANCED_FACE('',(#246),#3810,.T.);
#3966=ADVANCED_FACE('',(#247),#3811,.T.);
#3967=ADVANCED_FACE('',(#248),#3812,.T.);
#3968=ADVANCED_FACE('',(#249),#3813,.T.);
#3969=ADVANCED_FACE('',(#250),#3814,.T.);
#3970=ADVANCED_FACE('',(#251),#3815,.T.);
#3971=ADVANCED_FACE('',(#252),#3816,.T.);
#3972=ADVANCED_FACE('',(#253),#3817,.T.);
#3973=ADVANCED_FACE('',(#254),#3818,.T.);
#3974=ADVANCED_FACE('',(#255),#3819,.T.);
#3975=ADVANCED_FACE('',(#256),#3820,.T.);
#3976=ADVANCED_FACE('',(#257),#3821,.T.);
#3977=ADVANCED_FACE('',(#258),#3822,.T.);
#3978=ADVANCED_FACE('',(#259),#3823,.T.);
#3979=ADVANCED_FACE('',(#260),#3824,.T.);
#3980=ADVANCED_FACE('',(#261),#3825,.T.);
#3981=ADVANCED_FACE('',(#262),#3826,.T.);
#3982=ADVANCED_FACE('',(#263),#3827,.T.);
#3983=ADVANCED_FACE('',(#264),#3828,.T.);
#3984=ADVANCED_FACE('',(#265),#3829,.T.);
#3985=ADVANCED_FACE('',(#266),#3830,.T.);
#3986=ADVANCED_FACE('',(#267),#3831,.T.);
#3987=ADVANCED_FACE('',(#268),#3832,.T.);
#3988=ADVANCED_FACE('',(#269),#3833,.T.);
#3989=ADVANCED_FACE('',(#270),#3834,.T.);
#3990=ADVANCED_FACE('',(#271),#3835,.T.);
#3991=ADVANCED_FACE('',(#272),#3836,.T.);
#3992=ADVANCED_FACE('',(#273,#80,#81),#3837,.T.);
#3993=ADVANCED_FACE('',(#274),#3838,.T.);
#3994=ADVANCED_FACE('',(#275,#82,#83,#84,#85,#86,#87,#88,#89,#90,#91,#92,
#93,#94,#95,#96,#97,#98,#99),#3839,.T.);
#3995=ADVANCED_FACE('',(#276),#3840,.T.);
#3996=ADVANCED_FACE('',(#277),#19,.F.);
#3997=ADVANCED_FACE('',(#278),#20,.F.);
#3998=ADVANCED_FACE('',(#279),#21,.F.);
#3999=ADVANCED_FACE('',(#280),#22,.F.);
#4000=ADVANCED_FACE('',(#281),#23,.F.);
#4001=ADVANCED_FACE('',(#282),#3841,.T.);
#4002=ADVANCED_FACE('',(#283),#3842,.T.);
#4003=ADVANCED_FACE('',(#284),#3843,.T.);
#4004=ADVANCED_FACE('',(#285),#3844,.T.);
#4005=ADVANCED_FACE('',(#286,#100,#101,#102,#103,#104),#3845,.T.);
#4006=ADVANCED_FACE('',(#287,#105,#106,#107,#108,#109),#3846,.F.);
#4007=CLOSED_SHELL('',(#3847,#3848,#3849,#3850,#3851,#3852,#3853,#3854,
#3855,#3856,#3857,#3858,#3859,#3860,#3861,#3862,#3863,#3864,#3865,#3866,
#3867,#3868,#3869,#3870,#3871,#3872,#3873,#3874,#3875,#3876,#3877,#3878,
#3879,#3880,#3881,#3882,#3883,#3884,#3885,#3886,#3887,#3888,#3889,#3890,
#3891,#3892,#3893,#3894,#3895,#3896,#3897,#3898,#3899,#3900,#3901,#3902,
#3903,#3904,#3905,#3906,#3907,#3908,#3909,#3910,#3911,#3912,#3913,#3914,
#3915,#3916,#3917,#3918,#3919,#3920,#3921,#3922,#3923,#3924,#3925,#3926,
#3927,#3928,#3929,#3930,#3931,#3932,#3933,#3934,#3935,#3936,#3937,#3938,
#3939,#3940,#3941,#3942,#3943,#3944,#3945,#3946,#3947,#3948,#3949,#3950,
#3951,#3952,#3953,#3954,#3955,#3956,#3957,#3958,#3959,#3960,#3961,#3962,
#3963,#3964,#3965,#3966,#3967,#3968,#3969,#3970,#3971,#3972,#3973,#3974,
#3975,#3976,#3977,#3978,#3979,#3980,#3981,#3982,#3983,#3984,#3985,#3986,
#3987,#3988,#3989,#3990,#3991,#3992,#3993,#3994,#3995,#3996,#3997,#3998,
#3999,#4000,#4001,#4002,#4003,#4004,#4005,#4006));
#4008=DERIVED_UNIT_ELEMENT(#4010,1.);
#4009=DERIVED_UNIT_ELEMENT(#6208,-3.);
#4010=(
MASS_UNIT()
NAMED_UNIT(*)
SI_UNIT(.KILO.,.GRAM.)
);
#4011=DERIVED_UNIT((#4008,#4009));
#4012=MEASURE_REPRESENTATION_ITEM('density measure',
POSITIVE_RATIO_MEASURE(7850.),#4011);
#4013=PROPERTY_DEFINITION_REPRESENTATION(#4018,#4015);
#4014=PROPERTY_DEFINITION_REPRESENTATION(#4019,#4016);
#4015=REPRESENTATION('material name',(#4017),#6205);
#4016=REPRESENTATION('density',(#4012),#6205);
#4017=DESCRIPTIVE_REPRESENTATION_ITEM('Steel','Steel');
#4018=PROPERTY_DEFINITION('material property','material name',#6215);
#4019=PROPERTY_DEFINITION('material property','density of part',#6215);
#4020=AXIS2_PLACEMENT_3D('',#5104,#4199,#4200);
#4021=AXIS2_PLACEMENT_3D('',#5105,#4201,#4202);
#4022=AXIS2_PLACEMENT_3D('',#5115,#4207,#4208);
#4023=AXIS2_PLACEMENT_3D('',#5117,#4209,#4210);
#4024=AXIS2_PLACEMENT_3D('',#5119,#4211,#4212);
#4025=AXIS2_PLACEMENT_3D('',#5121,#4213,#4214);
#4026=AXIS2_PLACEMENT_3D('',#5130,#4219,#4220);
#4027=AXIS2_PLACEMENT_3D('',#5132,#4221,#4222);
#4028=AXIS2_PLACEMENT_3D('',#5134,#4224,#4225);
#4029=AXIS2_PLACEMENT_3D('',#5136,#4226,#4227);
#4030=AXIS2_PLACEMENT_3D('',#5138,#4229,#4230);
#4031=AXIS2_PLACEMENT_3D('',#5140,#4231,#4232);
#4032=AXIS2_PLACEMENT_3D('',#5142,#4234,#4235);
#4033=AXIS2_PLACEMENT_3D('',#5144,#4236,#4237);
#4034=AXIS2_PLACEMENT_3D('',#5146,#4239,#4240);
#4035=AXIS2_PLACEMENT_3D('',#5152,#4244,#4245);
#4036=AXIS2_PLACEMENT_3D('',#5156,#4248,#4249);
#4037=AXIS2_PLACEMENT_3D('',#5160,#4252,#4253);
#4038=AXIS2_PLACEMENT_3D('',#5162,#4255,#4256);
#4039=AXIS2_PLACEMENT_3D('',#5163,#4257,#4258);
#4040=AXIS2_PLACEMENT_3D('',#5172,#4263,#4264);
#4041=AXIS2_PLACEMENT_3D('',#5178,#4268,#4269);
#4042=AXIS2_PLACEMENT_3D('',#5187,#4274,#4275);
#4043=AXIS2_PLACEMENT_3D('',#5193,#4279,#4280);
#4044=AXIS2_PLACEMENT_3D('',#5202,#4285,#4286);
#4045=AXIS2_PLACEMENT_3D('',#5208,#4290,#4291);
#4046=AXIS2_PLACEMENT_3D('',#5217,#4296,#4297);
#4047=AXIS2_PLACEMENT_3D('',#5223,#4301,#4302);
#4048=AXIS2_PLACEMENT_3D('',#5226,#4305,#4306);
#4049=AXIS2_PLACEMENT_3D('',#5235,#4311,#4312);
#4050=AXIS2_PLACEMENT_3D('',#5379,#4386,#4387);
#4051=AXIS2_PLACEMENT_3D('',#5523,#4461,#4462);
#4052=AXIS2_PLACEMENT_3D('',#5532,#4467,#4468);
#4053=AXIS2_PLACEMENT_3D('',#5541,#4473,#4474);
#4054=AXIS2_PLACEMENT_3D('',#5547,#4478,#4479);
#4055=AXIS2_PLACEMENT_3D('',#5550,#4482,#4483);
#4056=AXIS2_PLACEMENT_3D('',#5556,#4487,#4488);
#4057=AXIS2_PLACEMENT_3D('',#5559,#4491,#4492);
#4058=AXIS2_PLACEMENT_3D('',#5567,#4497,#4498);
#4059=AXIS2_PLACEMENT_3D('',#5572,#4502,#4503);
#4060=AXIS2_PLACEMENT_3D('',#5578,#4507,#4508);
#4061=AXIS2_PLACEMENT_3D('',#5581,#4511,#4512);
#4062=AXIS2_PLACEMENT_3D('',#5589,#4517,#4518);
#4063=AXIS2_PLACEMENT_3D('',#5595,#4522,#4523);
#4064=AXIS2_PLACEMENT_3D('',#5605,#4529,#4530);
#4065=AXIS2_PLACEMENT_3D('',#5611,#4534,#4535);
#4066=AXIS2_PLACEMENT_3D('',#5614,#4538,#4539);
#4067=AXIS2_PLACEMENT_3D('',#5620,#4543,#4544);
#4068=AXIS2_PLACEMENT_3D('',#5626,#4548,#4549);
#4069=AXIS2_PLACEMENT_3D('',#5629,#4552,#4553);
#4070=AXIS2_PLACEMENT_3D('',#5635,#4557,#4558);
#4071=AXIS2_PLACEMENT_3D('',#5638,#4561,#4562);
#4072=AXIS2_PLACEMENT_3D('',#5645,#4567,#4568);
#4073=AXIS2_PLACEMENT_3D('',#5649,#4571,#4572);
#4074=AXIS2_PLACEMENT_3D('',#5654,#4576,#4577);
#4075=AXIS2_PLACEMENT_3D('',#5660,#4581,#4582);
#4076=AXIS2_PLACEMENT_3D('',#5663,#4585,#4586);
#4077=AXIS2_PLACEMENT_3D('',#5672,#4591,#4592);
#4078=AXIS2_PLACEMENT_3D('',#5678,#4596,#4597);
#4079=AXIS2_PLACEMENT_3D('',#5684,#4601,#4602);
#4080=AXIS2_PLACEMENT_3D('',#5687,#4605,#4606);
#4081=AXIS2_PLACEMENT_3D('',#5701,#4615,#4616);
#4082=AXIS2_PLACEMENT_3D('',#5702,#4617,#4618);
#4083=AXIS2_PLACEMENT_3D('',#5715,#4627,#4628);
#4084=AXIS2_PLACEMENT_3D('',#5719,#4631,#4632);
#4085=AXIS2_PLACEMENT_3D('',#5725,#4636,#4637);
#4086=AXIS2_PLACEMENT_3D('',#5729,#4640,#4641);
#4087=AXIS2_PLACEMENT_3D('',#5735,#4645,#4646);
#4088=AXIS2_PLACEMENT_3D('',#5739,#4649,#4650);
#4089=AXIS2_PLACEMENT_3D('',#5741,#4652,#4653);
#4090=AXIS2_PLACEMENT_3D('',#5747,#4657,#4658);
#4091=AXIS2_PLACEMENT_3D('',#5751,#4661,#4662);
#4092=AXIS2_PLACEMENT_3D('',#5753,#4664,#4665);
#4093=AXIS2_PLACEMENT_3D('',#5759,#4669,#4670);
#4094=AXIS2_PLACEMENT_3D('',#5763,#4673,#4674);
#4095=AXIS2_PLACEMENT_3D('',#5765,#4676,#4677);
#4096=AXIS2_PLACEMENT_3D('',#5771,#4681,#4682);
#4097=AXIS2_PLACEMENT_3D('',#5775,#4685,#4686);
#4098=AXIS2_PLACEMENT_3D('',#5781,#4690,#4691);
#4099=AXIS2_PLACEMENT_3D('',#5785,#4694,#4695);
#4100=AXIS2_PLACEMENT_3D('',#5787,#4697,#4698);
#4101=AXIS2_PLACEMENT_3D('',#5793,#4702,#4703);
#4102=AXIS2_PLACEMENT_3D('',#5797,#4706,#4707);
#4103=AXIS2_PLACEMENT_3D('',#5799,#4709,#4710);
#4104=AXIS2_PLACEMENT_3D('',#5805,#4714,#4715);
#4105=AXIS2_PLACEMENT_3D('',#5809,#4718,#4719);
#4106=AXIS2_PLACEMENT_3D('',#5811,#4721,#4722);
#4107=AXIS2_PLACEMENT_3D('',#5817,#4726,#4727);
#4108=AXIS2_PLACEMENT_3D('',#5821,#4730,#4731);
#4109=AXIS2_PLACEMENT_3D('',#5836,#4742,#4743);
#4110=AXIS2_PLACEMENT_3D('',#5842,#4747,#4748);
#4111=AXIS2_PLACEMENT_3D('',#5846,#4751,#4752);
#4112=AXIS2_PLACEMENT_3D('',#5852,#4756,#4757);
#4113=AXIS2_PLACEMENT_3D('',#5856,#4760,#4761);
#4114=AXIS2_PLACEMENT_3D('',#5862,#4765,#4766);
#4115=AXIS2_PLACEMENT_3D('',#5866,#4769,#4770);
#4116=AXIS2_PLACEMENT_3D('',#5868,#4772,#4773);
#4117=AXIS2_PLACEMENT_3D('',#5874,#4777,#4778);
#4118=AXIS2_PLACEMENT_3D('',#5878,#4781,#4782);
#4119=AXIS2_PLACEMENT_3D('',#5884,#4786,#4787);
#4120=AXIS2_PLACEMENT_3D('',#5888,#4790,#4791);
#4121=AXIS2_PLACEMENT_3D('',#5890,#4793,#4794);
#4122=AXIS2_PLACEMENT_3D('',#5896,#4798,#4799);
#4123=AXIS2_PLACEMENT_3D('',#5900,#4802,#4803);
#4124=AXIS2_PLACEMENT_3D('',#5906,#4807,#4808);
#4125=AXIS2_PLACEMENT_3D('',#5910,#4811,#4812);
#4126=AXIS2_PLACEMENT_3D('',#5912,#4814,#4815);
#4127=AXIS2_PLACEMENT_3D('',#5919,#4820,#4821);
#4128=AXIS2_PLACEMENT_3D('',#5926,#4826,#4827);
#4129=AXIS2_PLACEMENT_3D('',#5933,#4832,#4833);
#4130=AXIS2_PLACEMENT_3D('',#6036,#4887,#4888);
#4131=AXIS2_PLACEMENT_3D('',#6045,#4897,#4898);
#4132=AXIS2_PLACEMENT_3D('',#6046,#4899,#4900);
#4133=AXIS2_PLACEMENT_3D('',#6049,#4903,#4904);
#4134=AXIS2_PLACEMENT_3D('',#6051,#4906,#4907);
#4135=AXIS2_PLACEMENT_3D('',#6054,#4910,#4911);
#4136=AXIS2_PLACEMENT_3D('',#6056,#4913,#4914);
#4137=AXIS2_PLACEMENT_3D('',#6057,#4915,#4916);
#4138=AXIS2_PLACEMENT_3D('',#6060,#4919,#4920);
#4139=AXIS2_PLACEMENT_3D('',#6062,#4922,#4923);
#4140=AXIS2_PLACEMENT_3D('',#6063,#4924,#4925);
#4141=AXIS2_PLACEMENT_3D('',#6066,#4928,#4929);
#4142=AXIS2_PLACEMENT_3D('',#6068,#4931,#4932);
#4143=AXIS2_PLACEMENT_3D('',#6069,#4933,#4934);
#4144=AXIS2_PLACEMENT_3D('',#6072,#4937,#4938);
#4145=AXIS2_PLACEMENT_3D('',#6074,#4940,#4941);
#4146=AXIS2_PLACEMENT_3D('',#6080,#4947,#4948);
#4147=AXIS2_PLACEMENT_3D('',#6083,#4951,#4952);
#4148=AXIS2_PLACEMENT_3D('',#6085,#4954,#4955);
#4149=AXIS2_PLACEMENT_3D('',#6086,#4956,#4957);
#4150=AXIS2_PLACEMENT_3D('',#6089,#4960,#4961);
#4151=AXIS2_PLACEMENT_3D('',#6091,#4963,#4964);
#4152=AXIS2_PLACEMENT_3D('',#6092,#4965,#4966);
#4153=AXIS2_PLACEMENT_3D('',#6095,#4969,#4970);
#4154=AXIS2_PLACEMENT_3D('',#6097,#4972,#4973);
#4155=AXIS2_PLACEMENT_3D('',#6098,#4974,#4975);
#4156=AXIS2_PLACEMENT_3D('',#6100,#4977,#4978);
#4157=AXIS2_PLACEMENT_3D('',#6101,#4979,#4980);
#4158=AXIS2_PLACEMENT_3D('',#6103,#4982,#4983);
#4159=AXIS2_PLACEMENT_3D('',#6104,#4984,#4985);
#4160=AXIS2_PLACEMENT_3D('',#6107,#4988,#4989);
#4161=AXIS2_PLACEMENT_3D('',#6109,#4991,#4992);
#4162=AXIS2_PLACEMENT_3D('',#6112,#4995,#4996);
#4163=AXIS2_PLACEMENT_3D('',#6114,#4998,#4999);
#4164=AXIS2_PLACEMENT_3D('',#6115,#5000,#5001);
#4165=AXIS2_PLACEMENT_3D('',#6117,#5003,#5004);
#4166=AXIS2_PLACEMENT_3D('',#6118,#5005,#5006);
#4167=AXIS2_PLACEMENT_3D('',#6121,#5009,#5010);
#4168=AXIS2_PLACEMENT_3D('',#6123,#5012,#5013);
#4169=AXIS2_PLACEMENT_3D('',#6124,#5014,#5015);
#4170=AXIS2_PLACEMENT_3D('',#6129,#5020,#5021);
#4171=AXIS2_PLACEMENT_3D('',#6131,#5023,#5024);
#4172=AXIS2_PLACEMENT_3D('',#6132,#5025,#5026);
#4173=AXIS2_PLACEMENT_3D('',#6134,#5028,#5029);
#4174=AXIS2_PLACEMENT_3D('',#6135,#5030,#5031);
#4175=AXIS2_PLACEMENT_3D('',#6136,#5032,#5033);
#4176=AXIS2_PLACEMENT_3D('',#6141,#5037,#5038);
#4177=AXIS2_PLACEMENT_3D('',#6143,#5040,#5041);
#4178=AXIS2_PLACEMENT_3D('',#6147,#5044,#5045);
#4179=AXIS2_PLACEMENT_3D('',#6149,#5047,#5048);
#4180=AXIS2_PLACEMENT_3D('',#6151,#5049,#5050);
#4181=AXIS2_PLACEMENT_3D('',#6154,#5052,#5053);
#4182=AXIS2_PLACEMENT_3D('',#6155,#5054,#5055);
#4183=AXIS2_PLACEMENT_3D('',#6157,#5056,#5057);
#4184=AXIS2_PLACEMENT_3D('',#6160,#5059,#5060);
#4185=AXIS2_PLACEMENT_3D('',#6161,#5061,#5062);
#4186=AXIS2_PLACEMENT_3D('',#6163,#5063,#5064);
#4187=AXIS2_PLACEMENT_3D('',#6166,#5066,#5067);
#4188=AXIS2_PLACEMENT_3D('',#6167,#5068,#5069);
#4189=AXIS2_PLACEMENT_3D('',#6169,#5070,#5071);
#4190=AXIS2_PLACEMENT_3D('',#6171,#5073,#5074);
#4191=AXIS2_PLACEMENT_3D('',#6173,#5075,#5076);
#4192=AXIS2_PLACEMENT_3D('',#6176,#5078,#5079);
#4193=AXIS2_PLACEMENT_3D('',#6177,#5080,#5081);
#4194=AXIS2_PLACEMENT_3D('',#6186,#5086,#5087);
#4195=AXIS2_PLACEMENT_3D('',#6192,#5091,#5092);
#4196=AXIS2_PLACEMENT_3D('',#6198,#5096,#5097);
#4197=AXIS2_PLACEMENT_3D('',#6201,#5100,#5101);
#4198=AXIS2_PLACEMENT_3D('',#6202,#5102,#5103);
#4199=DIRECTION('axis',(0.,0.,1.));
#4200=DIRECTION('refdir',(1.,0.,0.));
#4201=DIRECTION('center_axis',(0.,-1.,0.));
#4202=DIRECTION('ref_axis',(1.,0.,0.));
#4203=DIRECTION('',(1.,0.,0.));
#4204=DIRECTION('',(0.,0.,-1.));
#4205=DIRECTION('',(-1.,0.,0.));
#4206=DIRECTION('',(0.,0.,1.));
#4207=DIRECTION('center_axis',(0.,1.,0.));
#4208=DIRECTION('ref_axis',(1.,0.,0.));
#4209=DIRECTION('center_axis',(0.,1.,0.));
#4210=DIRECTION('ref_axis',(1.,0.,0.));
#4211=DIRECTION('center_axis',(0.,1.,0.));
#4212=DIRECTION('ref_axis',(1.,0.,0.));
#4213=DIRECTION('center_axis',(0.,1.,0.));
#4214=DIRECTION('ref_axis',(1.,0.,0.));
#4215=DIRECTION('',(1.,0.,0.));
#4216=DIRECTION('',(0.,8.10370301256141E-16,-1.));
#4217=DIRECTION('',(1.,0.,0.));
#4218=DIRECTION('',(0.,8.10370301256141E-16,-1.));
#4219=DIRECTION('center_axis',(0.,-1.,0.));
#4220=DIRECTION('ref_axis',(1.,0.,0.));
#4221=DIRECTION('center_axis',(0.,1.,0.));
#4222=DIRECTION('ref_axis',(1.,0.,0.));
#4223=DIRECTION('',(0.,1.,0.));
#4224=DIRECTION('center_axis',(0.,-1.,0.));
#4225=DIRECTION('ref_axis',(1.,0.,0.));
#4226=DIRECTION('center_axis',(0.,1.,0.));
#4227=DIRECTION('ref_axis',(1.,0.,0.));
#4228=DIRECTION('',(0.,1.,0.));
#4229=DIRECTION('center_axis',(0.,-1.,0.));
#4230=DIRECTION('ref_axis',(1.,0.,0.));
#4231=DIRECTION('center_axis',(0.,1.,0.));
#4232=DIRECTION('ref_axis',(1.,0.,0.));
#4233=DIRECTION('',(0.,1.,0.));
#4234=DIRECTION('center_axis',(0.,-1.,0.));
#4235=DIRECTION('ref_axis',(1.,0.,0.));
#4236=DIRECTION('center_axis',(0.,1.,0.));
#4237=DIRECTION('ref_axis',(1.,0.,0.));
#4238=DIRECTION('',(0.,1.,0.));
#4239=DIRECTION('center_axis',(1.,0.,0.));
#4240=DIRECTION('ref_axis',(0.,0.,1.));
#4241=DIRECTION('',(0.,-1.,0.));
#4242=DIRECTION('',(0.,0.,1.));
#4243=DIRECTION('',(0.,-1.,0.));
#4244=DIRECTION('center_axis',(0.,0.,-1.));
#4245=DIRECTION('ref_axis',(1.,0.,0.));
#4246=DIRECTION('',(1.,0.,0.));
#4247=DIRECTION('',(0.,-1.,0.));
#4248=DIRECTION('center_axis',(-1.,0.,0.));
#4249=DIRECTION('ref_axis',(0.,0.,-1.));
#4250=DIRECTION('',(0.,0.,-1.));
#4251=DIRECTION('',(0.,-1.,0.));
#4252=DIRECTION('center_axis',(0.,0.,1.));
#4253=DIRECTION('ref_axis',(-1.,0.,0.));
#4254=DIRECTION('',(-1.,0.,0.));
#4255=DIRECTION('center_axis',(0.,-1.,0.));
#4256=DIRECTION('ref_axis',(1.,0.,0.));
#4257=DIRECTION('center_axis',(-0.931954454871104,-0.362575363263838,0.));
#4258=DIRECTION('ref_axis',(0.362575363263838,-0.931954454871104,-6.28311966726633E-30));
#4259=DIRECTION('',(-0.362575363263838,0.931954454871104,6.28311966726633E-30));
#4260=DIRECTION('',(0.,0.,1.));
#4261=DIRECTION('',(0.362575363263838,-0.931954454871104,-6.28311966726633E-30));
#4262=DIRECTION('',(0.,0.,1.));
#4263=DIRECTION('center_axis',(0.931954454871104,-0.362575363263837,0.));
#4264=DIRECTION('ref_axis',(0.362575363263837,0.931954454871104,-2.11052319437967E-29));
#4265=DIRECTION('',(0.362575363263837,0.931954454871104,-2.11052319437967E-29));
#4266=DIRECTION('',(0.362575363263837,0.931954454871104,-2.11052319437967E-29));
#4267=DIRECTION('',(0.,0.,-1.));
#4268=DIRECTION('center_axis',(-0.931954454871104,0.362575363263837,0.));
#4269=DIRECTION('ref_axis',(-0.362575363263837,-0.931954454871104,2.14712926570661E-29));
#4270=DIRECTION('',(-0.362575363263837,-0.931954454871104,2.14712926570661E-29));
#4271=DIRECTION('',(0.,0.,-1.));
#4272=DIRECTION('',(-0.362575363263837,-0.931954454871104,2.14712926570661E-29));
#4273=DIRECTION('',(0.,0.,1.));
#4274=DIRECTION('center_axis',(-0.931954454871104,-0.362575363263838,0.));
#4275=DIRECTION('ref_axis',(0.362575363263838,-0.931954454871104,-6.28311966726633E-30));
#4276=DIRECTION('',(-0.362575363263838,0.931954454871104,6.28311966726633E-30));
#4277=DIRECTION('',(0.362575363263838,-0.931954454871104,-6.28311966726633E-30));
#4278=DIRECTION('',(0.,0.,1.));
#4279=DIRECTION('center_axis',(0.931954454871104,0.362575363263837,0.));
#4280=DIRECTION('ref_axis',(-0.362575363263837,0.931954454871104,6.28311966726632E-30));
#4281=DIRECTION('',(0.362575363263837,-0.931954454871104,-6.28311966726632E-30));
#4282=DIRECTION('',(0.,0.,-1.));
#4283=DIRECTION('',(-0.362575363263837,0.931954454871104,6.28311966726632E-30));
#4284=DIRECTION('',(0.,0.,1.));
#4285=DIRECTION('center_axis',(-0.931954454871104,0.362575363263837,0.));
#4286=DIRECTION('ref_axis',(-0.362575363263837,-0.931954454871104,2.14712926570661E-29));
#4287=DIRECTION('',(-0.362575363263837,-0.931954454871104,2.14712926570661E-29));
#4288=DIRECTION('',(-0.362575363263837,-0.931954454871104,2.14712926570661E-29));
#4289=DIRECTION('',(0.,0.,1.));
#4290=DIRECTION('center_axis',(0.931954454871104,-0.362575363263837,0.));
#4291=DIRECTION('ref_axis',(0.362575363263837,0.931954454871104,-2.11052319437967E-29));
#4292=DIRECTION('',(0.362575363263837,0.931954454871104,-2.11052319437967E-29));
#4293=DIRECTION('',(0.,0.,-1.));
#4294=DIRECTION('',(0.362575363263837,0.931954454871104,-2.11052319437967E-29));
#4295=DIRECTION('',(0.,0.,1.));
#4296=DIRECTION('center_axis',(0.931954454871104,0.362575363263837,0.));
#4297=DIRECTION('ref_axis',(-0.362575363263837,0.931954454871104,6.28311966726632E-30));
#4298=DIRECTION('',(0.362575363263837,-0.931954454871104,-6.28311966726632E-30));
#4299=DIRECTION('',(-0.362575363263837,0.931954454871104,6.28311966726632E-30));
#4300=DIRECTION('',(0.,0.,1.));
#4301=DIRECTION('center_axis',(0.,-1.,0.));
#4302=DIRECTION('ref_axis',(1.,0.,0.));
#4303=DIRECTION('',(-1.,0.,0.));
#4304=DIRECTION('',(1.,0.,0.));
#4305=DIRECTION('center_axis',(0.,1.,0.));
#4306=DIRECTION('ref_axis',(-1.,0.,0.));
#4307=DIRECTION('',(1.,0.,0.));
#4308=DIRECTION('',(0.,0.,-1.));
#4309=DIRECTION('',(-1.,0.,0.));
#4310=DIRECTION('',(0.,0.,1.));
#4311=DIRECTION('center_axis',(-1.,0.,0.));
#4312=DIRECTION('ref_axis',(0.,0.,1.));
#4313=DIRECTION('',(0.,-1.,7.31224899150574E-17));
#4314=DIRECTION('',(0.,1.,0.));
#4315=DIRECTION('',(0.,-0.398137548019022,-0.917325728875736));
#4316=DIRECTION('',(0.,-0.39813754801902,0.917325728875737));
#4317=DIRECTION('',(0.,1.,0.));
#4318=DIRECTION('',(0.,-0.398137548019023,-0.917325728875736));
#4319=DIRECTION('',(0.,0.,1.));
#4320=DIRECTION('',(0.,1.,0.));
#4321=DIRECTION('',(0.,-0.707106781186548,0.707106781186547));
#4322=DIRECTION('',(0.,0.707106781186547,0.707106781186548));
#4323=DIRECTION('',(0.,0.707106781186548,-0.707106781186547));
#4324=DIRECTION('',(0.,-1.,0.));
#4325=DIRECTION('',(0.,0.707106781186548,0.707106781186547));
#4326=DIRECTION('',(0.,0.707106781186547,-0.707106781186548));
#4327=DIRECTION('',(0.,-0.707106781186547,-0.707106781186548));
#4328=DIRECTION('',(0.,-0.707106781186548,0.707106781186547));
#4329=DIRECTION('',(0.,0.707106781186547,0.707106781186548));
#4330=DIRECTION('',(0.,0.707106781186547,-0.707106781186548));
#4331=DIRECTION('',(0.,-1.,0.));
#4332=DIRECTION('',(0.,0.707106781186548,0.707106781186547));
#4333=DIRECTION('',(0.,0.707106781186548,-0.707106781186547));
#4334=DIRECTION('',(0.,-0.707106781186547,-0.707106781186548));
#4335=DIRECTION('',(0.,-1.,0.));
#4336=DIRECTION('',(0.,-0.707106781186548,-0.707106781186547));
#4337=DIRECTION('',(0.,-0.707106781186547,0.707106781186548));
#4338=DIRECTION('',(0.,0.707106781186547,0.707106781186548));
#4339=DIRECTION('',(0.,0.707106781186548,-0.707106781186547));
#4340=DIRECTION('',(0.,-0.707106781186547,-0.707106781186548));
#4341=DIRECTION('',(0.,-0.707106781186548,0.707106781186547));
#4342=DIRECTION('',(0.,0.795637151104271,0.605773492142632));
#4343=DIRECTION('',(0.,-0.382683432365096,-0.923879532511284));
#4344=DIRECTION('',(0.,-0.707106781186548,0.707106781186547));
#4345=DIRECTION('',(0.,-1.,0.));
#4346=DIRECTION('',(0.,0.382683432365095,0.923879532511285));
#4347=DIRECTION('',(0.,0.,-1.));
#4348=DIRECTION('',(0.,-1.,0.));
#4349=DIRECTION('',(0.,0.398137548019023,0.917325728875736));
#4350=DIRECTION('',(0.,0.398137548019021,-0.917325728875737));
#4351=DIRECTION('',(0.,-1.,9.38079011063871E-16));
#4352=DIRECTION('',(0.,0.,1.));
#4353=DIRECTION('',(0.,1.,-8.90571221339694E-16));
#4354=DIRECTION('',(0.,0.,-1.));
#4355=DIRECTION('',(0.,-1.,9.38079011063871E-16));
#4356=DIRECTION('',(0.,0.398137548019018,0.917325728875738));
#4357=DIRECTION('',(0.,0.398137548019017,-0.917325728875739));
#4358=DIRECTION('',(0.,-1.,0.));
#4359=DIRECTION('',(0.,0.,-1.));
#4360=DIRECTION('',(0.,-0.398137548019013,0.91732572887574));
#4361=DIRECTION('',(0.,1.,0.));
#4362=DIRECTION('',(0.,-1.,0.));
#4363=DIRECTION('',(0.,0.707106781186548,0.707106781186547));
#4364=DIRECTION('',(0.,0.707106781186547,-0.707106781186548));
#4365=DIRECTION('',(0.,-0.398137548019027,0.917325728875734));
#4366=DIRECTION('',(0.,1.,0.));
#4367=DIRECTION('',(0.,-0.398137548019019,-0.917325728875738));
#4368=DIRECTION('',(0.,-0.39813754801902,0.917325728875737));
#4369=DIRECTION('',(0.,1.,0.));
#4370=DIRECTION('',(0.,-0.398137548019029,-0.917325728875733));
#4371=DIRECTION('',(0.,-0.707106781186547,0.707106781186548));
#4372=DIRECTION('',(0.,1.,0.));
#4373=DIRECTION('',(0.,-0.707106781186548,-0.707106781186547));
#4374=DIRECTION('',(0.,-0.707106781186547,0.707106781186548));
#4375=DIRECTION('',(0.,1.,0.));
#4376=DIRECTION('',(0.,-0.707106781186548,-0.707106781186548));
#4377=DIRECTION('',(0.,-0.707106781186547,0.707106781186548));
#4378=DIRECTION('',(0.,1.,0.));
#4379=DIRECTION('',(0.,-0.707106781186548,-0.707106781186547));
#4380=DIRECTION('',(0.,-1.,9.38079011063871E-16));
#4381=DIRECTION('',(0.,0.398137548019022,0.917325728875736));
#4382=DIRECTION('',(0.,0.39813754801902,-0.917325728875737));
#4383=DIRECTION('',(0.,-1.,9.38079011063871E-16));
#4384=DIRECTION('',(0.,0.39813754801903,0.917325728875733));
#4385=DIRECTION('',(0.,0.398137548019028,-0.917325728875734));
#4386=DIRECTION('center_axis',(-1.,0.,0.));
#4387=DIRECTION('ref_axis',(0.,0.,1.));
#4388=DIRECTION('',(0.,-1.,0.));
#4389=DIRECTION('',(0.,-0.398137548019013,0.91732572887574));
#4390=DIRECTION('',(0.,0.,1.));
#4391=DIRECTION('',(0.,1.,0.));
#4392=DIRECTION('',(0.,0.398137548019017,-0.917325728875739));
#4393=DIRECTION('',(0.,0.398137548019018,0.917325728875738));
#4394=DIRECTION('',(0.,-1.,9.38079011063871E-16));
#4395=DIRECTION('',(0.,0.,1.));
#4396=DIRECTION('',(0.,1.,-8.90571221339694E-16));
#4397=DIRECTION('',(0.,0.,-1.));
#4398=DIRECTION('',(0.,-1.,9.38079011063871E-16));
#4399=DIRECTION('',(0.,0.398137548019021,-0.917325728875737));
#4400=DIRECTION('',(0.,0.398137548019023,0.917325728875736));
#4401=DIRECTION('',(0.,1.,0.));
#4402=DIRECTION('',(0.,0.,-1.));
#4403=DIRECTION('',(0.,0.382683432365095,0.923879532511285));
#4404=DIRECTION('',(0.,1.,0.));
#4405=DIRECTION('',(0.,0.707106781186548,-0.707106781186547));
#4406=DIRECTION('',(0.,-0.382683432365096,-0.923879532511284));
#4407=DIRECTION('',(0.,0.795637151104271,0.605773492142632));
#4408=DIRECTION('',(0.,0.707106781186548,-0.707106781186547));
#4409=DIRECTION('',(0.,0.707106781186547,0.707106781186548));
#4410=DIRECTION('',(0.,0.707106781186548,-0.707106781186547));
#4411=DIRECTION('',(0.,-0.707106781186547,-0.707106781186548));
#4412=DIRECTION('',(0.,-0.707106781186547,0.707106781186548));
#4413=DIRECTION('',(0.,-0.707106781186548,-0.707106781186547));
#4414=DIRECTION('',(0.,1.,0.));
#4415=DIRECTION('',(0.,0.707106781186547,0.707106781186548));
#4416=DIRECTION('',(0.,-0.707106781186548,0.707106781186547));
#4417=DIRECTION('',(0.,0.707106781186548,0.707106781186547));
#4418=DIRECTION('',(0.,-1.,0.));
#4419=DIRECTION('',(0.,0.707106781186547,-0.707106781186548));
#4420=DIRECTION('',(0.,-0.707106781186547,-0.707106781186548));
#4421=DIRECTION('',(0.,-0.707106781186548,0.707106781186547));
#4422=DIRECTION('',(0.,0.707106781186547,0.707106781186548));
#4423=DIRECTION('',(0.,0.707106781186547,-0.707106781186548));
#4424=DIRECTION('',(0.,0.707106781186548,0.707106781186547));
#4425=DIRECTION('',(0.,-1.,0.));
#4426=DIRECTION('',(0.,-0.707106781186548,0.707106781186547));
#4427=DIRECTION('',(0.,-0.707106781186547,-0.707106781186548));
#4428=DIRECTION('',(0.,-0.707106781186548,0.707106781186547));
#4429=DIRECTION('',(0.,-1.,0.));
#4430=DIRECTION('',(0.,0.,1.));
#4431=DIRECTION('',(0.,-0.398137548019023,-0.917325728875736));
#4432=DIRECTION('',(0.,-1.,0.));
#4433=DIRECTION('',(0.,-0.39813754801902,0.917325728875737));
#4434=DIRECTION('',(0.,-0.398137548019022,-0.917325728875736));
#4435=DIRECTION('',(0.,1.,0.));
#4436=DIRECTION('',(0.,-1.,7.31224899150574E-17));
#4437=DIRECTION('',(0.,-1.,0.));
#4438=DIRECTION('',(0.,0.707106781186547,-0.707106781186548));
#4439=DIRECTION('',(0.,0.707106781186548,0.707106781186547));
#4440=DIRECTION('',(0.,-0.398137548019027,0.917325728875734));
#4441=DIRECTION('',(0.,-0.398137548019019,-0.917325728875738));
#4442=DIRECTION('',(0.,1.,0.));
#4443=DIRECTION('',(0.,-0.39813754801902,0.917325728875737));
#4444=DIRECTION('',(0.,-0.398137548019029,-0.917325728875733));
#4445=DIRECTION('',(0.,1.,0.));
#4446=DIRECTION('',(0.,-0.707106781186547,0.707106781186548));
#4447=DIRECTION('',(0.,-0.707106781186548,-0.707106781186547));
#4448=DIRECTION('',(0.,1.,0.));
#4449=DIRECTION('',(0.,-0.707106781186547,0.707106781186548));
#4450=DIRECTION('',(0.,-0.707106781186548,-0.707106781186548));
#4451=DIRECTION('',(0.,1.,0.));
#4452=DIRECTION('',(0.,-0.707106781186547,0.707106781186548));
#4453=DIRECTION('',(0.,-0.707106781186548,-0.707106781186547));
#4454=DIRECTION('',(0.,1.,0.));
#4455=DIRECTION('',(0.,-1.,9.38079011063871E-16));
#4456=DIRECTION('',(0.,0.39813754801902,-0.917325728875737));
#4457=DIRECTION('',(0.,0.398137548019022,0.917325728875736));
#4458=DIRECTION('',(0.,-1.,9.38079011063871E-16));
#4459=DIRECTION('',(0.,0.398137548019028,-0.917325728875734));
#4460=DIRECTION('',(0.,0.39813754801903,0.917325728875733));
#4461=DIRECTION('center_axis',(0.,-1.,0.));
#4462=DIRECTION('ref_axis',(-1.,0.,0.));
#4463=DIRECTION('',(-1.,0.,0.));
#4464=DIRECTION('',(0.,0.,1.));
#4465=DIRECTION('',(-1.,0.,0.));
#4466=DIRECTION('',(0.,0.,-1.));
#4467=DIRECTION('center_axis',(0.,1.,0.));
#4468=DIRECTION('ref_axis',(1.,0.,0.));
#4469=DIRECTION('',(0.183497567881214,0.,0.983020163873397));
#4470=DIRECTION('',(1.,0.,0.));
#4471=DIRECTION('',(0.183427145218842,0.,-0.983033306860386));
#4472=DIRECTION('',(-1.,0.,0.));
#4473=DIRECTION('center_axis',(-0.948544273201015,0.316644535366646,0.));
#4474=DIRECTION('ref_axis',(0.316644535366646,0.948544273201014,0.));
#4475=DIRECTION('',(-0.316644535366646,-0.948544273201014,0.));
#4476=DIRECTION('',(0.316644535366646,0.948544273201014,0.));
#4477=DIRECTION('',(0.,0.,-1.));
#4478=DIRECTION('center_axis',(0.948544273201015,0.316644535366644,0.));
#4479=DIRECTION('ref_axis',(0.316644535366644,-0.948544273201015,0.));
#4480=DIRECTION('',(0.316644535366644,-0.948544273201015,0.));
#4481=DIRECTION('',(0.316644535366644,-0.948544273201015,0.));
#4482=DIRECTION('center_axis',(-0.948544273201014,-0.316644535366646,0.));
#4483=DIRECTION('ref_axis',(-0.316644535366646,0.948544273201014,0.));
#4484=DIRECTION('',(-0.316644535366646,0.948544273201014,0.));
#4485=DIRECTION('',(-0.316644535366646,0.948544273201014,0.));
#4486=DIRECTION('',(0.,0.,-1.));
#4487=DIRECTION('center_axis',(-0.948544273201015,0.316644535366646,0.));
#4488=DIRECTION('ref_axis',(0.316644535366646,0.948544273201014,0.));
#4489=DIRECTION('',(-0.316644535366646,-0.948544273201014,0.));
#4490=DIRECTION('',(0.316644535366646,0.948544273201014,0.));
#4491=DIRECTION('center_axis',(0.948544273201015,-0.316644535366646,0.));
#4492=DIRECTION('ref_axis',(-0.316644535366646,-0.948544273201015,0.));
#4493=DIRECTION('',(0.316644535366646,0.948544273201014,0.));
#4494=DIRECTION('',(0.,0.,1.));
#4495=DIRECTION('',(-0.316644535366646,-0.948544273201014,0.));
#4496=DIRECTION('',(0.,0.,-1.));
#4497=DIRECTION('center_axis',(-0.948544273201014,-0.316644535366646,0.));
#4498=DIRECTION('ref_axis',(-0.316644535366646,0.948544273201014,0.));
#4499=DIRECTION('',(-0.316644535366646,0.948544273201014,0.));
#4500=DIRECTION('',(-0.316644535366646,0.948544273201014,0.));
#4501=DIRECTION('',(0.,0.,-1.));
#4502=DIRECTION('center_axis',(0.948544273201015,0.316644535366644,0.));
#4503=DIRECTION('ref_axis',(0.316644535366644,-0.948544273201015,0.));
#4504=DIRECTION('',(0.316644535366644,-0.948544273201015,0.));
#4505=DIRECTION('',(0.316644535366644,-0.948544273201015,0.));
#4506=DIRECTION('',(0.,0.,-1.));
#4507=DIRECTION('center_axis',(0.948544273201015,-0.316644535366646,0.));
#4508=DIRECTION('ref_axis',(-0.316644535366646,-0.948544273201015,0.));
#4509=DIRECTION('',(0.316644535366646,0.948544273201014,0.));
#4510=DIRECTION('',(-0.316644535366646,-0.948544273201014,0.));
#4511=DIRECTION('center_axis',(-0.966876901352153,-0.180484151148597,0.180484151148597));
#4512=DIRECTION('ref_axis',(-0.255243134347741,0.683685213518744,-0.683685213518744));
#4513=DIRECTION('',(-0.183497567881214,0.983020163873396,0.));
#4514=DIRECTION('',(-0.255243134347741,0.683685213518744,-0.683685213518744));
#4515=DIRECTION('',(0.,-0.707106781186547,-0.707106781186548));
#4516=DIRECTION('',(-0.255243134347741,0.683685213518744,-0.683685213518744));
#4517=DIRECTION('center_axis',(0.966901913932264,-0.180417140031268,0.180417140031267));
#4518=DIRECTION('ref_axis',(-0.255148366316784,-0.683702900083756,0.683702900083756));
#4519=DIRECTION('',(0.183427145218843,0.983033306860386,0.));
#4520=DIRECTION('',(0.255148366316784,0.683702900083756,-0.683702900083756));
#4521=DIRECTION('',(0.,-0.707106781186547,-0.707106781186548));
#4522=DIRECTION('center_axis',(0.923076923076923,0.271964146610211,-0.271964146610211));
#4523=DIRECTION('ref_axis',(-0.384615384615385,0.652713951864505,-0.652713951864506));
#4524=DIRECTION('',(-0.282616709472111,0.,-0.959232920372918));
#4525=DIRECTION('',(0.282616709472111,-0.959232920372918,0.));
#4526=DIRECTION('',(-0.384615384615385,0.652713951864505,-0.652713951864506));
#4527=DIRECTION('',(0.,0.707106781186547,0.707106781186548));
#4528=DIRECTION('',(0.384615384615385,-0.652713951864505,0.652713951864506));
#4529=DIRECTION('center_axis',(0.923295376783826,-0.271593121423954,0.271593121423953));
#4530=DIRECTION('ref_axis',(0.384090675764998,0.652868421962033,-0.652868421962031));
#4531=DIRECTION('',(-0.384090675764998,-0.652868421962033,0.652868421962031));
#4532=DIRECTION('',(0.384090675764998,0.652868421962033,-0.652868421962031));
#4533=DIRECTION('',(0.,0.707106781186547,0.707106781186548));
#4534=DIRECTION('center_axis',(0.923076923076923,0.271964146610211,-0.271964146610211));
#4535=DIRECTION('ref_axis',(-0.384615384615385,0.652713951864505,-0.652713951864506));
#4536=DIRECTION('',(0.384615384615385,-0.652713951864505,0.652713951864506));
#4537=DIRECTION('',(-0.384615384615385,0.652713951864505,-0.652713951864506));
#4538=DIRECTION('center_axis',(-0.923076923076923,-0.271964146610211,0.271964146610211));
#4539=DIRECTION('ref_axis',(0.384615384615385,-0.652713951864505,0.652713951864506));
#4540=DIRECTION('',(-0.384615384615385,0.652713951864505,-0.652713951864506));
#4541=DIRECTION('',(0.384615384615385,-0.652713951864505,0.652713951864506));
#4542=DIRECTION('',(0.,0.707106781186547,0.707106781186548));
#4543=DIRECTION('center_axis',(0.923295376783826,-0.271593121423954,0.271593121423953));
#4544=DIRECTION('ref_axis',(0.384090675764998,0.652868421962033,-0.652868421962031));
#4545=DIRECTION('',(-0.384090675764998,-0.652868421962033,0.652868421962031));
#4546=DIRECTION('',(0.384090675764998,0.652868421962033,-0.652868421962031));
#4547=DIRECTION('',(0.,0.707106781186547,0.707106781186548));
#4548=DIRECTION('center_axis',(0.,-0.707106781186548,0.707106781186547));
#4549=DIRECTION('ref_axis',(1.,0.,0.));
#4550=DIRECTION('',(-1.,0.,0.));
#4551=DIRECTION('',(1.,0.,0.));
#4552=DIRECTION('center_axis',(-0.923295376783827,0.271593121423953,-0.271593121423953));
#4553=DIRECTION('ref_axis',(-0.384090675764997,-0.652868421962033,0.652868421962031));
#4554=DIRECTION('',(-0.384090675764997,-0.652868421962033,0.652868421962031));
#4555=DIRECTION('',(-0.384090675764997,-0.652868421962033,0.652868421962031));
#4556=DIRECTION('',(0.,0.707106781186547,0.707106781186548));
#4557=DIRECTION('center_axis',(-0.923076923076923,-0.271964146610211,0.271964146610211));
#4558=DIRECTION('ref_axis',(0.384615384615385,-0.652713951864505,0.652713951864506));
#4559=DIRECTION('',(-0.384615384615385,0.652713951864505,-0.652713951864506));
#4560=DIRECTION('',(0.384615384615385,-0.652713951864505,0.652713951864506));
#4561=DIRECTION('center_axis',(-0.923295376783827,0.271593121423953,-0.271593121423953));
#4562=DIRECTION('ref_axis',(-0.384090675764997,-0.652868421962033,0.652868421962031));
#4563=DIRECTION('',(-0.282200424252999,0.,0.959355471424137));
#4564=DIRECTION('',(-0.384090675764997,-0.652868421962033,0.652868421962031));
#4565=DIRECTION('',(-0.384090675764997,-0.652868421962033,0.652868421962031));
#4566=DIRECTION('',(0.282200424252999,0.959355471424136,0.));
#4567=DIRECTION('center_axis',(-1.,0.,0.));
#4568=DIRECTION('ref_axis',(0.,0.707106781186548,-0.707106781186547));
#4569=DIRECTION('',(0.,1.,-8.90571221339694E-16));
#4570=DIRECTION('',(0.,-0.707106781186548,0.707106781186547));
#4571=DIRECTION('center_axis',(0.966901913932264,-0.180417140031268,0.180417140031267));
#4572=DIRECTION('ref_axis',(-0.255148366316784,-0.683702900083756,0.683702900083756));
#4573=DIRECTION('',(-0.183427145218843,-0.983033306860386,0.));
#4574=DIRECTION('',(-0.255148366316784,-0.683702900083756,0.683702900083756));
#4575=DIRECTION('',(0.255148366316784,0.683702900083756,-0.683702900083756));
#4576=DIRECTION('center_axis',(0.966876901352153,0.180484151148598,-0.180484151148598));
#4577=DIRECTION('ref_axis',(0.255243134347743,-0.683685213518744,0.683685213518743));
#4578=DIRECTION('',(0.255243134347743,-0.683685213518744,0.683685213518743));
#4579=DIRECTION('',(0.255243134347743,-0.683685213518744,0.683685213518743));
#4580=DIRECTION('',(0.,-0.707106781186547,-0.707106781186548));
#4581=DIRECTION('center_axis',(0.966901913932264,-0.180417140031268,0.180417140031267));
#4582=DIRECTION('ref_axis',(-0.255148366316784,-0.683702900083756,0.683702900083756));
#4583=DIRECTION('',(0.255148366316784,0.683702900083756,-0.683702900083755));
#4584=DIRECTION('',(-0.255148366316784,-0.683702900083756,0.683702900083755));
#4585=DIRECTION('center_axis',(-0.966901913932264,0.180417140031268,-0.180417140031268));
#4586=DIRECTION('ref_axis',(0.255148366316785,0.683702900083756,-0.683702900083755));
#4587=DIRECTION('',(0.183427145218843,0.983033306860386,0.));
#4588=DIRECTION('',(0.255148366316785,0.683702900083756,-0.683702900083755));
#4589=DIRECTION('',(0.,-0.707106781186547,-0.707106781186548));
#4590=DIRECTION('',(-0.255148366316785,-0.683702900083756,0.683702900083755));
#4591=DIRECTION('center_axis',(0.966876901352153,0.180484151148598,-0.180484151148598));
#4592=DIRECTION('ref_axis',(0.255243134347743,-0.683685213518744,0.683685213518743));
#4593=DIRECTION('',(0.183497567881215,-0.983020163873396,0.));
#4594=DIRECTION('',(0.255243134347743,-0.683685213518744,0.683685213518743));
#4595=DIRECTION('',(0.255243134347743,-0.683685213518744,0.683685213518743));
#4596=DIRECTION('center_axis',(-0.966876901352153,-0.180484151148597,0.180484151148597));
#4597=DIRECTION('ref_axis',(-0.255243134347741,0.683685213518744,-0.683685213518744));
#4598=DIRECTION('',(-0.255243134347741,0.683685213518744,-0.683685213518744));
#4599=DIRECTION('',(-0.255243134347741,0.683685213518744,-0.683685213518744));
#4600=DIRECTION('',(0.,-0.707106781186547,-0.707106781186548));
#4601=DIRECTION('center_axis',(-0.966901913932264,0.180417140031268,-0.180417140031268));
#4602=DIRECTION('ref_axis',(0.255148366316785,0.683702900083756,-0.683702900083755));
#4603=DIRECTION('',(-0.255148366316785,-0.683702900083756,0.683702900083755));
#4604=DIRECTION('',(0.255148366316785,0.683702900083756,-0.683702900083755));
#4605=DIRECTION('center_axis',(0.,0.,1.));
#4606=DIRECTION('ref_axis',(1.,0.,0.));
#4607=DIRECTION('',(1.,0.,0.));
#4608=DIRECTION('',(1.,0.,0.));
#4609=DIRECTION('',(0.,1.,0.));
#4610=DIRECTION('',(-1.,0.,0.));
#4611=DIRECTION('',(-1.,0.,0.));
#4612=DIRECTION('',(-1.,0.,0.));
#4613=DIRECTION('',(0.,-1.,0.));
#4614=DIRECTION('',(1.,0.,0.));
#4615=DIRECTION('center_axis',(0.,0.,-1.));
#4616=DIRECTION('ref_axis',(1.,0.,0.));
#4617=DIRECTION('center_axis',(0.,-1.,-1.04983704000788E-15));
#4618=DIRECTION('ref_axis',(0.,1.04983704000788E-15,-1.));
#4619=DIRECTION('',(0.,-1.04983704000788E-15,1.));
#4620=DIRECTION('',(1.,0.,0.));
#4621=DIRECTION('',(1.,0.,0.));
#4622=DIRECTION('',(-1.,0.,0.));
#4623=DIRECTION('',(0.,-1.04983704000788E-15,1.));
#4624=DIRECTION('',(-1.,0.,0.));
#4625=DIRECTION('',(1.,0.,0.));
#4626=DIRECTION('',(1.,0.,0.));
#4627=DIRECTION('center_axis',(0.,0.91732572887574,0.398137548019013));
#4628=DIRECTION('ref_axis',(0.,-0.398137548019013,0.91732572887574));
#4629=DIRECTION('',(0.,0.398137548019013,-0.91732572887574));
#4630=DIRECTION('',(1.,0.,0.));
#4631=DIRECTION('center_axis',(0.,0.917325728875736,-0.398137548019023));
#4632=DIRECTION('ref_axis',(0.,0.398137548019023,0.917325728875736));
#4633=DIRECTION('',(0.,-0.398137548019023,-0.917325728875736));
#4634=DIRECTION('',(1.,0.,0.));
#4635=DIRECTION('',(1.,0.,0.));
#4636=DIRECTION('center_axis',(0.,-0.917325728875737,-0.398137548019021));
#4637=DIRECTION('ref_axis',(0.,0.398137548019021,-0.917325728875737));
#4638=DIRECTION('',(0.,-0.398137548019021,0.917325728875737));
#4639=DIRECTION('',(1.,0.,0.));
#4640=DIRECTION('center_axis',(0.,0.707106781186547,-0.707106781186548));
#4641=DIRECTION('ref_axis',(0.,0.707106781186548,0.707106781186547));
#4642=DIRECTION('',(0.,-0.707106781186548,-0.707106781186547));
#4643=DIRECTION('',(1.,0.,0.));
#4644=DIRECTION('',(1.,0.,0.));
#4645=DIRECTION('center_axis',(0.,-0.707106781186548,-0.707106781186547));
#4646=DIRECTION('ref_axis',(0.,0.707106781186547,-0.707106781186548));
#4647=DIRECTION('',(0.,-0.707106781186547,0.707106781186548));
#4648=DIRECTION('',(1.,0.,0.));
#4649=DIRECTION('center_axis',(0.,0.,1.));
#4650=DIRECTION('ref_axis',(0.,-1.,0.));
#4651=DIRECTION('',(0.,1.,0.));
#4652=DIRECTION('center_axis',(0.,0.,-1.));
#4653=DIRECTION('ref_axis',(0.,1.,0.));
#4654=DIRECTION('',(0.,-1.,0.));
#4655=DIRECTION('',(1.,0.,0.));
#4656=DIRECTION('',(1.,0.,0.));
#4657=DIRECTION('center_axis',(0.,-0.917325728875738,0.398137548019019));
#4658=DIRECTION('ref_axis',(0.,-0.398137548019019,-0.917325728875738));
#4659=DIRECTION('',(0.,0.398137548019019,0.917325728875738));
#4660=DIRECTION('',(1.,0.,0.));
#4661=DIRECTION('center_axis',(0.,0.917325728875734,0.398137548019027));
#4662=DIRECTION('ref_axis',(0.,-0.398137548019027,0.917325728875734));
#4663=DIRECTION('',(0.,0.398137548019027,-0.917325728875734));
#4664=DIRECTION('center_axis',(0.,0.,-1.));
#4665=DIRECTION('ref_axis',(0.,1.,0.));
#4666=DIRECTION('',(0.,-1.,0.));
#4667=DIRECTION('',(1.,0.,0.));
#4668=DIRECTION('',(1.,0.,0.));
#4669=DIRECTION('center_axis',(0.,-0.917325728875733,0.398137548019029));
#4670=DIRECTION('ref_axis',(0.,-0.398137548019029,-0.917325728875733));
#4671=DIRECTION('',(0.,0.398137548019029,0.917325728875733));
#4672=DIRECTION('',(1.,0.,0.));
#4673=DIRECTION('center_axis',(0.,0.917325728875737,0.39813754801902));
#4674=DIRECTION('ref_axis',(0.,-0.39813754801902,0.917325728875737));
#4675=DIRECTION('',(0.,0.39813754801902,-0.917325728875737));
#4676=DIRECTION('center_axis',(0.,0.923879532511285,-0.382683432365095));
#4677=DIRECTION('ref_axis',(0.,0.382683432365095,0.923879532511285));
#4678=DIRECTION('',(0.,-0.382683432365095,-0.923879532511285));
#4679=DIRECTION('',(1.,0.,0.));
#4680=DIRECTION('',(1.,0.,0.));
#4681=DIRECTION('center_axis',(0.,-1.,0.));
#4682=DIRECTION('ref_axis',(0.,0.,-1.));
#4683=DIRECTION('',(0.,0.,1.));
#4684=DIRECTION('',(1.,0.,0.));
#4685=DIRECTION('center_axis',(0.,0.,-1.));
#4686=DIRECTION('ref_axis',(0.,1.,0.));
#4687=DIRECTION('',(0.,-1.,0.));
#4688=DIRECTION('',(1.,0.,0.));
#4689=DIRECTION('',(1.,0.,0.));
#4690=DIRECTION('center_axis',(0.,-0.707106781186547,0.707106781186548));
#4691=DIRECTION('ref_axis',(0.,-0.707106781186548,-0.707106781186547));
#4692=DIRECTION('',(0.,0.707106781186548,0.707106781186547));
#4693=DIRECTION('',(1.,0.,0.));
#4694=DIRECTION('center_axis',(0.,0.707106781186548,0.707106781186547));
#4695=DIRECTION('ref_axis',(0.,-0.707106781186547,0.707106781186548));
#4696=DIRECTION('',(0.,0.707106781186547,-0.707106781186548));
#4697=DIRECTION('center_axis',(0.,0.,-1.));
#4698=DIRECTION('ref_axis',(0.,1.,0.));
#4699=DIRECTION('',(0.,-1.,0.));
#4700=DIRECTION('',(1.,0.,0.));
#4701=DIRECTION('',(1.,0.,0.));
#4702=DIRECTION('center_axis',(0.,-0.707106781186548,0.707106781186548));
#4703=DIRECTION('ref_axis',(0.,-0.707106781186548,-0.707106781186548));
#4704=DIRECTION('',(0.,0.707106781186548,0.707106781186548));
#4705=DIRECTION('',(1.,0.,0.));
#4706=DIRECTION('center_axis',(0.,0.707106781186548,0.707106781186547));
#4707=DIRECTION('ref_axis',(0.,-0.707106781186547,0.707106781186548));
#4708=DIRECTION('',(0.,0.707106781186547,-0.707106781186548));
#4709=DIRECTION('center_axis',(0.,0.,-1.));
#4710=DIRECTION('ref_axis',(0.,1.,0.));
#4711=DIRECTION('',(0.,-1.,0.));
#4712=DIRECTION('',(1.,0.,0.));
#4713=DIRECTION('',(1.,0.,0.));
#4714=DIRECTION('center_axis',(0.,-0.707106781186547,0.707106781186548));
#4715=DIRECTION('ref_axis',(0.,-0.707106781186548,-0.707106781186547));
#4716=DIRECTION('',(0.,0.707106781186548,0.707106781186547));
#4717=DIRECTION('',(1.,0.,0.));
#4718=DIRECTION('center_axis',(0.,0.707106781186548,0.707106781186547));
#4719=DIRECTION('ref_axis',(0.,-0.707106781186547,0.707106781186548));
#4720=DIRECTION('',(0.,0.707106781186547,-0.707106781186548));
#4721=DIRECTION('center_axis',(0.,0.605773492142632,-0.795637151104271));
#4722=DIRECTION('ref_axis',(0.,0.795637151104271,0.605773492142632));
#4723=DIRECTION('',(0.,-0.795637151104271,-0.605773492142632));
#4724=DIRECTION('',(1.,0.,0.));
#4725=DIRECTION('',(1.,0.,0.));
#4726=DIRECTION('center_axis',(0.,-0.923879532511284,0.382683432365096));
#4727=DIRECTION('ref_axis',(0.,-0.382683432365096,-0.923879532511284));
#4728=DIRECTION('',(0.,0.382683432365096,0.923879532511284));
#4729=DIRECTION('',(1.,0.,0.));
#4730=DIRECTION('center_axis',(0.,0.707106781186548,0.707106781186547));
#4731=DIRECTION('ref_axis',(0.,-0.707106781186547,0.707106781186548));
#4732=DIRECTION('',(-1.,0.,0.));
#4733=DIRECTION('',(-1.,0.,0.));
#4734=DIRECTION('',(0.,0.707106781186547,-0.707106781186548));
#4735=DIRECTION('',(1.,0.,0.));
#4736=DIRECTION('',(0.,-0.707106781186547,0.707106781186548));
#4737=DIRECTION('',(0.,-0.707106781186547,0.707106781186548));
#4738=DIRECTION('',(-1.,0.,0.));
#4739=DIRECTION('',(-1.,0.,0.));
#4740=DIRECTION('',(0.,0.707106781186547,-0.707106781186548));
#4741=DIRECTION('',(-1.,0.,0.));
#4742=DIRECTION('center_axis',(0.,-0.917325728875736,0.398137548019022));
#4743=DIRECTION('ref_axis',(0.,-0.398137548019022,-0.917325728875736));
#4744=DIRECTION('',(0.,0.398137548019022,0.917325728875736));
#4745=DIRECTION('',(1.,0.,0.));
#4746=DIRECTION('',(1.,0.,0.));
#4747=DIRECTION('center_axis',(0.,0.917325728875737,0.39813754801902));
#4748=DIRECTION('ref_axis',(0.,-0.39813754801902,0.917325728875737));
#4749=DIRECTION('',(0.,0.39813754801902,-0.917325728875737));
#4750=DIRECTION('',(1.,0.,0.));
#4751=DIRECTION('center_axis',(0.,0.707106781186547,-0.707106781186548));
#4752=DIRECTION('ref_axis',(0.,0.707106781186548,0.707106781186547));
#4753=DIRECTION('',(0.,-0.707106781186548,-0.707106781186547));
#4754=DIRECTION('',(1.,0.,0.));
#4755=DIRECTION('',(1.,0.,0.));
#4756=DIRECTION('center_axis',(0.,0.,1.));
#4757=DIRECTION('ref_axis',(0.,-1.,0.));
#4758=DIRECTION('',(0.,1.,0.));
#4759=DIRECTION('',(1.,0.,0.));
#4760=DIRECTION('center_axis',(0.,0.917325728875736,-0.398137548019022));
#4761=DIRECTION('ref_axis',(0.,0.398137548019022,0.917325728875736));
#4762=DIRECTION('',(0.,-0.398137548019022,-0.917325728875736));
#4763=DIRECTION('',(1.,0.,0.));
#4764=DIRECTION('',(1.,0.,0.));
#4765=DIRECTION('center_axis',(0.,-0.917325728875737,-0.39813754801902));
#4766=DIRECTION('ref_axis',(0.,0.39813754801902,-0.917325728875737));
#4767=DIRECTION('',(0.,-0.39813754801902,0.917325728875737));
#4768=DIRECTION('',(1.,0.,0.));
#4769=DIRECTION('center_axis',(0.,9.38079011063871E-16,1.));
#4770=DIRECTION('ref_axis',(0.,-1.,9.38079011063871E-16));
#4771=DIRECTION('',(0.,1.,-9.38079011063871E-16));
#4772=DIRECTION('center_axis',(0.,-0.917325728875736,0.398137548019023));
#4773=DIRECTION('ref_axis',(0.,-0.398137548019023,-0.917325728875736));
#4774=DIRECTION('',(0.,0.398137548019023,0.917325728875736));
#4775=DIRECTION('',(1.,0.,0.));
#4776=DIRECTION('',(1.,0.,0.));
#4777=DIRECTION('center_axis',(0.,1.,0.));
#4778=DIRECTION('ref_axis',(0.,0.,1.));
#4779=DIRECTION('',(0.,0.,-1.));
#4780=DIRECTION('',(1.,0.,0.));
#4781=DIRECTION('center_axis',(0.,0.917325728875733,-0.39813754801903));
#4782=DIRECTION('ref_axis',(0.,0.39813754801903,0.917325728875733));
#4783=DIRECTION('',(0.,-0.39813754801903,-0.917325728875733));
#4784=DIRECTION('',(1.,0.,0.));
#4785=DIRECTION('',(1.,0.,0.));
#4786=DIRECTION('center_axis',(0.,-0.917325728875734,-0.398137548019028));
#4787=DIRECTION('ref_axis',(0.,0.398137548019028,-0.917325728875734));
#4788=DIRECTION('',(0.,-0.398137548019028,0.917325728875734));
#4789=DIRECTION('',(1.,0.,0.));
#4790=DIRECTION('center_axis',(0.,9.38079011063871E-16,1.));
#4791=DIRECTION('ref_axis',(0.,-1.,9.38079011063871E-16));
#4792=DIRECTION('',(0.,1.,-9.38079011063871E-16));
#4793=DIRECTION('center_axis',(0.,0.,1.));
#4794=DIRECTION('ref_axis',(0.,-1.,0.));
#4795=DIRECTION('',(0.,1.,0.));
#4796=DIRECTION('',(1.,0.,0.));
#4797=DIRECTION('',(1.,0.,0.));
#4798=DIRECTION('center_axis',(0.,0.707106781186547,-0.707106781186548));
#4799=DIRECTION('ref_axis',(0.,0.707106781186548,0.707106781186547));
#4800=DIRECTION('',(0.,-0.707106781186548,-0.707106781186547));
#4801=DIRECTION('',(1.,0.,0.));
#4802=DIRECTION('center_axis',(0.,0.917325728875738,-0.398137548019018));
#4803=DIRECTION('ref_axis',(0.,0.398137548019018,0.917325728875738));
#4804=DIRECTION('',(0.,-0.398137548019018,-0.917325728875738));
#4805=DIRECTION('',(1.,0.,0.));
#4806=DIRECTION('',(1.,0.,0.));
#4807=DIRECTION('center_axis',(0.,-0.917325728875738,-0.398137548019017));
#4808=DIRECTION('ref_axis',(0.,0.398137548019017,-0.917325728875739));
#4809=DIRECTION('',(0.,-0.398137548019017,0.917325728875739));
#4810=DIRECTION('',(1.,0.,0.));
#4811=DIRECTION('center_axis',(0.,-0.707106781186547,0.707106781186548));
#4812=DIRECTION('ref_axis',(0.,-0.707106781186548,-0.707106781186547));
#4813=DIRECTION('',(0.,0.707106781186548,0.707106781186547));
#4814=DIRECTION('center_axis',(0.,-8.90571221339694E-16,-1.));
#4815=DIRECTION('ref_axis',(0.,1.,-8.90571221339694E-16));
#4816=DIRECTION('',(0.,-1.,8.90571221339694E-16));
#4817=DIRECTION('',(-1.,0.,0.));
#4818=DIRECTION('',(1.,0.,0.));
#4819=DIRECTION('',(0.,-1.,8.90571221339694E-16));
#4820=DIRECTION('center_axis',(0.,7.31224899150574E-17,1.));
#4821=DIRECTION('ref_axis',(0.,-1.,7.31224899150574E-17));
#4822=DIRECTION('',(-1.,0.,0.));
#4823=DIRECTION('',(0.,-1.,7.31224899150574E-17));
#4824=DIRECTION('',(0.,-1.,7.31224899150574E-17));
#4825=DIRECTION('',(1.,0.,0.));
#4826=DIRECTION('center_axis',(0.,0.707106781186547,0.707106781186548));
#4827=DIRECTION('ref_axis',(0.,-0.707106781186548,0.707106781186547));
#4828=DIRECTION('',(0.,-0.707106781186548,0.707106781186547));
#4829=DIRECTION('',(-1.,0.,0.));
#4830=DIRECTION('',(-1.,0.,0.));
#4831=DIRECTION('',(0.,-0.707106781186548,0.707106781186547));
#4832=DIRECTION('center_axis',(1.,0.,0.));
#4833=DIRECTION('ref_axis',(0.,1.,0.));
#4834=DIRECTION('',(0.,-0.707106781186548,0.707106781186547));
#4835=DIRECTION('',(0.,-1.,0.));
#4836=DIRECTION('',(0.,0.,1.));
#4837=DIRECTION('',(0.,0.707106781186548,0.707106781186547));
#4838=DIRECTION('',(0.,1.,-9.38079011063871E-16));
#4839=DIRECTION('',(0.,-0.398137548019018,-0.917325728875738));
#4840=DIRECTION('',(0.,-0.398137548019017,0.917325728875739));
#4841=DIRECTION('',(0.,-0.707106781186548,-0.707106781186547));
#4842=DIRECTION('',(0.,-0.707106781186547,0.707106781186548));
#4843=DIRECTION('',(0.,1.,0.));
#4844=DIRECTION('',(0.,1.,-9.38079011063871E-16));
#4845=DIRECTION('',(0.,-0.39813754801903,-0.917325728875733));
#4846=DIRECTION('',(0.,-0.398137548019028,0.917325728875734));
#4847=DIRECTION('',(0.,0.,-1.));
#4848=DIRECTION('',(0.,-1.,0.));
#4849=DIRECTION('',(0.,0.398137548019023,0.917325728875736));
#4850=DIRECTION('',(0.,1.,-9.38079011063871E-16));
#4851=DIRECTION('',(0.,-0.398137548019022,-0.917325728875736));
#4852=DIRECTION('',(0.,-0.39813754801902,0.917325728875737));
#4853=DIRECTION('',(0.,1.,0.));
#4854=DIRECTION('',(0.,-0.707106781186548,-0.707106781186547));
#4855=DIRECTION('',(0.,-0.707106781186547,0.707106781186548));
#4856=DIRECTION('',(0.,0.39813754801902,-0.917325728875737));
#4857=DIRECTION('',(0.,-1.,0.));
#4858=DIRECTION('',(0.,0.398137548019022,0.917325728875736));
#4859=DIRECTION('',(0.,-0.795637151104271,-0.605773492142632));
#4860=DIRECTION('',(0.,0.382683432365096,0.923879532511284));
#4861=DIRECTION('',(0.,0.707106781186547,-0.707106781186548));
#4862=DIRECTION('',(0.,-1.,0.));
#4863=DIRECTION('',(0.,0.707106781186548,0.707106781186547));
#4864=DIRECTION('',(0.,0.707106781186547,-0.707106781186548));
#4865=DIRECTION('',(0.,-1.,0.));
#4866=DIRECTION('',(0.,0.707106781186548,0.707106781186548));
#4867=DIRECTION('',(0.,0.707106781186547,-0.707106781186548));
#4868=DIRECTION('',(0.,-1.,0.));
#4869=DIRECTION('',(0.,0.707106781186548,0.707106781186547));
#4870=DIRECTION('',(0.,1.,-9.38079011063871E-16));
#4871=DIRECTION('',(0.,-0.382683432365095,-0.923879532511285));
#4872=DIRECTION('',(0.,0.,1.));
#4873=DIRECTION('',(0.,0.39813754801902,-0.917325728875737));
#4874=DIRECTION('',(0.,-1.,0.));
#4875=DIRECTION('',(0.,0.398137548019029,0.917325728875733));
#4876=DIRECTION('',(0.,0.398137548019027,-0.917325728875734));
#4877=DIRECTION('',(0.,-1.,0.));
#4878=DIRECTION('',(0.,0.398137548019019,0.917325728875738));
#4879=DIRECTION('',(0.,1.,0.));
#4880=DIRECTION('',(0.,-0.707106781186548,-0.707106781186547));
#4881=DIRECTION('',(0.,-0.707106781186547,0.707106781186548));
#4882=DIRECTION('',(0.,1.,-9.38079011063871E-16));
#4883=DIRECTION('',(0.,-0.398137548019023,-0.917325728875736));
#4884=DIRECTION('',(0.,-0.398137548019021,0.917325728875737));
#4885=DIRECTION('',(0.,0.398137548019013,-0.91732572887574));
#4886=DIRECTION('',(0.,-1.,0.));
#4887=DIRECTION('center_axis',(0.,0.,1.));
#4888=DIRECTION('ref_axis',(0.,1.,0.));
#4889=DIRECTION('',(-1.,0.,0.));
#4890=DIRECTION('',(-1.,0.,0.));
#4891=DIRECTION('',(-1.,0.,0.));
#4892=DIRECTION('',(-1.,0.,0.));
#4893=DIRECTION('',(-1.,0.,0.));
#4894=DIRECTION('',(0.,-1.,0.));
#4895=DIRECTION('',(0.,-1.,0.));
#4896=DIRECTION('',(0.,-1.,0.));
#4897=DIRECTION('center_axis',(0.,-0.91732572887574,-0.398137548019013));
#4898=DIRECTION('ref_axis',(0.,-0.398137548019013,0.91732572887574));
#4899=DIRECTION('center_axis',(0.,-0.917325728875736,0.398137548019023));
#4900=DIRECTION('ref_axis',(0.,0.398137548019023,0.917325728875736));
#4901=DIRECTION('',(-1.,0.,0.));
#4902=DIRECTION('',(-1.,0.,0.));
#4903=DIRECTION('center_axis',(0.,0.917325728875737,0.398137548019021));
#4904=DIRECTION('ref_axis',(0.,0.398137548019021,-0.917325728875737));
#4905=DIRECTION('',(-1.,0.,0.));
#4906=DIRECTION('center_axis',(0.,-0.707106781186547,0.707106781186548));
#4907=DIRECTION('ref_axis',(0.,0.707106781186548,0.707106781186547));
#4908=DIRECTION('',(-1.,0.,0.));
#4909=DIRECTION('',(-1.,0.,0.));
#4910=DIRECTION('center_axis',(0.,0.707106781186548,0.707106781186547));
#4911=DIRECTION('ref_axis',(0.,0.707106781186547,-0.707106781186548));
#4912=DIRECTION('',(-1.,0.,0.));
#4913=DIRECTION('center_axis',(0.,0.,-1.));
#4914=DIRECTION('ref_axis',(0.,-1.,0.));
#4915=DIRECTION('center_axis',(0.,0.,1.));
#4916=DIRECTION('ref_axis',(0.,1.,0.));
#4917=DIRECTION('',(-1.,0.,0.));
#4918=DIRECTION('',(-1.,0.,0.));
#4919=DIRECTION('center_axis',(0.,0.917325728875738,-0.398137548019019));
#4920=DIRECTION('ref_axis',(0.,-0.398137548019019,-0.917325728875738));
#4921=DIRECTION('',(-1.,0.,0.));
#4922=DIRECTION('center_axis',(0.,-0.917325728875734,-0.398137548019027));
#4923=DIRECTION('ref_axis',(0.,-0.398137548019027,0.917325728875734));
#4924=DIRECTION('center_axis',(0.,0.,1.));
#4925=DIRECTION('ref_axis',(0.,1.,0.));
#4926=DIRECTION('',(-1.,0.,0.));
#4927=DIRECTION('',(-1.,0.,0.));
#4928=DIRECTION('center_axis',(0.,0.917325728875733,-0.398137548019029));
#4929=DIRECTION('ref_axis',(0.,-0.398137548019029,-0.917325728875733));
#4930=DIRECTION('',(-1.,0.,0.));
#4931=DIRECTION('center_axis',(0.,-0.917325728875737,-0.39813754801902));
#4932=DIRECTION('ref_axis',(0.,-0.39813754801902,0.917325728875737));
#4933=DIRECTION('center_axis',(0.,-0.923879532511285,0.382683432365095));
#4934=DIRECTION('ref_axis',(0.,0.382683432365095,0.923879532511285));
#4935=DIRECTION('',(-1.,0.,0.));
#4936=DIRECTION('',(-1.,0.,0.));
#4937=DIRECTION('center_axis',(0.,1.,0.));
#4938=DIRECTION('ref_axis',(0.,0.,-1.));
#4939=DIRECTION('',(-1.,0.,0.));
#4940=DIRECTION('center_axis',(0.,-9.38079011063871E-16,-1.));
#4941=DIRECTION('ref_axis',(0.,-1.,9.38079011063871E-16));
#4942=DIRECTION('',(-1.,0.,0.));
#4943=DIRECTION('',(-1.,0.,0.));
#4944=DIRECTION('',(0.,1.,-9.38079011063871E-16));
#4945=DIRECTION('',(0.,1.,-9.38079011063871E-16));
#4946=DIRECTION('',(0.,1.,-9.38079011063871E-16));
#4947=DIRECTION('center_axis',(0.,0.,1.));
#4948=DIRECTION('ref_axis',(0.,1.,0.));
#4949=DIRECTION('',(-1.,0.,0.));
#4950=DIRECTION('',(-1.,0.,0.));
#4951=DIRECTION('center_axis',(0.,0.707106781186547,-0.707106781186548));
#4952=DIRECTION('ref_axis',(0.,-0.707106781186548,-0.707106781186547));
#4953=DIRECTION('',(-1.,0.,0.));
#4954=DIRECTION('center_axis',(0.,-0.707106781186548,-0.707106781186547));
#4955=DIRECTION('ref_axis',(0.,-0.707106781186547,0.707106781186548));
#4956=DIRECTION('center_axis',(0.,0.,1.));
#4957=DIRECTION('ref_axis',(0.,1.,0.));
#4958=DIRECTION('',(-1.,0.,0.));
#4959=DIRECTION('',(-1.,0.,0.));
#4960=DIRECTION('center_axis',(0.,0.707106781186548,-0.707106781186548));
#4961=DIRECTION('ref_axis',(0.,-0.707106781186548,-0.707106781186548));
#4962=DIRECTION('',(-1.,0.,0.));
#4963=DIRECTION('center_axis',(0.,-0.707106781186548,-0.707106781186547));
#4964=DIRECTION('ref_axis',(0.,-0.707106781186547,0.707106781186548));
#4965=DIRECTION('center_axis',(0.,0.,1.));
#4966=DIRECTION('ref_axis',(0.,1.,0.));
#4967=DIRECTION('',(-1.,0.,0.));
#4968=DIRECTION('',(-1.,0.,0.));
#4969=DIRECTION('center_axis',(0.,0.707106781186547,-0.707106781186548));
#4970=DIRECTION('ref_axis',(0.,-0.707106781186548,-0.707106781186547));
#4971=DIRECTION('',(-1.,0.,0.));
#4972=DIRECTION('center_axis',(0.,-0.707106781186548,-0.707106781186547));
#4973=DIRECTION('ref_axis',(0.,-0.707106781186547,0.707106781186548));
#4974=DIRECTION('center_axis',(0.,-0.605773492142632,0.795637151104271));
#4975=DIRECTION('ref_axis',(0.,0.795637151104271,0.605773492142632));
#4976=DIRECTION('',(-1.,0.,0.));
#4977=DIRECTION('center_axis',(0.,0.923879532511284,-0.382683432365096));
#4978=DIRECTION('ref_axis',(0.,-0.382683432365096,-0.923879532511284));
#4979=DIRECTION('center_axis',(0.,0.917325728875736,-0.398137548019022));
#4980=DIRECTION('ref_axis',(0.,-0.398137548019022,-0.917325728875736));
#4981=DIRECTION('',(-1.,0.,0.));
#4982=DIRECTION('center_axis',(0.,-0.917325728875737,-0.39813754801902));
#4983=DIRECTION('ref_axis',(0.,-0.39813754801902,0.917325728875737));
#4984=DIRECTION('center_axis',(0.,-0.707106781186547,0.707106781186548));
#4985=DIRECTION('ref_axis',(0.,0.707106781186548,0.707106781186547));
#4986=DIRECTION('',(-1.,0.,0.));
#4987=DIRECTION('',(-1.,0.,0.));
#4988=DIRECTION('center_axis',(0.,0.,-1.));
#4989=DIRECTION('ref_axis',(0.,-1.,0.));
#4990=DIRECTION('',(-1.,0.,0.));
#4991=DIRECTION('center_axis',(0.,-0.917325728875736,0.398137548019022));
#4992=DIRECTION('ref_axis',(0.,0.398137548019022,0.917325728875736));
#4993=DIRECTION('',(-1.,0.,0.));
#4994=DIRECTION('',(-1.,0.,0.));
#4995=DIRECTION('center_axis',(0.,0.917325728875737,0.39813754801902));
#4996=DIRECTION('ref_axis',(0.,0.39813754801902,-0.917325728875737));
#4997=DIRECTION('',(-1.,0.,0.));
#4998=DIRECTION('center_axis',(0.,-9.38079011063871E-16,-1.));
#4999=DIRECTION('ref_axis',(0.,-1.,9.38079011063871E-16));
#5000=DIRECTION('center_axis',(0.,0.917325728875736,-0.398137548019023));
#5001=DIRECTION('ref_axis',(0.,-0.398137548019023,-0.917325728875736));
#5002=DIRECTION('',(-1.,0.,0.));
#5003=DIRECTION('center_axis',(0.,-1.,0.));
#5004=DIRECTION('ref_axis',(0.,0.,1.));
#5005=DIRECTION('center_axis',(0.,-0.917325728875733,0.39813754801903));
#5006=DIRECTION('ref_axis',(0.,0.39813754801903,0.917325728875733));
#5007=DIRECTION('',(-1.,0.,0.));
#5008=DIRECTION('',(-1.,0.,0.));
#5009=DIRECTION('center_axis',(0.,0.917325728875734,0.398137548019028));
#5010=DIRECTION('ref_axis',(0.,0.398137548019028,-0.917325728875734));
#5011=DIRECTION('',(-1.,0.,0.));
#5012=DIRECTION('center_axis',(0.,-9.38079011063871E-16,-1.));
#5013=DIRECTION('ref_axis',(0.,-1.,9.38079011063871E-16));
#5014=DIRECTION('center_axis',(0.,0.707106781186548,0.707106781186547));
#5015=DIRECTION('ref_axis',(0.,0.707106781186547,-0.707106781186548));
#5016=DIRECTION('',(-1.,0.,0.));
#5017=DIRECTION('',(0.,-0.707106781186547,0.707106781186548));
#5018=DIRECTION('',(0.,-0.707106781186547,0.707106781186548));
#5019=DIRECTION('',(-1.,0.,0.));
#5020=DIRECTION('center_axis',(0.,0.,-1.));
#5021=DIRECTION('ref_axis',(0.,-1.,0.));
#5022=DIRECTION('',(-1.,0.,0.));
#5023=DIRECTION('center_axis',(0.,-0.707106781186547,0.707106781186548));
#5024=DIRECTION('ref_axis',(0.,0.707106781186548,0.707106781186547));
#5025=DIRECTION('center_axis',(0.,-0.917325728875738,0.398137548019018));
#5026=DIRECTION('ref_axis',(0.,0.398137548019018,0.917325728875738));
#5027=DIRECTION('',(-1.,0.,0.));
#5028=DIRECTION('center_axis',(0.,0.917325728875738,0.398137548019017));
#5029=DIRECTION('ref_axis',(0.,0.398137548019017,-0.917325728875739));
#5030=DIRECTION('center_axis',(0.,0.707106781186547,-0.707106781186548));
#5031=DIRECTION('ref_axis',(0.,-0.707106781186548,-0.707106781186547));
#5032=DIRECTION('center_axis',(0.,0.707106781186547,0.707106781186548));
#5033=DIRECTION('ref_axis',(0.,0.707106781186548,-0.707106781186547));
#5034=DIRECTION('',(-1.,0.,0.));
#5035=DIRECTION('',(-1.,0.,0.));
#5036=DIRECTION('',(0.,-0.707106781186548,0.707106781186547));
#5037=DIRECTION('center_axis',(0.,-1.,0.));
#5038=DIRECTION('ref_axis',(1.,0.,0.));
#5039=DIRECTION('',(-1.,0.,0.));
#5040=DIRECTION('center_axis',(-1.,0.,0.));
#5041=DIRECTION('ref_axis',(0.,-1.,0.));
#5042=DIRECTION('',(0.,0.,1.));
#5043=DIRECTION('',(0.,1.,0.));
#5044=DIRECTION('center_axis',(0.,1.,0.));
#5045=DIRECTION('ref_axis',(-1.,0.,0.));
#5046=DIRECTION('',(1.,0.,0.));
#5047=DIRECTION('center_axis',(0.,0.,-1.));
#5048=DIRECTION('ref_axis',(1.,0.,0.));
#5049=DIRECTION('center_axis',(0.,0.,1.));
#5050=DIRECTION('ref_axis',(1.,0.,0.));
#5051=DIRECTION('',(0.,0.,1.));
#5052=DIRECTION('center_axis',(0.,0.,-1.));
#5053=DIRECTION('ref_axis',(1.,0.,0.));
#5054=DIRECTION('center_axis',(0.,0.,-1.));
#5055=DIRECTION('ref_axis',(1.,0.,0.));
#5056=DIRECTION('center_axis',(0.,0.,1.));
#5057=DIRECTION('ref_axis',(1.,0.,0.));
#5058=DIRECTION('',(0.,0.,1.));
#5059=DIRECTION('center_axis',(0.,0.,-1.));
#5060=DIRECTION('ref_axis',(1.,0.,0.));
#5061=DIRECTION('center_axis',(0.,0.,-1.));
#5062=DIRECTION('ref_axis',(1.,0.,0.));
#5063=DIRECTION('center_axis',(0.,0.,1.));
#5064=DIRECTION('ref_axis',(1.,0.,0.));
#5065=DIRECTION('',(0.,0.,1.));
#5066=DIRECTION('center_axis',(0.,0.,-1.));
#5067=DIRECTION('ref_axis',(1.,0.,0.));
#5068=DIRECTION('center_axis',(0.,0.,-1.));
#5069=DIRECTION('ref_axis',(1.,0.,0.));
#5070=DIRECTION('center_axis',(0.,0.,1.));
#5071=DIRECTION('ref_axis',(1.,0.,0.));
#5072=DIRECTION('',(0.,0.,1.));
#5073=DIRECTION('center_axis',(0.,0.,-1.));
#5074=DIRECTION('ref_axis',(1.,0.,0.));
#5075=DIRECTION('center_axis',(0.,0.,1.));
#5076=DIRECTION('ref_axis',(1.,0.,0.));
#5077=DIRECTION('',(0.,0.,1.));
#5078=DIRECTION('center_axis',(0.,0.,-1.));
#5079=DIRECTION('ref_axis',(1.,0.,0.));
#5080=DIRECTION('center_axis',(0.,-1.,0.));
#5081=DIRECTION('ref_axis',(-1.,0.,0.));
#5082=DIRECTION('',(1.,0.,0.));
#5083=DIRECTION('',(0.,0.,-1.));
#5084=DIRECTION('',(-1.,0.,0.));
#5085=DIRECTION('',(0.,0.,-1.));
#5086=DIRECTION('center_axis',(1.,0.,0.));
#5087=DIRECTION('ref_axis',(0.,-1.,0.));
#5088=DIRECTION('',(0.,1.,0.));
#5089=DIRECTION('',(0.,-1.,0.));
#5090=DIRECTION('',(0.,0.,-1.));
#5091=DIRECTION('center_axis',(0.,1.,0.));
#5092=DIRECTION('ref_axis',(1.,0.,0.));
#5093=DIRECTION('',(-1.,0.,0.));
#5094=DIRECTION('',(1.,0.,0.));
#5095=DIRECTION('',(0.,0.,-1.));
#5096=DIRECTION('center_axis',(-1.,0.,0.));
#5097=DIRECTION('ref_axis',(0.,1.,0.));
#5098=DIRECTION('',(0.,-1.,0.));
#5099=DIRECTION('',(0.,1.,0.));
#5100=DIRECTION('center_axis',(0.,0.,1.));
#5101=DIRECTION('ref_axis',(1.,0.,0.));
#5102=DIRECTION('center_axis',(0.,0.,1.));
#5103=DIRECTION('ref_axis',(1.,0.,0.));
#5104=CARTESIAN_POINT('',(0.,0.,0.));
#5105=CARTESIAN_POINT('Origin',(2.66453525910038E-14,-112.630465325174,
47.8583873865324));
#5106=CARTESIAN_POINT('',(-21.8810306921978,-112.630465325174,67.8433449130294));
#5107=CARTESIAN_POINT('',(21.8810306921978,-112.630465325174,67.8433449130294));
#5108=CARTESIAN_POINT('',(-21.8810306921978,-112.630465325174,67.8433449130294));
#5109=CARTESIAN_POINT('',(21.8810306921978,-112.630465325174,27.8734298600355));
#5110=CARTESIAN_POINT('',(21.8810306921978,-112.630465325174,67.8433449130294));
#5111=CARTESIAN_POINT('',(-21.8810306921978,-112.630465325174,27.8734298600355));
#5112=CARTESIAN_POINT('',(21.8810306921978,-112.630465325174,27.8734298600355));
#5113=CARTESIAN_POINT('',(-21.8810306921978,-112.630465325174,27.8734298600355));
#5114=CARTESIAN_POINT('',(14.8634186466603,-112.630465325174,32.6845836158624));
#5115=CARTESIAN_POINT('Origin',(16.6134186466603,-112.630465325174,32.6845836158624));
#5116=CARTESIAN_POINT('',(-18.3634186466603,-112.630465325174,63.0321911572025));
#5117=CARTESIAN_POINT('Origin',(-16.6134186466603,-112.630465325174,63.0321911572025));
#5118=CARTESIAN_POINT('',(-18.3634186466603,-112.630465325174,32.6845836158624));
#5119=CARTESIAN_POINT('Origin',(-16.6134186466603,-112.630465325174,32.6845836158624));
#5120=CARTESIAN_POINT('',(14.8634186466603,-112.630465325174,63.0321911572025));
#5121=CARTESIAN_POINT('Origin',(16.6134186466603,-112.630465325174,63.0321911572025));
#5122=CARTESIAN_POINT('',(-12.,-112.630465325174,36.8982322781409));
#5123=CARTESIAN_POINT('',(12.,-112.630465325174,36.8982322781409));
#5124=CARTESIAN_POINT('',(-12.,-112.630465325174,36.8982322781409));
#5125=CARTESIAN_POINT('',(12.,-112.630465325174,58.8185424949239));
#5126=CARTESIAN_POINT('',(12.,-112.630465325174,58.8185424949239));
#5127=CARTESIAN_POINT('',(-12.,-112.630465325174,58.8185424949239));
#5128=CARTESIAN_POINT('',(-12.,-112.630465325174,58.8185424949239));
#5129=CARTESIAN_POINT('',(-12.,-112.630465325174,58.8185424949239));
#5130=CARTESIAN_POINT('Origin',(16.6134186466603,-112.630465325174,32.6845836158624));
#5131=CARTESIAN_POINT('',(14.8634186466603,-115.630465325174,32.6845836158624));
#5132=CARTESIAN_POINT('Origin',(16.6134186466603,-115.630465325174,32.6845836158624));
#5133=CARTESIAN_POINT('',(14.8634186466603,-112.630465325174,32.6845836158624));
#5134=CARTESIAN_POINT('Origin',(-16.6134186466603,-112.630465325174,63.0321911572025));
#5135=CARTESIAN_POINT('',(-18.3634186466603,-115.630465325174,63.0321911572025));
#5136=CARTESIAN_POINT('Origin',(-16.6134186466603,-115.630465325174,63.0321911572025));
#5137=CARTESIAN_POINT('',(-18.3634186466603,-112.630465325174,63.0321911572025));
#5138=CARTESIAN_POINT('Origin',(-16.6134186466603,-112.630465325174,32.6845836158624));
#5139=CARTESIAN_POINT('',(-18.3634186466603,-115.630465325174,32.6845836158624));
#5140=CARTESIAN_POINT('Origin',(-16.6134186466603,-115.630465325174,32.6845836158624));
#5141=CARTESIAN_POINT('',(-18.3634186466603,-112.630465325174,32.6845836158624));
#5142=CARTESIAN_POINT('Origin',(16.6134186466603,-112.630465325174,63.0321911572025));
#5143=CARTESIAN_POINT('',(14.8634186466603,-115.630465325174,63.0321911572025));
#5144=CARTESIAN_POINT('Origin',(16.6134186466603,-115.630465325174,63.0321911572025));
#5145=CARTESIAN_POINT('',(14.8634186466603,-112.630465325174,63.0321911572025));
#5146=CARTESIAN_POINT('Origin',(21.8810306921978,-112.630465325174,27.8734298600355));
#5147=CARTESIAN_POINT('',(21.8810306921978,-115.630465325174,67.8433449130294));
#5148=CARTESIAN_POINT('',(21.8810306921978,-112.630465325174,67.8433449130294));
#5149=CARTESIAN_POINT('',(21.8810306921978,-115.630465325174,27.8734298600355));
#5150=CARTESIAN_POINT('',(21.8810306921978,-115.630465325174,67.8433449130294));
#5151=CARTESIAN_POINT('',(21.8810306921978,-112.630465325174,27.8734298600355));
#5152=CARTESIAN_POINT('Origin',(-21.8810306921978,-112.630465325174,27.8734298600355));
#5153=CARTESIAN_POINT('',(-21.8810306921978,-115.630465325174,27.8734298600355));
#5154=CARTESIAN_POINT('',(21.8810306921978,-115.630465325174,27.8734298600355));
#5155=CARTESIAN_POINT('',(-21.8810306921978,-112.630465325174,27.8734298600355));
#5156=CARTESIAN_POINT('Origin',(-21.8810306921978,-112.630465325174,67.8433449130294));
#5157=CARTESIAN_POINT('',(-21.8810306921978,-115.630465325174,67.8433449130294));
#5158=CARTESIAN_POINT('',(-21.8810306921978,-115.630465325174,27.8734298600355));
#5159=CARTESIAN_POINT('',(-21.8810306921978,-112.630465325174,67.8433449130294));
#5160=CARTESIAN_POINT('Origin',(21.8810306921978,-112.630465325174,67.8433449130294));
#5161=CARTESIAN_POINT('',(-21.8810306921978,-115.630465325174,67.8433449130294));
#5162=CARTESIAN_POINT('Origin',(2.66453525910038E-14,-115.630465325174,
47.8583873865324));
#5163=CARTESIAN_POINT('Origin',(-6.66133814775094E-15,-85.7119079208341,
36.8982322781409));
#5164=CARTESIAN_POINT('',(9.5,-110.130465325224,36.8982322781239));
#5165=CARTESIAN_POINT('',(-6.66133814775094E-15,-85.7119079208341,36.8982322781409));
#5166=CARTESIAN_POINT('',(9.5,-110.130465325224,36.8982322781409));
#5167=CARTESIAN_POINT('',(9.5,-110.130465325174,39.3982322781409));
#5168=CARTESIAN_POINT('',(9.5,-110.130465325224,44.1139068711929));
#5169=CARTESIAN_POINT('',(-6.66133814775094E-15,-85.7119079208341,39.3982322781409));
#5170=CARTESIAN_POINT('',(9.5,-110.130465325224,39.3982322781409));
#5171=CARTESIAN_POINT('',(-6.66133814775094E-15,-85.7119079208341,36.8982322781409));
#5172=CARTESIAN_POINT('Origin',(-9.5,-110.130465325224,36.8982322781409));
#5173=CARTESIAN_POINT('',(-9.5,-110.130465325224,36.8982322781239));
#5174=CARTESIAN_POINT('',(-9.5,-110.130465325224,36.8982322781409));
#5175=CARTESIAN_POINT('',(-9.5,-110.130465325174,39.3982322781409));
#5176=CARTESIAN_POINT('',(-9.5,-110.130465325224,39.3982322781409));
#5177=CARTESIAN_POINT('',(-9.5,-110.130465325224,44.1139068711929));
#5178=CARTESIAN_POINT('Origin',(-1.34126726200679,-82.2643488016824,36.8982322781409));
#5179=CARTESIAN_POINT('',(-1.3412672620068,-82.2643488016824,36.8982322781409));
#5180=CARTESIAN_POINT('',(-9.5,-103.23534708692,36.8982322781409));
#5181=CARTESIAN_POINT('',(9.5,-54.3982322781409,36.8982322781409));
#5182=CARTESIAN_POINT('',(-9.5,-103.23534708692,39.3982322781409));
#5183=CARTESIAN_POINT('',(-9.5,-103.23534708692,33.1537517628014));
#5184=CARTESIAN_POINT('',(-1.3412672620068,-82.2643488016824,39.3982322781409));
#5185=CARTESIAN_POINT('',(9.5,-54.3982322781409,39.3982322781409));
#5186=CARTESIAN_POINT('',(-1.3412672620068,-82.2643488016824,36.8982322781409));
#5187=CARTESIAN_POINT('Origin',(-9.49999999999999,-61.2933505164444,36.8982322781409));
#5188=CARTESIAN_POINT('',(-9.49999999999999,-61.2933505164444,36.8982322781409));
#5189=CARTESIAN_POINT('',(9.5,-110.130465325224,36.8982322781409));
#5190=CARTESIAN_POINT('',(-9.49999999999999,-61.2933505164444,39.3982322781409));
#5191=CARTESIAN_POINT('',(9.5,-110.130465325224,39.3982322781409));
#5192=CARTESIAN_POINT('',(-9.5,-61.2933505164444,33.1537517628014));
#5193=CARTESIAN_POINT('Origin',(-1.11022302462516E-15,-78.8167896825307,
36.8982322781409));
#5194=CARTESIAN_POINT('',(-9.5,-54.3982322781409,36.8982322781409));
#5195=CARTESIAN_POINT('',(-1.11022302462516E-15,-78.8167896825307,36.8982322781409));
#5196=CARTESIAN_POINT('',(-9.5,-54.3982322781409,36.8982322781409));
#5197=CARTESIAN_POINT('',(-9.5,-54.3982322781409,39.3982322781409));
#5198=CARTESIAN_POINT('',(-9.5,-54.3982322781409,33.1537517628014));
#5199=CARTESIAN_POINT('',(-1.11022302462516E-15,-78.8167896825307,39.3982322781409));
#5200=CARTESIAN_POINT('',(-9.5,-54.3982322781409,39.3982322781409));
#5201=CARTESIAN_POINT('',(-1.11022302462516E-15,-78.8167896825307,36.8982322781409));
#5202=CARTESIAN_POINT('Origin',(9.5,-54.3982322781409,36.8982322781409));
#5203=CARTESIAN_POINT('',(9.5,-54.3982322781409,36.8982322781409));
#5204=CARTESIAN_POINT('',(9.5,-54.3982322781409,36.8982322781409));
#5205=CARTESIAN_POINT('',(9.5,-54.3982322781409,39.3982322781409));
#5206=CARTESIAN_POINT('',(9.5,-54.3982322781409,39.3982322781409));
#5207=CARTESIAN_POINT('',(9.5,-54.3982322781409,33.1537517628014));
#5208=CARTESIAN_POINT('Origin',(1.3412672620068,-82.2643488016824,36.8982322781409));
#5209=CARTESIAN_POINT('',(1.34126726200679,-82.2643488016824,36.8982322781409));
#5210=CARTESIAN_POINT('',(9.50000000000001,-61.2933505164444,36.8982322781409));
#5211=CARTESIAN_POINT('',(-9.5,-110.130465325224,36.8982322781409));
#5212=CARTESIAN_POINT('',(9.50000000000001,-61.2933505164444,39.3982322781409));
#5213=CARTESIAN_POINT('',(9.5,-61.2933505164444,33.1537517628014));
#5214=CARTESIAN_POINT('',(1.34126726200679,-82.2643488016824,39.3982322781409));
#5215=CARTESIAN_POINT('',(-9.5,-110.130465325224,39.3982322781409));
#5216=CARTESIAN_POINT('',(1.34126726200679,-82.2643488016824,36.8982322781409));
#5217=CARTESIAN_POINT('Origin',(9.5,-103.23534708692,36.8982322781409));
#5218=CARTESIAN_POINT('',(9.5,-103.23534708692,36.8982322781409));
#5219=CARTESIAN_POINT('',(-9.5,-54.3982322781409,36.8982322781409));
#5220=CARTESIAN_POINT('',(9.5,-103.23534708692,39.3982322781409));
#5221=CARTESIAN_POINT('',(-9.5,-54.3982322781409,39.3982322781409));
#5222=CARTESIAN_POINT('',(9.5,-103.23534708692,33.1537517628014));
#5223=CARTESIAN_POINT('Origin',(-9.5,-54.3982322781409,36.8982322781409));
#5224=CARTESIAN_POINT('',(12.,-54.3982322781409,36.8982322781409));
#5225=CARTESIAN_POINT('',(12.,-54.3982322781409,39.3982322781409));
#5226=CARTESIAN_POINT('Origin',(9.5,-51.8982322781409,36.8982322781409));
#5227=CARTESIAN_POINT('',(-9.5,-51.8982322781409,36.8982322781409));
#5228=CARTESIAN_POINT('',(9.5,-51.8982322781409,36.8982322781409));
#5229=CARTESIAN_POINT('',(-12.,-51.8982322781409,36.8982322781409));
#5230=CARTESIAN_POINT('',(-9.5,-51.8982322781409,39.3982322781409));
#5231=CARTESIAN_POINT('',(-9.5,-51.8982322781409,33.1537517628014));
#5232=CARTESIAN_POINT('',(9.5,-51.8982322781409,39.3982322781409));
#5233=CARTESIAN_POINT('',(-12.,-51.8982322781409,39.3982322781409));
#5234=CARTESIAN_POINT('',(9.5,-51.8982322781409,33.1537517628014));
#5235=CARTESIAN_POINT('Origin',(-9.5,-48.8152326625872,29.4092712474619));
#5236=CARTESIAN_POINT('',(-9.5,-51.8982322781409,36.8982322781409));
#5237=CARTESIAN_POINT('',(-9.5,-72.0490586802638,39.3982322781409));
#5238=CARTESIAN_POINT('',(-9.5,-50.8626983722081,39.3982322781409));
#5239=CARTESIAN_POINT('',(-9.5,-66.0679653251744,53.1789240233189));
#5240=CARTESIAN_POINT('',(-9.5,-66.0679653251744,53.1789240233189));
#5241=CARTESIAN_POINT('',(-9.5,-60.0868719700851,39.3982322781409));
#5242=CARTESIAN_POINT('',(-9.5,-60.0868719700851,39.3982322781409));
#5243=CARTESIAN_POINT('',(-9.5,-57.3615586802638,39.3982322781409));
#5244=CARTESIAN_POINT('',(-9.5,-65.5397907321348,39.3982322781409));
#5245=CARTESIAN_POINT('',(-9.5,-52.6304653251745,50.2988712204622));
#5246=CARTESIAN_POINT('',(-9.5,-50.0178086802638,56.3185424949238));
#5247=CARTESIAN_POINT('',(-9.5,-52.6304653251745,39.3982322781409));
#5248=CARTESIAN_POINT('',(-9.5,-52.6304653251745,39.3982322781409));
#5249=CARTESIAN_POINT('',(-9.5,-50.9817324703641,39.3982322781409));
#5250=CARTESIAN_POINT('',(-9.5,-51.8402632998191,36.8402632998192));
#5251=CARTESIAN_POINT('',(-9.5,-15.,0.));
#5252=CARTESIAN_POINT('',(-9.5,-50.0724963468527,38.6080302527855));
#5253=CARTESIAN_POINT('',(-9.5,-52.9417536536004,35.7387729460378));
#5254=CARTESIAN_POINT('',(-9.5,-47.9917478527522,36.527281758685));
#5255=CARTESIAN_POINT('',(-9.5,-38.2484248495007,26.7839587554335));
#5256=CARTESIAN_POINT('',(-9.5,-28.330582617584,36.527281758685));
#5257=CARTESIAN_POINT('',(-9.5,-47.9917478527522,36.527281758685));
#5258=CARTESIAN_POINT('',(-9.5,-38.1611652351682,26.6966991411009));
#5259=CARTESIAN_POINT('',(-9.5,-38.1611652351682,26.6966991411009));
#5260=CARTESIAN_POINT('',(-9.5,-45.5279923558804,34.0635262618131));
#5261=CARTESIAN_POINT('',(-9.5,-38.1611652351682,26.6966991411009));
#5262=CARTESIAN_POINT('',(-9.5,-47.2957593088467,32.2957593088467));
#5263=CARTESIAN_POINT('',(-9.5,-48.397249662628,31.1942689550654));
#5264=CARTESIAN_POINT('',(-9.49999999999999,-19.5961940777126,4.59619407771257));
#5265=CARTESIAN_POINT('',(-9.5,-15.,0.));
#5266=CARTESIAN_POINT('',(-9.49999999999999,-17.8284271247462,6.36396103067894));
#5267=CARTESIAN_POINT('',(-9.5,-20.6976844314939,3.49470372393123));
#5268=CARTESIAN_POINT('',(-9.5,-24.0628156646177,12.5983495705504));
#5269=CARTESIAN_POINT('',(-9.5,-14.2322330470336,2.76776695296637));
#5270=CARTESIAN_POINT('',(-9.5,-4.40165042944955,12.5983495705504));
#5271=CARTESIAN_POINT('',(-9.5,-4.40165042944954,12.5983495705504));
#5272=CARTESIAN_POINT('',(-9.5,-14.2322330470336,2.76776695296637));
#5273=CARTESIAN_POINT('',(-9.5,-14.2322330470336,2.76776695296637));
#5274=CARTESIAN_POINT('',(-9.5,-13.2322330470336,1.76776695296637));
#5275=CARTESIAN_POINT('',(-9.5,-38.2484248495007,26.7839587554335));
#5276=CARTESIAN_POINT('',(-9.5,-14.,1.));
#5277=CARTESIAN_POINT('',(-9.5,-16.1014903537813,-1.1014903537813));
#5278=CARTESIAN_POINT('',(-9.5,-12.4644660940673,0.999999999999996));
#5279=CARTESIAN_POINT('',(-9.5,-24.4076163312936,1.));
#5280=CARTESIAN_POINT('',(-9.5,-0.499999999999989,12.9644660940673));
#5281=CARTESIAN_POINT('',(-9.5,-12.4644660940673,1.));
#5282=CARTESIAN_POINT('',(-9.50000000000002,6.30641716766154,6.15804892640573));
#5283=CARTESIAN_POINT('',(-9.5,11.4644660940673,1.));
#5284=CARTESIAN_POINT('',(-9.50000000000002,8.0741841206279,7.9258158793721));
#5285=CARTESIAN_POINT('',(-9.5,-0.777306233153454,-0.925674474409166));
#5286=CARTESIAN_POINT('',(-9.50000000000002,-35.9129464127665,51.9129464127665));
#5287=CARTESIAN_POINT('',(-9.5,15.,1.));
#5288=CARTESIAN_POINT('',(-9.50000000000002,-37.6807133657329,50.1451794598001));
#5289=CARTESIAN_POINT('',(-9.5,-44.7644367665478,43.0614560589851));
#5290=CARTESIAN_POINT('',(-9.5,-38.1692401621861,50.6337062562534));
#5291=CARTESIAN_POINT('',(-9.5,-24.2842266057436,36.7486926998108));
#5292=CARTESIAN_POINT('',(-9.5,-47.9359407401063,43.197642835149));
#5293=CARTESIAN_POINT('',(-9.5,-38.1692401621861,50.6337062562534));
#5294=CARTESIAN_POINT('',(-9.5,-42.8973678199437,55.3618339140111));
#5295=CARTESIAN_POINT('',(-9.5,-47.9359407401063,43.197642835149));
#5296=CARTESIAN_POINT('',(-9.5,-43.8540764008565,56.3185424949239));
#5297=CARTESIAN_POINT('',(-9.5,-24.2842266057436,36.7486926998108));
#5298=CARTESIAN_POINT('',(-9.5,-45.207066651222,56.3185424949238));
#5299=CARTESIAN_POINT('',(-9.5,-46.4418875787556,56.3185424949239));
#5300=CARTESIAN_POINT('',(-9.5,-50.1304653251745,44.4324066432981));
#5301=CARTESIAN_POINT('',(-9.5,-50.1304653251745,44.4324066432981));
#5302=CARTESIAN_POINT('',(-9.5,-50.1304653251745,56.3185424949238));
#5303=CARTESIAN_POINT('',(-9.5,-50.1304653251745,44.4324066432981));
#5304=CARTESIAN_POINT('',(-9.5,-52.7431219700851,56.3185424949238));
#5305=CARTESIAN_POINT('',(-9.5,-63.2698682863306,56.3185424949239));
#5306=CARTESIAN_POINT('',(-9.5,-58.7242153251745,42.5378507497458));
#5307=CARTESIAN_POINT('',(-9.5,-52.7431219700851,56.3185424949238));
#5308=CARTESIAN_POINT('',(-9.5,-64.7053086802638,56.3185424949238));
#5309=CARTESIAN_POINT('',(-9.5,-58.7242153251745,42.5378507497458));
#5310=CARTESIAN_POINT('',(-9.5,-53.2138311254548,56.3185424949239));
#5311=CARTESIAN_POINT('',(-9.5,-43.8540764008565,56.3185424949238));
#5312=CARTESIAN_POINT('',(-9.5,-53.2138311254548,58.8185424949239));
#5313=CARTESIAN_POINT('',(-9.5,-53.2138311254548,44.1139068711929));
#5314=CARTESIAN_POINT('',(-9.5,-102.235176694693,58.8185424949239));
#5315=CARTESIAN_POINT('',(-9.5,-42.8185424949238,58.8185424949238));
#5316=CARTESIAN_POINT('',(-9.5,-102.235176694693,56.3185424949239));
#5317=CARTESIAN_POINT('',(-9.5,-102.235176694693,44.1139068711929));
#5318=CARTESIAN_POINT('',(-9.5,-96.8056219700853,56.3185424949239));
#5319=CARTESIAN_POINT('',(-9.5,-43.8540764008565,56.3185424949238));
#5320=CARTESIAN_POINT('',(-9.5,-102.786715325175,42.5378507497458));
#5321=CARTESIAN_POINT('',(-9.5,-96.8056219700853,56.3185424949239));
#5322=CARTESIAN_POINT('',(-9.5,-108.767808680264,56.3185424949239));
#5323=CARTESIAN_POINT('',(-9.5,-102.786715325175,42.5378507497458));
#5324=CARTESIAN_POINT('',(-9.5,-110.130465325224,56.3185424949239));
#5325=CARTESIAN_POINT('',(-9.5,-63.2698682863306,56.3185424949239));
#5326=CARTESIAN_POINT('',(-9.5,-110.130465325174,53.1789240233192));
#5327=CARTESIAN_POINT('',(-9.5,-110.130465325224,44.1139068711929));
#5328=CARTESIAN_POINT('',(-9.5,-104.149371970085,39.3982322781409));
#5329=CARTESIAN_POINT('',(-9.5,-104.149371970085,39.3982322781409));
#5330=CARTESIAN_POINT('',(-9.5,-65.5397907321348,39.3982322781409));
#5331=CARTESIAN_POINT('',(-9.5,-16.3661165235168,24.5628156646177));
#5332=CARTESIAN_POINT('',(-9.5,-36.027281758685,24.5628156646177));
#5333=CARTESIAN_POINT('',(-9.5,-16.3661165235168,24.5628156646177));
#5334=CARTESIAN_POINT('',(-9.5,-26.1966991411009,14.7322330470336));
#5335=CARTESIAN_POINT('',(-9.5,-26.1966991411009,14.7322330470336));
#5336=CARTESIAN_POINT('',(-9.5,-26.1966991411009,14.7322330470336));
#5337=CARTESIAN_POINT('',(-9.5,-89.4618719700852,39.3982322781409));
#5338=CARTESIAN_POINT('',(-9.5,-95.4429653251746,53.178924023319));
#5339=CARTESIAN_POINT('',(-9.5,-89.4618719700852,39.3982322781409));
#5340=CARTESIAN_POINT('',(-9.5,-101.424058680264,39.3982322781409));
#5341=CARTESIAN_POINT('',(-9.5,-50.8626983722081,39.3982322781409));
#5342=CARTESIAN_POINT('',(-9.5,-95.4429653251746,53.178924023319));
#5343=CARTESIAN_POINT('',(-9.5,-74.774371970085,39.3982322781409));
#5344=CARTESIAN_POINT('',(-9.5,-80.7554653251744,53.178924023319));
#5345=CARTESIAN_POINT('',(-9.5,-74.774371970085,39.3982322781409));
#5346=CARTESIAN_POINT('',(-9.5,-86.7365586802639,39.3982322781409));
#5347=CARTESIAN_POINT('',(-9.5,-50.8626983722081,39.3982322781409));
#5348=CARTESIAN_POINT('',(-9.5,-80.7554653251744,53.178924023319));
#5349=CARTESIAN_POINT('',(-9.5,-2.63388347648316,15.0983495705504));
#5350=CARTESIAN_POINT('',(-9.5,-12.4644660940672,24.9289321881345));
#5351=CARTESIAN_POINT('',(-9.5,11.4644660940673,1.));
#5352=CARTESIAN_POINT('',(-9.5,-22.2950487116513,15.0983495705504));
#5353=CARTESIAN_POINT('',(-9.5,-2.63388347648316,15.0983495705504));
#5354=CARTESIAN_POINT('',(-9.5,-22.2950487116513,15.0983495705504));
#5355=CARTESIAN_POINT('',(-9.5,-14.5983495705504,27.0628156646177));
#5356=CARTESIAN_POINT('',(-9.5,-24.4289321881345,36.8933982822018));
#5357=CARTESIAN_POINT('',(-9.5,11.4644660940673,1.));
#5358=CARTESIAN_POINT('',(-9.5,-34.2595148057186,27.0628156646177));
#5359=CARTESIAN_POINT('',(-9.5,-14.5983495705504,27.0628156646177));
#5360=CARTESIAN_POINT('',(-9.5,-34.2595148057186,27.0628156646177));
#5361=CARTESIAN_POINT('',(-9.5,-26.5628156646177,39.027281758685));
#5362=CARTESIAN_POINT('',(-9.5,-36.3933982822018,48.8578643762691));
#5363=CARTESIAN_POINT('',(-9.5,11.4644660940673,1.));
#5364=CARTESIAN_POINT('',(-9.5,-46.2239808997859,39.027281758685));
#5365=CARTESIAN_POINT('',(-9.5,-46.2239808997859,39.027281758685));
#5366=CARTESIAN_POINT('',(-9.5,-46.2239808997859,39.027281758685));
#5367=CARTESIAN_POINT('',(-9.5,-67.430621970085,56.3185424949238));
#5368=CARTESIAN_POINT('',(-9.5,-79.3928086802637,56.3185424949239));
#5369=CARTESIAN_POINT('',(-9.5,-43.8540764008565,56.3185424949238));
#5370=CARTESIAN_POINT('',(-9.5,-73.4117153251744,42.5378507497458));
#5371=CARTESIAN_POINT('',(-9.5,-67.430621970085,56.3185424949238));
#5372=CARTESIAN_POINT('',(-9.5,-73.4117153251744,42.5378507497458));
#5373=CARTESIAN_POINT('',(-9.5,-82.118121970085,56.3185424949239));
#5374=CARTESIAN_POINT('',(-9.5,-94.080308680264,56.3185424949239));
#5375=CARTESIAN_POINT('',(-9.5,-43.8540764008565,56.3185424949238));
#5376=CARTESIAN_POINT('',(-9.5,-88.0992153251745,42.5378507497457));
#5377=CARTESIAN_POINT('',(-9.5,-82.118121970085,56.3185424949239));
#5378=CARTESIAN_POINT('',(-9.5,-88.0992153251745,42.5378507497457));
#5379=CARTESIAN_POINT('Origin',(9.5,-48.8152326625872,29.4092712474619));
#5380=CARTESIAN_POINT('',(9.5,-104.149371970085,39.3982322781409));
#5381=CARTESIAN_POINT('',(9.5,-65.5397907321348,39.3982322781409));
#5382=CARTESIAN_POINT('',(9.5,-110.130465325174,53.1789240233192));
#5383=CARTESIAN_POINT('',(9.5,-104.149371970085,39.3982322781409));
#5384=CARTESIAN_POINT('',(9.5,-110.130465325224,56.3185424949239));
#5385=CARTESIAN_POINT('',(9.5,-110.130465325224,44.1139068711929));
#5386=CARTESIAN_POINT('',(9.5,-108.767808680264,56.3185424949239));
#5387=CARTESIAN_POINT('',(9.5,-63.2698682863306,56.3185424949239));
#5388=CARTESIAN_POINT('',(9.5,-102.786715325175,42.5378507497458));
#5389=CARTESIAN_POINT('',(9.5,-102.786715325175,42.5378507497458));
#5390=CARTESIAN_POINT('',(9.5,-96.8056219700853,56.3185424949239));
#5391=CARTESIAN_POINT('',(9.5,-96.8056219700853,56.3185424949239));
#5392=CARTESIAN_POINT('',(9.5,-102.235176694694,56.3185424949239));
#5393=CARTESIAN_POINT('',(9.5,-43.8540764008565,56.3185424949238));
#5394=CARTESIAN_POINT('',(9.5,-102.235176694694,58.8185424949239));
#5395=CARTESIAN_POINT('',(9.5,-102.235176694694,44.1139068711929));
#5396=CARTESIAN_POINT('',(9.49999999999998,-53.2138311254548,58.8185424949239));
#5397=CARTESIAN_POINT('',(9.5,-42.8185424949238,58.8185424949238));
#5398=CARTESIAN_POINT('',(9.49999999999998,-53.2138311254548,56.3185424949239));
#5399=CARTESIAN_POINT('',(9.5,-53.2138311254547,44.1139068711929));
#5400=CARTESIAN_POINT('',(9.5,-64.7053086802638,56.3185424949238));
#5401=CARTESIAN_POINT('',(9.5,-43.8540764008565,56.3185424949238));
#5402=CARTESIAN_POINT('',(9.5,-58.7242153251745,42.5378507497458));
#5403=CARTESIAN_POINT('',(9.5,-58.7242153251745,42.5378507497458));
#5404=CARTESIAN_POINT('',(9.5,-52.7431219700851,56.3185424949238));
#5405=CARTESIAN_POINT('',(9.5,-52.7431219700851,56.3185424949238));
#5406=CARTESIAN_POINT('',(9.5,-50.1304653251745,56.3185424949238));
#5407=CARTESIAN_POINT('',(9.5,-63.2698682863306,56.3185424949239));
#5408=CARTESIAN_POINT('',(9.5,-50.1304653251745,44.4324066432981));
#5409=CARTESIAN_POINT('',(9.5,-50.1304653251745,44.4324066432981));
#5410=CARTESIAN_POINT('',(9.5,-45.207066651222,56.3185424949238));
#5411=CARTESIAN_POINT('',(9.5,-50.1304653251745,44.4324066432981));
#5412=CARTESIAN_POINT('',(9.5,-43.8540764008565,56.3185424949239));
#5413=CARTESIAN_POINT('',(9.5,-46.4418875787556,56.3185424949239));
#5414=CARTESIAN_POINT('',(9.5,-42.8973678199437,55.3618339140111));
#5415=CARTESIAN_POINT('',(9.5,-24.2842266057436,36.7486926998108));
#5416=CARTESIAN_POINT('',(9.5,-47.9359407401063,43.197642835149));
#5417=CARTESIAN_POINT('',(9.5,-47.9359407401063,43.197642835149));
#5418=CARTESIAN_POINT('',(9.5,-38.1692401621861,50.6337062562534));
#5419=CARTESIAN_POINT('',(9.5,-38.1692401621861,50.6337062562534));
#5420=CARTESIAN_POINT('',(9.50000000000002,-37.6604935685179,50.1249596625851));
#5421=CARTESIAN_POINT('',(9.5,-24.2842266057436,36.7486926998108));
#5422=CARTESIAN_POINT('',(9.50000000000002,-35.8927266155515,51.8927266155515));
#5423=CARTESIAN_POINT('',(9.5,-44.7442169693328,43.0412362617701));
#5424=CARTESIAN_POINT('',(9.5,8.07161171170689,7.9283882882931));
#5425=CARTESIAN_POINT('',(9.5,15.,1.));
#5426=CARTESIAN_POINT('',(9.5,6.30384475874052,6.16062133532673));
#5427=CARTESIAN_POINT('',(9.5,-0.779878642074403,-0.923102065488226));
#5428=CARTESIAN_POINT('',(9.5,-0.499999999999989,12.9644660940673));
#5429=CARTESIAN_POINT('',(9.5,11.4644660940673,1.));
#5430=CARTESIAN_POINT('',(9.5,-12.4644660940673,0.999999999999996));
#5431=CARTESIAN_POINT('',(9.5,-12.4644660940673,1.));
#5432=CARTESIAN_POINT('',(9.5,-14.,1.));
#5433=CARTESIAN_POINT('',(9.5,-24.4076163312936,1.));
#5434=CARTESIAN_POINT('',(9.5,-13.2322330470336,1.76776695296642));
#5435=CARTESIAN_POINT('',(9.5,-16.1014903537813,-1.10149035378129));
#5436=CARTESIAN_POINT('',(9.5,-14.2322330470336,2.76776695296637));
#5437=CARTESIAN_POINT('',(9.5,-38.2484248495007,26.7839587554335));
#5438=CARTESIAN_POINT('',(9.5,-4.40165042944955,12.5983495705504));
#5439=CARTESIAN_POINT('',(9.5,-14.2322330470336,2.76776695296637));
#5440=CARTESIAN_POINT('',(9.5,-24.0628156646177,12.5983495705504));
#5441=CARTESIAN_POINT('',(9.5,-4.40165042944954,12.5983495705504));
#5442=CARTESIAN_POINT('',(9.5,-17.8347060163279,6.37023992226068));
#5443=CARTESIAN_POINT('',(9.5,-14.2322330470336,2.76776695296637));
#5444=CARTESIAN_POINT('',(9.5,-19.6024729692942,4.60247296929431));
#5445=CARTESIAN_POINT('',(9.5,-20.7039633230756,3.50098261551296));
#5446=CARTESIAN_POINT('',(9.5,-47.2440692221065,32.2440692221066));
#5447=CARTESIAN_POINT('',(9.5,-15.,0.));
#5448=CARTESIAN_POINT('',(9.5,-45.4763022691401,34.011836175073));
#5449=CARTESIAN_POINT('',(9.5,-48.3455595758879,31.1425788683253));
#5450=CARTESIAN_POINT('',(9.5,-38.1611652351682,26.6966991411009));
#5451=CARTESIAN_POINT('',(9.5,-38.1611652351682,26.6966991411009));
#5452=CARTESIAN_POINT('',(9.5,-28.330582617584,36.527281758685));
#5453=CARTESIAN_POINT('',(9.5,-38.1611652351682,26.6966991411009));
#5454=CARTESIAN_POINT('',(9.5,-47.9917478527522,36.527281758685));
#5455=CARTESIAN_POINT('',(9.5,-47.9917478527522,36.527281758685));
#5456=CARTESIAN_POINT('',(9.5,-50.0724963468527,38.6080302527855));
#5457=CARTESIAN_POINT('',(9.5,-38.2484248495007,26.7839587554335));
#5458=CARTESIAN_POINT('',(9.5,-51.8402632998191,36.8402632998192));
#5459=CARTESIAN_POINT('',(9.5,-52.9417536536005,35.7387729460378));
#5460=CARTESIAN_POINT('',(9.5,-15.,0.));
#5461=CARTESIAN_POINT('',(9.5,-52.6304653251745,39.3982322781409));
#5462=CARTESIAN_POINT('',(9.5,-50.9817324703641,39.3982322781409));
#5463=CARTESIAN_POINT('',(9.5,-52.6304653251745,50.2988712204622));
#5464=CARTESIAN_POINT('',(9.5,-52.6304653251745,39.3982322781409));
#5465=CARTESIAN_POINT('',(9.5,-57.3615586802638,39.3982322781409));
#5466=CARTESIAN_POINT('',(9.5,-50.0178086802638,56.3185424949238));
#5467=CARTESIAN_POINT('',(9.5,-60.0868719700851,39.3982322781409));
#5468=CARTESIAN_POINT('',(9.5,-65.5397907321348,39.3982322781409));
#5469=CARTESIAN_POINT('',(9.5,-66.0679653251744,53.1789240233189));
#5470=CARTESIAN_POINT('',(9.5,-60.0868719700851,39.3982322781409));
#5471=CARTESIAN_POINT('',(9.5,-72.0490586802638,39.3982322781409));
#5472=CARTESIAN_POINT('',(9.5,-66.0679653251744,53.1789240233189));
#5473=CARTESIAN_POINT('',(9.5,-50.8626983722081,39.3982322781409));
#5474=CARTESIAN_POINT('',(9.5,-51.8982322781409,36.8982322781409));
#5475=CARTESIAN_POINT('',(9.5,-16.3661165235168,24.5628156646177));
#5476=CARTESIAN_POINT('',(9.5,-36.027281758685,24.5628156646177));
#5477=CARTESIAN_POINT('',(9.5,-16.3661165235168,24.5628156646177));
#5478=CARTESIAN_POINT('',(9.5,-26.1966991411009,14.7322330470336));
#5479=CARTESIAN_POINT('',(9.5,-26.1966991411009,14.7322330470336));
#5480=CARTESIAN_POINT('',(9.5,-26.1966991411009,14.7322330470336));
#5481=CARTESIAN_POINT('',(9.5,-89.4618719700852,39.3982322781409));
#5482=CARTESIAN_POINT('',(9.5,-95.4429653251746,53.178924023319));
#5483=CARTESIAN_POINT('',(9.5,-89.4618719700852,39.3982322781409));
#5484=CARTESIAN_POINT('',(9.5,-101.424058680264,39.3982322781409));
#5485=CARTESIAN_POINT('',(9.5,-95.4429653251746,53.178924023319));
#5486=CARTESIAN_POINT('',(9.5,-50.8626983722081,39.3982322781409));
#5487=CARTESIAN_POINT('',(9.5,-74.774371970085,39.3982322781409));
#5488=CARTESIAN_POINT('',(9.5,-80.7554653251744,53.178924023319));
#5489=CARTESIAN_POINT('',(9.5,-74.774371970085,39.3982322781409));
#5490=CARTESIAN_POINT('',(9.5,-86.7365586802639,39.3982322781409));
#5491=CARTESIAN_POINT('',(9.5,-80.7554653251744,53.178924023319));
#5492=CARTESIAN_POINT('',(9.5,-50.8626983722081,39.3982322781409));
#5493=CARTESIAN_POINT('',(9.5,-2.63388347648316,15.0983495705504));
#5494=CARTESIAN_POINT('',(9.5,-12.4644660940672,24.9289321881345));
#5495=CARTESIAN_POINT('',(9.5,11.4644660940673,1.));
#5496=CARTESIAN_POINT('',(9.5,-22.2950487116513,15.0983495705504));
#5497=CARTESIAN_POINT('',(9.5,-22.2950487116513,15.0983495705504));
#5498=CARTESIAN_POINT('',(9.5,-2.63388347648316,15.0983495705504));
#5499=CARTESIAN_POINT('',(9.5,-14.5983495705504,27.0628156646177));
#5500=CARTESIAN_POINT('',(9.5,-24.4289321881345,36.8933982822018));
#5501=CARTESIAN_POINT('',(9.5,11.4644660940673,1.));
#5502=CARTESIAN_POINT('',(9.5,-34.2595148057186,27.0628156646177));
#5503=CARTESIAN_POINT('',(9.5,-34.2595148057186,27.0628156646177));
#5504=CARTESIAN_POINT('',(9.5,-14.5983495705504,27.0628156646177));
#5505=CARTESIAN_POINT('',(9.5,-26.5628156646177,39.027281758685));
#5506=CARTESIAN_POINT('',(9.5,-36.3933982822018,48.8578643762691));
#5507=CARTESIAN_POINT('',(9.5,11.4644660940673,1.));
#5508=CARTESIAN_POINT('',(9.5,-46.2239808997859,39.027281758685));
#5509=CARTESIAN_POINT('',(9.5,-46.2239808997859,39.027281758685));
#5510=CARTESIAN_POINT('',(9.5,-46.2239808997859,39.027281758685));
#5511=CARTESIAN_POINT('',(9.5,-67.430621970085,56.3185424949238));
#5512=CARTESIAN_POINT('',(9.5,-79.3928086802637,56.3185424949239));
#5513=CARTESIAN_POINT('',(9.5,-43.8540764008565,56.3185424949238));
#5514=CARTESIAN_POINT('',(9.5,-73.4117153251744,42.5378507497458));
#5515=CARTESIAN_POINT('',(9.5,-73.4117153251744,42.5378507497458));
#5516=CARTESIAN_POINT('',(9.5,-67.430621970085,56.3185424949238));
#5517=CARTESIAN_POINT('',(9.5,-82.118121970085,56.3185424949239));
#5518=CARTESIAN_POINT('',(9.5,-94.080308680264,56.3185424949239));
#5519=CARTESIAN_POINT('',(9.5,-43.8540764008565,56.3185424949238));
#5520=CARTESIAN_POINT('',(9.5,-88.0992153251745,42.5378507497457));
#5521=CARTESIAN_POINT('',(9.5,-88.0992153251745,42.5378507497457));
#5522=CARTESIAN_POINT('',(9.5,-82.118121970085,56.3185424949239));
#5523=CARTESIAN_POINT('Origin',(9.5,-45.3185424949239,58.8185424949239));
#5524=CARTESIAN_POINT('',(9.5,-45.3185424949239,58.8185424949239));
#5525=CARTESIAN_POINT('',(-9.5,-45.3185424949239,58.8185424949239));
#5526=CARTESIAN_POINT('',(12.,-45.3185424949239,58.8185424949239));
#5527=CARTESIAN_POINT('',(-9.5,-45.3185424949239,56.3185424949239));
#5528=CARTESIAN_POINT('',(-9.5,-45.3185424949239,44.1139068711929));
#5529=CARTESIAN_POINT('',(9.5,-45.3185424949239,56.3185424949239));
#5530=CARTESIAN_POINT('',(12.,-45.3185424949239,56.3185424949239));
#5531=CARTESIAN_POINT('',(9.5,-45.3185424949239,44.1139068711929));
#5532=CARTESIAN_POINT('Origin',(-9.5,-42.8185424949239,58.8185424949239));
#5533=CARTESIAN_POINT('',(9.03333213644832,-42.8185424949239,56.3185424949239));
#5534=CARTESIAN_POINT('',(9.5,-42.8185424949238,58.8185424949238));
#5535=CARTESIAN_POINT('',(9.18012210452597,-42.8185424949239,57.1049153070587));
#5536=CARTESIAN_POINT('',(-9.02501173826164,-42.8185424949239,56.3185424949239));
#5537=CARTESIAN_POINT('',(12.,-42.8185424949239,56.3185424949239));
#5538=CARTESIAN_POINT('',(-9.49149426723279,-42.8185424949239,58.8185424949239));
#5539=CARTESIAN_POINT('',(-7.03831559707071,-42.8185424949239,45.6713262659866));
#5540=CARTESIAN_POINT('',(12.,-42.8185424949239,58.8185424949239));
#5541=CARTESIAN_POINT('Origin',(-4.21884749357559E-14,-73.7768595948086,
58.8185424949239));
#5542=CARTESIAN_POINT('',(-4.21884749357559E-14,-73.7768595948086,58.8185424949239));
#5543=CARTESIAN_POINT('',(9.5,-45.3185424949239,58.8185424949239));
#5544=CARTESIAN_POINT('',(-4.21884749357559E-14,-73.7768595948086,56.3185424949239));
#5545=CARTESIAN_POINT('',(9.5,-45.3185424949239,56.3185424949239));
#5546=CARTESIAN_POINT('',(-4.21884749357559E-14,-73.7768595948086,58.8185424949239));
#5547=CARTESIAN_POINT('Origin',(-9.5,-45.3185424949239,58.8185424949239));
#5548=CARTESIAN_POINT('',(-9.5,-45.3185424949239,58.8185424949239));
#5549=CARTESIAN_POINT('',(-9.5,-45.3185424949239,56.3185424949239));
#5550=CARTESIAN_POINT('Origin',(-1.31780881010612,-77.7245039100739,58.8185424949239));
#5551=CARTESIAN_POINT('',(-1.31780881010612,-77.7245039100739,58.8185424949239));
#5552=CARTESIAN_POINT('',(9.5,-110.130465325224,58.8185424949239));
#5553=CARTESIAN_POINT('',(-1.31780881010612,-77.7245039100739,56.3185424949239));
#5554=CARTESIAN_POINT('',(9.5,-110.130465325224,56.3185424949239));
#5555=CARTESIAN_POINT('',(-1.31780881010612,-77.7245039100739,58.8185424949239));
#5556=CARTESIAN_POINT('Origin',(-9.5,-102.235176694693,58.8185424949239));
#5557=CARTESIAN_POINT('',(9.5,-45.3185424949239,58.8185424949239));
#5558=CARTESIAN_POINT('',(9.5,-45.3185424949239,56.3185424949239));
#5559=CARTESIAN_POINT('Origin',(-5.55111512312578E-15,-81.6721482253393,
58.8185424949239));
#5560=CARTESIAN_POINT('',(-9.5,-110.130465325224,58.8185424949239));
#5561=CARTESIAN_POINT('',(-4.44089209850063E-15,-81.6721482253393,58.8185424949239));
#5562=CARTESIAN_POINT('',(-9.5,-110.130465325224,58.8185424949239));
#5563=CARTESIAN_POINT('',(-9.5,-110.130465325224,44.1139068711929));
#5564=CARTESIAN_POINT('',(-4.44089209850063E-15,-81.6721482253393,56.3185424949239));
#5565=CARTESIAN_POINT('',(-9.5,-110.130465325224,56.3185424949239));
#5566=CARTESIAN_POINT('',(-4.44089209850063E-15,-81.6721482253393,58.8185424949239));
#5567=CARTESIAN_POINT('Origin',(9.5,-110.130465325224,58.8185424949239));
#5568=CARTESIAN_POINT('',(9.5,-110.130465325224,58.8185424949239));
#5569=CARTESIAN_POINT('',(9.5,-110.130465325224,58.8185424949239));
#5570=CARTESIAN_POINT('',(9.5,-110.130465325224,56.3185424949239));
#5571=CARTESIAN_POINT('',(9.5,-110.130465325224,44.1139068711929));
#5572=CARTESIAN_POINT('Origin',(1.31780881010607,-77.724503910074,58.8185424949239));
#5573=CARTESIAN_POINT('',(1.31780881010607,-77.724503910074,58.8185424949239));
#5574=CARTESIAN_POINT('',(-9.5,-45.3185424949239,58.8185424949239));
#5575=CARTESIAN_POINT('',(1.31780881010607,-77.724503910074,56.3185424949239));
#5576=CARTESIAN_POINT('',(-9.5,-45.3185424949239,56.3185424949239));
#5577=CARTESIAN_POINT('',(1.31780881010607,-77.724503910074,58.8185424949239));
#5578=CARTESIAN_POINT('Origin',(9.49999999999998,-53.2138311254548,58.8185424949239));
#5579=CARTESIAN_POINT('',(-9.5,-110.130465325224,58.8185424949239));
#5580=CARTESIAN_POINT('',(-9.5,-110.130465325224,56.3185424949239));
#5581=CARTESIAN_POINT('Origin',(9.5,-42.8185424949238,58.8185424949238));
#5582=CARTESIAN_POINT('',(9.22663229465511,-43.8540764008566,56.3185424949239));
#5583=CARTESIAN_POINT('',(9.00184515992119,-42.6498626961506,56.3185424949239));
#5584=CARTESIAN_POINT('',(0.00236689995626982,-17.3785190814849,33.3785190814849));
#5585=CARTESIAN_POINT('',(9.5,-42.8185424949238,58.8185424949238));
#5586=CARTESIAN_POINT('',(0.00236689995626982,-19.1462860344513,31.6107521285185));
#5587=CARTESIAN_POINT('',(0.00236689995626982,-17.3785190814849,33.3785190814849));
#5588=CARTESIAN_POINT('',(9.5,-44.5863094478902,57.0507755419574));
#5589=CARTESIAN_POINT('Origin',(0.00236689995626871,-17.3785190814849,33.3785190814849));
#5590=CARTESIAN_POINT('',(-9.5,-42.8641269071954,58.8185424949238));
#5591=CARTESIAN_POINT('',(-6.99119625916359,-29.4188016001056,58.8185424949239));
#5592=CARTESIAN_POINT('',(-9.5,-42.8413347010596,58.8413347010596));
#5593=CARTESIAN_POINT('',(-9.5,-42.8413347010596,58.8413347010596));
#5594=CARTESIAN_POINT('',(-9.5,-42.8413347010596,58.8413347010596));
#5595=CARTESIAN_POINT('Origin',(0.00760857032330198,-31.134946783063,16.1349467830631));
#5596=CARTESIAN_POINT('',(-9.20537217450561,-15.,1.));
#5597=CARTESIAN_POINT('',(-9.5,-15.,0.));
#5598=CARTESIAN_POINT('',(-7.03308969906607,-15.,8.37297121137277));
#5599=CARTESIAN_POINT('',(-8.31597560745428,-18.0187120498849,1.));
#5600=CARTESIAN_POINT('',(0.00760857032330087,-29.3671798300967,17.9027137360294));
#5601=CARTESIAN_POINT('',(-9.5,-13.2322330470336,1.76776695296637));
#5602=CARTESIAN_POINT('',(0.00760857032330087,-31.134946783063,16.1349467830631));
#5603=CARTESIAN_POINT('',(0.00760857032330087,-31.134946783063,16.1349467830631));
#5604=CARTESIAN_POINT('',(-9.5,-15.,-2.22044604925031E-15));
#5605=CARTESIAN_POINT('Origin',(1.36253913656505,-33.4343402024866,18.4343402024866));
#5606=CARTESIAN_POINT('',(1.36253913656505,-33.4343402024866,18.4343402024866));
#5607=CARTESIAN_POINT('',(9.5,-19.6024729692942,4.60247296929431));
#5608=CARTESIAN_POINT('',(1.36253913656505,-31.6665732495202,20.202107155453));
#5609=CARTESIAN_POINT('',(9.5,-17.8347060163279,6.37023992226068));
#5610=CARTESIAN_POINT('',(1.36253913656505,-33.4343402024866,18.4343402024866));
#5611=CARTESIAN_POINT('Origin',(9.5,-47.2440692221065,32.2440692221066));
#5612=CARTESIAN_POINT('',(-9.5,-15.,-2.22044604925031E-15));
#5613=CARTESIAN_POINT('',(-9.5,-13.2322330470336,1.76776695296637));
#5614=CARTESIAN_POINT('Origin',(0.00945702487867628,-35.7342777921776,20.7342777921776));
#5615=CARTESIAN_POINT('',(0.00945702487867739,-35.7342777921776,20.7342777921776));
#5616=CARTESIAN_POINT('',(9.5,-51.8402632998191,36.8402632998192));
#5617=CARTESIAN_POINT('',(0.00945702487867739,-33.9665108392112,22.502044745144));
#5618=CARTESIAN_POINT('',(9.5,-50.0724963468527,38.6080302527855));
#5619=CARTESIAN_POINT('',(0.00945702487867739,-35.7342777921776,20.7342777921776));
#5620=CARTESIAN_POINT('Origin',(-9.46589612346376,-51.8402632998191,36.8402632998191));
#5621=CARTESIAN_POINT('',(-9.46589612346376,-51.8402632998191,36.8402632998191));
#5622=CARTESIAN_POINT('',(9.5,-19.6024729692942,4.60247296929431));
#5623=CARTESIAN_POINT('',(-9.46589612346376,-50.0724963468528,38.6080302527855));
#5624=CARTESIAN_POINT('',(9.5,-17.8347060163279,6.37023992226068));
#5625=CARTESIAN_POINT('',(-9.46589612346376,-51.8402632998191,36.8402632998191));
#5626=CARTESIAN_POINT('Origin',(-9.5,-51.8402632998191,36.8402632998192));
#5627=CARTESIAN_POINT('',(12.,-51.8402632998191,36.8402632998192));
#5628=CARTESIAN_POINT('',(12.,-50.0724963468527,38.6080302527855));
#5629=CARTESIAN_POINT('Origin',(-1.34547354136308,-33.4348843727541,18.4348843727541));
#5630=CARTESIAN_POINT('',(-1.34547354136308,-33.434884372754,18.4348843727541));
#5631=CARTESIAN_POINT('',(9.5,-15.,4.77395900588817E-14));
#5632=CARTESIAN_POINT('',(-1.34547354136307,-31.6671174197877,20.2026513257205));
#5633=CARTESIAN_POINT('',(9.5,-13.2322330470336,1.76776695296642));
#5634=CARTESIAN_POINT('',(-1.34547354136308,-33.434884372754,18.4348843727541));
#5635=CARTESIAN_POINT('Origin',(-9.49999999999999,-19.5961940777126,4.59619407771256));
#5636=CARTESIAN_POINT('',(9.5,-51.8402632998191,36.8402632998192));
#5637=CARTESIAN_POINT('',(9.5,-50.0724963468527,38.6080302527855));
#5638=CARTESIAN_POINT('Origin',(9.5,-15.,4.77395900588817E-14));
#5639=CARTESIAN_POINT('',(9.5,-15.,0.));
#5640=CARTESIAN_POINT('',(9.20584373294491,-15.,1.));
#5641=CARTESIAN_POINT('',(8.64390139592784,-15.,2.91035310123729));
#5642=CARTESIAN_POINT('',(9.5,-15.,4.77395900588817E-14));
#5643=CARTESIAN_POINT('',(9.5,-13.2322330470336,1.76776695296642));
#5644=CARTESIAN_POINT('',(10.8814722594139,-9.30361099138101,1.));
#5645=CARTESIAN_POINT('Origin',(-9.5,-42.8413347010596,58.8413347010596));
#5646=CARTESIAN_POINT('',(-9.5,-42.8185424949238,58.8185424949238));
#5647=CARTESIAN_POINT('',(-9.5,-42.8185424949238,58.8185424949238));
#5648=CARTESIAN_POINT('',(-9.5,15.,1.));
#5649=CARTESIAN_POINT('Origin',(0.00236689995626871,-17.3785190814849,33.3785190814849));
#5650=CARTESIAN_POINT('',(-9.21823512837159,-43.8540764008566,56.3185424949239));
#5651=CARTESIAN_POINT('',(-6.54040877633249,-29.5029153941134,56.3185424949239));
#5652=CARTESIAN_POINT('',(-9.5,-44.609101654026,57.0735677480932));
#5653=CARTESIAN_POINT('',(-9.5,-42.8413347010596,58.8413347010596));
#5654=CARTESIAN_POINT('Origin',(1.2949324102444,-13.9149233677855,29.9149233677855));
#5655=CARTESIAN_POINT('',(1.29493241024439,-13.9149233677855,29.9149233677854));
#5656=CARTESIAN_POINT('',(-9.5,15.,1.));
#5657=CARTESIAN_POINT('',(1.29493241024439,-15.6826903207518,28.1471564148191));
#5658=CARTESIAN_POINT('',(-9.5,13.2322330470336,-0.767766952966378));
#5659=CARTESIAN_POINT('',(1.29493241024439,-13.9149233677855,29.9149233677854));
#5660=CARTESIAN_POINT('Origin',(9.5,8.0716117117069,7.9283882882931));
#5661=CARTESIAN_POINT('',(-9.5,-42.8413347010596,58.8413347010596));
#5662=CARTESIAN_POINT('',(-9.5,-44.609101654026,57.0735677480932));
#5663=CARTESIAN_POINT('Origin',(0.00188681109636102,-10.4514172531074,26.4514172531074));
#5664=CARTESIAN_POINT('',(8.84029408091889,11.4644660940672,1.));
#5665=CARTESIAN_POINT('',(9.5,15.,0.999999999999996));
#5666=CARTESIAN_POINT('',(5.53340081204245,-6.25802651551636,1.));
#5667=CARTESIAN_POINT('',(0.00188681109636102,-12.2191842060738,24.683650300141));
#5668=CARTESIAN_POINT('',(9.5,13.2322330470336,-0.767766952966382));
#5669=CARTESIAN_POINT('',(0.00188681109636102,-10.4514172531074,26.4514172531074));
#5670=CARTESIAN_POINT('',(0.00188681109636102,-10.4514172531074,26.4514172531074));
#5671=CARTESIAN_POINT('',(9.5,15.,0.999999999999996));
#5672=CARTESIAN_POINT('Origin',(-9.5,15.,1.));
#5673=CARTESIAN_POINT('',(-9.5,15.,0.999999999999996));
#5674=CARTESIAN_POINT('',(-8.84003197824151,11.4644660940672,1.));
#5675=CARTESIAN_POINT('',(-7.98719748289576,6.89572158670484,1.));
#5676=CARTESIAN_POINT('',(-9.5,15.,1.));
#5677=CARTESIAN_POINT('',(-9.5,13.2322330470336,-0.767766952966378));
#5678=CARTESIAN_POINT('Origin',(-1.29067869919176,-13.9150129668068,29.9150129668068));
#5679=CARTESIAN_POINT('',(-1.29067869919175,-13.9150129668069,29.9150129668068));
#5680=CARTESIAN_POINT('',(9.5,-42.8185424949238,58.8185424949238));
#5681=CARTESIAN_POINT('',(-1.29067869919175,-15.6827799197732,28.1472460138405));
#5682=CARTESIAN_POINT('',(9.5,-44.5863094478902,57.0507755419574));
#5683=CARTESIAN_POINT('',(-1.29067869919175,-13.9150129668069,29.9150129668068));
#5684=CARTESIAN_POINT('Origin',(-9.50000000000002,-35.9129464127665,51.9129464127665));
#5685=CARTESIAN_POINT('',(9.5,15.,0.999999999999996));
#5686=CARTESIAN_POINT('',(9.5,13.2322330470336,-0.767766952966382));
#5687=CARTESIAN_POINT('Origin',(0.,0.,1.));
#5688=CARTESIAN_POINT('',(12.,-15.,1.));
#5689=CARTESIAN_POINT('',(12.,-12.4644660940673,1.));
#5690=CARTESIAN_POINT('',(6.,-12.4644660940673,1.));
#5691=CARTESIAN_POINT('',(12.,11.4644660940673,1.));
#5692=CARTESIAN_POINT('',(12.,15.,1.));
#5693=CARTESIAN_POINT('',(6.,11.4644660940673,1.));
#5694=CARTESIAN_POINT('',(-12.,15.,1.));
#5695=CARTESIAN_POINT('',(-12.,11.4644660940673,1.));
#5696=CARTESIAN_POINT('',(-6.,11.4644660940673,1.));
#5697=CARTESIAN_POINT('',(-12.,-12.4644660940673,1.));
#5698=CARTESIAN_POINT('',(-12.,-15.,1.));
#5699=CARTESIAN_POINT('',(-6.,-12.4644660940673,1.));
#5700=CARTESIAN_POINT('',(-1.75,12.5,1.));
#5701=CARTESIAN_POINT('Origin',(0.,12.5,1.));
#5702=CARTESIAN_POINT('Origin',(-12.,-110.130465325174,53.1789240233192));
#5703=CARTESIAN_POINT('',(-12.,-110.130465325174,39.3982322781409));
#5704=CARTESIAN_POINT('',(-12.,-110.130465325174,53.1789240233192));
#5705=CARTESIAN_POINT('',(-12.,-110.130465325174,56.3185424949239));
#5706=CARTESIAN_POINT('',(-12.,-110.130465325174,53.1789240233192));
#5707=CARTESIAN_POINT('',(-12.,-110.130465325224,58.8185424949239));
#5708=CARTESIAN_POINT('',(12.,-110.130465325174,53.1789240233192));
#5709=CARTESIAN_POINT('',(12.,-110.130465325174,53.1789240233192));
#5710=CARTESIAN_POINT('',(12.,-110.130465325174,39.3982322781409));
#5711=CARTESIAN_POINT('',(12.,-110.130465325174,56.3185424949239));
#5712=CARTESIAN_POINT('',(12.,-110.130465325174,39.3982322781409));
#5713=CARTESIAN_POINT('',(-12.,-110.130465325224,36.8982322781239));
#5714=CARTESIAN_POINT('',(-12.,-110.130465325174,39.3982322781409));
#5715=CARTESIAN_POINT('Origin',(-12.,-104.149371970085,39.3982322781409));
#5716=CARTESIAN_POINT('',(-12.,-104.149371970085,39.3982322781409));
#5717=CARTESIAN_POINT('',(-12.,-104.149371970085,39.3982322781409));
#5718=CARTESIAN_POINT('',(-12.,-104.149371970085,39.3982322781409));
#5719=CARTESIAN_POINT('Origin',(-12.,-58.7242153251745,42.5378507497458));
#5720=CARTESIAN_POINT('',(-12.,-52.7431219700851,56.3185424949238));
#5721=CARTESIAN_POINT('',(-12.,-58.7242153251745,42.5378507497458));
#5722=CARTESIAN_POINT('',(-12.,-52.7431219700851,56.3185424949238));
#5723=CARTESIAN_POINT('',(-12.,-58.7242153251745,42.5378507497458));
#5724=CARTESIAN_POINT('',(-12.,-52.7431219700851,56.3185424949238));
#5725=CARTESIAN_POINT('Origin',(-12.,-64.7053086802638,56.3185424949238));
#5726=CARTESIAN_POINT('',(-12.,-64.7053086802638,56.3185424949238));
#5727=CARTESIAN_POINT('',(-12.,-58.7242153251745,42.5378507497458));
#5728=CARTESIAN_POINT('',(-12.,-64.7053086802638,56.3185424949238));
#5729=CARTESIAN_POINT('Origin',(-12.,-26.1966991411009,14.7322330470336));
#5730=CARTESIAN_POINT('',(-12.,-16.3661165235168,24.5628156646177));
#5731=CARTESIAN_POINT('',(-12.,-26.1966991411009,14.7322330470336));
#5732=CARTESIAN_POINT('',(-12.,-26.1966991411009,14.7322330470336));
#5733=CARTESIAN_POINT('',(-12.,-26.1966991411009,14.7322330470336));
#5734=CARTESIAN_POINT('',(-12.,-16.3661165235168,24.5628156646177));
#5735=CARTESIAN_POINT('Origin',(-12.,-36.027281758685,24.5628156646177));
#5736=CARTESIAN_POINT('',(-12.,-36.027281758685,24.5628156646177));
#5737=CARTESIAN_POINT('',(-12.,-26.1966991411009,14.7322330470336));
#5738=CARTESIAN_POINT('',(-12.,-36.027281758685,24.5628156646177));
#5739=CARTESIAN_POINT('Origin',(-12.,-16.3661165235168,24.5628156646177));
#5740=CARTESIAN_POINT('',(-12.,-16.3661165235168,24.5628156646177));
#5741=CARTESIAN_POINT('Origin',(-12.,-101.424058680264,39.3982322781409));
#5742=CARTESIAN_POINT('',(-12.,-89.4618719700852,39.3982322781409));
#5743=CARTESIAN_POINT('',(-12.,-101.424058680264,39.3982322781409));
#5744=CARTESIAN_POINT('',(-12.,-50.8626983722081,39.3982322781409));
#5745=CARTESIAN_POINT('',(-12.,-101.424058680264,39.3982322781409));
#5746=CARTESIAN_POINT('',(-12.,-89.4618719700852,39.3982322781409));
#5747=CARTESIAN_POINT('Origin',(-12.,-95.4429653251746,53.178924023319));
#5748=CARTESIAN_POINT('',(-12.,-95.4429653251746,53.178924023319));
#5749=CARTESIAN_POINT('',(-12.,-95.4429653251746,53.178924023319));
#5750=CARTESIAN_POINT('',(-12.,-95.4429653251746,53.178924023319));
#5751=CARTESIAN_POINT('Origin',(-12.,-89.4618719700852,39.3982322781409));
#5752=CARTESIAN_POINT('',(-12.,-89.4618719700852,39.3982322781409));
#5753=CARTESIAN_POINT('Origin',(-12.,-86.7365586802639,39.3982322781409));
#5754=CARTESIAN_POINT('',(-12.,-74.774371970085,39.3982322781409));
#5755=CARTESIAN_POINT('',(-12.,-86.7365586802639,39.3982322781409));
#5756=CARTESIAN_POINT('',(-12.,-50.8626983722081,39.3982322781409));
#5757=CARTESIAN_POINT('',(-12.,-86.7365586802639,39.3982322781409));
#5758=CARTESIAN_POINT('',(-12.,-74.774371970085,39.3982322781409));
#5759=CARTESIAN_POINT('Origin',(-12.,-80.7554653251744,53.178924023319));
#5760=CARTESIAN_POINT('',(-12.,-80.7554653251744,53.178924023319));
#5761=CARTESIAN_POINT('',(-12.,-80.7554653251744,53.178924023319));
#5762=CARTESIAN_POINT('',(-12.,-80.7554653251744,53.178924023319));
#5763=CARTESIAN_POINT('Origin',(-12.,-74.774371970085,39.3982322781409));
#5764=CARTESIAN_POINT('',(-12.,-74.774371970085,39.3982322781409));
#5765=CARTESIAN_POINT('Origin',(-12.,-50.1304653251745,44.4324066432981));
#5766=CARTESIAN_POINT('',(-12.,-45.207066651222,56.3185424949238));
#5767=CARTESIAN_POINT('',(-12.,-50.1304653251745,44.4324066432981));
#5768=CARTESIAN_POINT('',(-12.,-50.1304653251745,44.4324066432981));
#5769=CARTESIAN_POINT('',(-12.,-50.1304653251745,44.4324066432981));
#5770=CARTESIAN_POINT('',(-12.,-45.207066651222,56.3185424949238));
#5771=CARTESIAN_POINT('Origin',(-12.,-50.1304653251745,56.3185424949238));
#5772=CARTESIAN_POINT('',(-12.,-50.1304653251745,56.3185424949238));
#5773=CARTESIAN_POINT('',(-12.,-50.1304653251745,44.4324066432981));
#5774=CARTESIAN_POINT('',(-12.,-50.1304653251745,56.3185424949238));
#5775=CARTESIAN_POINT('Origin',(-12.,-22.2950487116513,15.0983495705504));
#5776=CARTESIAN_POINT('',(-12.,-2.63388347648316,15.0983495705504));
#5777=CARTESIAN_POINT('',(-12.,-22.2950487116513,15.0983495705504));
#5778=CARTESIAN_POINT('',(-12.,-2.63388347648316,15.0983495705504));
#5779=CARTESIAN_POINT('',(-12.,-22.2950487116513,15.0983495705504));
#5780=CARTESIAN_POINT('',(-12.,-2.63388347648316,15.0983495705504));
#5781=CARTESIAN_POINT('Origin',(-12.,-12.4644660940672,24.9289321881345));
#5782=CARTESIAN_POINT('',(-12.,-12.4644660940672,24.9289321881345));
#5783=CARTESIAN_POINT('',(-12.,-22.2950487116513,15.0983495705504));
#5784=CARTESIAN_POINT('',(-12.,-12.4644660940672,24.9289321881345));
#5785=CARTESIAN_POINT('Origin',(-12.,-2.63388347648317,15.0983495705504));
#5786=CARTESIAN_POINT('',(-12.,11.4644660940673,1.));
#5787=CARTESIAN_POINT('Origin',(-12.,-34.2595148057186,27.0628156646177));
#5788=CARTESIAN_POINT('',(-12.,-14.5983495705504,27.0628156646177));
#5789=CARTESIAN_POINT('',(-12.,-34.2595148057186,27.0628156646177));
#5790=CARTESIAN_POINT('',(-12.,-14.5983495705504,27.0628156646177));
#5791=CARTESIAN_POINT('',(-12.,-34.2595148057186,27.0628156646177));
#5792=CARTESIAN_POINT('',(-12.,-14.5983495705504,27.0628156646177));
#5793=CARTESIAN_POINT('Origin',(-12.,-24.4289321881345,36.8933982822018));
#5794=CARTESIAN_POINT('',(-12.,-24.4289321881345,36.8933982822018));
#5795=CARTESIAN_POINT('',(-12.,-34.2595148057186,27.0628156646177));
#5796=CARTESIAN_POINT('',(-12.,-24.4289321881345,36.8933982822018));
#5797=CARTESIAN_POINT('Origin',(-12.,-14.5983495705504,27.0628156646177));
#5798=CARTESIAN_POINT('',(-12.,11.4644660940673,1.));
#5799=CARTESIAN_POINT('Origin',(-12.,-46.2239808997859,39.027281758685));
#5800=CARTESIAN_POINT('',(-12.,-26.5628156646177,39.027281758685));
#5801=CARTESIAN_POINT('',(-12.,-46.2239808997859,39.027281758685));
#5802=CARTESIAN_POINT('',(-12.,-46.2239808997859,39.027281758685));
#5803=CARTESIAN_POINT('',(-12.,-46.2239808997859,39.027281758685));
#5804=CARTESIAN_POINT('',(-12.,-26.5628156646177,39.027281758685));
#5805=CARTESIAN_POINT('Origin',(-12.,-36.3933982822018,48.8578643762691));
#5806=CARTESIAN_POINT('',(-12.,-36.3933982822018,48.8578643762691));
#5807=CARTESIAN_POINT('',(-12.,-46.2239808997859,39.027281758685));
#5808=CARTESIAN_POINT('',(-12.,-36.3933982822018,48.8578643762691));
#5809=CARTESIAN_POINT('Origin',(-12.,-26.5628156646177,39.027281758685));
#5810=CARTESIAN_POINT('',(-12.,11.4644660940673,1.));
#5811=CARTESIAN_POINT('Origin',(-12.,-47.9359407401063,43.197642835149));
#5812=CARTESIAN_POINT('',(-12.,-38.1692401621861,50.6337062562534));
#5813=CARTESIAN_POINT('',(-12.,-47.9359407401063,43.197642835149));
#5814=CARTESIAN_POINT('',(-12.,-38.1692401621861,50.6337062562534));
#5815=CARTESIAN_POINT('',(-12.,-47.9359407401063,43.197642835149));
#5816=CARTESIAN_POINT('',(-12.,-38.1692401621861,50.6337062562534));
#5817=CARTESIAN_POINT('Origin',(-12.,-42.8973678199437,55.3618339140111));
#5818=CARTESIAN_POINT('',(-12.,-42.8973678199437,55.3618339140111));
#5819=CARTESIAN_POINT('',(-12.,-47.9359407401063,43.197642835149));
#5820=CARTESIAN_POINT('',(-12.,-42.8973678199437,55.3618339140111));
#5821=CARTESIAN_POINT('Origin',(-12.,-38.1692401621861,50.6337062562534));
#5822=CARTESIAN_POINT('',(-6.,-43.8540764008565,56.3185424949239));
#5823=CARTESIAN_POINT('',(-6.,-43.8540764008565,56.3185424949239));
#5824=CARTESIAN_POINT('',(-12.,11.4644660940673,1.));
#5825=CARTESIAN_POINT('',(-12.,-0.499999999999983,12.9644660940673));
#5826=CARTESIAN_POINT('',(-12.,-0.499999999999983,12.9644660940673));
#5827=CARTESIAN_POINT('',(-12.,11.4644660940673,1.));
#5828=CARTESIAN_POINT('',(12.,-0.499999999999983,12.9644660940673));
#5829=CARTESIAN_POINT('',(12.,11.4644660940673,1.));
#5830=CARTESIAN_POINT('',(12.,-0.499999999999983,12.9644660940673));
#5831=CARTESIAN_POINT('',(12.,-38.1692401621861,50.6337062562534));
#5832=CARTESIAN_POINT('',(12.,-38.1692401621861,50.6337062562534));
#5833=CARTESIAN_POINT('',(12.,-42.8973678199437,55.3618339140111));
#5834=CARTESIAN_POINT('',(12.,11.4644660940673,1.));
#5835=CARTESIAN_POINT('',(12.,-42.8973678199437,55.3618339140111));
#5836=CARTESIAN_POINT('Origin',(-12.,-66.0679653251744,53.1789240233189));
#5837=CARTESIAN_POINT('',(-12.,-72.0490586802638,39.3982322781409));
#5838=CARTESIAN_POINT('',(-12.,-66.0679653251744,53.1789240233189));
#5839=CARTESIAN_POINT('',(-12.,-66.0679653251744,53.1789240233189));
#5840=CARTESIAN_POINT('',(-12.,-66.0679653251744,53.1789240233189));
#5841=CARTESIAN_POINT('',(-12.,-72.0490586802638,39.3982322781409));
#5842=CARTESIAN_POINT('Origin',(-12.,-60.0868719700851,39.3982322781409));
#5843=CARTESIAN_POINT('',(-12.,-60.0868719700851,39.3982322781409));
#5844=CARTESIAN_POINT('',(-12.,-60.0868719700851,39.3982322781409));
#5845=CARTESIAN_POINT('',(-12.,-60.0868719700851,39.3982322781409));
#5846=CARTESIAN_POINT('Origin',(-12.,-14.2322330470336,2.76776695296637));
#5847=CARTESIAN_POINT('',(-12.,-4.40165042944954,12.5983495705504));
#5848=CARTESIAN_POINT('',(-12.,-14.2322330470336,2.76776695296637));
#5849=CARTESIAN_POINT('',(-12.,-14.2322330470336,2.76776695296637));
#5850=CARTESIAN_POINT('',(-12.,-14.2322330470336,2.76776695296637));
#5851=CARTESIAN_POINT('',(-12.,-4.40165042944954,12.5983495705504));
#5852=CARTESIAN_POINT('Origin',(-12.,-4.40165042944954,12.5983495705504));
#5853=CARTESIAN_POINT('',(-12.,-24.0628156646177,12.5983495705504));
#5854=CARTESIAN_POINT('',(-12.,-4.40165042944954,12.5983495705504));
#5855=CARTESIAN_POINT('',(-12.,-24.0628156646177,12.5983495705504));
#5856=CARTESIAN_POINT('Origin',(-12.,-73.4117153251744,42.5378507497458));
#5857=CARTESIAN_POINT('',(-12.,-67.430621970085,56.3185424949238));
#5858=CARTESIAN_POINT('',(-12.,-73.4117153251744,42.5378507497458));
#5859=CARTESIAN_POINT('',(-12.,-67.430621970085,56.3185424949238));
#5860=CARTESIAN_POINT('',(-12.,-73.4117153251744,42.5378507497458));
#5861=CARTESIAN_POINT('',(-12.,-67.430621970085,56.3185424949238));
#5862=CARTESIAN_POINT('Origin',(-12.,-79.3928086802637,56.3185424949239));
#5863=CARTESIAN_POINT('',(-12.,-79.3928086802637,56.3185424949239));
#5864=CARTESIAN_POINT('',(-12.,-73.4117153251744,42.5378507497458));
#5865=CARTESIAN_POINT('',(-12.,-79.3928086802637,56.3185424949239));
#5866=CARTESIAN_POINT('Origin',(-12.,-67.430621970085,56.3185424949238));
#5867=CARTESIAN_POINT('',(-12.,-43.8540764008565,56.3185424949238));
#5868=CARTESIAN_POINT('Origin',(-12.,-52.6304653251745,50.2988712204622));
#5869=CARTESIAN_POINT('',(-12.,-57.3615586802638,39.3982322781409));
#5870=CARTESIAN_POINT('',(-12.,-52.6304653251745,50.2988712204622));
#5871=CARTESIAN_POINT('',(-12.,-50.0178086802638,56.3185424949238));
#5872=CARTESIAN_POINT('',(-12.,-52.6304653251745,50.2988712204622));
#5873=CARTESIAN_POINT('',(-12.,-57.3615586802638,39.3982322781409));
#5874=CARTESIAN_POINT('Origin',(-12.,-52.6304653251745,39.3982322781409));
#5875=CARTESIAN_POINT('',(-12.,-52.6304653251745,39.3982322781409));
#5876=CARTESIAN_POINT('',(-12.,-52.6304653251745,39.3982322781409));
#5877=CARTESIAN_POINT('',(-12.,-52.6304653251745,39.3982322781409));
#5878=CARTESIAN_POINT('Origin',(-12.,-88.0992153251745,42.5378507497457));
#5879=CARTESIAN_POINT('',(-12.,-82.118121970085,56.3185424949239));
#5880=CARTESIAN_POINT('',(-12.,-88.0992153251745,42.5378507497457));
#5881=CARTESIAN_POINT('',(-12.,-82.118121970085,56.3185424949239));
#5882=CARTESIAN_POINT('',(-12.,-88.0992153251745,42.5378507497457));
#5883=CARTESIAN_POINT('',(-12.,-82.118121970085,56.3185424949239));
#5884=CARTESIAN_POINT('Origin',(-12.,-94.080308680264,56.3185424949239));
#5885=CARTESIAN_POINT('',(-12.,-94.080308680264,56.3185424949239));
#5886=CARTESIAN_POINT('',(-12.,-88.0992153251745,42.5378507497457));
#5887=CARTESIAN_POINT('',(-12.,-94.080308680264,56.3185424949239));
#5888=CARTESIAN_POINT('Origin',(-12.,-82.118121970085,56.3185424949239));
#5889=CARTESIAN_POINT('',(-12.,-43.8540764008565,56.3185424949238));
#5890=CARTESIAN_POINT('Origin',(-12.,-28.330582617584,36.527281758685));
#5891=CARTESIAN_POINT('',(-12.,-47.9917478527522,36.527281758685));
#5892=CARTESIAN_POINT('',(-12.,-28.330582617584,36.527281758685));
#5893=CARTESIAN_POINT('',(-12.,-47.9917478527522,36.527281758685));
#5894=CARTESIAN_POINT('',(-12.,-28.330582617584,36.527281758685));
#5895=CARTESIAN_POINT('',(-12.,-47.9917478527522,36.527281758685));
#5896=CARTESIAN_POINT('Origin',(-12.,-38.1611652351682,26.6966991411009));
#5897=CARTESIAN_POINT('',(-12.,-38.1611652351682,26.6966991411009));
#5898=CARTESIAN_POINT('',(-12.,-38.1611652351682,26.6966991411009));
#5899=CARTESIAN_POINT('',(-12.,-38.1611652351682,26.6966991411009));
#5900=CARTESIAN_POINT('Origin',(-12.,-102.786715325175,42.5378507497458));
#5901=CARTESIAN_POINT('',(-12.,-96.8056219700853,56.3185424949239));
#5902=CARTESIAN_POINT('',(-12.,-102.786715325175,42.5378507497458));
#5903=CARTESIAN_POINT('',(-12.,-96.8056219700853,56.3185424949239));
#5904=CARTESIAN_POINT('',(-12.,-102.786715325175,42.5378507497458));
#5905=CARTESIAN_POINT('',(-12.,-96.8056219700853,56.3185424949239));
#5906=CARTESIAN_POINT('Origin',(-12.,-108.767808680264,56.3185424949239));
#5907=CARTESIAN_POINT('',(-12.,-108.767808680264,56.3185424949239));
#5908=CARTESIAN_POINT('',(-12.,-102.786715325175,42.5378507497458));
#5909=CARTESIAN_POINT('',(-12.,-108.767808680264,56.3185424949239));
#5910=CARTESIAN_POINT('Origin',(-12.,-0.499999999999983,12.9644660940673));
#5911=CARTESIAN_POINT('',(-12.,-12.4644660940673,1.));
#5912=CARTESIAN_POINT('Origin',(-12.,-112.630465325174,58.8185424949239));
#5913=CARTESIAN_POINT('',(12.,-42.8185424949238,58.8185424949238));
#5914=CARTESIAN_POINT('',(12.,-42.8185424949238,58.8185424949238));
#5915=CARTESIAN_POINT('',(12.,-42.8185424949238,58.8185424949238));
#5916=CARTESIAN_POINT('',(-12.,-42.8185424949238,58.8185424949238));
#5917=CARTESIAN_POINT('',(-12.,-42.8185424949238,58.8185424949238));
#5918=CARTESIAN_POINT('',(-12.,-42.8185424949238,58.8185424949238));
#5919=CARTESIAN_POINT('Origin',(-12.,-51.8982322781409,36.8982322781409));
#5920=CARTESIAN_POINT('',(12.,-51.8982322781409,36.8982322781409));
#5921=CARTESIAN_POINT('',(12.,-51.8982322781409,36.8982322781409));
#5922=CARTESIAN_POINT('',(12.,-51.8982322781409,36.8982322781409));
#5923=CARTESIAN_POINT('',(-12.,-51.8982322781409,36.8982322781409));
#5924=CARTESIAN_POINT('',(-12.,-51.8982322781409,36.8982322781409));
#5925=CARTESIAN_POINT('',(-12.,-51.8982322781409,36.8982322781409));
#5926=CARTESIAN_POINT('Origin',(-12.,-15.,0.));
#5927=CARTESIAN_POINT('',(-12.,-15.,0.));
#5928=CARTESIAN_POINT('',(-12.,-15.,0.));
#5929=CARTESIAN_POINT('',(-6.,-15.,0.));
#5930=CARTESIAN_POINT('',(12.,-15.,0.));
#5931=CARTESIAN_POINT('',(-6.,-15.,0.));
#5932=CARTESIAN_POINT('',(12.,-15.,0.));
#5933=CARTESIAN_POINT('Origin',(12.,-15.,0.));
#5934=CARTESIAN_POINT('',(12.,15.,1.));
#5935=CARTESIAN_POINT('',(12.,15.,1.));
#5936=CARTESIAN_POINT('',(12.,15.,0.));
#5937=CARTESIAN_POINT('',(12.,-7.5,0.));
#5938=CARTESIAN_POINT('',(12.,15.,0.));
#5939=CARTESIAN_POINT('',(12.,-12.4644660940673,1.));
#5940=CARTESIAN_POINT('',(12.,-108.767808680264,56.3185424949239));
#5941=CARTESIAN_POINT('',(12.,-96.8056219700853,56.3185424949239));
#5942=CARTESIAN_POINT('',(12.,-43.8540764008565,56.3185424949238));
#5943=CARTESIAN_POINT('',(12.,-102.786715325175,42.5378507497458));
#5944=CARTESIAN_POINT('',(12.,-96.8056219700853,56.3185424949239));
#5945=CARTESIAN_POINT('',(12.,-102.786715325175,42.5378507497458));
#5946=CARTESIAN_POINT('',(12.,-28.330582617584,36.527281758685));
#5947=CARTESIAN_POINT('',(12.,-38.1611652351682,26.6966991411009));
#5948=CARTESIAN_POINT('',(12.,-38.1611652351682,26.6966991411009));
#5949=CARTESIAN_POINT('',(12.,-47.9917478527522,36.527281758685));
#5950=CARTESIAN_POINT('',(12.,-38.1611652351682,26.6966991411009));
#5951=CARTESIAN_POINT('',(12.,-47.9917478527522,36.527281758685));
#5952=CARTESIAN_POINT('',(12.,-94.080308680264,56.3185424949239));
#5953=CARTESIAN_POINT('',(12.,-82.118121970085,56.3185424949239));
#5954=CARTESIAN_POINT('',(12.,-43.8540764008565,56.3185424949238));
#5955=CARTESIAN_POINT('',(12.,-88.0992153251745,42.5378507497457));
#5956=CARTESIAN_POINT('',(12.,-82.118121970085,56.3185424949239));
#5957=CARTESIAN_POINT('',(12.,-88.0992153251745,42.5378507497457));
#5958=CARTESIAN_POINT('',(12.,-52.6304653251745,50.2988712204622));
#5959=CARTESIAN_POINT('',(12.,-52.6304653251745,39.3982322781409));
#5960=CARTESIAN_POINT('',(12.,-52.6304653251745,39.3982322781409));
#5961=CARTESIAN_POINT('',(12.,-57.3615586802638,39.3982322781409));
#5962=CARTESIAN_POINT('',(12.,-50.8626983722081,39.3982322781409));
#5963=CARTESIAN_POINT('',(12.,-50.0178086802638,56.3185424949238));
#5964=CARTESIAN_POINT('',(12.,-79.3928086802637,56.3185424949239));
#5965=CARTESIAN_POINT('',(12.,-67.430621970085,56.3185424949238));
#5966=CARTESIAN_POINT('',(12.,-43.8540764008565,56.3185424949238));
#5967=CARTESIAN_POINT('',(12.,-73.4117153251744,42.5378507497458));
#5968=CARTESIAN_POINT('',(12.,-67.430621970085,56.3185424949238));
#5969=CARTESIAN_POINT('',(12.,-73.4117153251744,42.5378507497458));
#5970=CARTESIAN_POINT('',(12.,-24.0628156646177,12.5983495705504));
#5971=CARTESIAN_POINT('',(12.,-4.40165042944954,12.5983495705504));
#5972=CARTESIAN_POINT('',(12.,-4.40165042944954,12.5983495705504));
#5973=CARTESIAN_POINT('',(12.,-14.2322330470336,2.76776695296637));
#5974=CARTESIAN_POINT('',(12.,-14.2322330470336,2.76776695296637));
#5975=CARTESIAN_POINT('',(12.,-14.2322330470336,2.76776695296637));
#5976=CARTESIAN_POINT('',(12.,-66.0679653251744,53.1789240233189));
#5977=CARTESIAN_POINT('',(12.,-60.0868719700851,39.3982322781409));
#5978=CARTESIAN_POINT('',(12.,-60.0868719700851,39.3982322781409));
#5979=CARTESIAN_POINT('',(12.,-72.0490586802638,39.3982322781409));
#5980=CARTESIAN_POINT('',(12.,-50.8626983722081,39.3982322781409));
#5981=CARTESIAN_POINT('',(12.,-66.0679653251744,53.1789240233189));
#5982=CARTESIAN_POINT('',(12.,-47.9359407401063,43.197642835149));
#5983=CARTESIAN_POINT('',(12.,-38.1692401621861,50.6337062562534));
#5984=CARTESIAN_POINT('',(12.,-47.9359407401063,43.197642835149));
#5985=CARTESIAN_POINT('',(12.,-36.3933982822018,48.8578643762691));
#5986=CARTESIAN_POINT('',(12.,-26.5628156646177,39.027281758685));
#5987=CARTESIAN_POINT('',(12.,11.4644660940673,1.));
#5988=CARTESIAN_POINT('',(12.,-46.2239808997859,39.027281758685));
#5989=CARTESIAN_POINT('',(12.,-46.2239808997859,39.027281758685));
#5990=CARTESIAN_POINT('',(12.,-46.2239808997859,39.027281758685));
#5991=CARTESIAN_POINT('',(12.,-24.4289321881345,36.8933982822018));
#5992=CARTESIAN_POINT('',(12.,-14.5983495705504,27.0628156646177));
#5993=CARTESIAN_POINT('',(12.,11.4644660940673,1.));
#5994=CARTESIAN_POINT('',(12.,-34.2595148057186,27.0628156646177));
#5995=CARTESIAN_POINT('',(12.,-14.5983495705504,27.0628156646177));
#5996=CARTESIAN_POINT('',(12.,-34.2595148057186,27.0628156646177));
#5997=CARTESIAN_POINT('',(12.,-12.4644660940672,24.9289321881345));
#5998=CARTESIAN_POINT('',(12.,-2.63388347648316,15.0983495705504));
#5999=CARTESIAN_POINT('',(12.,11.4644660940673,1.));
#6000=CARTESIAN_POINT('',(12.,-22.2950487116513,15.0983495705504));
#6001=CARTESIAN_POINT('',(12.,-2.63388347648316,15.0983495705504));
#6002=CARTESIAN_POINT('',(12.,-22.2950487116513,15.0983495705504));
#6003=CARTESIAN_POINT('',(12.,-50.1304653251745,56.3185424949238));
#6004=CARTESIAN_POINT('',(12.,-45.207066651222,56.3185424949238));
#6005=CARTESIAN_POINT('',(12.,-43.8540764008565,56.3185424949238));
#6006=CARTESIAN_POINT('',(12.,-50.1304653251745,44.4324066432981));
#6007=CARTESIAN_POINT('',(12.,-50.1304653251745,44.4324066432981));
#6008=CARTESIAN_POINT('',(12.,-50.1304653251745,44.4324066432981));
#6009=CARTESIAN_POINT('',(12.,-80.7554653251744,53.178924023319));
#6010=CARTESIAN_POINT('',(12.,-74.774371970085,39.3982322781409));
#6011=CARTESIAN_POINT('',(12.,-74.774371970085,39.3982322781409));
#6012=CARTESIAN_POINT('',(12.,-86.7365586802639,39.3982322781409));
#6013=CARTESIAN_POINT('',(12.,-50.8626983722081,39.3982322781409));
#6014=CARTESIAN_POINT('',(12.,-80.7554653251744,53.178924023319));
#6015=CARTESIAN_POINT('',(12.,-95.4429653251746,53.178924023319));
#6016=CARTESIAN_POINT('',(12.,-89.4618719700852,39.3982322781409));
#6017=CARTESIAN_POINT('',(12.,-89.4618719700852,39.3982322781409));
#6018=CARTESIAN_POINT('',(12.,-101.424058680264,39.3982322781409));
#6019=CARTESIAN_POINT('',(12.,-50.8626983722081,39.3982322781409));
#6020=CARTESIAN_POINT('',(12.,-95.4429653251746,53.178924023319));
#6021=CARTESIAN_POINT('',(12.,-36.027281758685,24.5628156646177));
#6022=CARTESIAN_POINT('',(12.,-16.3661165235168,24.5628156646177));
#6023=CARTESIAN_POINT('',(12.,-16.3661165235168,24.5628156646177));
#6024=CARTESIAN_POINT('',(12.,-26.1966991411009,14.7322330470336));
#6025=CARTESIAN_POINT('',(12.,-26.1966991411009,14.7322330470336));
#6026=CARTESIAN_POINT('',(12.,-26.1966991411009,14.7322330470336));
#6027=CARTESIAN_POINT('',(12.,-64.7053086802638,56.3185424949238));
#6028=CARTESIAN_POINT('',(12.,-52.7431219700851,56.3185424949238));
#6029=CARTESIAN_POINT('',(12.,-43.8540764008565,56.3185424949238));
#6030=CARTESIAN_POINT('',(12.,-58.7242153251745,42.5378507497458));
#6031=CARTESIAN_POINT('',(12.,-52.7431219700851,56.3185424949238));
#6032=CARTESIAN_POINT('',(12.,-58.7242153251745,42.5378507497458));
#6033=CARTESIAN_POINT('',(12.,-104.149371970085,39.3982322781409));
#6034=CARTESIAN_POINT('',(12.,-104.149371970085,39.3982322781409));
#6035=CARTESIAN_POINT('',(12.,-50.8626983722081,39.3982322781409));
#6036=CARTESIAN_POINT('Origin',(12.,-110.130465325174,39.3982322781409));
#6037=CARTESIAN_POINT('',(12.,-104.149371970085,39.3982322781409));
#6038=CARTESIAN_POINT('',(12.,-72.0490586802638,39.3982322781409));
#6039=CARTESIAN_POINT('',(12.,-60.0868719700851,39.3982322781409));
#6040=CARTESIAN_POINT('',(12.,-57.3615586802638,39.3982322781409));
#6041=CARTESIAN_POINT('',(12.,-52.6304653251745,39.3982322781409));
#6042=CARTESIAN_POINT('',(-12.,-50.8626983722081,39.3982322781409));
#6043=CARTESIAN_POINT('',(-12.,-50.8626983722081,39.3982322781409));
#6044=CARTESIAN_POINT('',(-12.,-50.8626983722081,39.3982322781409));
#6045=CARTESIAN_POINT('Origin',(12.,-104.149371970085,39.3982322781409));
#6046=CARTESIAN_POINT('Origin',(12.,-58.7242153251745,42.5378507497458));
#6047=CARTESIAN_POINT('',(12.,-52.7431219700851,56.3185424949238));
#6048=CARTESIAN_POINT('',(12.,-58.7242153251745,42.5378507497458));
#6049=CARTESIAN_POINT('Origin',(12.,-64.7053086802638,56.3185424949238));
#6050=CARTESIAN_POINT('',(12.,-64.7053086802638,56.3185424949238));
#6051=CARTESIAN_POINT('Origin',(12.,-26.1966991411009,14.7322330470336));
#6052=CARTESIAN_POINT('',(12.,-16.3661165235168,24.5628156646177));
#6053=CARTESIAN_POINT('',(12.,-26.1966991411009,14.7322330470336));
#6054=CARTESIAN_POINT('Origin',(12.,-36.027281758685,24.5628156646177));
#6055=CARTESIAN_POINT('',(12.,-36.027281758685,24.5628156646177));
#6056=CARTESIAN_POINT('Origin',(12.,-16.3661165235168,24.5628156646177));
#6057=CARTESIAN_POINT('Origin',(12.,-101.424058680264,39.3982322781409));
#6058=CARTESIAN_POINT('',(12.,-89.4618719700852,39.3982322781409));
#6059=CARTESIAN_POINT('',(12.,-101.424058680264,39.3982322781409));
#6060=CARTESIAN_POINT('Origin',(12.,-95.4429653251746,53.178924023319));
#6061=CARTESIAN_POINT('',(12.,-95.4429653251746,53.178924023319));
#6062=CARTESIAN_POINT('Origin',(12.,-89.4618719700852,39.3982322781409));
#6063=CARTESIAN_POINT('Origin',(12.,-86.7365586802639,39.3982322781409));
#6064=CARTESIAN_POINT('',(12.,-74.774371970085,39.3982322781409));
#6065=CARTESIAN_POINT('',(12.,-86.7365586802639,39.3982322781409));
#6066=CARTESIAN_POINT('Origin',(12.,-80.7554653251744,53.178924023319));
#6067=CARTESIAN_POINT('',(12.,-80.7554653251744,53.178924023319));
#6068=CARTESIAN_POINT('Origin',(12.,-74.774371970085,39.3982322781409));
#6069=CARTESIAN_POINT('Origin',(12.,-50.1304653251745,44.4324066432981));
#6070=CARTESIAN_POINT('',(12.,-45.207066651222,56.3185424949238));
#6071=CARTESIAN_POINT('',(12.,-50.1304653251745,44.4324066432981));
#6072=CARTESIAN_POINT('Origin',(12.,-50.1304653251745,56.3185424949238));
#6073=CARTESIAN_POINT('',(12.,-50.1304653251745,56.3185424949238));
#6074=CARTESIAN_POINT('Origin',(12.,-45.207066651222,56.3185424949238));
#6075=CARTESIAN_POINT('',(12.,-96.8056219700853,56.3185424949239));
#6076=CARTESIAN_POINT('',(12.,-108.767808680264,56.3185424949239));
#6077=CARTESIAN_POINT('',(-12.,-43.8540764008565,56.3185424949238));
#6078=CARTESIAN_POINT('',(-12.,-43.8540764008565,56.3185424949238));
#6079=CARTESIAN_POINT('',(-12.,-43.8540764008565,56.3185424949238));
#6080=CARTESIAN_POINT('Origin',(12.,-22.2950487116513,15.0983495705504));
#6081=CARTESIAN_POINT('',(12.,-2.63388347648316,15.0983495705504));
#6082=CARTESIAN_POINT('',(12.,-22.2950487116513,15.0983495705504));
#6083=CARTESIAN_POINT('Origin',(12.,-12.4644660940672,24.9289321881345));
#6084=CARTESIAN_POINT('',(12.,-12.4644660940672,24.9289321881345));
#6085=CARTESIAN_POINT('Origin',(12.,-2.63388347648317,15.0983495705504));
#6086=CARTESIAN_POINT('Origin',(12.,-34.2595148057186,27.0628156646177));
#6087=CARTESIAN_POINT('',(12.,-14.5983495705504,27.0628156646177));
#6088=CARTESIAN_POINT('',(12.,-34.2595148057186,27.0628156646177));
#6089=CARTESIAN_POINT('Origin',(12.,-24.4289321881345,36.8933982822018));
#6090=CARTESIAN_POINT('',(12.,-24.4289321881345,36.8933982822018));
#6091=CARTESIAN_POINT('Origin',(12.,-14.5983495705504,27.0628156646177));
#6092=CARTESIAN_POINT('Origin',(12.,-46.2239808997859,39.027281758685));
#6093=CARTESIAN_POINT('',(12.,-26.5628156646177,39.027281758685));
#6094=CARTESIAN_POINT('',(12.,-46.2239808997859,39.027281758685));
#6095=CARTESIAN_POINT('Origin',(12.,-36.3933982822018,48.8578643762691));
#6096=CARTESIAN_POINT('',(12.,-36.3933982822018,48.8578643762691));
#6097=CARTESIAN_POINT('Origin',(12.,-26.5628156646177,39.027281758685));
#6098=CARTESIAN_POINT('Origin',(12.,-47.9359407401063,43.197642835149));
#6099=CARTESIAN_POINT('',(12.,-47.9359407401063,43.197642835149));
#6100=CARTESIAN_POINT('Origin',(12.,-42.8973678199437,55.3618339140111));
#6101=CARTESIAN_POINT('Origin',(12.,-66.0679653251744,53.1789240233189));
#6102=CARTESIAN_POINT('',(12.,-66.0679653251744,53.1789240233189));
#6103=CARTESIAN_POINT('Origin',(12.,-60.0868719700851,39.3982322781409));
#6104=CARTESIAN_POINT('Origin',(12.,-14.2322330470336,2.76776695296637));
#6105=CARTESIAN_POINT('',(12.,-4.40165042944954,12.5983495705504));
#6106=CARTESIAN_POINT('',(12.,-14.2322330470336,2.76776695296637));
#6107=CARTESIAN_POINT('Origin',(12.,-4.40165042944954,12.5983495705504));
#6108=CARTESIAN_POINT('',(12.,-24.0628156646177,12.5983495705504));
#6109=CARTESIAN_POINT('Origin',(12.,-73.4117153251744,42.5378507497458));
#6110=CARTESIAN_POINT('',(12.,-67.430621970085,56.3185424949238));
#6111=CARTESIAN_POINT('',(12.,-73.4117153251744,42.5378507497458));
#6112=CARTESIAN_POINT('Origin',(12.,-79.3928086802637,56.3185424949239));
#6113=CARTESIAN_POINT('',(12.,-79.3928086802637,56.3185424949239));
#6114=CARTESIAN_POINT('Origin',(12.,-67.430621970085,56.3185424949238));
#6115=CARTESIAN_POINT('Origin',(12.,-52.6304653251745,50.2988712204622));
#6116=CARTESIAN_POINT('',(12.,-52.6304653251745,50.2988712204622));
#6117=CARTESIAN_POINT('Origin',(12.,-52.6304653251745,39.3982322781409));
#6118=CARTESIAN_POINT('Origin',(12.,-88.0992153251745,42.5378507497457));
#6119=CARTESIAN_POINT('',(12.,-82.118121970085,56.3185424949239));
#6120=CARTESIAN_POINT('',(12.,-88.0992153251745,42.5378507497457));
#6121=CARTESIAN_POINT('Origin',(12.,-94.080308680264,56.3185424949239));
#6122=CARTESIAN_POINT('',(12.,-94.080308680264,56.3185424949239));
#6123=CARTESIAN_POINT('Origin',(12.,-82.118121970085,56.3185424949239));
#6124=CARTESIAN_POINT('Origin',(12.,-47.9917478527522,36.527281758685));
#6125=CARTESIAN_POINT('',(12.,-38.1611652351682,26.6966991411009));
#6126=CARTESIAN_POINT('',(-12.,-14.2322330470336,2.76776695296637));
#6127=CARTESIAN_POINT('',(-12.,-38.1611652351682,26.6966991411009));
#6128=CARTESIAN_POINT('',(12.,-47.9917478527522,36.527281758685));
#6129=CARTESIAN_POINT('Origin',(12.,-28.330582617584,36.527281758685));
#6130=CARTESIAN_POINT('',(12.,-28.330582617584,36.527281758685));
#6131=CARTESIAN_POINT('Origin',(12.,-38.1611652351682,26.6966991411009));
#6132=CARTESIAN_POINT('Origin',(12.,-102.786715325175,42.5378507497458));
#6133=CARTESIAN_POINT('',(12.,-102.786715325175,42.5378507497458));
#6134=CARTESIAN_POINT('Origin',(12.,-108.767808680264,56.3185424949239));
#6135=CARTESIAN_POINT('Origin',(12.,-0.499999999999983,12.9644660940673));
#6136=CARTESIAN_POINT('Origin',(12.,-42.8185424949238,58.8185424949238));
#6137=CARTESIAN_POINT('',(-12.,15.,1.));
#6138=CARTESIAN_POINT('',(-12.,15.,1.));
#6139=CARTESIAN_POINT('',(-12.,15.,1.));
#6140=CARTESIAN_POINT('',(-12.,15.,1.));
#6141=CARTESIAN_POINT('Origin',(-12.,-15.,0.));
#6142=CARTESIAN_POINT('',(-6.,-15.,0.));
#6143=CARTESIAN_POINT('Origin',(-12.,15.,0.));
#6144=CARTESIAN_POINT('',(-12.,15.,0.));
#6145=CARTESIAN_POINT('',(-12.,15.,0.));
#6146=CARTESIAN_POINT('',(-12.,7.5,0.));
#6147=CARTESIAN_POINT('Origin',(12.,15.,0.));
#6148=CARTESIAN_POINT('',(6.,15.,0.));
#6149=CARTESIAN_POINT('Origin',(17.5,-12.5,0.));
#6150=CARTESIAN_POINT('',(15.75,-12.5,-3.));
#6151=CARTESIAN_POINT('Origin',(17.5,-12.5,-3.));
#6152=CARTESIAN_POINT('',(15.75,-12.5,0.));
#6153=CARTESIAN_POINT('',(15.75,-12.5,0.));
#6154=CARTESIAN_POINT('Origin',(17.5,-12.5,0.));
#6155=CARTESIAN_POINT('Origin',(-17.5,12.5,0.));
#6156=CARTESIAN_POINT('',(-19.25,12.5,-3.));
#6157=CARTESIAN_POINT('Origin',(-17.5,12.5,-3.));
#6158=CARTESIAN_POINT('',(-19.25,12.5,0.));
#6159=CARTESIAN_POINT('',(-19.25,12.5,0.));
#6160=CARTESIAN_POINT('Origin',(-17.5,12.5,0.));
#6161=CARTESIAN_POINT('Origin',(17.5,12.5,0.));
#6162=CARTESIAN_POINT('',(15.75,12.5,-3.));
#6163=CARTESIAN_POINT('Origin',(17.5,12.5,-3.));
#6164=CARTESIAN_POINT('',(15.75,12.5,0.));
#6165=CARTESIAN_POINT('',(15.75,12.5,0.));
#6166=CARTESIAN_POINT('Origin',(17.5,12.5,0.));
#6167=CARTESIAN_POINT('Origin',(0.,12.5,0.));
#6168=CARTESIAN_POINT('',(-1.75,12.5,-3.));
#6169=CARTESIAN_POINT('Origin',(0.,12.5,-3.));
#6170=CARTESIAN_POINT('',(-1.75,12.5,0.));
#6171=CARTESIAN_POINT('Origin',(-17.5,-12.5,0.));
#6172=CARTESIAN_POINT('',(-19.25,-12.5,-3.));
#6173=CARTESIAN_POINT('Origin',(-17.5,-12.5,-3.));
#6174=CARTESIAN_POINT('',(-19.25,-12.5,0.));
#6175=CARTESIAN_POINT('',(-19.25,-12.5,0.));
#6176=CARTESIAN_POINT('Origin',(-17.5,-12.5,0.));
#6177=CARTESIAN_POINT('Origin',(22.5,-17.5,0.));
#6178=CARTESIAN_POINT('',(-22.5,-17.5,0.));
#6179=CARTESIAN_POINT('',(22.5,-17.5,0.));
#6180=CARTESIAN_POINT('',(-22.5,-17.5,0.));
#6181=CARTESIAN_POINT('',(-22.5,-17.5,-3.));
#6182=CARTESIAN_POINT('',(-22.5,-17.5,0.));
#6183=CARTESIAN_POINT('',(22.5,-17.5,-3.));
#6184=CARTESIAN_POINT('',(-22.5,-17.5,-3.));
#6185=CARTESIAN_POINT('',(22.5,-17.5,0.));
#6186=CARTESIAN_POINT('Origin',(22.5,17.5,0.));
#6187=CARTESIAN_POINT('',(22.5,17.5,0.));
#6188=CARTESIAN_POINT('',(22.5,-17.5,0.));
#6189=CARTESIAN_POINT('',(22.5,17.5,-3.));
#6190=CARTESIAN_POINT('',(22.5,-17.5,-3.));
#6191=CARTESIAN_POINT('',(22.5,17.5,0.));
#6192=CARTESIAN_POINT('Origin',(-22.5,17.5,0.));
#6193=CARTESIAN_POINT('',(-22.5,17.5,0.));
#6194=CARTESIAN_POINT('',(22.5,17.5,0.));
#6195=CARTESIAN_POINT('',(-22.5,17.5,-3.));
#6196=CARTESIAN_POINT('',(22.5,17.5,-3.));
#6197=CARTESIAN_POINT('',(-22.5,17.5,0.));
#6198=CARTESIAN_POINT('Origin',(-22.5,-17.5,0.));
#6199=CARTESIAN_POINT('',(-22.5,17.5,0.));
#6200=CARTESIAN_POINT('',(-22.5,17.5,-3.));
#6201=CARTESIAN_POINT('Origin',(0.,0.,0.));
#6202=CARTESIAN_POINT('Origin',(0.,0.,-3.));
#6203=UNCERTAINTY_MEASURE_WITH_UNIT(LENGTH_MEASURE(0.01),#6207,
'DISTANCE_ACCURACY_VALUE',
'Maximum model space distance between geometric entities at asserted c
onnectivities');
#6204=UNCERTAINTY_MEASURE_WITH_UNIT(LENGTH_MEASURE(0.01),#6207,
'DISTANCE_ACCURACY_VALUE',
'Maximum model space distance between geometric entities at asserted c
onnectivities');
#6205=(
GEOMETRIC_REPRESENTATION_CONTEXT(3)
GLOBAL_UNCERTAINTY_ASSIGNED_CONTEXT((#6203))
GLOBAL_UNIT_ASSIGNED_CONTEXT((#6207,#6209,#6210))
REPRESENTATION_CONTEXT('','3D')
);
#6206=(
GEOMETRIC_REPRESENTATION_CONTEXT(3)
GLOBAL_UNCERTAINTY_ASSIGNED_CONTEXT((#6204))
GLOBAL_UNIT_ASSIGNED_CONTEXT((#6207,#6209,#6210))
REPRESENTATION_CONTEXT('','3D')
);
#6207=(
LENGTH_UNIT()
NAMED_UNIT(*)
SI_UNIT(.MILLI.,.METRE.)
);
#6208=(
LENGTH_UNIT()
NAMED_UNIT(*)
SI_UNIT($,.METRE.)
);
#6209=(
NAMED_UNIT(*)
PLANE_ANGLE_UNIT()
SI_UNIT($,.RADIAN.)
);
#6210=(
NAMED_UNIT(*)
SI_UNIT($,.STERADIAN.)
SOLID_ANGLE_UNIT()
);
#6211=SHAPE_DEFINITION_REPRESENTATION(#6212,#6213);
#6212=PRODUCT_DEFINITION_SHAPE('',$,#6215);
#6213=SHAPE_REPRESENTATION('',(#4020),#6205);
#6214=PRODUCT_DEFINITION_CONTEXT('part definition',#6219,'design');
#6215=PRODUCT_DEFINITION('2026-07-21-08-03-15-018',
'Counterweight Truss',#6216,#6214);
#6216=PRODUCT_DEFINITION_FORMATION('',$,#6221);
#6217=PRODUCT_RELATED_PRODUCT_CATEGORY('Counterweight Truss',
'Counterweight Truss',(#6221));
#6218=APPLICATION_PROTOCOL_DEFINITION('international standard',
'automotive_design',2009,#6219);
#6219=APPLICATION_CONTEXT(
'Core Data for Automotive Mechanical Design Process');
#6220=PRODUCT_CONTEXT('part definition',#6219,'mechanical');
#6221=PRODUCT('2026-07-21-08-03-15-018','Counterweight Truss',$,(#6220));
#6222=PRESENTATION_STYLE_ASSIGNMENT((#6223));
#6223=SURFACE_STYLE_USAGE(.BOTH.,#6224);
#6224=SURFACE_SIDE_STYLE('',(#6225));
#6225=SURFACE_STYLE_FILL_AREA(#6226);
#6226=FILL_AREA_STYLE('Steel - Satin',(#6227));
#6227=FILL_AREA_STYLE_COLOUR('Steel - Satin',#6228);
#6228=COLOUR_RGB('Steel - Satin',0.627450980392157,0.627450980392157,0.627450980392157);
ENDSEC;
END-ISO-10303-21;
