ISO-10303-21;
HEADER;
/* Generated by software containing ST-Developer
 * from STEP Tools, Inc. (www.steptools.com) 
 */

FILE_DESCRIPTION(
/* description */ (''),
/* implementation_level */ '2;1');

FILE_NAME(
/* name */ 'drive-wheel.step',
/* time_stamp */ '2026-07-21T07:51:43-04:00',
/* author */ (''),
/* organization */ (''),
/* preprocessor_version */ 'ST-DEVELOPER v20.1',
/* originating_system */ 'Autodesk Translation Framework v15.8.0.0',
/* authorisation */ '');

FILE_SCHEMA (('AUTOMOTIVE_DESIGN { 1 0 10303 214 3 1 1 }'));
ENDSEC;

DATA;
#10=MECHANICAL_DESIGN_GEOMETRIC_PRESENTATION_REPRESENTATION('',(#13,#14),
#2885);
#11=SHAPE_REPRESENTATION_RELATIONSHIP('SRR','None',#2892,#12);
#12=ADVANCED_BREP_SHAPE_REPRESENTATION('',(#15,#16),#2884);
#13=STYLED_ITEM('',(#2901),#15);
#14=STYLED_ITEM('',(#2901),#16);
#15=MANIFOLD_SOLID_BREP('Body2',#1716);
#16=MANIFOLD_SOLID_BREP('Body2',#1717);
#17=FACE_BOUND('',#204,.T.);
#18=FACE_BOUND('',#206,.T.);
#19=FACE_BOUND('',#208,.T.);
#20=FACE_BOUND('',#210,.T.);
#21=PLANE('',#1755);
#22=PLANE('',#1759);
#23=PLANE('',#1763);
#24=PLANE('',#1767);
#25=PLANE('',#1771);
#26=PLANE('',#1775);
#27=PLANE('',#1779);
#28=PLANE('',#1783);
#29=PLANE('',#1787);
#30=PLANE('',#1791);
#31=PLANE('',#1795);
#32=PLANE('',#1799);
#33=PLANE('',#1803);
#34=PLANE('',#1807);
#35=PLANE('',#1811);
#36=PLANE('',#1815);
#37=PLANE('',#1819);
#38=PLANE('',#1823);
#39=PLANE('',#1824);
#40=PLANE('',#1825);
#41=PLANE('',#1835);
#42=PLANE('',#1847);
#43=PLANE('',#1848);
#44=PLANE('',#1849);
#45=PLANE('',#1851);
#46=PLANE('',#1852);
#47=PLANE('',#1853);
#48=PLANE('',#1855);
#49=PLANE('',#1856);
#50=PLANE('',#1857);
#51=PLANE('',#1859);
#52=PLANE('',#1860);
#53=PLANE('',#1861);
#54=PLANE('',#1863);
#55=PLANE('',#1864);
#56=PLANE('',#1865);
#57=PLANE('',#1867);
#58=PLANE('',#1868);
#59=PLANE('',#1869);
#60=PLANE('',#1871);
#61=PLANE('',#1872);
#62=PLANE('',#1873);
#63=PLANE('',#1875);
#64=PLANE('',#1876);
#65=PLANE('',#1877);
#66=PLANE('',#1878);
#67=PLANE('',#1879);
#68=PLANE('',#1880);
#69=PLANE('',#1881);
#70=PLANE('',#1882);
#71=PLANE('',#1883);
#72=PLANE('',#1884);
#73=PLANE('',#1885);
#74=FACE_OUTER_BOUND('',#161,.T.);
#75=FACE_OUTER_BOUND('',#162,.T.);
#76=FACE_OUTER_BOUND('',#163,.T.);
#77=FACE_OUTER_BOUND('',#164,.T.);
#78=FACE_OUTER_BOUND('',#165,.T.);
#79=FACE_OUTER_BOUND('',#166,.T.);
#80=FACE_OUTER_BOUND('',#167,.T.);
#81=FACE_OUTER_BOUND('',#168,.T.);
#82=FACE_OUTER_BOUND('',#169,.T.);
#83=FACE_OUTER_BOUND('',#170,.T.);
#84=FACE_OUTER_BOUND('',#171,.T.);
#85=FACE_OUTER_BOUND('',#172,.T.);
#86=FACE_OUTER_BOUND('',#173,.T.);
#87=FACE_OUTER_BOUND('',#174,.T.);
#88=FACE_OUTER_BOUND('',#175,.T.);
#89=FACE_OUTER_BOUND('',#176,.T.);
#90=FACE_OUTER_BOUND('',#177,.T.);
#91=FACE_OUTER_BOUND('',#178,.T.);
#92=FACE_OUTER_BOUND('',#179,.T.);
#93=FACE_OUTER_BOUND('',#180,.T.);
#94=FACE_OUTER_BOUND('',#181,.T.);
#95=FACE_OUTER_BOUND('',#182,.T.);
#96=FACE_OUTER_BOUND('',#183,.T.);
#97=FACE_OUTER_BOUND('',#184,.T.);
#98=FACE_OUTER_BOUND('',#185,.T.);
#99=FACE_OUTER_BOUND('',#186,.T.);
#100=FACE_OUTER_BOUND('',#187,.T.);
#101=FACE_OUTER_BOUND('',#188,.T.);
#102=FACE_OUTER_BOUND('',#189,.T.);
#103=FACE_OUTER_BOUND('',#190,.T.);
#104=FACE_OUTER_BOUND('',#191,.T.);
#105=FACE_OUTER_BOUND('',#192,.T.);
#106=FACE_OUTER_BOUND('',#193,.T.);
#107=FACE_OUTER_BOUND('',#194,.T.);
#108=FACE_OUTER_BOUND('',#195,.T.);
#109=FACE_OUTER_BOUND('',#196,.T.);
#110=FACE_OUTER_BOUND('',#197,.T.);
#111=FACE_OUTER_BOUND('',#198,.T.);
#112=FACE_OUTER_BOUND('',#199,.T.);
#113=FACE_OUTER_BOUND('',#200,.T.);
#114=FACE_OUTER_BOUND('',#201,.T.);
#115=FACE_OUTER_BOUND('',#202,.T.);
#116=FACE_OUTER_BOUND('',#203,.T.);
#117=FACE_OUTER_BOUND('',#205,.T.);
#118=FACE_OUTER_BOUND('',#207,.T.);
#119=FACE_OUTER_BOUND('',#209,.T.);
#120=FACE_OUTER_BOUND('',#211,.T.);
#121=FACE_OUTER_BOUND('',#212,.T.);
#122=FACE_OUTER_BOUND('',#213,.T.);
#123=FACE_OUTER_BOUND('',#214,.T.);
#124=FACE_OUTER_BOUND('',#215,.T.);
#125=FACE_OUTER_BOUND('',#216,.T.);
#126=FACE_OUTER_BOUND('',#217,.T.);
#127=FACE_OUTER_BOUND('',#218,.T.);
#128=FACE_OUTER_BOUND('',#219,.T.);
#129=FACE_OUTER_BOUND('',#220,.T.);
#130=FACE_OUTER_BOUND('',#221,.T.);
#131=FACE_OUTER_BOUND('',#222,.T.);
#132=FACE_OUTER_BOUND('',#223,.T.);
#133=FACE_OUTER_BOUND('',#224,.T.);
#134=FACE_OUTER_BOUND('',#225,.T.);
#135=FACE_OUTER_BOUND('',#226,.T.);
#136=FACE_OUTER_BOUND('',#227,.T.);
#137=FACE_OUTER_BOUND('',#228,.T.);
#138=FACE_OUTER_BOUND('',#229,.T.);
#139=FACE_OUTER_BOUND('',#230,.T.);
#140=FACE_OUTER_BOUND('',#231,.T.);
#141=FACE_OUTER_BOUND('',#232,.T.);
#142=FACE_OUTER_BOUND('',#233,.T.);
#143=FACE_OUTER_BOUND('',#234,.T.);
#144=FACE_OUTER_BOUND('',#235,.T.);
#145=FACE_OUTER_BOUND('',#236,.T.);
#146=FACE_OUTER_BOUND('',#237,.T.);
#147=FACE_OUTER_BOUND('',#238,.T.);
#148=FACE_OUTER_BOUND('',#239,.T.);
#149=FACE_OUTER_BOUND('',#240,.T.);
#150=FACE_OUTER_BOUND('',#241,.T.);
#151=FACE_OUTER_BOUND('',#242,.T.);
#152=FACE_OUTER_BOUND('',#243,.T.);
#153=FACE_OUTER_BOUND('',#244,.T.);
#154=FACE_OUTER_BOUND('',#245,.T.);
#155=FACE_OUTER_BOUND('',#246,.T.);
#156=FACE_OUTER_BOUND('',#247,.T.);
#157=FACE_OUTER_BOUND('',#248,.T.);
#158=FACE_OUTER_BOUND('',#249,.T.);
#159=FACE_OUTER_BOUND('',#250,.T.);
#160=FACE_OUTER_BOUND('',#251,.T.);
#161=EDGE_LOOP('',(#1097,#1098,#1099,#1100));
#162=EDGE_LOOP('',(#1101,#1102,#1103,#1104));
#163=EDGE_LOOP('',(#1105,#1106,#1107,#1108));
#164=EDGE_LOOP('',(#1109,#1110,#1111,#1112));
#165=EDGE_LOOP('',(#1113,#1114,#1115,#1116));
#166=EDGE_LOOP('',(#1117,#1118,#1119,#1120));
#167=EDGE_LOOP('',(#1121,#1122,#1123,#1124));
#168=EDGE_LOOP('',(#1125,#1126,#1127,#1128));
#169=EDGE_LOOP('',(#1129,#1130,#1131,#1132));
#170=EDGE_LOOP('',(#1133,#1134,#1135,#1136));
#171=EDGE_LOOP('',(#1137,#1138,#1139,#1140));
#172=EDGE_LOOP('',(#1141,#1142,#1143,#1144));
#173=EDGE_LOOP('',(#1145,#1146,#1147,#1148));
#174=EDGE_LOOP('',(#1149,#1150,#1151,#1152));
#175=EDGE_LOOP('',(#1153,#1154,#1155,#1156));
#176=EDGE_LOOP('',(#1157,#1158,#1159,#1160));
#177=EDGE_LOOP('',(#1161,#1162,#1163,#1164));
#178=EDGE_LOOP('',(#1165,#1166,#1167,#1168));
#179=EDGE_LOOP('',(#1169,#1170,#1171,#1172));
#180=EDGE_LOOP('',(#1173,#1174,#1175,#1176));
#181=EDGE_LOOP('',(#1177,#1178,#1179,#1180));
#182=EDGE_LOOP('',(#1181,#1182,#1183,#1184));
#183=EDGE_LOOP('',(#1185,#1186,#1187,#1188));
#184=EDGE_LOOP('',(#1189,#1190,#1191,#1192));
#185=EDGE_LOOP('',(#1193,#1194,#1195,#1196));
#186=EDGE_LOOP('',(#1197,#1198,#1199,#1200));
#187=EDGE_LOOP('',(#1201,#1202,#1203,#1204));
#188=EDGE_LOOP('',(#1205,#1206,#1207,#1208));
#189=EDGE_LOOP('',(#1209,#1210,#1211,#1212));
#190=EDGE_LOOP('',(#1213,#1214,#1215,#1216));
#191=EDGE_LOOP('',(#1217,#1218,#1219,#1220));
#192=EDGE_LOOP('',(#1221,#1222,#1223,#1224));
#193=EDGE_LOOP('',(#1225,#1226,#1227,#1228));
#194=EDGE_LOOP('',(#1229,#1230,#1231,#1232));
#195=EDGE_LOOP('',(#1233,#1234,#1235,#1236));
#196=EDGE_LOOP('',(#1237,#1238,#1239,#1240));
#197=EDGE_LOOP('',(#1241,#1242,#1243,#1244));
#198=EDGE_LOOP('',(#1245,#1246,#1247,#1248));
#199=EDGE_LOOP('',(#1249,#1250,#1251,#1252));
#200=EDGE_LOOP('',(#1253,#1254,#1255,#1256));
#201=EDGE_LOOP('',(#1257,#1258,#1259,#1260));
#202=EDGE_LOOP('',(#1261,#1262,#1263,#1264));
#203=EDGE_LOOP('',(#1265,#1266,#1267,#1268,#1269,#1270,#1271,#1272,#1273,
#1274,#1275,#1276,#1277,#1278,#1279,#1280,#1281,#1282,#1283,#1284,#1285,
#1286,#1287,#1288,#1289,#1290,#1291,#1292,#1293,#1294,#1295,#1296,#1297,
#1298,#1299,#1300,#1301,#1302,#1303,#1304));
#204=EDGE_LOOP('',(#1305,#1306));
#205=EDGE_LOOP('',(#1307,#1308,#1309,#1310,#1311,#1312,#1313,#1314,#1315,
#1316,#1317,#1318,#1319,#1320,#1321,#1322,#1323,#1324,#1325,#1326,#1327,
#1328,#1329,#1330,#1331,#1332,#1333,#1334,#1335,#1336,#1337,#1338,#1339,
#1340,#1341,#1342,#1343,#1344,#1345,#1346));
#206=EDGE_LOOP('',(#1347,#1348));
#207=EDGE_LOOP('',(#1349));
#208=EDGE_LOOP('',(#1350,#1351,#1352,#1353,#1354,#1355,#1356,#1357,#1358,
#1359,#1360,#1361,#1362,#1363,#1364,#1365,#1366,#1367,#1368,#1369,#1370,
#1371,#1372,#1373,#1374,#1375,#1376,#1377,#1378,#1379,#1380,#1381,#1382,
#1383,#1384,#1385,#1386,#1387,#1388,#1389));
#209=EDGE_LOOP('',(#1390));
#210=EDGE_LOOP('',(#1391,#1392,#1393,#1394,#1395,#1396,#1397,#1398,#1399,
#1400,#1401,#1402,#1403,#1404,#1405,#1406,#1407,#1408,#1409,#1410,#1411,
#1412,#1413,#1414,#1415,#1416,#1417,#1418,#1419,#1420,#1421,#1422,#1423,
#1424,#1425,#1426,#1427,#1428,#1429,#1430));
#211=EDGE_LOOP('',(#1431,#1432,#1433,#1434));
#212=EDGE_LOOP('',(#1435,#1436,#1437,#1438));
#213=EDGE_LOOP('',(#1439,#1440,#1441,#1442));
#214=EDGE_LOOP('',(#1443,#1444,#1445,#1446));
#215=EDGE_LOOP('',(#1447,#1448,#1449,#1450));
#216=EDGE_LOOP('',(#1451,#1452,#1453,#1454));
#217=EDGE_LOOP('',(#1455,#1456,#1457,#1458));
#218=EDGE_LOOP('',(#1459,#1460,#1461,#1462));
#219=EDGE_LOOP('',(#1463,#1464,#1465,#1466));
#220=EDGE_LOOP('',(#1467,#1468,#1469,#1470));
#221=EDGE_LOOP('',(#1471,#1472,#1473,#1474));
#222=EDGE_LOOP('',(#1475,#1476,#1477,#1478));
#223=EDGE_LOOP('',(#1479,#1480,#1481,#1482));
#224=EDGE_LOOP('',(#1483,#1484,#1485,#1486));
#225=EDGE_LOOP('',(#1487,#1488,#1489,#1490));
#226=EDGE_LOOP('',(#1491,#1492,#1493,#1494));
#227=EDGE_LOOP('',(#1495,#1496,#1497,#1498));
#228=EDGE_LOOP('',(#1499,#1500,#1501,#1502));
#229=EDGE_LOOP('',(#1503,#1504,#1505,#1506));
#230=EDGE_LOOP('',(#1507,#1508,#1509,#1510));
#231=EDGE_LOOP('',(#1511,#1512,#1513,#1514));
#232=EDGE_LOOP('',(#1515,#1516,#1517,#1518));
#233=EDGE_LOOP('',(#1519,#1520,#1521,#1522));
#234=EDGE_LOOP('',(#1523,#1524,#1525,#1526));
#235=EDGE_LOOP('',(#1527,#1528,#1529,#1530));
#236=EDGE_LOOP('',(#1531,#1532,#1533,#1534));
#237=EDGE_LOOP('',(#1535,#1536,#1537,#1538));
#238=EDGE_LOOP('',(#1539,#1540,#1541,#1542));
#239=EDGE_LOOP('',(#1543,#1544,#1545,#1546));
#240=EDGE_LOOP('',(#1547,#1548,#1549,#1550));
#241=EDGE_LOOP('',(#1551,#1552,#1553,#1554));
#242=EDGE_LOOP('',(#1555,#1556,#1557,#1558));
#243=EDGE_LOOP('',(#1559,#1560,#1561,#1562));
#244=EDGE_LOOP('',(#1563,#1564,#1565,#1566));
#245=EDGE_LOOP('',(#1567,#1568,#1569,#1570));
#246=EDGE_LOOP('',(#1571,#1572,#1573,#1574));
#247=EDGE_LOOP('',(#1575,#1576,#1577,#1578));
#248=EDGE_LOOP('',(#1579,#1580,#1581,#1582));
#249=EDGE_LOOP('',(#1583,#1584,#1585,#1586));
#250=EDGE_LOOP('',(#1587,#1588,#1589,#1590));
#251=EDGE_LOOP('',(#1591,#1592,#1593,#1594));
#252=CIRCLE('',#1732,43.5);
#253=CIRCLE('',#1733,43.5);
#254=CIRCLE('',#1735,43.5);
#255=CIRCLE('',#1736,43.5);
#256=CIRCLE('',#1738,43.5);
#257=CIRCLE('',#1739,43.5);
#258=CIRCLE('',#1741,43.5);
#259=CIRCLE('',#1742,43.5);
#260=CIRCLE('',#1744,43.5);
#261=CIRCLE('',#1745,43.5);
#262=CIRCLE('',#1747,43.5);
#263=CIRCLE('',#1748,43.5);
#264=CIRCLE('',#1750,43.5);
#265=CIRCLE('',#1751,43.5);
#266=CIRCLE('',#1753,43.5);
#267=CIRCLE('',#1754,43.5);
#268=CIRCLE('',#1757,3.05);
#269=CIRCLE('',#1758,3.05);
#270=CIRCLE('',#1761,43.5);
#271=CIRCLE('',#1762,43.5);
#272=CIRCLE('',#1765,10.1);
#273=CIRCLE('',#1766,10.1);
#274=CIRCLE('',#1769,43.5);
#275=CIRCLE('',#1770,43.5);
#276=CIRCLE('',#1773,10.1);
#277=CIRCLE('',#1774,10.1);
#278=CIRCLE('',#1777,43.5);
#279=CIRCLE('',#1778,43.5);
#280=CIRCLE('',#1781,10.1);
#281=CIRCLE('',#1782,10.1);
#282=CIRCLE('',#1785,43.5);
#283=CIRCLE('',#1786,43.5);
#284=CIRCLE('',#1789,10.1);
#285=CIRCLE('',#1790,10.1);
#286=CIRCLE('',#1793,43.5);
#287=CIRCLE('',#1794,43.5);
#288=CIRCLE('',#1797,10.1);
#289=CIRCLE('',#1798,10.1);
#290=CIRCLE('',#1801,43.5);
#291=CIRCLE('',#1802,43.5);
#292=CIRCLE('',#1805,10.1);
#293=CIRCLE('',#1806,10.1);
#294=CIRCLE('',#1809,43.5);
#295=CIRCLE('',#1810,43.5);
#296=CIRCLE('',#1813,10.1);
#297=CIRCLE('',#1814,10.1);
#298=CIRCLE('',#1817,43.5);
#299=CIRCLE('',#1818,43.5);
#300=CIRCLE('',#1821,10.1);
#301=CIRCLE('',#1822,10.1);
#302=CIRCLE('',#1826,45.);
#303=CIRCLE('',#1827,43.5);
#304=CIRCLE('',#1828,43.5);
#305=CIRCLE('',#1829,43.5);
#306=CIRCLE('',#1830,43.5);
#307=CIRCLE('',#1831,43.5);
#308=CIRCLE('',#1832,43.5);
#309=CIRCLE('',#1833,43.5);
#310=CIRCLE('',#1834,43.5);
#311=CIRCLE('',#1836,45.);
#312=CIRCLE('',#1837,43.5);
#313=CIRCLE('',#1838,43.5);
#314=CIRCLE('',#1839,43.5);
#315=CIRCLE('',#1840,43.5);
#316=CIRCLE('',#1841,43.5);
#317=CIRCLE('',#1842,43.5);
#318=CIRCLE('',#1843,43.5);
#319=CIRCLE('',#1844,43.5);
#320=LINE('',#2383,#501);
#321=LINE('',#2387,#502);
#322=LINE('',#2392,#503);
#323=LINE('',#2396,#504);
#324=LINE('',#2401,#505);
#325=LINE('',#2405,#506);
#326=LINE('',#2410,#507);
#327=LINE('',#2414,#508);
#328=LINE('',#2419,#509);
#329=LINE('',#2423,#510);
#330=LINE('',#2428,#511);
#331=LINE('',#2432,#512);
#332=LINE('',#2437,#513);
#333=LINE('',#2441,#514);
#334=LINE('',#2446,#515);
#335=LINE('',#2450,#516);
#336=LINE('',#2455,#517);
#337=LINE('',#2457,#518);
#338=LINE('',#2459,#519);
#339=LINE('',#2460,#520);
#340=LINE('',#2466,#521);
#341=LINE('',#2468,#522);
#342=LINE('',#2469,#523);
#343=LINE('',#2474,#524);
#344=LINE('',#2478,#525);
#345=LINE('',#2480,#526);
#346=LINE('',#2481,#527);
#347=LINE('',#2487,#528);
#348=LINE('',#2489,#529);
#349=LINE('',#2490,#530);
#350=LINE('',#2495,#531);
#351=LINE('',#2499,#532);
#352=LINE('',#2501,#533);
#353=LINE('',#2502,#534);
#354=LINE('',#2508,#535);
#355=LINE('',#2510,#536);
#356=LINE('',#2511,#537);
#357=LINE('',#2516,#538);
#358=LINE('',#2520,#539);
#359=LINE('',#2522,#540);
#360=LINE('',#2523,#541);
#361=LINE('',#2529,#542);
#362=LINE('',#2531,#543);
#363=LINE('',#2532,#544);
#364=LINE('',#2537,#545);
#365=LINE('',#2541,#546);
#366=LINE('',#2543,#547);
#367=LINE('',#2544,#548);
#368=LINE('',#2550,#549);
#369=LINE('',#2552,#550);
#370=LINE('',#2553,#551);
#371=LINE('',#2558,#552);
#372=LINE('',#2562,#553);
#373=LINE('',#2564,#554);
#374=LINE('',#2565,#555);
#375=LINE('',#2571,#556);
#376=LINE('',#2573,#557);
#377=LINE('',#2574,#558);
#378=LINE('',#2579,#559);
#379=LINE('',#2583,#560);
#380=LINE('',#2585,#561);
#381=LINE('',#2586,#562);
#382=LINE('',#2592,#563);
#383=LINE('',#2594,#564);
#384=LINE('',#2595,#565);
#385=LINE('',#2600,#566);
#386=LINE('',#2604,#567);
#387=LINE('',#2606,#568);
#388=LINE('',#2607,#569);
#389=LINE('',#2613,#570);
#390=LINE('',#2615,#571);
#391=LINE('',#2616,#572);
#392=LINE('',#2621,#573);
#393=LINE('',#2625,#574);
#394=LINE('',#2627,#575);
#395=LINE('',#2628,#576);
#396=LINE('',#2641,#577);
#397=LINE('',#2643,#578);
#398=LINE('',#2645,#579);
#399=LINE('',#2647,#580);
#400=LINE('',#2651,#581);
#401=LINE('',#2653,#582);
#402=LINE('',#2655,#583);
#403=LINE('',#2657,#584);
#404=LINE('',#2661,#585);
#405=LINE('',#2663,#586);
#406=LINE('',#2665,#587);
#407=LINE('',#2667,#588);
#408=LINE('',#2671,#589);
#409=LINE('',#2673,#590);
#410=LINE('',#2675,#591);
#411=LINE('',#2677,#592);
#412=LINE('',#2681,#593);
#413=LINE('',#2683,#594);
#414=LINE('',#2685,#595);
#415=LINE('',#2687,#596);
#416=LINE('',#2691,#597);
#417=LINE('',#2693,#598);
#418=LINE('',#2695,#599);
#419=LINE('',#2697,#600);
#420=LINE('',#2701,#601);
#421=LINE('',#2703,#602);
#422=LINE('',#2705,#603);
#423=LINE('',#2707,#604);
#424=LINE('',#2711,#605);
#425=LINE('',#2713,#606);
#426=LINE('',#2715,#607);
#427=LINE('',#2716,#608);
#428=LINE('',#2724,#609);
#429=LINE('',#2726,#610);
#430=LINE('',#2728,#611);
#431=LINE('',#2730,#612);
#432=LINE('',#2734,#613);
#433=LINE('',#2736,#614);
#434=LINE('',#2738,#615);
#435=LINE('',#2740,#616);
#436=LINE('',#2744,#617);
#437=LINE('',#2746,#618);
#438=LINE('',#2748,#619);
#439=LINE('',#2750,#620);
#440=LINE('',#2754,#621);
#441=LINE('',#2756,#622);
#442=LINE('',#2758,#623);
#443=LINE('',#2760,#624);
#444=LINE('',#2764,#625);
#445=LINE('',#2766,#626);
#446=LINE('',#2768,#627);
#447=LINE('',#2770,#628);
#448=LINE('',#2774,#629);
#449=LINE('',#2776,#630);
#450=LINE('',#2778,#631);
#451=LINE('',#2780,#632);
#452=LINE('',#2784,#633);
#453=LINE('',#2786,#634);
#454=LINE('',#2788,#635);
#455=LINE('',#2790,#636);
#456=LINE('',#2794,#637);
#457=LINE('',#2796,#638);
#458=LINE('',#2798,#639);
#459=LINE('',#2799,#640);
#460=LINE('',#2801,#641);
#461=LINE('',#2803,#642);
#462=LINE('',#2804,#643);
#463=LINE('',#2806,#644);
#464=LINE('',#2808,#645);
#465=LINE('',#2810,#646);
#466=LINE('',#2811,#647);
#467=LINE('',#2813,#648);
#468=LINE('',#2815,#649);
#469=LINE('',#2817,#650);
#470=LINE('',#2819,#651);
#471=LINE('',#2820,#652);
#472=LINE('',#2822,#653);
#473=LINE('',#2824,#654);
#474=LINE('',#2826,#655);
#475=LINE('',#2828,#656);
#476=LINE('',#2829,#657);
#477=LINE('',#2831,#658);
#478=LINE('',#2833,#659);
#479=LINE('',#2835,#660);
#480=LINE('',#2837,#661);
#481=LINE('',#2838,#662);
#482=LINE('',#2840,#663);
#483=LINE('',#2842,#664);
#484=LINE('',#2844,#665);
#485=LINE('',#2846,#666);
#486=LINE('',#2847,#667);
#487=LINE('',#2849,#668);
#488=LINE('',#2851,#669);
#489=LINE('',#2853,#670);
#490=LINE('',#2855,#671);
#491=LINE('',#2856,#672);
#492=LINE('',#2858,#673);
#493=LINE('',#2860,#674);
#494=LINE('',#2862,#675);
#495=LINE('',#2864,#676);
#496=LINE('',#2865,#677);
#497=LINE('',#2867,#678);
#498=LINE('',#2869,#679);
#499=LINE('',#2871,#680);
#500=LINE('',#2873,#681);
#501=VECTOR('',#1890,10.);
#502=VECTOR('',#1893,10.);
#503=VECTOR('',#1898,10.);
#504=VECTOR('',#1901,10.);
#505=VECTOR('',#1906,10.);
#506=VECTOR('',#1909,10.);
#507=VECTOR('',#1914,10.);
#508=VECTOR('',#1917,10.);
#509=VECTOR('',#1922,10.);
#510=VECTOR('',#1925,10.);
#511=VECTOR('',#1930,10.);
#512=VECTOR('',#1933,10.);
#513=VECTOR('',#1938,10.);
#514=VECTOR('',#1941,10.);
#515=VECTOR('',#1946,10.);
#516=VECTOR('',#1949,10.);
#517=VECTOR('',#1954,10.);
#518=VECTOR('',#1955,10.);
#519=VECTOR('',#1956,10.);
#520=VECTOR('',#1957,10.);
#521=VECTOR('',#1966,10.);
#522=VECTOR('',#1967,10.);
#523=VECTOR('',#1968,10.);
#524=VECTOR('',#1973,10.);
#525=VECTOR('',#1978,10.);
#526=VECTOR('',#1979,10.);
#527=VECTOR('',#1980,10.);
#528=VECTOR('',#1987,10.);
#529=VECTOR('',#1990,10.);
#530=VECTOR('',#1991,10.);
#531=VECTOR('',#1996,10.);
#532=VECTOR('',#2001,10.);
#533=VECTOR('',#2002,10.);
#534=VECTOR('',#2003,10.);
#535=VECTOR('',#2010,10.);
#536=VECTOR('',#2013,10.);
#537=VECTOR('',#2014,10.);
#538=VECTOR('',#2019,10.);
#539=VECTOR('',#2024,10.);
#540=VECTOR('',#2025,10.);
#541=VECTOR('',#2026,10.);
#542=VECTOR('',#2033,10.);
#543=VECTOR('',#2036,10.);
#544=VECTOR('',#2037,10.);
#545=VECTOR('',#2042,10.);
#546=VECTOR('',#2047,10.);
#547=VECTOR('',#2048,10.);
#548=VECTOR('',#2049,10.);
#549=VECTOR('',#2056,10.);
#550=VECTOR('',#2059,10.);
#551=VECTOR('',#2060,10.);
#552=VECTOR('',#2065,10.);
#553=VECTOR('',#2070,10.);
#554=VECTOR('',#2071,10.);
#555=VECTOR('',#2072,10.);
#556=VECTOR('',#2079,10.);
#557=VECTOR('',#2082,10.);
#558=VECTOR('',#2083,10.);
#559=VECTOR('',#2088,10.);
#560=VECTOR('',#2093,10.);
#561=VECTOR('',#2094,10.);
#562=VECTOR('',#2095,10.);
#563=VECTOR('',#2102,10.);
#564=VECTOR('',#2105,10.);
#565=VECTOR('',#2106,10.);
#566=VECTOR('',#2111,10.);
#567=VECTOR('',#2116,10.);
#568=VECTOR('',#2117,10.);
#569=VECTOR('',#2118,10.);
#570=VECTOR('',#2125,10.);
#571=VECTOR('',#2128,10.);
#572=VECTOR('',#2129,10.);
#573=VECTOR('',#2134,10.);
#574=VECTOR('',#2139,10.);
#575=VECTOR('',#2140,10.);
#576=VECTOR('',#2141,10.);
#577=VECTOR('',#2158,10.);
#578=VECTOR('',#2159,10.);
#579=VECTOR('',#2160,10.);
#580=VECTOR('',#2161,10.);
#581=VECTOR('',#2164,10.);
#582=VECTOR('',#2165,10.);
#583=VECTOR('',#2166,10.);
#584=VECTOR('',#2167,10.);
#585=VECTOR('',#2170,10.);
#586=VECTOR('',#2171,10.);
#587=VECTOR('',#2172,10.);
#588=VECTOR('',#2173,10.);
#589=VECTOR('',#2176,10.);
#590=VECTOR('',#2177,10.);
#591=VECTOR('',#2178,10.);
#592=VECTOR('',#2179,10.);
#593=VECTOR('',#2182,10.);
#594=VECTOR('',#2183,10.);
#595=VECTOR('',#2184,10.);
#596=VECTOR('',#2185,10.);
#597=VECTOR('',#2188,10.);
#598=VECTOR('',#2189,10.);
#599=VECTOR('',#2190,10.);
#600=VECTOR('',#2191,10.);
#601=VECTOR('',#2194,10.);
#602=VECTOR('',#2195,10.);
#603=VECTOR('',#2196,10.);
#604=VECTOR('',#2197,10.);
#605=VECTOR('',#2200,10.);
#606=VECTOR('',#2201,10.);
#607=VECTOR('',#2202,10.);
#608=VECTOR('',#2203,10.);
#609=VECTOR('',#2210,10.);
#610=VECTOR('',#2211,10.);
#611=VECTOR('',#2212,10.);
#612=VECTOR('',#2213,10.);
#613=VECTOR('',#2216,10.);
#614=VECTOR('',#2217,10.);
#615=VECTOR('',#2218,10.);
#616=VECTOR('',#2219,10.);
#617=VECTOR('',#2222,10.);
#618=VECTOR('',#2223,10.);
#619=VECTOR('',#2224,10.);
#620=VECTOR('',#2225,10.);
#621=VECTOR('',#2228,10.);
#622=VECTOR('',#2229,10.);
#623=VECTOR('',#2230,10.);
#624=VECTOR('',#2231,10.);
#625=VECTOR('',#2234,10.);
#626=VECTOR('',#2235,10.);
#627=VECTOR('',#2236,10.);
#628=VECTOR('',#2237,10.);
#629=VECTOR('',#2240,10.);
#630=VECTOR('',#2241,10.);
#631=VECTOR('',#2242,10.);
#632=VECTOR('',#2243,10.);
#633=VECTOR('',#2246,10.);
#634=VECTOR('',#2247,10.);
#635=VECTOR('',#2248,10.);
#636=VECTOR('',#2249,10.);
#637=VECTOR('',#2252,10.);
#638=VECTOR('',#2253,10.);
#639=VECTOR('',#2254,10.);
#640=VECTOR('',#2255,10.);
#641=VECTOR('',#2258,45.);
#642=VECTOR('',#2261,10.);
#643=VECTOR('',#2262,10.);
#644=VECTOR('',#2265,10.);
#645=VECTOR('',#2268,10.);
#646=VECTOR('',#2271,10.);
#647=VECTOR('',#2272,10.);
#648=VECTOR('',#2275,10.);
#649=VECTOR('',#2278,10.);
#650=VECTOR('',#2281,10.);
#651=VECTOR('',#2284,10.);
#652=VECTOR('',#2285,10.);
#653=VECTOR('',#2288,10.);
#654=VECTOR('',#2291,10.);
#655=VECTOR('',#2294,10.);
#656=VECTOR('',#2297,10.);
#657=VECTOR('',#2298,10.);
#658=VECTOR('',#2301,10.);
#659=VECTOR('',#2304,10.);
#660=VECTOR('',#2307,10.);
#661=VECTOR('',#2310,10.);
#662=VECTOR('',#2311,10.);
#663=VECTOR('',#2314,10.);
#664=VECTOR('',#2317,10.);
#665=VECTOR('',#2320,10.);
#666=VECTOR('',#2323,10.);
#667=VECTOR('',#2324,10.);
#668=VECTOR('',#2327,10.);
#669=VECTOR('',#2330,10.);
#670=VECTOR('',#2333,10.);
#671=VECTOR('',#2336,10.);
#672=VECTOR('',#2337,10.);
#673=VECTOR('',#2340,10.);
#674=VECTOR('',#2343,10.);
#675=VECTOR('',#2346,10.);
#676=VECTOR('',#2349,10.);
#677=VECTOR('',#2350,10.);
#678=VECTOR('',#2353,10.);
#679=VECTOR('',#2356,10.);
#680=VECTOR('',#2359,10.);
#681=VECTOR('',#2362,10.);
#682=VERTEX_POINT('',#2381);
#683=VERTEX_POINT('',#2382);
#684=VERTEX_POINT('',#2384);
#685=VERTEX_POINT('',#2386);
#686=VERTEX_POINT('',#2390);
#687=VERTEX_POINT('',#2391);
#688=VERTEX_POINT('',#2393);
#689=VERTEX_POINT('',#2395);
#690=VERTEX_POINT('',#2399);
#691=VERTEX_POINT('',#2400);
#692=VERTEX_POINT('',#2402);
#693=VERTEX_POINT('',#2404);
#694=VERTEX_POINT('',#2408);
#695=VERTEX_POINT('',#2409);
#696=VERTEX_POINT('',#2411);
#697=VERTEX_POINT('',#2413);
#698=VERTEX_POINT('',#2417);
#699=VERTEX_POINT('',#2418);
#700=VERTEX_POINT('',#2420);
#701=VERTEX_POINT('',#2422);
#702=VERTEX_POINT('',#2426);
#703=VERTEX_POINT('',#2427);
#704=VERTEX_POINT('',#2429);
#705=VERTEX_POINT('',#2431);
#706=VERTEX_POINT('',#2435);
#707=VERTEX_POINT('',#2436);
#708=VERTEX_POINT('',#2438);
#709=VERTEX_POINT('',#2440);
#710=VERTEX_POINT('',#2444);
#711=VERTEX_POINT('',#2445);
#712=VERTEX_POINT('',#2447);
#713=VERTEX_POINT('',#2449);
#714=VERTEX_POINT('',#2453);
#715=VERTEX_POINT('',#2454);
#716=VERTEX_POINT('',#2456);
#717=VERTEX_POINT('',#2458);
#718=VERTEX_POINT('',#2465);
#719=VERTEX_POINT('',#2467);
#720=VERTEX_POINT('',#2471);
#721=VERTEX_POINT('',#2473);
#722=VERTEX_POINT('',#2477);
#723=VERTEX_POINT('',#2479);
#724=VERTEX_POINT('',#2483);
#725=VERTEX_POINT('',#2485);
#726=VERTEX_POINT('',#2492);
#727=VERTEX_POINT('',#2494);
#728=VERTEX_POINT('',#2498);
#729=VERTEX_POINT('',#2500);
#730=VERTEX_POINT('',#2504);
#731=VERTEX_POINT('',#2506);
#732=VERTEX_POINT('',#2513);
#733=VERTEX_POINT('',#2515);
#734=VERTEX_POINT('',#2519);
#735=VERTEX_POINT('',#2521);
#736=VERTEX_POINT('',#2525);
#737=VERTEX_POINT('',#2527);
#738=VERTEX_POINT('',#2534);
#739=VERTEX_POINT('',#2536);
#740=VERTEX_POINT('',#2540);
#741=VERTEX_POINT('',#2542);
#742=VERTEX_POINT('',#2546);
#743=VERTEX_POINT('',#2548);
#744=VERTEX_POINT('',#2555);
#745=VERTEX_POINT('',#2557);
#746=VERTEX_POINT('',#2561);
#747=VERTEX_POINT('',#2563);
#748=VERTEX_POINT('',#2567);
#749=VERTEX_POINT('',#2569);
#750=VERTEX_POINT('',#2576);
#751=VERTEX_POINT('',#2578);
#752=VERTEX_POINT('',#2582);
#753=VERTEX_POINT('',#2584);
#754=VERTEX_POINT('',#2588);
#755=VERTEX_POINT('',#2590);
#756=VERTEX_POINT('',#2597);
#757=VERTEX_POINT('',#2599);
#758=VERTEX_POINT('',#2603);
#759=VERTEX_POINT('',#2605);
#760=VERTEX_POINT('',#2609);
#761=VERTEX_POINT('',#2611);
#762=VERTEX_POINT('',#2618);
#763=VERTEX_POINT('',#2620);
#764=VERTEX_POINT('',#2624);
#765=VERTEX_POINT('',#2626);
#766=VERTEX_POINT('',#2635);
#767=VERTEX_POINT('',#2637);
#768=VERTEX_POINT('',#2638);
#769=VERTEX_POINT('',#2640);
#770=VERTEX_POINT('',#2642);
#771=VERTEX_POINT('',#2644);
#772=VERTEX_POINT('',#2646);
#773=VERTEX_POINT('',#2648);
#774=VERTEX_POINT('',#2650);
#775=VERTEX_POINT('',#2652);
#776=VERTEX_POINT('',#2654);
#777=VERTEX_POINT('',#2656);
#778=VERTEX_POINT('',#2658);
#779=VERTEX_POINT('',#2660);
#780=VERTEX_POINT('',#2662);
#781=VERTEX_POINT('',#2664);
#782=VERTEX_POINT('',#2666);
#783=VERTEX_POINT('',#2668);
#784=VERTEX_POINT('',#2670);
#785=VERTEX_POINT('',#2672);
#786=VERTEX_POINT('',#2674);
#787=VERTEX_POINT('',#2676);
#788=VERTEX_POINT('',#2678);
#789=VERTEX_POINT('',#2680);
#790=VERTEX_POINT('',#2682);
#791=VERTEX_POINT('',#2684);
#792=VERTEX_POINT('',#2686);
#793=VERTEX_POINT('',#2688);
#794=VERTEX_POINT('',#2690);
#795=VERTEX_POINT('',#2692);
#796=VERTEX_POINT('',#2694);
#797=VERTEX_POINT('',#2696);
#798=VERTEX_POINT('',#2698);
#799=VERTEX_POINT('',#2700);
#800=VERTEX_POINT('',#2702);
#801=VERTEX_POINT('',#2704);
#802=VERTEX_POINT('',#2706);
#803=VERTEX_POINT('',#2708);
#804=VERTEX_POINT('',#2710);
#805=VERTEX_POINT('',#2712);
#806=VERTEX_POINT('',#2714);
#807=VERTEX_POINT('',#2718);
#808=VERTEX_POINT('',#2720);
#809=VERTEX_POINT('',#2721);
#810=VERTEX_POINT('',#2723);
#811=VERTEX_POINT('',#2725);
#812=VERTEX_POINT('',#2727);
#813=VERTEX_POINT('',#2729);
#814=VERTEX_POINT('',#2731);
#815=VERTEX_POINT('',#2733);
#816=VERTEX_POINT('',#2735);
#817=VERTEX_POINT('',#2737);
#818=VERTEX_POINT('',#2739);
#819=VERTEX_POINT('',#2741);
#820=VERTEX_POINT('',#2743);
#821=VERTEX_POINT('',#2745);
#822=VERTEX_POINT('',#2747);
#823=VERTEX_POINT('',#2749);
#824=VERTEX_POINT('',#2751);
#825=VERTEX_POINT('',#2753);
#826=VERTEX_POINT('',#2755);
#827=VERTEX_POINT('',#2757);
#828=VERTEX_POINT('',#2759);
#829=VERTEX_POINT('',#2761);
#830=VERTEX_POINT('',#2763);
#831=VERTEX_POINT('',#2765);
#832=VERTEX_POINT('',#2767);
#833=VERTEX_POINT('',#2769);
#834=VERTEX_POINT('',#2771);
#835=VERTEX_POINT('',#2773);
#836=VERTEX_POINT('',#2775);
#837=VERTEX_POINT('',#2777);
#838=VERTEX_POINT('',#2779);
#839=VERTEX_POINT('',#2781);
#840=VERTEX_POINT('',#2783);
#841=VERTEX_POINT('',#2785);
#842=VERTEX_POINT('',#2787);
#843=VERTEX_POINT('',#2789);
#844=VERTEX_POINT('',#2791);
#845=VERTEX_POINT('',#2793);
#846=VERTEX_POINT('',#2795);
#847=VERTEX_POINT('',#2797);
#848=EDGE_CURVE('',#682,#683,#320,.T.);
#849=EDGE_CURVE('',#682,#684,#252,.T.);
#850=EDGE_CURVE('',#684,#685,#321,.T.);
#851=EDGE_CURVE('',#683,#685,#253,.T.);
#852=EDGE_CURVE('',#686,#687,#322,.T.);
#853=EDGE_CURVE('',#686,#688,#254,.T.);
#854=EDGE_CURVE('',#688,#689,#323,.T.);
#855=EDGE_CURVE('',#687,#689,#255,.T.);
#856=EDGE_CURVE('',#690,#691,#324,.T.);
#857=EDGE_CURVE('',#690,#692,#256,.T.);
#858=EDGE_CURVE('',#692,#693,#325,.T.);
#859=EDGE_CURVE('',#691,#693,#257,.T.);
#860=EDGE_CURVE('',#694,#695,#326,.T.);
#861=EDGE_CURVE('',#694,#696,#258,.T.);
#862=EDGE_CURVE('',#696,#697,#327,.T.);
#863=EDGE_CURVE('',#695,#697,#259,.T.);
#864=EDGE_CURVE('',#698,#699,#328,.T.);
#865=EDGE_CURVE('',#698,#700,#260,.T.);
#866=EDGE_CURVE('',#700,#701,#329,.T.);
#867=EDGE_CURVE('',#699,#701,#261,.T.);
#868=EDGE_CURVE('',#702,#703,#330,.T.);
#869=EDGE_CURVE('',#702,#704,#262,.T.);
#870=EDGE_CURVE('',#704,#705,#331,.T.);
#871=EDGE_CURVE('',#703,#705,#263,.T.);
#872=EDGE_CURVE('',#706,#707,#332,.T.);
#873=EDGE_CURVE('',#706,#708,#264,.T.);
#874=EDGE_CURVE('',#708,#709,#333,.T.);
#875=EDGE_CURVE('',#707,#709,#265,.T.);
#876=EDGE_CURVE('',#710,#711,#334,.T.);
#877=EDGE_CURVE('',#710,#712,#266,.T.);
#878=EDGE_CURVE('',#712,#713,#335,.T.);
#879=EDGE_CURVE('',#711,#713,#267,.T.);
#880=EDGE_CURVE('',#714,#715,#336,.T.);
#881=EDGE_CURVE('',#715,#716,#337,.T.);
#882=EDGE_CURVE('',#717,#716,#338,.T.);
#883=EDGE_CURVE('',#714,#717,#339,.T.);
#884=EDGE_CURVE('',#715,#714,#268,.T.);
#885=EDGE_CURVE('',#716,#717,#269,.T.);
#886=EDGE_CURVE('',#718,#684,#340,.T.);
#887=EDGE_CURVE('',#718,#719,#341,.T.);
#888=EDGE_CURVE('',#685,#719,#342,.T.);
#889=EDGE_CURVE('',#720,#683,#270,.T.);
#890=EDGE_CURVE('',#721,#720,#343,.T.);
#891=EDGE_CURVE('',#721,#682,#271,.T.);
#892=EDGE_CURVE('',#722,#721,#344,.T.);
#893=EDGE_CURVE('',#723,#720,#345,.T.);
#894=EDGE_CURVE('',#722,#723,#346,.T.);
#895=EDGE_CURVE('',#724,#722,#272,.T.);
#896=EDGE_CURVE('',#725,#723,#273,.T.);
#897=EDGE_CURVE('',#724,#725,#347,.T.);
#898=EDGE_CURVE('',#724,#688,#348,.T.);
#899=EDGE_CURVE('',#689,#725,#349,.T.);
#900=EDGE_CURVE('',#726,#687,#274,.T.);
#901=EDGE_CURVE('',#727,#726,#350,.T.);
#902=EDGE_CURVE('',#727,#686,#275,.T.);
#903=EDGE_CURVE('',#728,#727,#351,.T.);
#904=EDGE_CURVE('',#729,#726,#352,.T.);
#905=EDGE_CURVE('',#728,#729,#353,.T.);
#906=EDGE_CURVE('',#730,#728,#276,.T.);
#907=EDGE_CURVE('',#731,#729,#277,.T.);
#908=EDGE_CURVE('',#730,#731,#354,.T.);
#909=EDGE_CURVE('',#730,#692,#355,.T.);
#910=EDGE_CURVE('',#693,#731,#356,.T.);
#911=EDGE_CURVE('',#732,#691,#278,.T.);
#912=EDGE_CURVE('',#733,#732,#357,.T.);
#913=EDGE_CURVE('',#733,#690,#279,.T.);
#914=EDGE_CURVE('',#734,#733,#358,.T.);
#915=EDGE_CURVE('',#735,#732,#359,.T.);
#916=EDGE_CURVE('',#734,#735,#360,.T.);
#917=EDGE_CURVE('',#736,#734,#280,.T.);
#918=EDGE_CURVE('',#737,#735,#281,.T.);
#919=EDGE_CURVE('',#736,#737,#361,.T.);
#920=EDGE_CURVE('',#736,#696,#362,.T.);
#921=EDGE_CURVE('',#697,#737,#363,.T.);
#922=EDGE_CURVE('',#738,#695,#282,.T.);
#923=EDGE_CURVE('',#739,#738,#364,.T.);
#924=EDGE_CURVE('',#739,#694,#283,.T.);
#925=EDGE_CURVE('',#740,#739,#365,.T.);
#926=EDGE_CURVE('',#741,#738,#366,.T.);
#927=EDGE_CURVE('',#740,#741,#367,.T.);
#928=EDGE_CURVE('',#742,#740,#284,.T.);
#929=EDGE_CURVE('',#743,#741,#285,.T.);
#930=EDGE_CURVE('',#742,#743,#368,.T.);
#931=EDGE_CURVE('',#742,#700,#369,.T.);
#932=EDGE_CURVE('',#701,#743,#370,.T.);
#933=EDGE_CURVE('',#744,#699,#286,.T.);
#934=EDGE_CURVE('',#745,#744,#371,.T.);
#935=EDGE_CURVE('',#745,#698,#287,.T.);
#936=EDGE_CURVE('',#746,#745,#372,.T.);
#937=EDGE_CURVE('',#747,#744,#373,.T.);
#938=EDGE_CURVE('',#746,#747,#374,.T.);
#939=EDGE_CURVE('',#748,#746,#288,.T.);
#940=EDGE_CURVE('',#749,#747,#289,.T.);
#941=EDGE_CURVE('',#748,#749,#375,.T.);
#942=EDGE_CURVE('',#748,#704,#376,.T.);
#943=EDGE_CURVE('',#705,#749,#377,.T.);
#944=EDGE_CURVE('',#750,#703,#290,.T.);
#945=EDGE_CURVE('',#751,#750,#378,.T.);
#946=EDGE_CURVE('',#751,#702,#291,.T.);
#947=EDGE_CURVE('',#752,#751,#379,.T.);
#948=EDGE_CURVE('',#753,#750,#380,.T.);
#949=EDGE_CURVE('',#752,#753,#381,.T.);
#950=EDGE_CURVE('',#754,#752,#292,.T.);
#951=EDGE_CURVE('',#755,#753,#293,.T.);
#952=EDGE_CURVE('',#754,#755,#382,.T.);
#953=EDGE_CURVE('',#754,#708,#383,.T.);
#954=EDGE_CURVE('',#709,#755,#384,.T.);
#955=EDGE_CURVE('',#756,#707,#294,.T.);
#956=EDGE_CURVE('',#757,#756,#385,.T.);
#957=EDGE_CURVE('',#757,#706,#295,.T.);
#958=EDGE_CURVE('',#758,#757,#386,.T.);
#959=EDGE_CURVE('',#759,#756,#387,.T.);
#960=EDGE_CURVE('',#758,#759,#388,.T.);
#961=EDGE_CURVE('',#760,#758,#296,.T.);
#962=EDGE_CURVE('',#761,#759,#297,.T.);
#963=EDGE_CURVE('',#760,#761,#389,.T.);
#964=EDGE_CURVE('',#760,#712,#390,.T.);
#965=EDGE_CURVE('',#713,#761,#391,.T.);
#966=EDGE_CURVE('',#762,#711,#298,.T.);
#967=EDGE_CURVE('',#763,#762,#392,.T.);
#968=EDGE_CURVE('',#763,#710,#299,.T.);
#969=EDGE_CURVE('',#764,#763,#393,.T.);
#970=EDGE_CURVE('',#765,#762,#394,.T.);
#971=EDGE_CURVE('',#764,#765,#395,.T.);
#972=EDGE_CURVE('',#718,#764,#300,.T.);
#973=EDGE_CURVE('',#719,#765,#301,.T.);
#974=EDGE_CURVE('',#766,#766,#302,.T.);
#975=EDGE_CURVE('',#767,#768,#303,.T.);
#976=EDGE_CURVE('',#769,#767,#396,.T.);
#977=EDGE_CURVE('',#770,#769,#397,.T.);
#978=EDGE_CURVE('',#771,#770,#398,.T.);
#979=EDGE_CURVE('',#772,#771,#399,.T.);
#980=EDGE_CURVE('',#773,#772,#304,.T.);
#981=EDGE_CURVE('',#774,#773,#400,.T.);
#982=EDGE_CURVE('',#775,#774,#401,.T.);
#983=EDGE_CURVE('',#776,#775,#402,.T.);
#984=EDGE_CURVE('',#777,#776,#403,.T.);
#985=EDGE_CURVE('',#778,#777,#305,.T.);
#986=EDGE_CURVE('',#779,#778,#404,.T.);
#987=EDGE_CURVE('',#780,#779,#405,.T.);
#988=EDGE_CURVE('',#781,#780,#406,.T.);
#989=EDGE_CURVE('',#782,#781,#407,.T.);
#990=EDGE_CURVE('',#783,#782,#306,.T.);
#991=EDGE_CURVE('',#784,#783,#408,.T.);
#992=EDGE_CURVE('',#785,#784,#409,.T.);
#993=EDGE_CURVE('',#786,#785,#410,.T.);
#994=EDGE_CURVE('',#787,#786,#411,.T.);
#995=EDGE_CURVE('',#788,#787,#307,.T.);
#996=EDGE_CURVE('',#789,#788,#412,.T.);
#997=EDGE_CURVE('',#790,#789,#413,.T.);
#998=EDGE_CURVE('',#791,#790,#414,.T.);
#999=EDGE_CURVE('',#792,#791,#415,.T.);
#1000=EDGE_CURVE('',#793,#792,#308,.T.);
#1001=EDGE_CURVE('',#794,#793,#416,.T.);
#1002=EDGE_CURVE('',#795,#794,#417,.T.);
#1003=EDGE_CURVE('',#796,#795,#418,.T.);
#1004=EDGE_CURVE('',#797,#796,#419,.T.);
#1005=EDGE_CURVE('',#798,#797,#309,.T.);
#1006=EDGE_CURVE('',#799,#798,#420,.T.);
#1007=EDGE_CURVE('',#800,#799,#421,.T.);
#1008=EDGE_CURVE('',#801,#800,#422,.T.);
#1009=EDGE_CURVE('',#802,#801,#423,.T.);
#1010=EDGE_CURVE('',#803,#802,#310,.T.);
#1011=EDGE_CURVE('',#804,#803,#424,.T.);
#1012=EDGE_CURVE('',#805,#804,#425,.T.);
#1013=EDGE_CURVE('',#806,#805,#426,.T.);
#1014=EDGE_CURVE('',#768,#806,#427,.T.);
#1015=EDGE_CURVE('',#807,#807,#311,.T.);
#1016=EDGE_CURVE('',#808,#809,#312,.T.);
#1017=EDGE_CURVE('',#809,#810,#428,.T.);
#1018=EDGE_CURVE('',#810,#811,#429,.T.);
#1019=EDGE_CURVE('',#811,#812,#430,.T.);
#1020=EDGE_CURVE('',#812,#813,#431,.T.);
#1021=EDGE_CURVE('',#813,#814,#313,.T.);
#1022=EDGE_CURVE('',#814,#815,#432,.T.);
#1023=EDGE_CURVE('',#815,#816,#433,.T.);
#1024=EDGE_CURVE('',#816,#817,#434,.T.);
#1025=EDGE_CURVE('',#817,#818,#435,.T.);
#1026=EDGE_CURVE('',#818,#819,#314,.T.);
#1027=EDGE_CURVE('',#819,#820,#436,.T.);
#1028=EDGE_CURVE('',#820,#821,#437,.T.);
#1029=EDGE_CURVE('',#821,#822,#438,.T.);
#1030=EDGE_CURVE('',#822,#823,#439,.T.);
#1031=EDGE_CURVE('',#823,#824,#315,.T.);
#1032=EDGE_CURVE('',#824,#825,#440,.T.);
#1033=EDGE_CURVE('',#825,#826,#441,.T.);
#1034=EDGE_CURVE('',#826,#827,#442,.T.);
#1035=EDGE_CURVE('',#827,#828,#443,.T.);
#1036=EDGE_CURVE('',#828,#829,#316,.T.);
#1037=EDGE_CURVE('',#829,#830,#444,.T.);
#1038=EDGE_CURVE('',#830,#831,#445,.T.);
#1039=EDGE_CURVE('',#831,#832,#446,.T.);
#1040=EDGE_CURVE('',#832,#833,#447,.T.);
#1041=EDGE_CURVE('',#833,#834,#317,.T.);
#1042=EDGE_CURVE('',#834,#835,#448,.T.);
#1043=EDGE_CURVE('',#835,#836,#449,.T.);
#1044=EDGE_CURVE('',#836,#837,#450,.T.);
#1045=EDGE_CURVE('',#837,#838,#451,.T.);
#1046=EDGE_CURVE('',#838,#839,#318,.T.);
#1047=EDGE_CURVE('',#839,#840,#452,.T.);
#1048=EDGE_CURVE('',#840,#841,#453,.T.);
#1049=EDGE_CURVE('',#841,#842,#454,.T.);
#1050=EDGE_CURVE('',#842,#843,#455,.T.);
#1051=EDGE_CURVE('',#843,#844,#319,.T.);
#1052=EDGE_CURVE('',#844,#845,#456,.T.);
#1053=EDGE_CURVE('',#845,#846,#457,.T.);
#1054=EDGE_CURVE('',#846,#847,#458,.T.);
#1055=EDGE_CURVE('',#847,#808,#459,.T.);
#1056=EDGE_CURVE('',#807,#766,#460,.T.);
#1057=EDGE_CURVE('',#768,#809,#461,.T.);
#1058=EDGE_CURVE('',#767,#808,#462,.T.);
#1059=EDGE_CURVE('',#806,#810,#463,.T.);
#1060=EDGE_CURVE('',#805,#811,#464,.T.);
#1061=EDGE_CURVE('',#803,#813,#465,.T.);
#1062=EDGE_CURVE('',#804,#812,#466,.T.);
#1063=EDGE_CURVE('',#802,#814,#467,.T.);
#1064=EDGE_CURVE('',#801,#815,#468,.T.);
#1065=EDGE_CURVE('',#800,#816,#469,.T.);
#1066=EDGE_CURVE('',#798,#818,#470,.T.);
#1067=EDGE_CURVE('',#799,#817,#471,.T.);
#1068=EDGE_CURVE('',#797,#819,#472,.T.);
#1069=EDGE_CURVE('',#796,#820,#473,.T.);
#1070=EDGE_CURVE('',#795,#821,#474,.T.);
#1071=EDGE_CURVE('',#793,#823,#475,.T.);
#1072=EDGE_CURVE('',#794,#822,#476,.T.);
#1073=EDGE_CURVE('',#792,#824,#477,.T.);
#1074=EDGE_CURVE('',#791,#825,#478,.T.);
#1075=EDGE_CURVE('',#790,#826,#479,.T.);
#1076=EDGE_CURVE('',#788,#828,#480,.T.);
#1077=EDGE_CURVE('',#789,#827,#481,.T.);
#1078=EDGE_CURVE('',#787,#829,#482,.T.);
#1079=EDGE_CURVE('',#786,#830,#483,.T.);
#1080=EDGE_CURVE('',#785,#831,#484,.T.);
#1081=EDGE_CURVE('',#783,#833,#485,.T.);
#1082=EDGE_CURVE('',#784,#832,#486,.T.);
#1083=EDGE_CURVE('',#782,#834,#487,.T.);
#1084=EDGE_CURVE('',#781,#835,#488,.T.);
#1085=EDGE_CURVE('',#780,#836,#489,.T.);
#1086=EDGE_CURVE('',#778,#838,#490,.T.);
#1087=EDGE_CURVE('',#779,#837,#491,.T.);
#1088=EDGE_CURVE('',#777,#839,#492,.T.);
#1089=EDGE_CURVE('',#776,#840,#493,.T.);
#1090=EDGE_CURVE('',#775,#841,#494,.T.);
#1091=EDGE_CURVE('',#773,#843,#495,.T.);
#1092=EDGE_CURVE('',#774,#842,#496,.T.);
#1093=EDGE_CURVE('',#772,#844,#497,.T.);
#1094=EDGE_CURVE('',#771,#845,#498,.T.);
#1095=EDGE_CURVE('',#770,#846,#499,.T.);
#1096=EDGE_CURVE('',#769,#847,#500,.T.);
#1097=ORIENTED_EDGE('',*,*,#848,.F.);
#1098=ORIENTED_EDGE('',*,*,#849,.T.);
#1099=ORIENTED_EDGE('',*,*,#850,.T.);
#1100=ORIENTED_EDGE('',*,*,#851,.F.);
#1101=ORIENTED_EDGE('',*,*,#852,.F.);
#1102=ORIENTED_EDGE('',*,*,#853,.T.);
#1103=ORIENTED_EDGE('',*,*,#854,.T.);
#1104=ORIENTED_EDGE('',*,*,#855,.F.);
#1105=ORIENTED_EDGE('',*,*,#856,.F.);
#1106=ORIENTED_EDGE('',*,*,#857,.T.);
#1107=ORIENTED_EDGE('',*,*,#858,.T.);
#1108=ORIENTED_EDGE('',*,*,#859,.F.);
#1109=ORIENTED_EDGE('',*,*,#860,.F.);
#1110=ORIENTED_EDGE('',*,*,#861,.T.);
#1111=ORIENTED_EDGE('',*,*,#862,.T.);
#1112=ORIENTED_EDGE('',*,*,#863,.F.);
#1113=ORIENTED_EDGE('',*,*,#864,.F.);
#1114=ORIENTED_EDGE('',*,*,#865,.T.);
#1115=ORIENTED_EDGE('',*,*,#866,.T.);
#1116=ORIENTED_EDGE('',*,*,#867,.F.);
#1117=ORIENTED_EDGE('',*,*,#868,.F.);
#1118=ORIENTED_EDGE('',*,*,#869,.T.);
#1119=ORIENTED_EDGE('',*,*,#870,.T.);
#1120=ORIENTED_EDGE('',*,*,#871,.F.);
#1121=ORIENTED_EDGE('',*,*,#872,.F.);
#1122=ORIENTED_EDGE('',*,*,#873,.T.);
#1123=ORIENTED_EDGE('',*,*,#874,.T.);
#1124=ORIENTED_EDGE('',*,*,#875,.F.);
#1125=ORIENTED_EDGE('',*,*,#876,.F.);
#1126=ORIENTED_EDGE('',*,*,#877,.T.);
#1127=ORIENTED_EDGE('',*,*,#878,.T.);
#1128=ORIENTED_EDGE('',*,*,#879,.F.);
#1129=ORIENTED_EDGE('',*,*,#880,.T.);
#1130=ORIENTED_EDGE('',*,*,#881,.T.);
#1131=ORIENTED_EDGE('',*,*,#882,.F.);
#1132=ORIENTED_EDGE('',*,*,#883,.F.);
#1133=ORIENTED_EDGE('',*,*,#884,.T.);
#1134=ORIENTED_EDGE('',*,*,#883,.T.);
#1135=ORIENTED_EDGE('',*,*,#885,.F.);
#1136=ORIENTED_EDGE('',*,*,#881,.F.);
#1137=ORIENTED_EDGE('',*,*,#886,.F.);
#1138=ORIENTED_EDGE('',*,*,#887,.T.);
#1139=ORIENTED_EDGE('',*,*,#888,.F.);
#1140=ORIENTED_EDGE('',*,*,#850,.F.);
#1141=ORIENTED_EDGE('',*,*,#848,.T.);
#1142=ORIENTED_EDGE('',*,*,#889,.F.);
#1143=ORIENTED_EDGE('',*,*,#890,.F.);
#1144=ORIENTED_EDGE('',*,*,#891,.T.);
#1145=ORIENTED_EDGE('',*,*,#892,.T.);
#1146=ORIENTED_EDGE('',*,*,#890,.T.);
#1147=ORIENTED_EDGE('',*,*,#893,.F.);
#1148=ORIENTED_EDGE('',*,*,#894,.F.);
#1149=ORIENTED_EDGE('',*,*,#895,.T.);
#1150=ORIENTED_EDGE('',*,*,#894,.T.);
#1151=ORIENTED_EDGE('',*,*,#896,.F.);
#1152=ORIENTED_EDGE('',*,*,#897,.F.);
#1153=ORIENTED_EDGE('',*,*,#898,.F.);
#1154=ORIENTED_EDGE('',*,*,#897,.T.);
#1155=ORIENTED_EDGE('',*,*,#899,.F.);
#1156=ORIENTED_EDGE('',*,*,#854,.F.);
#1157=ORIENTED_EDGE('',*,*,#852,.T.);
#1158=ORIENTED_EDGE('',*,*,#900,.F.);
#1159=ORIENTED_EDGE('',*,*,#901,.F.);
#1160=ORIENTED_EDGE('',*,*,#902,.T.);
#1161=ORIENTED_EDGE('',*,*,#903,.T.);
#1162=ORIENTED_EDGE('',*,*,#901,.T.);
#1163=ORIENTED_EDGE('',*,*,#904,.F.);
#1164=ORIENTED_EDGE('',*,*,#905,.F.);
#1165=ORIENTED_EDGE('',*,*,#906,.T.);
#1166=ORIENTED_EDGE('',*,*,#905,.T.);
#1167=ORIENTED_EDGE('',*,*,#907,.F.);
#1168=ORIENTED_EDGE('',*,*,#908,.F.);
#1169=ORIENTED_EDGE('',*,*,#909,.F.);
#1170=ORIENTED_EDGE('',*,*,#908,.T.);
#1171=ORIENTED_EDGE('',*,*,#910,.F.);
#1172=ORIENTED_EDGE('',*,*,#858,.F.);
#1173=ORIENTED_EDGE('',*,*,#856,.T.);
#1174=ORIENTED_EDGE('',*,*,#911,.F.);
#1175=ORIENTED_EDGE('',*,*,#912,.F.);
#1176=ORIENTED_EDGE('',*,*,#913,.T.);
#1177=ORIENTED_EDGE('',*,*,#914,.T.);
#1178=ORIENTED_EDGE('',*,*,#912,.T.);
#1179=ORIENTED_EDGE('',*,*,#915,.F.);
#1180=ORIENTED_EDGE('',*,*,#916,.F.);
#1181=ORIENTED_EDGE('',*,*,#917,.T.);
#1182=ORIENTED_EDGE('',*,*,#916,.T.);
#1183=ORIENTED_EDGE('',*,*,#918,.F.);
#1184=ORIENTED_EDGE('',*,*,#919,.F.);
#1185=ORIENTED_EDGE('',*,*,#920,.F.);
#1186=ORIENTED_EDGE('',*,*,#919,.T.);
#1187=ORIENTED_EDGE('',*,*,#921,.F.);
#1188=ORIENTED_EDGE('',*,*,#862,.F.);
#1189=ORIENTED_EDGE('',*,*,#860,.T.);
#1190=ORIENTED_EDGE('',*,*,#922,.F.);
#1191=ORIENTED_EDGE('',*,*,#923,.F.);
#1192=ORIENTED_EDGE('',*,*,#924,.T.);
#1193=ORIENTED_EDGE('',*,*,#925,.T.);
#1194=ORIENTED_EDGE('',*,*,#923,.T.);
#1195=ORIENTED_EDGE('',*,*,#926,.F.);
#1196=ORIENTED_EDGE('',*,*,#927,.F.);
#1197=ORIENTED_EDGE('',*,*,#928,.T.);
#1198=ORIENTED_EDGE('',*,*,#927,.T.);
#1199=ORIENTED_EDGE('',*,*,#929,.F.);
#1200=ORIENTED_EDGE('',*,*,#930,.F.);
#1201=ORIENTED_EDGE('',*,*,#931,.F.);
#1202=ORIENTED_EDGE('',*,*,#930,.T.);
#1203=ORIENTED_EDGE('',*,*,#932,.F.);
#1204=ORIENTED_EDGE('',*,*,#866,.F.);
#1205=ORIENTED_EDGE('',*,*,#864,.T.);
#1206=ORIENTED_EDGE('',*,*,#933,.F.);
#1207=ORIENTED_EDGE('',*,*,#934,.F.);
#1208=ORIENTED_EDGE('',*,*,#935,.T.);
#1209=ORIENTED_EDGE('',*,*,#936,.T.);
#1210=ORIENTED_EDGE('',*,*,#934,.T.);
#1211=ORIENTED_EDGE('',*,*,#937,.F.);
#1212=ORIENTED_EDGE('',*,*,#938,.F.);
#1213=ORIENTED_EDGE('',*,*,#939,.T.);
#1214=ORIENTED_EDGE('',*,*,#938,.T.);
#1215=ORIENTED_EDGE('',*,*,#940,.F.);
#1216=ORIENTED_EDGE('',*,*,#941,.F.);
#1217=ORIENTED_EDGE('',*,*,#942,.F.);
#1218=ORIENTED_EDGE('',*,*,#941,.T.);
#1219=ORIENTED_EDGE('',*,*,#943,.F.);
#1220=ORIENTED_EDGE('',*,*,#870,.F.);
#1221=ORIENTED_EDGE('',*,*,#868,.T.);
#1222=ORIENTED_EDGE('',*,*,#944,.F.);
#1223=ORIENTED_EDGE('',*,*,#945,.F.);
#1224=ORIENTED_EDGE('',*,*,#946,.T.);
#1225=ORIENTED_EDGE('',*,*,#947,.T.);
#1226=ORIENTED_EDGE('',*,*,#945,.T.);
#1227=ORIENTED_EDGE('',*,*,#948,.F.);
#1228=ORIENTED_EDGE('',*,*,#949,.F.);
#1229=ORIENTED_EDGE('',*,*,#950,.T.);
#1230=ORIENTED_EDGE('',*,*,#949,.T.);
#1231=ORIENTED_EDGE('',*,*,#951,.F.);
#1232=ORIENTED_EDGE('',*,*,#952,.F.);
#1233=ORIENTED_EDGE('',*,*,#953,.F.);
#1234=ORIENTED_EDGE('',*,*,#952,.T.);
#1235=ORIENTED_EDGE('',*,*,#954,.F.);
#1236=ORIENTED_EDGE('',*,*,#874,.F.);
#1237=ORIENTED_EDGE('',*,*,#872,.T.);
#1238=ORIENTED_EDGE('',*,*,#955,.F.);
#1239=ORIENTED_EDGE('',*,*,#956,.F.);
#1240=ORIENTED_EDGE('',*,*,#957,.T.);
#1241=ORIENTED_EDGE('',*,*,#958,.T.);
#1242=ORIENTED_EDGE('',*,*,#956,.T.);
#1243=ORIENTED_EDGE('',*,*,#959,.F.);
#1244=ORIENTED_EDGE('',*,*,#960,.F.);
#1245=ORIENTED_EDGE('',*,*,#961,.T.);
#1246=ORIENTED_EDGE('',*,*,#960,.T.);
#1247=ORIENTED_EDGE('',*,*,#962,.F.);
#1248=ORIENTED_EDGE('',*,*,#963,.F.);
#1249=ORIENTED_EDGE('',*,*,#964,.F.);
#1250=ORIENTED_EDGE('',*,*,#963,.T.);
#1251=ORIENTED_EDGE('',*,*,#965,.F.);
#1252=ORIENTED_EDGE('',*,*,#878,.F.);
#1253=ORIENTED_EDGE('',*,*,#876,.T.);
#1254=ORIENTED_EDGE('',*,*,#966,.F.);
#1255=ORIENTED_EDGE('',*,*,#967,.F.);
#1256=ORIENTED_EDGE('',*,*,#968,.T.);
#1257=ORIENTED_EDGE('',*,*,#969,.T.);
#1258=ORIENTED_EDGE('',*,*,#967,.T.);
#1259=ORIENTED_EDGE('',*,*,#970,.F.);
#1260=ORIENTED_EDGE('',*,*,#971,.F.);
#1261=ORIENTED_EDGE('',*,*,#972,.T.);
#1262=ORIENTED_EDGE('',*,*,#971,.T.);
#1263=ORIENTED_EDGE('',*,*,#973,.F.);
#1264=ORIENTED_EDGE('',*,*,#887,.F.);
#1265=ORIENTED_EDGE('',*,*,#973,.T.);
#1266=ORIENTED_EDGE('',*,*,#970,.T.);
#1267=ORIENTED_EDGE('',*,*,#966,.T.);
#1268=ORIENTED_EDGE('',*,*,#879,.T.);
#1269=ORIENTED_EDGE('',*,*,#965,.T.);
#1270=ORIENTED_EDGE('',*,*,#962,.T.);
#1271=ORIENTED_EDGE('',*,*,#959,.T.);
#1272=ORIENTED_EDGE('',*,*,#955,.T.);
#1273=ORIENTED_EDGE('',*,*,#875,.T.);
#1274=ORIENTED_EDGE('',*,*,#954,.T.);
#1275=ORIENTED_EDGE('',*,*,#951,.T.);
#1276=ORIENTED_EDGE('',*,*,#948,.T.);
#1277=ORIENTED_EDGE('',*,*,#944,.T.);
#1278=ORIENTED_EDGE('',*,*,#871,.T.);
#1279=ORIENTED_EDGE('',*,*,#943,.T.);
#1280=ORIENTED_EDGE('',*,*,#940,.T.);
#1281=ORIENTED_EDGE('',*,*,#937,.T.);
#1282=ORIENTED_EDGE('',*,*,#933,.T.);
#1283=ORIENTED_EDGE('',*,*,#867,.T.);
#1284=ORIENTED_EDGE('',*,*,#932,.T.);
#1285=ORIENTED_EDGE('',*,*,#929,.T.);
#1286=ORIENTED_EDGE('',*,*,#926,.T.);
#1287=ORIENTED_EDGE('',*,*,#922,.T.);
#1288=ORIENTED_EDGE('',*,*,#863,.T.);
#1289=ORIENTED_EDGE('',*,*,#921,.T.);
#1290=ORIENTED_EDGE('',*,*,#918,.T.);
#1291=ORIENTED_EDGE('',*,*,#915,.T.);
#1292=ORIENTED_EDGE('',*,*,#911,.T.);
#1293=ORIENTED_EDGE('',*,*,#859,.T.);
#1294=ORIENTED_EDGE('',*,*,#910,.T.);
#1295=ORIENTED_EDGE('',*,*,#907,.T.);
#1296=ORIENTED_EDGE('',*,*,#904,.T.);
#1297=ORIENTED_EDGE('',*,*,#900,.T.);
#1298=ORIENTED_EDGE('',*,*,#855,.T.);
#1299=ORIENTED_EDGE('',*,*,#899,.T.);
#1300=ORIENTED_EDGE('',*,*,#896,.T.);
#1301=ORIENTED_EDGE('',*,*,#893,.T.);
#1302=ORIENTED_EDGE('',*,*,#889,.T.);
#1303=ORIENTED_EDGE('',*,*,#851,.T.);
#1304=ORIENTED_EDGE('',*,*,#888,.T.);
#1305=ORIENTED_EDGE('',*,*,#885,.T.);
#1306=ORIENTED_EDGE('',*,*,#882,.T.);
#1307=ORIENTED_EDGE('',*,*,#972,.F.);
#1308=ORIENTED_EDGE('',*,*,#886,.T.);
#1309=ORIENTED_EDGE('',*,*,#849,.F.);
#1310=ORIENTED_EDGE('',*,*,#891,.F.);
#1311=ORIENTED_EDGE('',*,*,#892,.F.);
#1312=ORIENTED_EDGE('',*,*,#895,.F.);
#1313=ORIENTED_EDGE('',*,*,#898,.T.);
#1314=ORIENTED_EDGE('',*,*,#853,.F.);
#1315=ORIENTED_EDGE('',*,*,#902,.F.);
#1316=ORIENTED_EDGE('',*,*,#903,.F.);
#1317=ORIENTED_EDGE('',*,*,#906,.F.);
#1318=ORIENTED_EDGE('',*,*,#909,.T.);
#1319=ORIENTED_EDGE('',*,*,#857,.F.);
#1320=ORIENTED_EDGE('',*,*,#913,.F.);
#1321=ORIENTED_EDGE('',*,*,#914,.F.);
#1322=ORIENTED_EDGE('',*,*,#917,.F.);
#1323=ORIENTED_EDGE('',*,*,#920,.T.);
#1324=ORIENTED_EDGE('',*,*,#861,.F.);
#1325=ORIENTED_EDGE('',*,*,#924,.F.);
#1326=ORIENTED_EDGE('',*,*,#925,.F.);
#1327=ORIENTED_EDGE('',*,*,#928,.F.);
#1328=ORIENTED_EDGE('',*,*,#931,.T.);
#1329=ORIENTED_EDGE('',*,*,#865,.F.);
#1330=ORIENTED_EDGE('',*,*,#935,.F.);
#1331=ORIENTED_EDGE('',*,*,#936,.F.);
#1332=ORIENTED_EDGE('',*,*,#939,.F.);
#1333=ORIENTED_EDGE('',*,*,#942,.T.);
#1334=ORIENTED_EDGE('',*,*,#869,.F.);
#1335=ORIENTED_EDGE('',*,*,#946,.F.);
#1336=ORIENTED_EDGE('',*,*,#947,.F.);
#1337=ORIENTED_EDGE('',*,*,#950,.F.);
#1338=ORIENTED_EDGE('',*,*,#953,.T.);
#1339=ORIENTED_EDGE('',*,*,#873,.F.);
#1340=ORIENTED_EDGE('',*,*,#957,.F.);
#1341=ORIENTED_EDGE('',*,*,#958,.F.);
#1342=ORIENTED_EDGE('',*,*,#961,.F.);
#1343=ORIENTED_EDGE('',*,*,#964,.T.);
#1344=ORIENTED_EDGE('',*,*,#877,.F.);
#1345=ORIENTED_EDGE('',*,*,#968,.F.);
#1346=ORIENTED_EDGE('',*,*,#969,.F.);
#1347=ORIENTED_EDGE('',*,*,#884,.F.);
#1348=ORIENTED_EDGE('',*,*,#880,.F.);
#1349=ORIENTED_EDGE('',*,*,#974,.F.);
#1350=ORIENTED_EDGE('',*,*,#975,.F.);
#1351=ORIENTED_EDGE('',*,*,#976,.F.);
#1352=ORIENTED_EDGE('',*,*,#977,.F.);
#1353=ORIENTED_EDGE('',*,*,#978,.F.);
#1354=ORIENTED_EDGE('',*,*,#979,.F.);
#1355=ORIENTED_EDGE('',*,*,#980,.F.);
#1356=ORIENTED_EDGE('',*,*,#981,.F.);
#1357=ORIENTED_EDGE('',*,*,#982,.F.);
#1358=ORIENTED_EDGE('',*,*,#983,.F.);
#1359=ORIENTED_EDGE('',*,*,#984,.F.);
#1360=ORIENTED_EDGE('',*,*,#985,.F.);
#1361=ORIENTED_EDGE('',*,*,#986,.F.);
#1362=ORIENTED_EDGE('',*,*,#987,.F.);
#1363=ORIENTED_EDGE('',*,*,#988,.F.);
#1364=ORIENTED_EDGE('',*,*,#989,.F.);
#1365=ORIENTED_EDGE('',*,*,#990,.F.);
#1366=ORIENTED_EDGE('',*,*,#991,.F.);
#1367=ORIENTED_EDGE('',*,*,#992,.F.);
#1368=ORIENTED_EDGE('',*,*,#993,.F.);
#1369=ORIENTED_EDGE('',*,*,#994,.F.);
#1370=ORIENTED_EDGE('',*,*,#995,.F.);
#1371=ORIENTED_EDGE('',*,*,#996,.F.);
#1372=ORIENTED_EDGE('',*,*,#997,.F.);
#1373=ORIENTED_EDGE('',*,*,#998,.F.);
#1374=ORIENTED_EDGE('',*,*,#999,.F.);
#1375=ORIENTED_EDGE('',*,*,#1000,.F.);
#1376=ORIENTED_EDGE('',*,*,#1001,.F.);
#1377=ORIENTED_EDGE('',*,*,#1002,.F.);
#1378=ORIENTED_EDGE('',*,*,#1003,.F.);
#1379=ORIENTED_EDGE('',*,*,#1004,.F.);
#1380=ORIENTED_EDGE('',*,*,#1005,.F.);
#1381=ORIENTED_EDGE('',*,*,#1006,.F.);
#1382=ORIENTED_EDGE('',*,*,#1007,.F.);
#1383=ORIENTED_EDGE('',*,*,#1008,.F.);
#1384=ORIENTED_EDGE('',*,*,#1009,.F.);
#1385=ORIENTED_EDGE('',*,*,#1010,.F.);
#1386=ORIENTED_EDGE('',*,*,#1011,.F.);
#1387=ORIENTED_EDGE('',*,*,#1012,.F.);
#1388=ORIENTED_EDGE('',*,*,#1013,.F.);
#1389=ORIENTED_EDGE('',*,*,#1014,.F.);
#1390=ORIENTED_EDGE('',*,*,#1015,.T.);
#1391=ORIENTED_EDGE('',*,*,#1016,.T.);
#1392=ORIENTED_EDGE('',*,*,#1017,.T.);
#1393=ORIENTED_EDGE('',*,*,#1018,.T.);
#1394=ORIENTED_EDGE('',*,*,#1019,.T.);
#1395=ORIENTED_EDGE('',*,*,#1020,.T.);
#1396=ORIENTED_EDGE('',*,*,#1021,.T.);
#1397=ORIENTED_EDGE('',*,*,#1022,.T.);
#1398=ORIENTED_EDGE('',*,*,#1023,.T.);
#1399=ORIENTED_EDGE('',*,*,#1024,.T.);
#1400=ORIENTED_EDGE('',*,*,#1025,.T.);
#1401=ORIENTED_EDGE('',*,*,#1026,.T.);
#1402=ORIENTED_EDGE('',*,*,#1027,.T.);
#1403=ORIENTED_EDGE('',*,*,#1028,.T.);
#1404=ORIENTED_EDGE('',*,*,#1029,.T.);
#1405=ORIENTED_EDGE('',*,*,#1030,.T.);
#1406=ORIENTED_EDGE('',*,*,#1031,.T.);
#1407=ORIENTED_EDGE('',*,*,#1032,.T.);
#1408=ORIENTED_EDGE('',*,*,#1033,.T.);
#1409=ORIENTED_EDGE('',*,*,#1034,.T.);
#1410=ORIENTED_EDGE('',*,*,#1035,.T.);
#1411=ORIENTED_EDGE('',*,*,#1036,.T.);
#1412=ORIENTED_EDGE('',*,*,#1037,.T.);
#1413=ORIENTED_EDGE('',*,*,#1038,.T.);
#1414=ORIENTED_EDGE('',*,*,#1039,.T.);
#1415=ORIENTED_EDGE('',*,*,#1040,.T.);
#1416=ORIENTED_EDGE('',*,*,#1041,.T.);
#1417=ORIENTED_EDGE('',*,*,#1042,.T.);
#1418=ORIENTED_EDGE('',*,*,#1043,.T.);
#1419=ORIENTED_EDGE('',*,*,#1044,.T.);
#1420=ORIENTED_EDGE('',*,*,#1045,.T.);
#1421=ORIENTED_EDGE('',*,*,#1046,.T.);
#1422=ORIENTED_EDGE('',*,*,#1047,.T.);
#1423=ORIENTED_EDGE('',*,*,#1048,.T.);
#1424=ORIENTED_EDGE('',*,*,#1049,.T.);
#1425=ORIENTED_EDGE('',*,*,#1050,.T.);
#1426=ORIENTED_EDGE('',*,*,#1051,.T.);
#1427=ORIENTED_EDGE('',*,*,#1052,.T.);
#1428=ORIENTED_EDGE('',*,*,#1053,.T.);
#1429=ORIENTED_EDGE('',*,*,#1054,.T.);
#1430=ORIENTED_EDGE('',*,*,#1055,.T.);
#1431=ORIENTED_EDGE('',*,*,#1015,.F.);
#1432=ORIENTED_EDGE('',*,*,#1056,.T.);
#1433=ORIENTED_EDGE('',*,*,#974,.T.);
#1434=ORIENTED_EDGE('',*,*,#1056,.F.);
#1435=ORIENTED_EDGE('',*,*,#975,.T.);
#1436=ORIENTED_EDGE('',*,*,#1057,.T.);
#1437=ORIENTED_EDGE('',*,*,#1016,.F.);
#1438=ORIENTED_EDGE('',*,*,#1058,.F.);
#1439=ORIENTED_EDGE('',*,*,#1014,.T.);
#1440=ORIENTED_EDGE('',*,*,#1059,.T.);
#1441=ORIENTED_EDGE('',*,*,#1017,.F.);
#1442=ORIENTED_EDGE('',*,*,#1057,.F.);
#1443=ORIENTED_EDGE('',*,*,#1060,.T.);
#1444=ORIENTED_EDGE('',*,*,#1018,.F.);
#1445=ORIENTED_EDGE('',*,*,#1059,.F.);
#1446=ORIENTED_EDGE('',*,*,#1013,.T.);
#1447=ORIENTED_EDGE('',*,*,#1011,.T.);
#1448=ORIENTED_EDGE('',*,*,#1061,.T.);
#1449=ORIENTED_EDGE('',*,*,#1020,.F.);
#1450=ORIENTED_EDGE('',*,*,#1062,.F.);
#1451=ORIENTED_EDGE('',*,*,#1010,.T.);
#1452=ORIENTED_EDGE('',*,*,#1063,.T.);
#1453=ORIENTED_EDGE('',*,*,#1021,.F.);
#1454=ORIENTED_EDGE('',*,*,#1061,.F.);
#1455=ORIENTED_EDGE('',*,*,#1009,.T.);
#1456=ORIENTED_EDGE('',*,*,#1064,.T.);
#1457=ORIENTED_EDGE('',*,*,#1022,.F.);
#1458=ORIENTED_EDGE('',*,*,#1063,.F.);
#1459=ORIENTED_EDGE('',*,*,#1065,.T.);
#1460=ORIENTED_EDGE('',*,*,#1023,.F.);
#1461=ORIENTED_EDGE('',*,*,#1064,.F.);
#1462=ORIENTED_EDGE('',*,*,#1008,.T.);
#1463=ORIENTED_EDGE('',*,*,#1006,.T.);
#1464=ORIENTED_EDGE('',*,*,#1066,.T.);
#1465=ORIENTED_EDGE('',*,*,#1025,.F.);
#1466=ORIENTED_EDGE('',*,*,#1067,.F.);
#1467=ORIENTED_EDGE('',*,*,#1005,.T.);
#1468=ORIENTED_EDGE('',*,*,#1068,.T.);
#1469=ORIENTED_EDGE('',*,*,#1026,.F.);
#1470=ORIENTED_EDGE('',*,*,#1066,.F.);
#1471=ORIENTED_EDGE('',*,*,#1004,.T.);
#1472=ORIENTED_EDGE('',*,*,#1069,.T.);
#1473=ORIENTED_EDGE('',*,*,#1027,.F.);
#1474=ORIENTED_EDGE('',*,*,#1068,.F.);
#1475=ORIENTED_EDGE('',*,*,#1070,.T.);
#1476=ORIENTED_EDGE('',*,*,#1028,.F.);
#1477=ORIENTED_EDGE('',*,*,#1069,.F.);
#1478=ORIENTED_EDGE('',*,*,#1003,.T.);
#1479=ORIENTED_EDGE('',*,*,#1001,.T.);
#1480=ORIENTED_EDGE('',*,*,#1071,.T.);
#1481=ORIENTED_EDGE('',*,*,#1030,.F.);
#1482=ORIENTED_EDGE('',*,*,#1072,.F.);
#1483=ORIENTED_EDGE('',*,*,#1000,.T.);
#1484=ORIENTED_EDGE('',*,*,#1073,.T.);
#1485=ORIENTED_EDGE('',*,*,#1031,.F.);
#1486=ORIENTED_EDGE('',*,*,#1071,.F.);
#1487=ORIENTED_EDGE('',*,*,#999,.T.);
#1488=ORIENTED_EDGE('',*,*,#1074,.T.);
#1489=ORIENTED_EDGE('',*,*,#1032,.F.);
#1490=ORIENTED_EDGE('',*,*,#1073,.F.);
#1491=ORIENTED_EDGE('',*,*,#1075,.T.);
#1492=ORIENTED_EDGE('',*,*,#1033,.F.);
#1493=ORIENTED_EDGE('',*,*,#1074,.F.);
#1494=ORIENTED_EDGE('',*,*,#998,.T.);
#1495=ORIENTED_EDGE('',*,*,#996,.T.);
#1496=ORIENTED_EDGE('',*,*,#1076,.T.);
#1497=ORIENTED_EDGE('',*,*,#1035,.F.);
#1498=ORIENTED_EDGE('',*,*,#1077,.F.);
#1499=ORIENTED_EDGE('',*,*,#995,.T.);
#1500=ORIENTED_EDGE('',*,*,#1078,.T.);
#1501=ORIENTED_EDGE('',*,*,#1036,.F.);
#1502=ORIENTED_EDGE('',*,*,#1076,.F.);
#1503=ORIENTED_EDGE('',*,*,#994,.T.);
#1504=ORIENTED_EDGE('',*,*,#1079,.T.);
#1505=ORIENTED_EDGE('',*,*,#1037,.F.);
#1506=ORIENTED_EDGE('',*,*,#1078,.F.);
#1507=ORIENTED_EDGE('',*,*,#1080,.T.);
#1508=ORIENTED_EDGE('',*,*,#1038,.F.);
#1509=ORIENTED_EDGE('',*,*,#1079,.F.);
#1510=ORIENTED_EDGE('',*,*,#993,.T.);
#1511=ORIENTED_EDGE('',*,*,#991,.T.);
#1512=ORIENTED_EDGE('',*,*,#1081,.T.);
#1513=ORIENTED_EDGE('',*,*,#1040,.F.);
#1514=ORIENTED_EDGE('',*,*,#1082,.F.);
#1515=ORIENTED_EDGE('',*,*,#990,.T.);
#1516=ORIENTED_EDGE('',*,*,#1083,.T.);
#1517=ORIENTED_EDGE('',*,*,#1041,.F.);
#1518=ORIENTED_EDGE('',*,*,#1081,.F.);
#1519=ORIENTED_EDGE('',*,*,#989,.T.);
#1520=ORIENTED_EDGE('',*,*,#1084,.T.);
#1521=ORIENTED_EDGE('',*,*,#1042,.F.);
#1522=ORIENTED_EDGE('',*,*,#1083,.F.);
#1523=ORIENTED_EDGE('',*,*,#1085,.T.);
#1524=ORIENTED_EDGE('',*,*,#1043,.F.);
#1525=ORIENTED_EDGE('',*,*,#1084,.F.);
#1526=ORIENTED_EDGE('',*,*,#988,.T.);
#1527=ORIENTED_EDGE('',*,*,#986,.T.);
#1528=ORIENTED_EDGE('',*,*,#1086,.T.);
#1529=ORIENTED_EDGE('',*,*,#1045,.F.);
#1530=ORIENTED_EDGE('',*,*,#1087,.F.);
#1531=ORIENTED_EDGE('',*,*,#985,.T.);
#1532=ORIENTED_EDGE('',*,*,#1088,.T.);
#1533=ORIENTED_EDGE('',*,*,#1046,.F.);
#1534=ORIENTED_EDGE('',*,*,#1086,.F.);
#1535=ORIENTED_EDGE('',*,*,#984,.T.);
#1536=ORIENTED_EDGE('',*,*,#1089,.T.);
#1537=ORIENTED_EDGE('',*,*,#1047,.F.);
#1538=ORIENTED_EDGE('',*,*,#1088,.F.);
#1539=ORIENTED_EDGE('',*,*,#1090,.T.);
#1540=ORIENTED_EDGE('',*,*,#1048,.F.);
#1541=ORIENTED_EDGE('',*,*,#1089,.F.);
#1542=ORIENTED_EDGE('',*,*,#983,.T.);
#1543=ORIENTED_EDGE('',*,*,#981,.T.);
#1544=ORIENTED_EDGE('',*,*,#1091,.T.);
#1545=ORIENTED_EDGE('',*,*,#1050,.F.);
#1546=ORIENTED_EDGE('',*,*,#1092,.F.);
#1547=ORIENTED_EDGE('',*,*,#980,.T.);
#1548=ORIENTED_EDGE('',*,*,#1093,.T.);
#1549=ORIENTED_EDGE('',*,*,#1051,.F.);
#1550=ORIENTED_EDGE('',*,*,#1091,.F.);
#1551=ORIENTED_EDGE('',*,*,#979,.T.);
#1552=ORIENTED_EDGE('',*,*,#1094,.T.);
#1553=ORIENTED_EDGE('',*,*,#1052,.F.);
#1554=ORIENTED_EDGE('',*,*,#1093,.F.);
#1555=ORIENTED_EDGE('',*,*,#1095,.T.);
#1556=ORIENTED_EDGE('',*,*,#1053,.F.);
#1557=ORIENTED_EDGE('',*,*,#1094,.F.);
#1558=ORIENTED_EDGE('',*,*,#978,.T.);
#1559=ORIENTED_EDGE('',*,*,#976,.T.);
#1560=ORIENTED_EDGE('',*,*,#1058,.T.);
#1561=ORIENTED_EDGE('',*,*,#1055,.F.);
#1562=ORIENTED_EDGE('',*,*,#1096,.F.);
#1563=ORIENTED_EDGE('',*,*,#1060,.F.);
#1564=ORIENTED_EDGE('',*,*,#1012,.T.);
#1565=ORIENTED_EDGE('',*,*,#1062,.T.);
#1566=ORIENTED_EDGE('',*,*,#1019,.F.);
#1567=ORIENTED_EDGE('',*,*,#1095,.F.);
#1568=ORIENTED_EDGE('',*,*,#977,.T.);
#1569=ORIENTED_EDGE('',*,*,#1096,.T.);
#1570=ORIENTED_EDGE('',*,*,#1054,.F.);
#1571=ORIENTED_EDGE('',*,*,#1090,.F.);
#1572=ORIENTED_EDGE('',*,*,#982,.T.);
#1573=ORIENTED_EDGE('',*,*,#1092,.T.);
#1574=ORIENTED_EDGE('',*,*,#1049,.F.);
#1575=ORIENTED_EDGE('',*,*,#1085,.F.);
#1576=ORIENTED_EDGE('',*,*,#987,.T.);
#1577=ORIENTED_EDGE('',*,*,#1087,.T.);
#1578=ORIENTED_EDGE('',*,*,#1044,.F.);
#1579=ORIENTED_EDGE('',*,*,#1080,.F.);
#1580=ORIENTED_EDGE('',*,*,#992,.T.);
#1581=ORIENTED_EDGE('',*,*,#1082,.T.);
#1582=ORIENTED_EDGE('',*,*,#1039,.F.);
#1583=ORIENTED_EDGE('',*,*,#1075,.F.);
#1584=ORIENTED_EDGE('',*,*,#997,.T.);
#1585=ORIENTED_EDGE('',*,*,#1077,.T.);
#1586=ORIENTED_EDGE('',*,*,#1034,.F.);
#1587=ORIENTED_EDGE('',*,*,#1070,.F.);
#1588=ORIENTED_EDGE('',*,*,#1002,.T.);
#1589=ORIENTED_EDGE('',*,*,#1072,.T.);
#1590=ORIENTED_EDGE('',*,*,#1029,.F.);
#1591=ORIENTED_EDGE('',*,*,#1065,.F.);
#1592=ORIENTED_EDGE('',*,*,#1007,.T.);
#1593=ORIENTED_EDGE('',*,*,#1067,.T.);
#1594=ORIENTED_EDGE('',*,*,#1024,.F.);
#1595=CYLINDRICAL_SURFACE('',#1731,43.5);
#1596=CYLINDRICAL_SURFACE('',#1734,43.5);
#1597=CYLINDRICAL_SURFACE('',#1737,43.5);
#1598=CYLINDRICAL_SURFACE('',#1740,43.5);
#1599=CYLINDRICAL_SURFACE('',#1743,43.5);
#1600=CYLINDRICAL_SURFACE('',#1746,43.5);
#1601=CYLINDRICAL_SURFACE('',#1749,43.5);
#1602=CYLINDRICAL_SURFACE('',#1752,43.5);
#1603=CYLINDRICAL_SURFACE('',#1756,3.05);
#1604=CYLINDRICAL_SURFACE('',#1760,43.5);
#1605=CYLINDRICAL_SURFACE('',#1764,10.1);
#1606=CYLINDRICAL_SURFACE('',#1768,43.5);
#1607=CYLINDRICAL_SURFACE('',#1772,10.1);
#1608=CYLINDRICAL_SURFACE('',#1776,43.5);
#1609=CYLINDRICAL_SURFACE('',#1780,10.1);
#1610=CYLINDRICAL_SURFACE('',#1784,43.5);
#1611=CYLINDRICAL_SURFACE('',#1788,10.1);
#1612=CYLINDRICAL_SURFACE('',#1792,43.5);
#1613=CYLINDRICAL_SURFACE('',#1796,10.1);
#1614=CYLINDRICAL_SURFACE('',#1800,43.5);
#1615=CYLINDRICAL_SURFACE('',#1804,10.1);
#1616=CYLINDRICAL_SURFACE('',#1808,43.5);
#1617=CYLINDRICAL_SURFACE('',#1812,10.1);
#1618=CYLINDRICAL_SURFACE('',#1816,43.5);
#1619=CYLINDRICAL_SURFACE('',#1820,10.1);
#1620=CYLINDRICAL_SURFACE('',#1845,45.);
#1621=CYLINDRICAL_SURFACE('',#1846,43.5);
#1622=CYLINDRICAL_SURFACE('',#1850,43.5);
#1623=CYLINDRICAL_SURFACE('',#1854,43.5);
#1624=CYLINDRICAL_SURFACE('',#1858,43.5);
#1625=CYLINDRICAL_SURFACE('',#1862,43.5);
#1626=CYLINDRICAL_SURFACE('',#1866,43.5);
#1627=CYLINDRICAL_SURFACE('',#1870,43.5);
#1628=CYLINDRICAL_SURFACE('',#1874,43.5);
#1629=ADVANCED_FACE('',(#74),#1595,.T.);
#1630=ADVANCED_FACE('',(#75),#1596,.T.);
#1631=ADVANCED_FACE('',(#76),#1597,.T.);
#1632=ADVANCED_FACE('',(#77),#1598,.T.);
#1633=ADVANCED_FACE('',(#78),#1599,.T.);
#1634=ADVANCED_FACE('',(#79),#1600,.T.);
#1635=ADVANCED_FACE('',(#80),#1601,.T.);
#1636=ADVANCED_FACE('',(#81),#1602,.T.);
#1637=ADVANCED_FACE('',(#82),#21,.T.);
#1638=ADVANCED_FACE('',(#83),#1603,.F.);
#1639=ADVANCED_FACE('',(#84),#22,.T.);
#1640=ADVANCED_FACE('',(#85),#1604,.T.);
#1641=ADVANCED_FACE('',(#86),#23,.T.);
#1642=ADVANCED_FACE('',(#87),#1605,.T.);
#1643=ADVANCED_FACE('',(#88),#24,.T.);
#1644=ADVANCED_FACE('',(#89),#1606,.T.);
#1645=ADVANCED_FACE('',(#90),#25,.T.);
#1646=ADVANCED_FACE('',(#91),#1607,.T.);
#1647=ADVANCED_FACE('',(#92),#26,.T.);
#1648=ADVANCED_FACE('',(#93),#1608,.T.);
#1649=ADVANCED_FACE('',(#94),#27,.T.);
#1650=ADVANCED_FACE('',(#95),#1609,.T.);
#1651=ADVANCED_FACE('',(#96),#28,.T.);
#1652=ADVANCED_FACE('',(#97),#1610,.T.);
#1653=ADVANCED_FACE('',(#98),#29,.T.);
#1654=ADVANCED_FACE('',(#99),#1611,.T.);
#1655=ADVANCED_FACE('',(#100),#30,.T.);
#1656=ADVANCED_FACE('',(#101),#1612,.T.);
#1657=ADVANCED_FACE('',(#102),#31,.T.);
#1658=ADVANCED_FACE('',(#103),#1613,.T.);
#1659=ADVANCED_FACE('',(#104),#32,.T.);
#1660=ADVANCED_FACE('',(#105),#1614,.T.);
#1661=ADVANCED_FACE('',(#106),#33,.T.);
#1662=ADVANCED_FACE('',(#107),#1615,.T.);
#1663=ADVANCED_FACE('',(#108),#34,.T.);
#1664=ADVANCED_FACE('',(#109),#1616,.T.);
#1665=ADVANCED_FACE('',(#110),#35,.T.);
#1666=ADVANCED_FACE('',(#111),#1617,.T.);
#1667=ADVANCED_FACE('',(#112),#36,.T.);
#1668=ADVANCED_FACE('',(#113),#1618,.T.);
#1669=ADVANCED_FACE('',(#114),#37,.T.);
#1670=ADVANCED_FACE('',(#115),#1619,.T.);
#1671=ADVANCED_FACE('',(#116,#17),#38,.T.);
#1672=ADVANCED_FACE('',(#117,#18),#39,.F.);
#1673=ADVANCED_FACE('',(#118,#19),#40,.F.);
#1674=ADVANCED_FACE('',(#119,#20),#41,.T.);
#1675=ADVANCED_FACE('',(#120),#1620,.T.);
#1676=ADVANCED_FACE('',(#121),#1621,.F.);
#1677=ADVANCED_FACE('',(#122),#42,.T.);
#1678=ADVANCED_FACE('',(#123),#43,.T.);
#1679=ADVANCED_FACE('',(#124),#44,.T.);
#1680=ADVANCED_FACE('',(#125),#1622,.F.);
#1681=ADVANCED_FACE('',(#126),#45,.T.);
#1682=ADVANCED_FACE('',(#127),#46,.T.);
#1683=ADVANCED_FACE('',(#128),#47,.T.);
#1684=ADVANCED_FACE('',(#129),#1623,.F.);
#1685=ADVANCED_FACE('',(#130),#48,.T.);
#1686=ADVANCED_FACE('',(#131),#49,.T.);
#1687=ADVANCED_FACE('',(#132),#50,.T.);
#1688=ADVANCED_FACE('',(#133),#1624,.F.);
#1689=ADVANCED_FACE('',(#134),#51,.T.);
#1690=ADVANCED_FACE('',(#135),#52,.T.);
#1691=ADVANCED_FACE('',(#136),#53,.T.);
#1692=ADVANCED_FACE('',(#137),#1625,.F.);
#1693=ADVANCED_FACE('',(#138),#54,.T.);
#1694=ADVANCED_FACE('',(#139),#55,.T.);
#1695=ADVANCED_FACE('',(#140),#56,.T.);
#1696=ADVANCED_FACE('',(#141),#1626,.F.);
#1697=ADVANCED_FACE('',(#142),#57,.T.);
#1698=ADVANCED_FACE('',(#143),#58,.T.);
#1699=ADVANCED_FACE('',(#144),#59,.T.);
#1700=ADVANCED_FACE('',(#145),#1627,.F.);
#1701=ADVANCED_FACE('',(#146),#60,.T.);
#1702=ADVANCED_FACE('',(#147),#61,.T.);
#1703=ADVANCED_FACE('',(#148),#62,.T.);
#1704=ADVANCED_FACE('',(#149),#1628,.F.);
#1705=ADVANCED_FACE('',(#150),#63,.T.);
#1706=ADVANCED_FACE('',(#151),#64,.T.);
#1707=ADVANCED_FACE('',(#152),#65,.T.);
#1708=ADVANCED_FACE('',(#153),#66,.T.);
#1709=ADVANCED_FACE('',(#154),#67,.T.);
#1710=ADVANCED_FACE('',(#155),#68,.T.);
#1711=ADVANCED_FACE('',(#156),#69,.T.);
#1712=ADVANCED_FACE('',(#157),#70,.T.);
#1713=ADVANCED_FACE('',(#158),#71,.T.);
#1714=ADVANCED_FACE('',(#159),#72,.T.);
#1715=ADVANCED_FACE('',(#160),#73,.T.);
#1716=CLOSED_SHELL('',(#1629,#1630,#1631,#1632,#1633,#1634,#1635,#1636,
#1637,#1638,#1639,#1640,#1641,#1642,#1643,#1644,#1645,#1646,#1647,#1648,
#1649,#1650,#1651,#1652,#1653,#1654,#1655,#1656,#1657,#1658,#1659,#1660,
#1661,#1662,#1663,#1664,#1665,#1666,#1667,#1668,#1669,#1670,#1671,#1672));
#1717=CLOSED_SHELL('',(#1673,#1674,#1675,#1676,#1677,#1678,#1679,#1680,
#1681,#1682,#1683,#1684,#1685,#1686,#1687,#1688,#1689,#1690,#1691,#1692,
#1693,#1694,#1695,#1696,#1697,#1698,#1699,#1700,#1701,#1702,#1703,#1704,
#1705,#1706,#1707,#1708,#1709,#1710,#1711,#1712,#1713,#1714,#1715));
#1718=DERIVED_UNIT_ELEMENT(#1720,1.);
#1719=DERIVED_UNIT_ELEMENT(#2887,-3.);
#1720=(
MASS_UNIT()
NAMED_UNIT(*)
SI_UNIT(.KILO.,.GRAM.)
);
#1721=DERIVED_UNIT((#1718,#1719));
#1722=MEASURE_REPRESENTATION_ITEM('density measure',
POSITIVE_RATIO_MEASURE(7850.),#1721);
#1723=PROPERTY_DEFINITION_REPRESENTATION(#1728,#1725);
#1724=PROPERTY_DEFINITION_REPRESENTATION(#1729,#1726);
#1725=REPRESENTATION('material name',(#1727),#2884);
#1726=REPRESENTATION('density',(#1722),#2884);
#1727=DESCRIPTIVE_REPRESENTATION_ITEM('Steel','Steel');
#1728=PROPERTY_DEFINITION('material property','material name',#2894);
#1729=PROPERTY_DEFINITION('material property','density of part',#2894);
#1730=AXIS2_PLACEMENT_3D('',#2379,#1886,#1887);
#1731=AXIS2_PLACEMENT_3D('',#2380,#1888,#1889);
#1732=AXIS2_PLACEMENT_3D('',#2385,#1891,#1892);
#1733=AXIS2_PLACEMENT_3D('',#2388,#1894,#1895);
#1734=AXIS2_PLACEMENT_3D('',#2389,#1896,#1897);
#1735=AXIS2_PLACEMENT_3D('',#2394,#1899,#1900);
#1736=AXIS2_PLACEMENT_3D('',#2397,#1902,#1903);
#1737=AXIS2_PLACEMENT_3D('',#2398,#1904,#1905);
#1738=AXIS2_PLACEMENT_3D('',#2403,#1907,#1908);
#1739=AXIS2_PLACEMENT_3D('',#2406,#1910,#1911);
#1740=AXIS2_PLACEMENT_3D('',#2407,#1912,#1913);
#1741=AXIS2_PLACEMENT_3D('',#2412,#1915,#1916);
#1742=AXIS2_PLACEMENT_3D('',#2415,#1918,#1919);
#1743=AXIS2_PLACEMENT_3D('',#2416,#1920,#1921);
#1744=AXIS2_PLACEMENT_3D('',#2421,#1923,#1924);
#1745=AXIS2_PLACEMENT_3D('',#2424,#1926,#1927);
#1746=AXIS2_PLACEMENT_3D('',#2425,#1928,#1929);
#1747=AXIS2_PLACEMENT_3D('',#2430,#1931,#1932);
#1748=AXIS2_PLACEMENT_3D('',#2433,#1934,#1935);
#1749=AXIS2_PLACEMENT_3D('',#2434,#1936,#1937);
#1750=AXIS2_PLACEMENT_3D('',#2439,#1939,#1940);
#1751=AXIS2_PLACEMENT_3D('',#2442,#1942,#1943);
#1752=AXIS2_PLACEMENT_3D('',#2443,#1944,#1945);
#1753=AXIS2_PLACEMENT_3D('',#2448,#1947,#1948);
#1754=AXIS2_PLACEMENT_3D('',#2451,#1950,#1951);
#1755=AXIS2_PLACEMENT_3D('',#2452,#1952,#1953);
#1756=AXIS2_PLACEMENT_3D('',#2461,#1958,#1959);
#1757=AXIS2_PLACEMENT_3D('',#2462,#1960,#1961);
#1758=AXIS2_PLACEMENT_3D('',#2463,#1962,#1963);
#1759=AXIS2_PLACEMENT_3D('',#2464,#1964,#1965);
#1760=AXIS2_PLACEMENT_3D('',#2470,#1969,#1970);
#1761=AXIS2_PLACEMENT_3D('',#2472,#1971,#1972);
#1762=AXIS2_PLACEMENT_3D('',#2475,#1974,#1975);
#1763=AXIS2_PLACEMENT_3D('',#2476,#1976,#1977);
#1764=AXIS2_PLACEMENT_3D('',#2482,#1981,#1982);
#1765=AXIS2_PLACEMENT_3D('',#2484,#1983,#1984);
#1766=AXIS2_PLACEMENT_3D('',#2486,#1985,#1986);
#1767=AXIS2_PLACEMENT_3D('',#2488,#1988,#1989);
#1768=AXIS2_PLACEMENT_3D('',#2491,#1992,#1993);
#1769=AXIS2_PLACEMENT_3D('',#2493,#1994,#1995);
#1770=AXIS2_PLACEMENT_3D('',#2496,#1997,#1998);
#1771=AXIS2_PLACEMENT_3D('',#2497,#1999,#2000);
#1772=AXIS2_PLACEMENT_3D('',#2503,#2004,#2005);
#1773=AXIS2_PLACEMENT_3D('',#2505,#2006,#2007);
#1774=AXIS2_PLACEMENT_3D('',#2507,#2008,#2009);
#1775=AXIS2_PLACEMENT_3D('',#2509,#2011,#2012);
#1776=AXIS2_PLACEMENT_3D('',#2512,#2015,#2016);
#1777=AXIS2_PLACEMENT_3D('',#2514,#2017,#2018);
#1778=AXIS2_PLACEMENT_3D('',#2517,#2020,#2021);
#1779=AXIS2_PLACEMENT_3D('',#2518,#2022,#2023);
#1780=AXIS2_PLACEMENT_3D('',#2524,#2027,#2028);
#1781=AXIS2_PLACEMENT_3D('',#2526,#2029,#2030);
#1782=AXIS2_PLACEMENT_3D('',#2528,#2031,#2032);
#1783=AXIS2_PLACEMENT_3D('',#2530,#2034,#2035);
#1784=AXIS2_PLACEMENT_3D('',#2533,#2038,#2039);
#1785=AXIS2_PLACEMENT_3D('',#2535,#2040,#2041);
#1786=AXIS2_PLACEMENT_3D('',#2538,#2043,#2044);
#1787=AXIS2_PLACEMENT_3D('',#2539,#2045,#2046);
#1788=AXIS2_PLACEMENT_3D('',#2545,#2050,#2051);
#1789=AXIS2_PLACEMENT_3D('',#2547,#2052,#2053);
#1790=AXIS2_PLACEMENT_3D('',#2549,#2054,#2055);
#1791=AXIS2_PLACEMENT_3D('',#2551,#2057,#2058);
#1792=AXIS2_PLACEMENT_3D('',#2554,#2061,#2062);
#1793=AXIS2_PLACEMENT_3D('',#2556,#2063,#2064);
#1794=AXIS2_PLACEMENT_3D('',#2559,#2066,#2067);
#1795=AXIS2_PLACEMENT_3D('',#2560,#2068,#2069);
#1796=AXIS2_PLACEMENT_3D('',#2566,#2073,#2074);
#1797=AXIS2_PLACEMENT_3D('',#2568,#2075,#2076);
#1798=AXIS2_PLACEMENT_3D('',#2570,#2077,#2078);
#1799=AXIS2_PLACEMENT_3D('',#2572,#2080,#2081);
#1800=AXIS2_PLACEMENT_3D('',#2575,#2084,#2085);
#1801=AXIS2_PLACEMENT_3D('',#2577,#2086,#2087);
#1802=AXIS2_PLACEMENT_3D('',#2580,#2089,#2090);
#1803=AXIS2_PLACEMENT_3D('',#2581,#2091,#2092);
#1804=AXIS2_PLACEMENT_3D('',#2587,#2096,#2097);
#1805=AXIS2_PLACEMENT_3D('',#2589,#2098,#2099);
#1806=AXIS2_PLACEMENT_3D('',#2591,#2100,#2101);
#1807=AXIS2_PLACEMENT_3D('',#2593,#2103,#2104);
#1808=AXIS2_PLACEMENT_3D('',#2596,#2107,#2108);
#1809=AXIS2_PLACEMENT_3D('',#2598,#2109,#2110);
#1810=AXIS2_PLACEMENT_3D('',#2601,#2112,#2113);
#1811=AXIS2_PLACEMENT_3D('',#2602,#2114,#2115);
#1812=AXIS2_PLACEMENT_3D('',#2608,#2119,#2120);
#1813=AXIS2_PLACEMENT_3D('',#2610,#2121,#2122);
#1814=AXIS2_PLACEMENT_3D('',#2612,#2123,#2124);
#1815=AXIS2_PLACEMENT_3D('',#2614,#2126,#2127);
#1816=AXIS2_PLACEMENT_3D('',#2617,#2130,#2131);
#1817=AXIS2_PLACEMENT_3D('',#2619,#2132,#2133);
#1818=AXIS2_PLACEMENT_3D('',#2622,#2135,#2136);
#1819=AXIS2_PLACEMENT_3D('',#2623,#2137,#2138);
#1820=AXIS2_PLACEMENT_3D('',#2629,#2142,#2143);
#1821=AXIS2_PLACEMENT_3D('',#2630,#2144,#2145);
#1822=AXIS2_PLACEMENT_3D('',#2631,#2146,#2147);
#1823=AXIS2_PLACEMENT_3D('',#2632,#2148,#2149);
#1824=AXIS2_PLACEMENT_3D('',#2633,#2150,#2151);
#1825=AXIS2_PLACEMENT_3D('',#2634,#2152,#2153);
#1826=AXIS2_PLACEMENT_3D('',#2636,#2154,#2155);
#1827=AXIS2_PLACEMENT_3D('',#2639,#2156,#2157);
#1828=AXIS2_PLACEMENT_3D('',#2649,#2162,#2163);
#1829=AXIS2_PLACEMENT_3D('',#2659,#2168,#2169);
#1830=AXIS2_PLACEMENT_3D('',#2669,#2174,#2175);
#1831=AXIS2_PLACEMENT_3D('',#2679,#2180,#2181);
#1832=AXIS2_PLACEMENT_3D('',#2689,#2186,#2187);
#1833=AXIS2_PLACEMENT_3D('',#2699,#2192,#2193);
#1834=AXIS2_PLACEMENT_3D('',#2709,#2198,#2199);
#1835=AXIS2_PLACEMENT_3D('',#2717,#2204,#2205);
#1836=AXIS2_PLACEMENT_3D('',#2719,#2206,#2207);
#1837=AXIS2_PLACEMENT_3D('',#2722,#2208,#2209);
#1838=AXIS2_PLACEMENT_3D('',#2732,#2214,#2215);
#1839=AXIS2_PLACEMENT_3D('',#2742,#2220,#2221);
#1840=AXIS2_PLACEMENT_3D('',#2752,#2226,#2227);
#1841=AXIS2_PLACEMENT_3D('',#2762,#2232,#2233);
#1842=AXIS2_PLACEMENT_3D('',#2772,#2238,#2239);
#1843=AXIS2_PLACEMENT_3D('',#2782,#2244,#2245);
#1844=AXIS2_PLACEMENT_3D('',#2792,#2250,#2251);
#1845=AXIS2_PLACEMENT_3D('',#2800,#2256,#2257);
#1846=AXIS2_PLACEMENT_3D('',#2802,#2259,#2260);
#1847=AXIS2_PLACEMENT_3D('',#2805,#2263,#2264);
#1848=AXIS2_PLACEMENT_3D('',#2807,#2266,#2267);
#1849=AXIS2_PLACEMENT_3D('',#2809,#2269,#2270);
#1850=AXIS2_PLACEMENT_3D('',#2812,#2273,#2274);
#1851=AXIS2_PLACEMENT_3D('',#2814,#2276,#2277);
#1852=AXIS2_PLACEMENT_3D('',#2816,#2279,#2280);
#1853=AXIS2_PLACEMENT_3D('',#2818,#2282,#2283);
#1854=AXIS2_PLACEMENT_3D('',#2821,#2286,#2287);
#1855=AXIS2_PLACEMENT_3D('',#2823,#2289,#2290);
#1856=AXIS2_PLACEMENT_3D('',#2825,#2292,#2293);
#1857=AXIS2_PLACEMENT_3D('',#2827,#2295,#2296);
#1858=AXIS2_PLACEMENT_3D('',#2830,#2299,#2300);
#1859=AXIS2_PLACEMENT_3D('',#2832,#2302,#2303);
#1860=AXIS2_PLACEMENT_3D('',#2834,#2305,#2306);
#1861=AXIS2_PLACEMENT_3D('',#2836,#2308,#2309);
#1862=AXIS2_PLACEMENT_3D('',#2839,#2312,#2313);
#1863=AXIS2_PLACEMENT_3D('',#2841,#2315,#2316);
#1864=AXIS2_PLACEMENT_3D('',#2843,#2318,#2319);
#1865=AXIS2_PLACEMENT_3D('',#2845,#2321,#2322);
#1866=AXIS2_PLACEMENT_3D('',#2848,#2325,#2326);
#1867=AXIS2_PLACEMENT_3D('',#2850,#2328,#2329);
#1868=AXIS2_PLACEMENT_3D('',#2852,#2331,#2332);
#1869=AXIS2_PLACEMENT_3D('',#2854,#2334,#2335);
#1870=AXIS2_PLACEMENT_3D('',#2857,#2338,#2339);
#1871=AXIS2_PLACEMENT_3D('',#2859,#2341,#2342);
#1872=AXIS2_PLACEMENT_3D('',#2861,#2344,#2345);
#1873=AXIS2_PLACEMENT_3D('',#2863,#2347,#2348);
#1874=AXIS2_PLACEMENT_3D('',#2866,#2351,#2352);
#1875=AXIS2_PLACEMENT_3D('',#2868,#2354,#2355);
#1876=AXIS2_PLACEMENT_3D('',#2870,#2357,#2358);
#1877=AXIS2_PLACEMENT_3D('',#2872,#2360,#2361);
#1878=AXIS2_PLACEMENT_3D('',#2874,#2363,#2364);
#1879=AXIS2_PLACEMENT_3D('',#2875,#2365,#2366);
#1880=AXIS2_PLACEMENT_3D('',#2876,#2367,#2368);
#1881=AXIS2_PLACEMENT_3D('',#2877,#2369,#2370);
#1882=AXIS2_PLACEMENT_3D('',#2878,#2371,#2372);
#1883=AXIS2_PLACEMENT_3D('',#2879,#2373,#2374);
#1884=AXIS2_PLACEMENT_3D('',#2880,#2375,#2376);
#1885=AXIS2_PLACEMENT_3D('',#2881,#2377,#2378);
#1886=DIRECTION('axis',(0.,0.,1.));
#1887=DIRECTION('refdir',(1.,0.,0.));
#1888=DIRECTION('center_axis',(0.,0.,1.));
#1889=DIRECTION('ref_axis',(1.,0.,0.));
#1890=DIRECTION('',(0.,0.,1.));
#1891=DIRECTION('center_axis',(0.,0.,1.));
#1892=DIRECTION('ref_axis',(1.,0.,0.));
#1893=DIRECTION('',(0.,0.,1.));
#1894=DIRECTION('center_axis',(0.,0.,1.));
#1895=DIRECTION('ref_axis',(1.,0.,0.));
#1896=DIRECTION('center_axis',(0.,0.,1.));
#1897=DIRECTION('ref_axis',(1.,0.,0.));
#1898=DIRECTION('',(0.,0.,1.));
#1899=DIRECTION('center_axis',(0.,0.,1.));
#1900=DIRECTION('ref_axis',(1.,0.,0.));
#1901=DIRECTION('',(0.,0.,1.));
#1902=DIRECTION('center_axis',(0.,0.,1.));
#1903=DIRECTION('ref_axis',(1.,0.,0.));
#1904=DIRECTION('center_axis',(0.,0.,1.));
#1905=DIRECTION('ref_axis',(1.,0.,0.));
#1906=DIRECTION('',(0.,0.,1.));
#1907=DIRECTION('center_axis',(0.,0.,1.));
#1908=DIRECTION('ref_axis',(1.,0.,0.));
#1909=DIRECTION('',(0.,0.,1.));
#1910=DIRECTION('center_axis',(0.,0.,1.));
#1911=DIRECTION('ref_axis',(1.,0.,0.));
#1912=DIRECTION('center_axis',(0.,0.,1.));
#1913=DIRECTION('ref_axis',(1.,0.,0.));
#1914=DIRECTION('',(0.,0.,1.));
#1915=DIRECTION('center_axis',(0.,0.,1.));
#1916=DIRECTION('ref_axis',(1.,0.,0.));
#1917=DIRECTION('',(0.,0.,1.));
#1918=DIRECTION('center_axis',(0.,0.,1.));
#1919=DIRECTION('ref_axis',(1.,0.,0.));
#1920=DIRECTION('center_axis',(0.,0.,1.));
#1921=DIRECTION('ref_axis',(1.,0.,0.));
#1922=DIRECTION('',(0.,0.,1.));
#1923=DIRECTION('center_axis',(0.,0.,1.));
#1924=DIRECTION('ref_axis',(1.,0.,0.));
#1925=DIRECTION('',(0.,0.,1.));
#1926=DIRECTION('center_axis',(0.,0.,1.));
#1927=DIRECTION('ref_axis',(1.,0.,0.));
#1928=DIRECTION('center_axis',(0.,0.,1.));
#1929=DIRECTION('ref_axis',(1.,0.,0.));
#1930=DIRECTION('',(0.,0.,1.));
#1931=DIRECTION('center_axis',(0.,0.,1.));
#1932=DIRECTION('ref_axis',(1.,0.,0.));
#1933=DIRECTION('',(0.,0.,1.));
#1934=DIRECTION('center_axis',(0.,0.,1.));
#1935=DIRECTION('ref_axis',(1.,0.,0.));
#1936=DIRECTION('center_axis',(0.,0.,1.));
#1937=DIRECTION('ref_axis',(1.,0.,0.));
#1938=DIRECTION('',(0.,0.,1.));
#1939=DIRECTION('center_axis',(0.,0.,1.));
#1940=DIRECTION('ref_axis',(1.,0.,0.));
#1941=DIRECTION('',(0.,0.,1.));
#1942=DIRECTION('center_axis',(0.,0.,1.));
#1943=DIRECTION('ref_axis',(1.,0.,0.));
#1944=DIRECTION('center_axis',(0.,0.,1.));
#1945=DIRECTION('ref_axis',(1.,0.,0.));
#1946=DIRECTION('',(0.,0.,1.));
#1947=DIRECTION('center_axis',(0.,0.,1.));
#1948=DIRECTION('ref_axis',(1.,0.,0.));
#1949=DIRECTION('',(0.,0.,1.));
#1950=DIRECTION('center_axis',(0.,0.,1.));
#1951=DIRECTION('ref_axis',(1.,0.,0.));
#1952=DIRECTION('center_axis',(0.,-1.,0.));
#1953=DIRECTION('ref_axis',(1.,0.,0.));
#1954=DIRECTION('',(1.,0.,0.));
#1955=DIRECTION('',(0.,0.,1.));
#1956=DIRECTION('',(1.,0.,0.));
#1957=DIRECTION('',(0.,0.,1.));
#1958=DIRECTION('center_axis',(0.,0.,1.));
#1959=DIRECTION('ref_axis',(-1.83697019872103E-16,-1.,0.));
#1960=DIRECTION('center_axis',(0.,0.,-1.));
#1961=DIRECTION('ref_axis',(1.,0.,0.));
#1962=DIRECTION('center_axis',(0.,0.,-1.));
#1963=DIRECTION('ref_axis',(1.,0.,0.));
#1964=DIRECTION('center_axis',(0.707106781186549,0.707106781186546,0.));
#1965=DIRECTION('ref_axis',(-0.707106781186546,0.707106781186549,0.));
#1966=DIRECTION('',(0.707106781186546,-0.707106781186549,0.));
#1967=DIRECTION('',(0.,0.,1.));
#1968=DIRECTION('',(-0.707106781186546,0.707106781186549,0.));
#1969=DIRECTION('center_axis',(0.,0.,1.));
#1970=DIRECTION('ref_axis',(1.,0.,0.));
#1971=DIRECTION('center_axis',(0.,0.,1.));
#1972=DIRECTION('ref_axis',(1.,0.,0.));
#1973=DIRECTION('',(0.,0.,1.));
#1974=DIRECTION('center_axis',(0.,0.,1.));
#1975=DIRECTION('ref_axis',(1.,0.,0.));
#1976=DIRECTION('center_axis',(-0.707106781186549,-0.707106781186546,0.));
#1977=DIRECTION('ref_axis',(0.707106781186546,-0.707106781186549,0.));
#1978=DIRECTION('',(0.707106781186546,-0.707106781186549,0.));
#1979=DIRECTION('',(0.707106781186546,-0.707106781186549,0.));
#1980=DIRECTION('',(0.,0.,1.));
#1981=DIRECTION('center_axis',(0.,0.,1.));
#1982=DIRECTION('ref_axis',(1.,0.,0.));
#1983=DIRECTION('center_axis',(0.,0.,1.));
#1984=DIRECTION('ref_axis',(1.,0.,0.));
#1985=DIRECTION('center_axis',(0.,0.,1.));
#1986=DIRECTION('ref_axis',(1.,0.,0.));
#1987=DIRECTION('',(0.,0.,1.));
#1988=DIRECTION('center_axis',(1.,-2.00935515162397E-15,0.));
#1989=DIRECTION('ref_axis',(2.00935515162397E-15,1.,0.));
#1990=DIRECTION('',(-2.00935515162397E-15,-1.,0.));
#1991=DIRECTION('',(2.00935515162397E-15,1.,0.));
#1992=DIRECTION('center_axis',(0.,0.,1.));
#1993=DIRECTION('ref_axis',(1.,0.,0.));
#1994=DIRECTION('center_axis',(0.,0.,1.));
#1995=DIRECTION('ref_axis',(1.,0.,0.));
#1996=DIRECTION('',(0.,0.,1.));
#1997=DIRECTION('center_axis',(0.,0.,1.));
#1998=DIRECTION('ref_axis',(1.,0.,0.));
#1999=DIRECTION('center_axis',(-1.,1.90556614585827E-15,0.));
#2000=DIRECTION('ref_axis',(-1.90556614585827E-15,-1.,0.));
#2001=DIRECTION('',(-1.90556614585827E-15,-1.,0.));
#2002=DIRECTION('',(-1.90556614585827E-15,-1.,0.));
#2003=DIRECTION('',(0.,0.,1.));
#2004=DIRECTION('center_axis',(0.,0.,1.));
#2005=DIRECTION('ref_axis',(1.,0.,0.));
#2006=DIRECTION('center_axis',(0.,0.,1.));
#2007=DIRECTION('ref_axis',(1.,0.,0.));
#2008=DIRECTION('center_axis',(0.,0.,1.));
#2009=DIRECTION('ref_axis',(1.,0.,0.));
#2010=DIRECTION('',(0.,0.,1.));
#2011=DIRECTION('center_axis',(0.707106781186546,-0.707106781186549,0.));
#2012=DIRECTION('ref_axis',(0.707106781186549,0.707106781186546,0.));
#2013=DIRECTION('',(-0.707106781186549,-0.707106781186546,0.));
#2014=DIRECTION('',(0.707106781186549,0.707106781186546,0.));
#2015=DIRECTION('center_axis',(0.,0.,1.));
#2016=DIRECTION('ref_axis',(1.,0.,0.));
#2017=DIRECTION('center_axis',(0.,0.,1.));
#2018=DIRECTION('ref_axis',(1.,0.,0.));
#2019=DIRECTION('',(0.,0.,1.));
#2020=DIRECTION('center_axis',(0.,0.,1.));
#2021=DIRECTION('ref_axis',(1.,0.,0.));
#2022=DIRECTION('center_axis',(-0.707106781186546,0.707106781186549,0.));
#2023=DIRECTION('ref_axis',(-0.707106781186549,-0.707106781186546,0.));
#2024=DIRECTION('',(-0.707106781186549,-0.707106781186546,0.));
#2025=DIRECTION('',(-0.707106781186549,-0.707106781186546,0.));
#2026=DIRECTION('',(0.,0.,1.));
#2027=DIRECTION('center_axis',(0.,0.,1.));
#2028=DIRECTION('ref_axis',(1.,0.,0.));
#2029=DIRECTION('center_axis',(0.,0.,1.));
#2030=DIRECTION('ref_axis',(1.,0.,0.));
#2031=DIRECTION('center_axis',(0.,0.,1.));
#2032=DIRECTION('ref_axis',(1.,0.,0.));
#2033=DIRECTION('',(0.,0.,1.));
#2034=DIRECTION('center_axis',(-2.2501456450004E-15,-1.,0.));
#2035=DIRECTION('ref_axis',(1.,-2.2501456450004E-15,0.));
#2036=DIRECTION('',(-1.,2.2501456450004E-15,0.));
#2037=DIRECTION('',(1.,-2.2501456450004E-15,0.));
#2038=DIRECTION('center_axis',(0.,0.,1.));
#2039=DIRECTION('ref_axis',(1.,0.,0.));
#2040=DIRECTION('center_axis',(0.,0.,1.));
#2041=DIRECTION('ref_axis',(1.,0.,0.));
#2042=DIRECTION('',(0.,0.,1.));
#2043=DIRECTION('center_axis',(0.,0.,1.));
#2044=DIRECTION('ref_axis',(1.,0.,0.));
#2045=DIRECTION('center_axis',(2.1463566392347E-15,1.,0.));
#2046=DIRECTION('ref_axis',(-1.,2.1463566392347E-15,0.));
#2047=DIRECTION('',(-1.,2.1463566392347E-15,0.));
#2048=DIRECTION('',(-1.,2.1463566392347E-15,0.));
#2049=DIRECTION('',(0.,0.,1.));
#2050=DIRECTION('center_axis',(0.,0.,1.));
#2051=DIRECTION('ref_axis',(1.,0.,0.));
#2052=DIRECTION('center_axis',(0.,0.,1.));
#2053=DIRECTION('ref_axis',(1.,0.,0.));
#2054=DIRECTION('center_axis',(0.,0.,1.));
#2055=DIRECTION('ref_axis',(1.,0.,0.));
#2056=DIRECTION('',(0.,0.,1.));
#2057=DIRECTION('center_axis',(-0.707106781186549,-0.707106781186546,0.));
#2058=DIRECTION('ref_axis',(0.707106781186546,-0.707106781186549,0.));
#2059=DIRECTION('',(-0.707106781186546,0.707106781186549,0.));
#2060=DIRECTION('',(0.707106781186546,-0.707106781186549,0.));
#2061=DIRECTION('center_axis',(0.,0.,1.));
#2062=DIRECTION('ref_axis',(1.,0.,0.));
#2063=DIRECTION('center_axis',(0.,0.,1.));
#2064=DIRECTION('ref_axis',(1.,0.,0.));
#2065=DIRECTION('',(0.,0.,1.));
#2066=DIRECTION('center_axis',(0.,0.,1.));
#2067=DIRECTION('ref_axis',(1.,0.,0.));
#2068=DIRECTION('center_axis',(0.707106781186549,0.707106781186546,0.));
#2069=DIRECTION('ref_axis',(-0.707106781186546,0.707106781186549,0.));
#2070=DIRECTION('',(-0.707106781186546,0.707106781186549,0.));
#2071=DIRECTION('',(-0.707106781186546,0.707106781186549,0.));
#2072=DIRECTION('',(0.,0.,1.));
#2073=DIRECTION('center_axis',(0.,0.,1.));
#2074=DIRECTION('ref_axis',(1.,0.,0.));
#2075=DIRECTION('center_axis',(0.,0.,1.));
#2076=DIRECTION('ref_axis',(1.,0.,0.));
#2077=DIRECTION('center_axis',(0.,0.,1.));
#2078=DIRECTION('ref_axis',(1.,0.,0.));
#2079=DIRECTION('',(0.,0.,1.));
#2080=DIRECTION('center_axis',(-1.,2.12975039831218E-15,0.));
#2081=DIRECTION('ref_axis',(-2.12975039831218E-15,-1.,0.));
#2082=DIRECTION('',(2.12975039831218E-15,1.,0.));
#2083=DIRECTION('',(-2.12975039831218E-15,-1.,0.));
#2084=DIRECTION('center_axis',(0.,0.,1.));
#2085=DIRECTION('ref_axis',(1.,0.,0.));
#2086=DIRECTION('center_axis',(0.,0.,1.));
#2087=DIRECTION('ref_axis',(1.,0.,0.));
#2088=DIRECTION('',(0.,0.,1.));
#2089=DIRECTION('center_axis',(0.,0.,1.));
#2090=DIRECTION('ref_axis',(1.,0.,0.));
#2091=DIRECTION('center_axis',(1.,-2.03426451300774E-15,0.));
#2092=DIRECTION('ref_axis',(2.03426451300774E-15,1.,0.));
#2093=DIRECTION('',(2.03426451300774E-15,1.,0.));
#2094=DIRECTION('',(2.03426451300774E-15,1.,0.));
#2095=DIRECTION('',(0.,0.,1.));
#2096=DIRECTION('center_axis',(0.,0.,1.));
#2097=DIRECTION('ref_axis',(1.,0.,0.));
#2098=DIRECTION('center_axis',(0.,0.,1.));
#2099=DIRECTION('ref_axis',(1.,0.,0.));
#2100=DIRECTION('center_axis',(0.,0.,1.));
#2101=DIRECTION('ref_axis',(1.,0.,0.));
#2102=DIRECTION('',(0.,0.,1.));
#2103=DIRECTION('center_axis',(-0.707106781186546,0.707106781186549,0.));
#2104=DIRECTION('ref_axis',(-0.707106781186549,-0.707106781186546,0.));
#2105=DIRECTION('',(0.707106781186549,0.707106781186546,0.));
#2106=DIRECTION('',(-0.707106781186549,-0.707106781186546,0.));
#2107=DIRECTION('center_axis',(0.,0.,1.));
#2108=DIRECTION('ref_axis',(1.,0.,0.));
#2109=DIRECTION('center_axis',(0.,0.,1.));
#2110=DIRECTION('ref_axis',(1.,0.,0.));
#2111=DIRECTION('',(0.,0.,1.));
#2112=DIRECTION('center_axis',(0.,0.,1.));
#2113=DIRECTION('ref_axis',(1.,0.,0.));
#2114=DIRECTION('center_axis',(0.707106781186546,-0.707106781186549,0.));
#2115=DIRECTION('ref_axis',(0.707106781186549,0.707106781186546,0.));
#2116=DIRECTION('',(0.707106781186549,0.707106781186546,0.));
#2117=DIRECTION('',(0.707106781186549,0.707106781186546,0.));
#2118=DIRECTION('',(0.,0.,1.));
#2119=DIRECTION('center_axis',(0.,0.,1.));
#2120=DIRECTION('ref_axis',(1.,0.,0.));
#2121=DIRECTION('center_axis',(0.,0.,1.));
#2122=DIRECTION('ref_axis',(1.,0.,0.));
#2123=DIRECTION('center_axis',(0.,0.,1.));
#2124=DIRECTION('ref_axis',(1.,0.,0.));
#2125=DIRECTION('',(0.,0.,1.));
#2126=DIRECTION('center_axis',(1.69798813432687E-15,1.,0.));
#2127=DIRECTION('ref_axis',(-1.,1.69798813432687E-15,0.));
#2128=DIRECTION('',(1.,-1.69798813432687E-15,0.));
#2129=DIRECTION('',(-1.,1.69798813432687E-15,0.));
#2130=DIRECTION('center_axis',(0.,0.,1.));
#2131=DIRECTION('ref_axis',(1.,0.,0.));
#2132=DIRECTION('center_axis',(0.,0.,1.));
#2133=DIRECTION('ref_axis',(1.,0.,0.));
#2134=DIRECTION('',(0.,0.,1.));
#2135=DIRECTION('center_axis',(0.,0.,1.));
#2136=DIRECTION('ref_axis',(1.,0.,0.));
#2137=DIRECTION('center_axis',(-1.60250224902242E-15,-1.,0.));
#2138=DIRECTION('ref_axis',(1.,-1.60250224902242E-15,0.));
#2139=DIRECTION('',(1.,-1.60250224902242E-15,0.));
#2140=DIRECTION('',(1.,-1.60250224902242E-15,0.));
#2141=DIRECTION('',(0.,0.,1.));
#2142=DIRECTION('center_axis',(0.,0.,1.));
#2143=DIRECTION('ref_axis',(1.,0.,0.));
#2144=DIRECTION('center_axis',(0.,0.,1.));
#2145=DIRECTION('ref_axis',(1.,0.,0.));
#2146=DIRECTION('center_axis',(0.,0.,1.));
#2147=DIRECTION('ref_axis',(1.,0.,0.));
#2148=DIRECTION('center_axis',(0.,0.,1.));
#2149=DIRECTION('ref_axis',(1.,0.,0.));
#2150=DIRECTION('center_axis',(0.,0.,1.));
#2151=DIRECTION('ref_axis',(1.,0.,0.));
#2152=DIRECTION('center_axis',(0.,0.,1.));
#2153=DIRECTION('ref_axis',(1.,0.,0.));
#2154=DIRECTION('center_axis',(0.,0.,1.));
#2155=DIRECTION('ref_axis',(1.,0.,0.));
#2156=DIRECTION('center_axis',(0.,0.,-1.));
#2157=DIRECTION('ref_axis',(1.,0.,0.));
#2158=DIRECTION('',(-0.707106781186549,-0.707106781186546,0.));
#2159=DIRECTION('',(0.707106781186548,-0.707106781186548,0.));
#2160=DIRECTION('',(0.707106781186548,-0.707106781186548,0.));
#2161=DIRECTION('',(0.707106781186549,0.707106781186546,0.));
#2162=DIRECTION('center_axis',(0.,0.,-1.));
#2163=DIRECTION('ref_axis',(1.,0.,0.));
#2164=DIRECTION('',(-2.03426451300774E-15,-1.,0.));
#2165=DIRECTION('',(1.,0.,0.));
#2166=DIRECTION('',(1.,0.,0.));
#2167=DIRECTION('',(2.12975039831218E-15,1.,0.));
#2168=DIRECTION('center_axis',(0.,0.,-1.));
#2169=DIRECTION('ref_axis',(1.,0.,0.));
#2170=DIRECTION('',(0.707106781186546,-0.707106781186549,0.));
#2171=DIRECTION('',(0.707106781186548,0.707106781186548,0.));
#2172=DIRECTION('',(0.707106781186548,0.707106781186548,0.));
#2173=DIRECTION('',(-0.707106781186546,0.707106781186549,0.));
#2174=DIRECTION('center_axis',(0.,0.,-1.));
#2175=DIRECTION('ref_axis',(1.,0.,0.));
#2176=DIRECTION('',(1.,-2.1463566392347E-15,0.));
#2177=DIRECTION('',(0.,1.,0.));
#2178=DIRECTION('',(0.,1.,0.));
#2179=DIRECTION('',(-1.,2.2501456450004E-15,0.));
#2180=DIRECTION('center_axis',(0.,0.,-1.));
#2181=DIRECTION('ref_axis',(1.,0.,0.));
#2182=DIRECTION('',(0.707106781186549,0.707106781186546,0.));
#2183=DIRECTION('',(-0.707106781186548,0.707106781186548,0.));
#2184=DIRECTION('',(-0.707106781186548,0.707106781186548,0.));
#2185=DIRECTION('',(-0.707106781186549,-0.707106781186546,0.));
#2186=DIRECTION('center_axis',(0.,0.,-1.));
#2187=DIRECTION('ref_axis',(1.,0.,0.));
#2188=DIRECTION('',(1.90556614585827E-15,1.,0.));
#2189=DIRECTION('',(-1.,0.,0.));
#2190=DIRECTION('',(-1.,0.,0.));
#2191=DIRECTION('',(-2.00935515162397E-15,-1.,0.));
#2192=DIRECTION('center_axis',(0.,0.,-1.));
#2193=DIRECTION('ref_axis',(1.,0.,0.));
#2194=DIRECTION('',(-0.707106781186546,0.707106781186549,0.));
#2195=DIRECTION('',(-0.707106781186548,-0.707106781186548,0.));
#2196=DIRECTION('',(-0.707106781186548,-0.707106781186548,0.));
#2197=DIRECTION('',(0.707106781186546,-0.707106781186549,0.));
#2198=DIRECTION('center_axis',(0.,0.,-1.));
#2199=DIRECTION('ref_axis',(1.,0.,0.));
#2200=DIRECTION('',(-1.,1.60250224902242E-15,0.));
#2201=DIRECTION('',(0.,-1.,0.));
#2202=DIRECTION('',(0.,-1.,0.));
#2203=DIRECTION('',(1.,-1.69798813432687E-15,0.));
#2204=DIRECTION('center_axis',(0.,0.,1.));
#2205=DIRECTION('ref_axis',(1.,0.,0.));
#2206=DIRECTION('center_axis',(0.,0.,1.));
#2207=DIRECTION('ref_axis',(1.,0.,0.));
#2208=DIRECTION('center_axis',(0.,0.,-1.));
#2209=DIRECTION('ref_axis',(1.,0.,0.));
#2210=DIRECTION('',(1.,-1.69798813432687E-15,0.));
#2211=DIRECTION('',(0.,-1.,0.));
#2212=DIRECTION('',(0.,-1.,0.));
#2213=DIRECTION('',(-1.,1.60250224902242E-15,0.));
#2214=DIRECTION('center_axis',(0.,0.,-1.));
#2215=DIRECTION('ref_axis',(1.,0.,0.));
#2216=DIRECTION('',(0.707106781186546,-0.707106781186549,0.));
#2217=DIRECTION('',(-0.707106781186548,-0.707106781186548,0.));
#2218=DIRECTION('',(-0.707106781186548,-0.707106781186548,0.));
#2219=DIRECTION('',(-0.707106781186546,0.707106781186549,0.));
#2220=DIRECTION('center_axis',(0.,0.,-1.));
#2221=DIRECTION('ref_axis',(1.,0.,0.));
#2222=DIRECTION('',(-2.00935515162397E-15,-1.,0.));
#2223=DIRECTION('',(-1.,0.,0.));
#2224=DIRECTION('',(-1.,0.,0.));
#2225=DIRECTION('',(1.90556614585827E-15,1.,0.));
#2226=DIRECTION('center_axis',(0.,0.,-1.));
#2227=DIRECTION('ref_axis',(1.,0.,0.));
#2228=DIRECTION('',(-0.707106781186549,-0.707106781186546,0.));
#2229=DIRECTION('',(-0.707106781186548,0.707106781186548,0.));
#2230=DIRECTION('',(-0.707106781186548,0.707106781186548,0.));
#2231=DIRECTION('',(0.707106781186549,0.707106781186546,0.));
#2232=DIRECTION('center_axis',(0.,0.,-1.));
#2233=DIRECTION('ref_axis',(1.,0.,0.));
#2234=DIRECTION('',(-1.,2.2501456450004E-15,0.));
#2235=DIRECTION('',(0.,1.,0.));
#2236=DIRECTION('',(0.,1.,0.));
#2237=DIRECTION('',(1.,-2.1463566392347E-15,0.));
#2238=DIRECTION('center_axis',(0.,0.,-1.));
#2239=DIRECTION('ref_axis',(1.,0.,0.));
#2240=DIRECTION('',(-0.707106781186546,0.707106781186549,0.));
#2241=DIRECTION('',(0.707106781186548,0.707106781186548,0.));
#2242=DIRECTION('',(0.707106781186548,0.707106781186548,0.));
#2243=DIRECTION('',(0.707106781186546,-0.707106781186549,0.));
#2244=DIRECTION('center_axis',(0.,0.,-1.));
#2245=DIRECTION('ref_axis',(1.,0.,0.));
#2246=DIRECTION('',(2.12975039831218E-15,1.,0.));
#2247=DIRECTION('',(1.,0.,0.));
#2248=DIRECTION('',(1.,0.,0.));
#2249=DIRECTION('',(-2.03426451300774E-15,-1.,0.));
#2250=DIRECTION('center_axis',(0.,0.,-1.));
#2251=DIRECTION('ref_axis',(1.,0.,0.));
#2252=DIRECTION('',(0.707106781186549,0.707106781186546,0.));
#2253=DIRECTION('',(0.707106781186548,-0.707106781186548,0.));
#2254=DIRECTION('',(0.707106781186548,-0.707106781186548,0.));
#2255=DIRECTION('',(-0.707106781186549,-0.707106781186546,0.));
#2256=DIRECTION('center_axis',(0.,0.,1.));
#2257=DIRECTION('ref_axis',(1.,0.,0.));
#2258=DIRECTION('',(0.,0.,-1.));
#2259=DIRECTION('center_axis',(0.,0.,1.));
#2260=DIRECTION('ref_axis',(1.,0.,0.));
#2261=DIRECTION('',(0.,0.,1.));
#2262=DIRECTION('',(0.,0.,1.));
#2263=DIRECTION('center_axis',(-1.69798813432687E-15,-1.,0.));
#2264=DIRECTION('ref_axis',(1.,-1.69798813432687E-15,0.));
#2265=DIRECTION('',(0.,0.,1.));
#2266=DIRECTION('center_axis',(-1.,0.,0.));
#2267=DIRECTION('ref_axis',(0.,-1.,0.));
#2268=DIRECTION('',(0.,0.,1.));
#2269=DIRECTION('center_axis',(1.60250224902242E-15,1.,0.));
#2270=DIRECTION('ref_axis',(-1.,1.60250224902242E-15,0.));
#2271=DIRECTION('',(0.,0.,1.));
#2272=DIRECTION('',(0.,0.,1.));
#2273=DIRECTION('center_axis',(0.,0.,1.));
#2274=DIRECTION('ref_axis',(1.,0.,0.));
#2275=DIRECTION('',(0.,0.,1.));
#2276=DIRECTION('center_axis',(-0.707106781186549,-0.707106781186546,0.));
#2277=DIRECTION('ref_axis',(0.707106781186546,-0.707106781186549,0.));
#2278=DIRECTION('',(0.,0.,1.));
#2279=DIRECTION('center_axis',(-0.707106781186548,0.707106781186548,0.));
#2280=DIRECTION('ref_axis',(-0.707106781186548,-0.707106781186548,0.));
#2281=DIRECTION('',(0.,0.,1.));
#2282=DIRECTION('center_axis',(0.707106781186549,0.707106781186546,0.));
#2283=DIRECTION('ref_axis',(-0.707106781186546,0.707106781186549,0.));
#2284=DIRECTION('',(0.,0.,1.));
#2285=DIRECTION('',(0.,0.,1.));
#2286=DIRECTION('center_axis',(0.,0.,1.));
#2287=DIRECTION('ref_axis',(1.,0.,0.));
#2288=DIRECTION('',(0.,0.,1.));
#2289=DIRECTION('center_axis',(-1.,2.00935515162397E-15,0.));
#2290=DIRECTION('ref_axis',(-2.00935515162397E-15,-1.,0.));
#2291=DIRECTION('',(0.,0.,1.));
#2292=DIRECTION('center_axis',(0.,1.,0.));
#2293=DIRECTION('ref_axis',(-1.,0.,0.));
#2294=DIRECTION('',(0.,0.,1.));
#2295=DIRECTION('center_axis',(1.,-1.90556614585827E-15,0.));
#2296=DIRECTION('ref_axis',(1.90556614585827E-15,1.,0.));
#2297=DIRECTION('',(0.,0.,1.));
#2298=DIRECTION('',(0.,0.,1.));
#2299=DIRECTION('center_axis',(0.,0.,1.));
#2300=DIRECTION('ref_axis',(1.,0.,0.));
#2301=DIRECTION('',(0.,0.,1.));
#2302=DIRECTION('center_axis',(-0.707106781186546,0.707106781186549,0.));
#2303=DIRECTION('ref_axis',(-0.707106781186549,-0.707106781186546,0.));
#2304=DIRECTION('',(0.,0.,1.));
#2305=DIRECTION('center_axis',(0.707106781186548,0.707106781186548,0.));
#2306=DIRECTION('ref_axis',(-0.707106781186548,0.707106781186548,0.));
#2307=DIRECTION('',(0.,0.,1.));
#2308=DIRECTION('center_axis',(0.707106781186546,-0.707106781186549,0.));
#2309=DIRECTION('ref_axis',(0.707106781186549,0.707106781186546,0.));
#2310=DIRECTION('',(0.,0.,1.));
#2311=DIRECTION('',(0.,0.,1.));
#2312=DIRECTION('center_axis',(0.,0.,1.));
#2313=DIRECTION('ref_axis',(1.,0.,0.));
#2314=DIRECTION('',(0.,0.,1.));
#2315=DIRECTION('center_axis',(2.2501456450004E-15,1.,0.));
#2316=DIRECTION('ref_axis',(-1.,2.2501456450004E-15,0.));
#2317=DIRECTION('',(0.,0.,1.));
#2318=DIRECTION('center_axis',(1.,0.,0.));
#2319=DIRECTION('ref_axis',(0.,1.,0.));
#2320=DIRECTION('',(0.,0.,1.));
#2321=DIRECTION('center_axis',(-2.1463566392347E-15,-1.,0.));
#2322=DIRECTION('ref_axis',(1.,-2.1463566392347E-15,0.));
#2323=DIRECTION('',(0.,0.,1.));
#2324=DIRECTION('',(0.,0.,1.));
#2325=DIRECTION('center_axis',(0.,0.,1.));
#2326=DIRECTION('ref_axis',(1.,0.,0.));
#2327=DIRECTION('',(0.,0.,1.));
#2328=DIRECTION('center_axis',(0.707106781186549,0.707106781186546,0.));
#2329=DIRECTION('ref_axis',(-0.707106781186546,0.707106781186549,0.));
#2330=DIRECTION('',(0.,0.,1.));
#2331=DIRECTION('center_axis',(0.707106781186548,-0.707106781186548,0.));
#2332=DIRECTION('ref_axis',(0.707106781186548,0.707106781186548,0.));
#2333=DIRECTION('',(0.,0.,1.));
#2334=DIRECTION('center_axis',(-0.707106781186549,-0.707106781186546,0.));
#2335=DIRECTION('ref_axis',(0.707106781186546,-0.707106781186549,0.));
#2336=DIRECTION('',(0.,0.,1.));
#2337=DIRECTION('',(0.,0.,1.));
#2338=DIRECTION('center_axis',(0.,0.,1.));
#2339=DIRECTION('ref_axis',(1.,0.,0.));
#2340=DIRECTION('',(0.,0.,1.));
#2341=DIRECTION('center_axis',(1.,-2.12975039831218E-15,0.));
#2342=DIRECTION('ref_axis',(2.12975039831218E-15,1.,0.));
#2343=DIRECTION('',(0.,0.,1.));
#2344=DIRECTION('center_axis',(0.,-1.,0.));
#2345=DIRECTION('ref_axis',(1.,0.,0.));
#2346=DIRECTION('',(0.,0.,1.));
#2347=DIRECTION('center_axis',(-1.,2.03426451300774E-15,0.));
#2348=DIRECTION('ref_axis',(-2.03426451300774E-15,-1.,0.));
#2349=DIRECTION('',(0.,0.,1.));
#2350=DIRECTION('',(0.,0.,1.));
#2351=DIRECTION('center_axis',(0.,0.,1.));
#2352=DIRECTION('ref_axis',(1.,0.,0.));
#2353=DIRECTION('',(0.,0.,1.));
#2354=DIRECTION('center_axis',(0.707106781186546,-0.707106781186549,0.));
#2355=DIRECTION('ref_axis',(0.707106781186549,0.707106781186546,0.));
#2356=DIRECTION('',(0.,0.,1.));
#2357=DIRECTION('center_axis',(-0.707106781186548,-0.707106781186548,0.));
#2358=DIRECTION('ref_axis',(0.707106781186548,-0.707106781186548,0.));
#2359=DIRECTION('',(0.,0.,1.));
#2360=DIRECTION('center_axis',(-0.707106781186546,0.707106781186549,0.));
#2361=DIRECTION('ref_axis',(-0.707106781186549,-0.707106781186546,0.));
#2362=DIRECTION('',(0.,0.,1.));
#2363=DIRECTION('center_axis',(-1.,0.,0.));
#2364=DIRECTION('ref_axis',(0.,-1.,0.));
#2365=DIRECTION('center_axis',(-0.707106781186548,-0.707106781186548,0.));
#2366=DIRECTION('ref_axis',(0.707106781186548,-0.707106781186548,0.));
#2367=DIRECTION('center_axis',(0.,-1.,0.));
#2368=DIRECTION('ref_axis',(1.,0.,0.));
#2369=DIRECTION('center_axis',(0.707106781186548,-0.707106781186548,0.));
#2370=DIRECTION('ref_axis',(0.707106781186548,0.707106781186548,0.));
#2371=DIRECTION('center_axis',(1.,0.,0.));
#2372=DIRECTION('ref_axis',(0.,1.,0.));
#2373=DIRECTION('center_axis',(0.707106781186548,0.707106781186548,0.));
#2374=DIRECTION('ref_axis',(-0.707106781186548,0.707106781186548,0.));
#2375=DIRECTION('center_axis',(0.,1.,0.));
#2376=DIRECTION('ref_axis',(-1.,0.,0.));
#2377=DIRECTION('center_axis',(-0.707106781186548,0.707106781186548,0.));
#2378=DIRECTION('ref_axis',(-0.707106781186548,-0.707106781186548,0.));
#2379=CARTESIAN_POINT('',(0.,0.,0.));
#2380=CARTESIAN_POINT('Origin',(0.,0.,0.));
#2381=CARTESIAN_POINT('',(30.7591449816148,-30.7591449816148,0.));
#2382=CARTESIAN_POINT('',(30.7591449816148,-30.7591449816148,30.));
#2383=CARTESIAN_POINT('',(30.7591449816148,-30.7591449816148,0.));
#2384=CARTESIAN_POINT('',(31.2849029166089,-30.2242427448291,0.));
#2385=CARTESIAN_POINT('Origin',(0.,0.,0.));
#2386=CARTESIAN_POINT('',(31.2849029166089,-30.2242427448291,30.));
#2387=CARTESIAN_POINT('',(31.2849029166089,-30.2242427448291,0.));
#2388=CARTESIAN_POINT('Origin',(0.,0.,30.));
#2389=CARTESIAN_POINT('Origin',(0.,0.,0.));
#2390=CARTESIAN_POINT('',(0.,-43.5,0.));
#2391=CARTESIAN_POINT('',(0.,-43.5,30.));
#2392=CARTESIAN_POINT('',(0.,-43.5,0.));
#2393=CARTESIAN_POINT('',(0.749999999999949,-43.4935340021939,0.));
#2394=CARTESIAN_POINT('Origin',(0.,0.,0.));
#2395=CARTESIAN_POINT('',(0.749999999999948,-43.4935340021939,30.));
#2396=CARTESIAN_POINT('',(0.749999999999949,-43.4935340021939,0.));
#2397=CARTESIAN_POINT('Origin',(0.,0.,30.));
#2398=CARTESIAN_POINT('Origin',(0.,0.,0.));
#2399=CARTESIAN_POINT('',(-30.7591449816148,-30.7591449816148,0.));
#2400=CARTESIAN_POINT('',(-30.7591449816148,-30.7591449816148,30.));
#2401=CARTESIAN_POINT('',(-30.7591449816148,-30.7591449816148,0.));
#2402=CARTESIAN_POINT('',(-30.2242427448291,-31.2849029166089,0.));
#2403=CARTESIAN_POINT('Origin',(0.,0.,0.));
#2404=CARTESIAN_POINT('',(-30.2242427448292,-31.2849029166089,30.));
#2405=CARTESIAN_POINT('',(-30.2242427448291,-31.2849029166089,0.));
#2406=CARTESIAN_POINT('Origin',(0.,0.,30.));
#2407=CARTESIAN_POINT('Origin',(0.,0.,0.));
#2408=CARTESIAN_POINT('',(-43.5,0.,0.));
#2409=CARTESIAN_POINT('',(-43.5,0.,30.));
#2410=CARTESIAN_POINT('',(-43.5,0.,0.));
#2411=CARTESIAN_POINT('',(-43.4935340021939,-0.749999999999931,0.));
#2412=CARTESIAN_POINT('Origin',(0.,0.,0.));
#2413=CARTESIAN_POINT('',(-43.4935340021939,-0.749999999999931,30.));
#2414=CARTESIAN_POINT('',(-43.4935340021939,-0.749999999999931,0.));
#2415=CARTESIAN_POINT('Origin',(0.,0.,30.));
#2416=CARTESIAN_POINT('Origin',(0.,0.,0.));
#2417=CARTESIAN_POINT('',(-30.7591449816148,30.7591449816148,0.));
#2418=CARTESIAN_POINT('',(-30.7591449816148,30.7591449816148,30.));
#2419=CARTESIAN_POINT('',(-30.7591449816148,30.7591449816148,0.));
#2420=CARTESIAN_POINT('',(-31.2849029166089,30.2242427448291,0.));
#2421=CARTESIAN_POINT('Origin',(0.,0.,0.));
#2422=CARTESIAN_POINT('',(-31.2849029166089,30.2242427448291,30.));
#2423=CARTESIAN_POINT('',(-31.2849029166089,30.2242427448291,0.));
#2424=CARTESIAN_POINT('Origin',(0.,0.,30.));
#2425=CARTESIAN_POINT('Origin',(0.,0.,0.));
#2426=CARTESIAN_POINT('',(0.,43.5,0.));
#2427=CARTESIAN_POINT('',(0.,43.5,30.));
#2428=CARTESIAN_POINT('',(0.,43.5,0.));
#2429=CARTESIAN_POINT('',(-0.749999999999944,43.4935340021939,0.));
#2430=CARTESIAN_POINT('Origin',(0.,0.,0.));
#2431=CARTESIAN_POINT('',(-0.749999999999944,43.4935340021939,30.));
#2432=CARTESIAN_POINT('',(-0.749999999999944,43.4935340021939,0.));
#2433=CARTESIAN_POINT('Origin',(0.,0.,30.));
#2434=CARTESIAN_POINT('Origin',(0.,0.,0.));
#2435=CARTESIAN_POINT('',(30.7591449816148,30.7591449816148,0.));
#2436=CARTESIAN_POINT('',(30.7591449816148,30.7591449816148,30.));
#2437=CARTESIAN_POINT('',(30.7591449816148,30.7591449816148,0.));
#2438=CARTESIAN_POINT('',(30.2242427448291,31.2849029166089,0.));
#2439=CARTESIAN_POINT('Origin',(0.,0.,0.));
#2440=CARTESIAN_POINT('',(30.2242427448291,31.2849029166089,30.));
#2441=CARTESIAN_POINT('',(30.2242427448291,31.2849029166089,0.));
#2442=CARTESIAN_POINT('Origin',(0.,0.,30.));
#2443=CARTESIAN_POINT('Origin',(0.,0.,0.));
#2444=CARTESIAN_POINT('',(43.5,0.,0.));
#2445=CARTESIAN_POINT('',(43.5,0.,30.));
#2446=CARTESIAN_POINT('',(43.5,0.,0.));
#2447=CARTESIAN_POINT('',(43.4935340021939,0.749999999999956,0.));
#2448=CARTESIAN_POINT('Origin',(0.,0.,0.));
#2449=CARTESIAN_POINT('',(43.4935340021939,0.749999999999957,30.));
#2450=CARTESIAN_POINT('',(43.4935340021939,0.749999999999956,0.));
#2451=CARTESIAN_POINT('Origin',(0.,0.,30.));
#2452=CARTESIAN_POINT('Origin',(-1.74714052096561,2.5,0.));
#2453=CARTESIAN_POINT('',(-1.74714052096561,2.5,0.));
#2454=CARTESIAN_POINT('',(1.74714052096561,2.5,0.));
#2455=CARTESIAN_POINT('',(-1.74714052096561,2.5,0.));
#2456=CARTESIAN_POINT('',(1.74714052096561,2.5,30.));
#2457=CARTESIAN_POINT('',(1.74714052096561,2.5,0.));
#2458=CARTESIAN_POINT('',(-1.74714052096561,2.5,30.));
#2459=CARTESIAN_POINT('',(-1.74714052096561,2.5,30.));
#2460=CARTESIAN_POINT('',(-1.74714052096561,2.5,0.));
#2461=CARTESIAN_POINT('Origin',(0.,0.,0.));
#2462=CARTESIAN_POINT('Origin',(0.,0.,0.));
#2463=CARTESIAN_POINT('Origin',(0.,0.,30.));
#2464=CARTESIAN_POINT('Origin',(31.2849029166089,-30.2242427448291,0.));
#2465=CARTESIAN_POINT('',(7.65239088315921,-6.59173071137937,0.));
#2466=CARTESIAN_POINT('',(7.65239088315921,-6.59173071137937,0.));
#2467=CARTESIAN_POINT('',(7.65239088315921,-6.59173071137937,30.));
#2468=CARTESIAN_POINT('',(7.65239088315921,-6.59173071137937,0.));
#2469=CARTESIAN_POINT('',(7.65239088315921,-6.59173071137937,30.));
#2470=CARTESIAN_POINT('Origin',(0.,0.,0.));
#2471=CARTESIAN_POINT('',(30.2242427448291,-31.284902916609,30.));
#2472=CARTESIAN_POINT('Origin',(0.,0.,30.));
#2473=CARTESIAN_POINT('',(30.2242427448291,-31.284902916609,0.));
#2474=CARTESIAN_POINT('',(30.2242427448291,-31.284902916609,0.));
#2475=CARTESIAN_POINT('Origin',(0.,0.,0.));
#2476=CARTESIAN_POINT('Origin',(6.59173071137938,-7.65239088315919,0.));
#2477=CARTESIAN_POINT('',(6.59173071137938,-7.65239088315919,0.));
#2478=CARTESIAN_POINT('',(6.59173071137938,-7.65239088315919,0.));
#2479=CARTESIAN_POINT('',(6.59173071137938,-7.65239088315919,30.));
#2480=CARTESIAN_POINT('',(6.59173071137938,-7.65239088315919,30.));
#2481=CARTESIAN_POINT('',(6.59173071137938,-7.65239088315919,0.));
#2482=CARTESIAN_POINT('Origin',(0.,0.,0.));
#2483=CARTESIAN_POINT('',(0.750000000000014,-10.072114971544,0.));
#2484=CARTESIAN_POINT('Origin',(0.,0.,0.));
#2485=CARTESIAN_POINT('',(0.750000000000014,-10.072114971544,30.));
#2486=CARTESIAN_POINT('Origin',(0.,0.,30.));
#2487=CARTESIAN_POINT('',(0.750000000000014,-10.072114971544,0.));
#2488=CARTESIAN_POINT('Origin',(0.749999999999946,-43.4935340021939,0.));
#2489=CARTESIAN_POINT('',(0.750000000000014,-10.072114971544,0.));
#2490=CARTESIAN_POINT('',(0.750000000000014,-10.072114971544,30.));
#2491=CARTESIAN_POINT('Origin',(0.,0.,0.));
#2492=CARTESIAN_POINT('',(-0.750000000000051,-43.4935340021939,30.));
#2493=CARTESIAN_POINT('Origin',(0.,0.,30.));
#2494=CARTESIAN_POINT('',(-0.75000000000005,-43.4935340021939,0.));
#2495=CARTESIAN_POINT('',(-0.75000000000005,-43.4935340021939,0.));
#2496=CARTESIAN_POINT('Origin',(0.,0.,0.));
#2497=CARTESIAN_POINT('Origin',(-0.74999999999999,-10.072114971544,0.));
#2498=CARTESIAN_POINT('',(-0.74999999999999,-10.072114971544,0.));
#2499=CARTESIAN_POINT('',(-0.74999999999999,-10.072114971544,0.));
#2500=CARTESIAN_POINT('',(-0.74999999999999,-10.072114971544,30.));
#2501=CARTESIAN_POINT('',(-0.74999999999999,-10.072114971544,30.));
#2502=CARTESIAN_POINT('',(-0.74999999999999,-10.072114971544,0.));
#2503=CARTESIAN_POINT('Origin',(0.,0.,0.));
#2504=CARTESIAN_POINT('',(-6.59173071137937,-7.6523908831592,0.));
#2505=CARTESIAN_POINT('Origin',(0.,0.,0.));
#2506=CARTESIAN_POINT('',(-6.59173071137937,-7.65239088315921,30.));
#2507=CARTESIAN_POINT('Origin',(0.,0.,30.));
#2508=CARTESIAN_POINT('',(-6.59173071137937,-7.6523908831592,0.));
#2509=CARTESIAN_POINT('Origin',(-30.2242427448291,-31.2849029166089,0.));
#2510=CARTESIAN_POINT('',(-6.59173071137937,-7.6523908831592,0.));
#2511=CARTESIAN_POINT('',(-6.59173071137937,-7.6523908831592,30.));
#2512=CARTESIAN_POINT('Origin',(0.,0.,0.));
#2513=CARTESIAN_POINT('',(-31.284902916609,-30.224242744829,30.));
#2514=CARTESIAN_POINT('Origin',(0.,0.,30.));
#2515=CARTESIAN_POINT('',(-31.284902916609,-30.2242427448291,0.));
#2516=CARTESIAN_POINT('',(-31.284902916609,-30.2242427448291,0.));
#2517=CARTESIAN_POINT('Origin',(0.,0.,0.));
#2518=CARTESIAN_POINT('Origin',(-7.65239088315919,-6.59173071137938,0.));
#2519=CARTESIAN_POINT('',(-7.65239088315919,-6.59173071137938,0.));
#2520=CARTESIAN_POINT('',(-7.65239088315919,-6.59173071137938,0.));
#2521=CARTESIAN_POINT('',(-7.65239088315919,-6.59173071137938,30.));
#2522=CARTESIAN_POINT('',(-7.65239088315919,-6.59173071137938,30.));
#2523=CARTESIAN_POINT('',(-7.65239088315919,-6.59173071137938,0.));
#2524=CARTESIAN_POINT('Origin',(0.,0.,0.));
#2525=CARTESIAN_POINT('',(-10.072114971544,-0.750000000000012,0.));
#2526=CARTESIAN_POINT('Origin',(0.,0.,0.));
#2527=CARTESIAN_POINT('',(-10.072114971544,-0.750000000000012,30.));
#2528=CARTESIAN_POINT('Origin',(0.,0.,30.));
#2529=CARTESIAN_POINT('',(-10.072114971544,-0.750000000000012,0.));
#2530=CARTESIAN_POINT('Origin',(-43.4935340021939,-0.749999999999937,0.));
#2531=CARTESIAN_POINT('',(-10.072114971544,-0.750000000000012,0.));
#2532=CARTESIAN_POINT('',(-10.072114971544,-0.750000000000012,30.));
#2533=CARTESIAN_POINT('Origin',(0.,0.,0.));
#2534=CARTESIAN_POINT('',(-43.4935340021939,0.75000000000006,30.));
#2535=CARTESIAN_POINT('Origin',(0.,0.,30.));
#2536=CARTESIAN_POINT('',(-43.4935340021939,0.750000000000058,0.));
#2537=CARTESIAN_POINT('',(-43.4935340021939,0.750000000000058,0.));
#2538=CARTESIAN_POINT('Origin',(0.,0.,0.));
#2539=CARTESIAN_POINT('Origin',(-10.072114971544,0.749999999999992,0.));
#2540=CARTESIAN_POINT('',(-10.072114971544,0.749999999999992,0.));
#2541=CARTESIAN_POINT('',(-10.072114971544,0.749999999999992,0.));
#2542=CARTESIAN_POINT('',(-10.072114971544,0.749999999999992,30.));
#2543=CARTESIAN_POINT('',(-10.072114971544,0.749999999999992,30.));
#2544=CARTESIAN_POINT('',(-10.072114971544,0.749999999999992,0.));
#2545=CARTESIAN_POINT('Origin',(0.,0.,0.));
#2546=CARTESIAN_POINT('',(-7.65239088315921,6.59173071137937,0.));
#2547=CARTESIAN_POINT('Origin',(0.,0.,0.));
#2548=CARTESIAN_POINT('',(-7.65239088315921,6.59173071137937,30.));
#2549=CARTESIAN_POINT('Origin',(0.,0.,30.));
#2550=CARTESIAN_POINT('',(-7.65239088315921,6.59173071137937,0.));
#2551=CARTESIAN_POINT('Origin',(-31.2849029166089,30.2242427448291,0.));
#2552=CARTESIAN_POINT('',(-7.65239088315921,6.59173071137937,0.));
#2553=CARTESIAN_POINT('',(-7.65239088315921,6.59173071137937,30.));
#2554=CARTESIAN_POINT('Origin',(0.,0.,0.));
#2555=CARTESIAN_POINT('',(-30.2242427448291,31.284902916609,30.));
#2556=CARTESIAN_POINT('Origin',(0.,0.,30.));
#2557=CARTESIAN_POINT('',(-30.2242427448291,31.284902916609,0.));
#2558=CARTESIAN_POINT('',(-30.2242427448291,31.284902916609,0.));
#2559=CARTESIAN_POINT('Origin',(0.,0.,0.));
#2560=CARTESIAN_POINT('Origin',(-6.59173071137938,7.65239088315919,0.));
#2561=CARTESIAN_POINT('',(-6.59173071137938,7.65239088315919,0.));
#2562=CARTESIAN_POINT('',(-6.59173071137938,7.65239088315919,0.));
#2563=CARTESIAN_POINT('',(-6.59173071137938,7.65239088315919,30.));
#2564=CARTESIAN_POINT('',(-6.59173071137938,7.65239088315919,30.));
#2565=CARTESIAN_POINT('',(-6.59173071137938,7.65239088315919,0.));
#2566=CARTESIAN_POINT('Origin',(0.,0.,0.));
#2567=CARTESIAN_POINT('',(-0.750000000000012,10.072114971544,0.));
#2568=CARTESIAN_POINT('Origin',(0.,0.,0.));
#2569=CARTESIAN_POINT('',(-0.750000000000013,10.072114971544,30.));
#2570=CARTESIAN_POINT('Origin',(0.,0.,30.));
#2571=CARTESIAN_POINT('',(-0.750000000000012,10.072114971544,0.));
#2572=CARTESIAN_POINT('Origin',(-0.749999999999941,43.4935340021939,0.));
#2573=CARTESIAN_POINT('',(-0.750000000000012,10.072114971544,0.));
#2574=CARTESIAN_POINT('',(-0.750000000000012,10.072114971544,30.));
#2575=CARTESIAN_POINT('Origin',(0.,0.,0.));
#2576=CARTESIAN_POINT('',(0.750000000000055,43.4935340021939,30.));
#2577=CARTESIAN_POINT('Origin',(0.,0.,30.));
#2578=CARTESIAN_POINT('',(0.750000000000055,43.4935340021939,0.));
#2579=CARTESIAN_POINT('',(0.750000000000055,43.4935340021939,0.));
#2580=CARTESIAN_POINT('Origin',(0.,0.,0.));
#2581=CARTESIAN_POINT('Origin',(0.749999999999991,10.072114971544,0.));
#2582=CARTESIAN_POINT('',(0.749999999999991,10.072114971544,0.));
#2583=CARTESIAN_POINT('',(0.749999999999991,10.072114971544,0.));
#2584=CARTESIAN_POINT('',(0.749999999999991,10.072114971544,30.));
#2585=CARTESIAN_POINT('',(0.749999999999991,10.072114971544,30.));
#2586=CARTESIAN_POINT('',(0.749999999999991,10.072114971544,0.));
#2587=CARTESIAN_POINT('Origin',(0.,0.,0.));
#2588=CARTESIAN_POINT('',(6.59173071137937,7.65239088315921,0.));
#2589=CARTESIAN_POINT('Origin',(0.,0.,0.));
#2590=CARTESIAN_POINT('',(6.59173071137937,7.65239088315921,30.));
#2591=CARTESIAN_POINT('Origin',(0.,0.,30.));
#2592=CARTESIAN_POINT('',(6.59173071137937,7.65239088315921,0.));
#2593=CARTESIAN_POINT('Origin',(30.2242427448291,31.2849029166089,0.));
#2594=CARTESIAN_POINT('',(6.59173071137937,7.65239088315921,0.));
#2595=CARTESIAN_POINT('',(6.59173071137937,7.65239088315921,30.));
#2596=CARTESIAN_POINT('Origin',(0.,0.,0.));
#2597=CARTESIAN_POINT('',(31.284902916609,30.2242427448291,30.));
#2598=CARTESIAN_POINT('Origin',(0.,0.,30.));
#2599=CARTESIAN_POINT('',(31.284902916609,30.2242427448291,0.));
#2600=CARTESIAN_POINT('',(31.284902916609,30.2242427448291,0.));
#2601=CARTESIAN_POINT('Origin',(0.,0.,0.));
#2602=CARTESIAN_POINT('Origin',(7.65239088315919,6.59173071137938,0.));
#2603=CARTESIAN_POINT('',(7.65239088315919,6.59173071137938,0.));
#2604=CARTESIAN_POINT('',(7.65239088315919,6.59173071137938,0.));
#2605=CARTESIAN_POINT('',(7.65239088315919,6.59173071137938,30.));
#2606=CARTESIAN_POINT('',(7.65239088315919,6.59173071137938,30.));
#2607=CARTESIAN_POINT('',(7.65239088315919,6.59173071137938,0.));
#2608=CARTESIAN_POINT('Origin',(0.,0.,0.));
#2609=CARTESIAN_POINT('',(10.072114971544,0.750000000000013,0.));
#2610=CARTESIAN_POINT('Origin',(0.,0.,0.));
#2611=CARTESIAN_POINT('',(10.072114971544,0.750000000000013,30.));
#2612=CARTESIAN_POINT('Origin',(0.,0.,30.));
#2613=CARTESIAN_POINT('',(10.072114971544,0.750000000000013,0.));
#2614=CARTESIAN_POINT('Origin',(43.4935340021939,0.749999999999956,0.));
#2615=CARTESIAN_POINT('',(10.072114971544,0.750000000000013,0.));
#2616=CARTESIAN_POINT('',(10.072114971544,0.750000000000013,30.));
#2617=CARTESIAN_POINT('Origin',(0.,0.,0.));
#2618=CARTESIAN_POINT('',(43.4935340021939,-0.750000000000046,30.));
#2619=CARTESIAN_POINT('Origin',(0.,0.,30.));
#2620=CARTESIAN_POINT('',(43.4935340021939,-0.750000000000044,0.));
#2621=CARTESIAN_POINT('',(43.4935340021939,-0.750000000000044,0.));
#2622=CARTESIAN_POINT('Origin',(0.,0.,0.));
#2623=CARTESIAN_POINT('Origin',(10.072114971544,-0.749999999999991,0.));
#2624=CARTESIAN_POINT('',(10.072114971544,-0.749999999999991,0.));
#2625=CARTESIAN_POINT('',(10.072114971544,-0.749999999999991,0.));
#2626=CARTESIAN_POINT('',(10.072114971544,-0.749999999999991,30.));
#2627=CARTESIAN_POINT('',(10.072114971544,-0.749999999999991,30.));
#2628=CARTESIAN_POINT('',(10.072114971544,-0.749999999999991,0.));
#2629=CARTESIAN_POINT('Origin',(0.,0.,0.));
#2630=CARTESIAN_POINT('Origin',(0.,0.,0.));
#2631=CARTESIAN_POINT('Origin',(0.,0.,30.));
#2632=CARTESIAN_POINT('Origin',(0.,0.,30.));
#2633=CARTESIAN_POINT('Origin',(0.,0.,0.));
#2634=CARTESIAN_POINT('Origin',(0.,0.,0.));
#2635=CARTESIAN_POINT('',(-45.,-5.51091059616309E-15,0.));
#2636=CARTESIAN_POINT('Origin',(0.,0.,0.));
#2637=CARTESIAN_POINT('',(31.284902916609,30.2242427448291,0.));
#2638=CARTESIAN_POINT('',(43.4935340021939,0.749999999999956,0.));
#2639=CARTESIAN_POINT('Origin',(0.,0.,0.));
#2640=CARTESIAN_POINT('',(31.2894750675048,30.2288148957249,0.));
#2641=CARTESIAN_POINT('',(7.65239088315919,6.59173071137938,0.));
#2642=CARTESIAN_POINT('',(30.7591449816148,30.7591449816148,0.));
#2643=CARTESIAN_POINT('',(30.228814895725,31.2894750675047,0.));
#2644=CARTESIAN_POINT('',(30.228814895725,31.2894750675047,0.));
#2645=CARTESIAN_POINT('',(30.228814895725,31.2894750675047,0.));
#2646=CARTESIAN_POINT('',(30.2242427448291,31.2849029166089,0.));
#2647=CARTESIAN_POINT('',(6.59173071137937,7.65239088315921,0.));
#2648=CARTESIAN_POINT('',(0.750000000000055,43.4935340021939,0.));
#2649=CARTESIAN_POINT('Origin',(0.,0.,0.));
#2650=CARTESIAN_POINT('',(0.750000000000059,43.5,0.));
#2651=CARTESIAN_POINT('',(0.749999999999991,10.072114971544,0.));
#2652=CARTESIAN_POINT('',(0.,43.5,0.));
#2653=CARTESIAN_POINT('',(-0.749999999999941,43.5,0.));
#2654=CARTESIAN_POINT('',(-0.749999999999941,43.5,0.));
#2655=CARTESIAN_POINT('',(-0.749999999999941,43.5,0.));
#2656=CARTESIAN_POINT('',(-0.749999999999944,43.4935340021939,0.));
#2657=CARTESIAN_POINT('',(-0.750000000000012,10.072114971544,0.));
#2658=CARTESIAN_POINT('',(-30.2242427448291,31.284902916609,0.));
#2659=CARTESIAN_POINT('Origin',(0.,0.,0.));
#2660=CARTESIAN_POINT('',(-30.2288148957249,31.2894750675048,0.));
#2661=CARTESIAN_POINT('',(-6.59173071137938,7.65239088315919,0.));
#2662=CARTESIAN_POINT('',(-30.7591449816148,30.7591449816148,0.));
#2663=CARTESIAN_POINT('',(-31.2894750675047,30.2288148957249,0.));
#2664=CARTESIAN_POINT('',(-31.2894750675047,30.2288148957249,0.));
#2665=CARTESIAN_POINT('',(-31.2894750675047,30.2288148957249,0.));
#2666=CARTESIAN_POINT('',(-31.2849029166089,30.2242427448291,0.));
#2667=CARTESIAN_POINT('',(-7.65239088315921,6.59173071137937,0.));
#2668=CARTESIAN_POINT('',(-43.4935340021939,0.750000000000058,0.));
#2669=CARTESIAN_POINT('Origin',(0.,0.,0.));
#2670=CARTESIAN_POINT('',(-43.5,0.750000000000063,0.));
#2671=CARTESIAN_POINT('',(-10.072114971544,0.749999999999992,0.));
#2672=CARTESIAN_POINT('',(-43.5,0.,0.));
#2673=CARTESIAN_POINT('',(-43.5,-0.749999999999937,0.));
#2674=CARTESIAN_POINT('',(-43.5,-0.749999999999937,0.));
#2675=CARTESIAN_POINT('',(-43.5,-0.749999999999937,0.));
#2676=CARTESIAN_POINT('',(-43.4935340021939,-0.749999999999931,0.));
#2677=CARTESIAN_POINT('',(-10.072114971544,-0.750000000000012,0.));
#2678=CARTESIAN_POINT('',(-31.284902916609,-30.2242427448291,0.));
#2679=CARTESIAN_POINT('Origin',(0.,0.,0.));
#2680=CARTESIAN_POINT('',(-31.2894750675048,-30.2288148957249,0.));
#2681=CARTESIAN_POINT('',(-7.65239088315919,-6.59173071137938,0.));
#2682=CARTESIAN_POINT('',(-30.7591449816148,-30.7591449816148,0.));
#2683=CARTESIAN_POINT('',(-30.228814895725,-31.2894750675047,0.));
#2684=CARTESIAN_POINT('',(-30.228814895725,-31.2894750675047,0.));
#2685=CARTESIAN_POINT('',(-30.228814895725,-31.2894750675047,0.));
#2686=CARTESIAN_POINT('',(-30.2242427448291,-31.2849029166089,0.));
#2687=CARTESIAN_POINT('',(-6.59173071137937,-7.6523908831592,0.));
#2688=CARTESIAN_POINT('',(-0.75000000000005,-43.4935340021939,0.));
#2689=CARTESIAN_POINT('Origin',(0.,0.,0.));
#2690=CARTESIAN_POINT('',(-0.750000000000054,-43.5,0.));
#2691=CARTESIAN_POINT('',(-0.74999999999999,-10.072114971544,0.));
#2692=CARTESIAN_POINT('',(0.,-43.5,0.));
#2693=CARTESIAN_POINT('',(0.749999999999946,-43.5,0.));
#2694=CARTESIAN_POINT('',(0.749999999999946,-43.5,0.));
#2695=CARTESIAN_POINT('',(0.749999999999946,-43.5,0.));
#2696=CARTESIAN_POINT('',(0.749999999999949,-43.4935340021939,0.));
#2697=CARTESIAN_POINT('',(0.750000000000014,-10.072114971544,0.));
#2698=CARTESIAN_POINT('',(30.2242427448291,-31.284902916609,0.));
#2699=CARTESIAN_POINT('Origin',(0.,0.,0.));
#2700=CARTESIAN_POINT('',(30.2288148957249,-31.2894750675048,0.));
#2701=CARTESIAN_POINT('',(6.59173071137938,-7.65239088315919,0.));
#2702=CARTESIAN_POINT('',(30.7591449816148,-30.7591449816148,0.));
#2703=CARTESIAN_POINT('',(31.2894750675047,-30.2288148957249,0.));
#2704=CARTESIAN_POINT('',(31.2894750675047,-30.2288148957249,0.));
#2705=CARTESIAN_POINT('',(31.2894750675047,-30.2288148957249,0.));
#2706=CARTESIAN_POINT('',(31.2849029166089,-30.2242427448291,0.));
#2707=CARTESIAN_POINT('',(7.65239088315921,-6.59173071137937,0.));
#2708=CARTESIAN_POINT('',(43.4935340021939,-0.750000000000044,0.));
#2709=CARTESIAN_POINT('Origin',(0.,0.,0.));
#2710=CARTESIAN_POINT('',(43.5,-0.750000000000044,0.));
#2711=CARTESIAN_POINT('',(10.072114971544,-0.749999999999991,0.));
#2712=CARTESIAN_POINT('',(43.5,0.,0.));
#2713=CARTESIAN_POINT('',(43.5,0.749999999999956,0.));
#2714=CARTESIAN_POINT('',(43.5,0.749999999999956,0.));
#2715=CARTESIAN_POINT('',(43.5,0.749999999999956,0.));
#2716=CARTESIAN_POINT('',(10.072114971544,0.750000000000013,0.));
#2717=CARTESIAN_POINT('Origin',(0.,0.,30.));
#2718=CARTESIAN_POINT('',(-45.,-4.44089209850063E-15,30.));
#2719=CARTESIAN_POINT('Origin',(0.,0.,30.));
#2720=CARTESIAN_POINT('',(31.284902916609,30.2242427448291,30.));
#2721=CARTESIAN_POINT('',(43.4935340021939,0.749999999999957,30.));
#2722=CARTESIAN_POINT('Origin',(0.,0.,30.));
#2723=CARTESIAN_POINT('',(43.5,0.749999999999957,30.));
#2724=CARTESIAN_POINT('',(10.072114971544,0.750000000000013,30.));
#2725=CARTESIAN_POINT('',(43.5,0.,30.));
#2726=CARTESIAN_POINT('',(43.5,0.749999999999956,30.));
#2727=CARTESIAN_POINT('',(43.5,-0.750000000000046,30.));
#2728=CARTESIAN_POINT('',(43.5,0.749999999999956,30.));
#2729=CARTESIAN_POINT('',(43.4935340021939,-0.750000000000046,30.));
#2730=CARTESIAN_POINT('',(10.072114971544,-0.749999999999991,30.));
#2731=CARTESIAN_POINT('',(31.2849029166089,-30.2242427448291,30.));
#2732=CARTESIAN_POINT('Origin',(0.,0.,30.));
#2733=CARTESIAN_POINT('',(31.2894750675047,-30.2288148957249,30.));
#2734=CARTESIAN_POINT('',(7.65239088315921,-6.59173071137937,30.));
#2735=CARTESIAN_POINT('',(30.7591449816148,-30.7591449816148,30.));
#2736=CARTESIAN_POINT('',(31.2894750675047,-30.2288148957249,30.));
#2737=CARTESIAN_POINT('',(30.2288148957249,-31.2894750675048,30.));
#2738=CARTESIAN_POINT('',(31.2894750675047,-30.2288148957249,30.));
#2739=CARTESIAN_POINT('',(30.2242427448291,-31.284902916609,30.));
#2740=CARTESIAN_POINT('',(6.59173071137938,-7.65239088315919,30.));
#2741=CARTESIAN_POINT('',(0.749999999999948,-43.4935340021939,30.));
#2742=CARTESIAN_POINT('Origin',(0.,0.,30.));
#2743=CARTESIAN_POINT('',(0.749999999999948,-43.5,30.));
#2744=CARTESIAN_POINT('',(0.750000000000014,-10.072114971544,30.));
#2745=CARTESIAN_POINT('',(0.,-43.5,30.));
#2746=CARTESIAN_POINT('',(0.749999999999946,-43.5,30.));
#2747=CARTESIAN_POINT('',(-0.750000000000055,-43.5,30.));
#2748=CARTESIAN_POINT('',(0.749999999999946,-43.5,30.));
#2749=CARTESIAN_POINT('',(-0.750000000000051,-43.4935340021939,30.));
#2750=CARTESIAN_POINT('',(-0.74999999999999,-10.072114971544,30.));
#2751=CARTESIAN_POINT('',(-30.2242427448292,-31.2849029166089,30.));
#2752=CARTESIAN_POINT('Origin',(0.,0.,30.));
#2753=CARTESIAN_POINT('',(-30.228814895725,-31.2894750675047,30.));
#2754=CARTESIAN_POINT('',(-6.59173071137937,-7.6523908831592,30.));
#2755=CARTESIAN_POINT('',(-30.7591449816148,-30.7591449816148,30.));
#2756=CARTESIAN_POINT('',(-30.228814895725,-31.2894750675047,30.));
#2757=CARTESIAN_POINT('',(-31.2894750675048,-30.2288148957249,30.));
#2758=CARTESIAN_POINT('',(-30.228814895725,-31.2894750675047,30.));
#2759=CARTESIAN_POINT('',(-31.284902916609,-30.224242744829,30.));
#2760=CARTESIAN_POINT('',(-7.65239088315919,-6.59173071137938,30.));
#2761=CARTESIAN_POINT('',(-43.4935340021939,-0.749999999999931,30.));
#2762=CARTESIAN_POINT('Origin',(0.,0.,30.));
#2763=CARTESIAN_POINT('',(-43.5,-0.749999999999935,30.));
#2764=CARTESIAN_POINT('',(-10.072114971544,-0.750000000000012,30.));
#2765=CARTESIAN_POINT('',(-43.5,0.,30.));
#2766=CARTESIAN_POINT('',(-43.5,-0.749999999999937,30.));
#2767=CARTESIAN_POINT('',(-43.5,0.750000000000064,30.));
#2768=CARTESIAN_POINT('',(-43.5,-0.749999999999937,30.));
#2769=CARTESIAN_POINT('',(-43.4935340021939,0.75000000000006,30.));
#2770=CARTESIAN_POINT('',(-10.072114971544,0.749999999999992,30.));
#2771=CARTESIAN_POINT('',(-31.2849029166089,30.2242427448291,30.));
#2772=CARTESIAN_POINT('Origin',(0.,0.,30.));
#2773=CARTESIAN_POINT('',(-31.2894750675047,30.2288148957249,30.));
#2774=CARTESIAN_POINT('',(-7.65239088315921,6.59173071137937,30.));
#2775=CARTESIAN_POINT('',(-30.7591449816148,30.7591449816148,30.));
#2776=CARTESIAN_POINT('',(-31.2894750675047,30.2288148957249,30.));
#2777=CARTESIAN_POINT('',(-30.2288148957249,31.2894750675048,30.));
#2778=CARTESIAN_POINT('',(-31.2894750675047,30.2288148957249,30.));
#2779=CARTESIAN_POINT('',(-30.2242427448291,31.284902916609,30.));
#2780=CARTESIAN_POINT('',(-6.59173071137938,7.65239088315919,30.));
#2781=CARTESIAN_POINT('',(-0.749999999999944,43.4935340021939,30.));
#2782=CARTESIAN_POINT('Origin',(0.,0.,30.));
#2783=CARTESIAN_POINT('',(-0.74999999999994,43.5,30.));
#2784=CARTESIAN_POINT('',(-0.750000000000012,10.072114971544,30.));
#2785=CARTESIAN_POINT('',(0.,43.5,30.));
#2786=CARTESIAN_POINT('',(-0.749999999999941,43.5,30.));
#2787=CARTESIAN_POINT('',(0.75000000000006,43.5,30.));
#2788=CARTESIAN_POINT('',(-0.749999999999941,43.5,30.));
#2789=CARTESIAN_POINT('',(0.750000000000055,43.4935340021939,30.));
#2790=CARTESIAN_POINT('',(0.749999999999991,10.072114971544,30.));
#2791=CARTESIAN_POINT('',(30.2242427448291,31.2849029166089,30.));
#2792=CARTESIAN_POINT('Origin',(0.,0.,30.));
#2793=CARTESIAN_POINT('',(30.228814895725,31.2894750675047,30.));
#2794=CARTESIAN_POINT('',(6.59173071137937,7.65239088315921,30.));
#2795=CARTESIAN_POINT('',(30.7591449816148,30.7591449816148,30.));
#2796=CARTESIAN_POINT('',(30.228814895725,31.2894750675047,30.));
#2797=CARTESIAN_POINT('',(31.2894750675048,30.2288148957249,30.));
#2798=CARTESIAN_POINT('',(30.228814895725,31.2894750675047,30.));
#2799=CARTESIAN_POINT('',(7.65239088315919,6.59173071137938,30.));
#2800=CARTESIAN_POINT('Origin',(0.,0.,0.));
#2801=CARTESIAN_POINT('',(-45.,-5.51091059616309E-15,0.));
#2802=CARTESIAN_POINT('Origin',(0.,0.,0.));
#2803=CARTESIAN_POINT('',(43.4935340021939,0.749999999999956,0.));
#2804=CARTESIAN_POINT('',(31.284902916609,30.2242427448291,0.));
#2805=CARTESIAN_POINT('Origin',(43.4935340021939,0.749999999999956,0.));
#2806=CARTESIAN_POINT('',(43.5,0.749999999999956,0.));
#2807=CARTESIAN_POINT('Origin',(43.5,0.749999999999956,0.));
#2808=CARTESIAN_POINT('',(43.5,0.,0.));
#2809=CARTESIAN_POINT('Origin',(43.5,-0.750000000000044,0.));
#2810=CARTESIAN_POINT('',(43.4935340021939,-0.750000000000044,0.));
#2811=CARTESIAN_POINT('',(43.5,-0.750000000000044,0.));
#2812=CARTESIAN_POINT('Origin',(0.,0.,0.));
#2813=CARTESIAN_POINT('',(31.2849029166089,-30.2242427448291,0.));
#2814=CARTESIAN_POINT('Origin',(31.2849029166089,-30.2242427448291,0.));
#2815=CARTESIAN_POINT('',(31.2894750675047,-30.2288148957249,0.));
#2816=CARTESIAN_POINT('Origin',(31.2894750675047,-30.2288148957249,0.));
#2817=CARTESIAN_POINT('',(30.7591449816148,-30.7591449816148,0.));
#2818=CARTESIAN_POINT('Origin',(30.2288148957249,-31.2894750675048,0.));
#2819=CARTESIAN_POINT('',(30.2242427448291,-31.284902916609,0.));
#2820=CARTESIAN_POINT('',(30.2288148957249,-31.2894750675048,0.));
#2821=CARTESIAN_POINT('Origin',(0.,0.,0.));
#2822=CARTESIAN_POINT('',(0.749999999999949,-43.4935340021939,0.));
#2823=CARTESIAN_POINT('Origin',(0.749999999999946,-43.4935340021939,0.));
#2824=CARTESIAN_POINT('',(0.749999999999946,-43.5,0.));
#2825=CARTESIAN_POINT('Origin',(0.749999999999946,-43.5,0.));
#2826=CARTESIAN_POINT('',(0.,-43.5,0.));
#2827=CARTESIAN_POINT('Origin',(-0.750000000000054,-43.5,0.));
#2828=CARTESIAN_POINT('',(-0.75000000000005,-43.4935340021939,0.));
#2829=CARTESIAN_POINT('',(-0.750000000000054,-43.5,0.));
#2830=CARTESIAN_POINT('Origin',(0.,0.,0.));
#2831=CARTESIAN_POINT('',(-30.2242427448291,-31.2849029166089,0.));
#2832=CARTESIAN_POINT('Origin',(-30.2242427448291,-31.2849029166089,0.));
#2833=CARTESIAN_POINT('',(-30.228814895725,-31.2894750675047,0.));
#2834=CARTESIAN_POINT('Origin',(-30.228814895725,-31.2894750675047,0.));
#2835=CARTESIAN_POINT('',(-30.7591449816148,-30.7591449816148,0.));
#2836=CARTESIAN_POINT('Origin',(-31.2894750675048,-30.2288148957249,0.));
#2837=CARTESIAN_POINT('',(-31.284902916609,-30.2242427448291,0.));
#2838=CARTESIAN_POINT('',(-31.2894750675048,-30.2288148957249,0.));
#2839=CARTESIAN_POINT('Origin',(0.,0.,0.));
#2840=CARTESIAN_POINT('',(-43.4935340021939,-0.749999999999931,0.));
#2841=CARTESIAN_POINT('Origin',(-43.4935340021939,-0.749999999999937,0.));
#2842=CARTESIAN_POINT('',(-43.5,-0.749999999999937,0.));
#2843=CARTESIAN_POINT('Origin',(-43.5,-0.749999999999937,0.));
#2844=CARTESIAN_POINT('',(-43.5,0.,0.));
#2845=CARTESIAN_POINT('Origin',(-43.5,0.750000000000063,0.));
#2846=CARTESIAN_POINT('',(-43.4935340021939,0.750000000000058,0.));
#2847=CARTESIAN_POINT('',(-43.5,0.750000000000063,0.));
#2848=CARTESIAN_POINT('Origin',(0.,0.,0.));
#2849=CARTESIAN_POINT('',(-31.2849029166089,30.2242427448291,0.));
#2850=CARTESIAN_POINT('Origin',(-31.2849029166089,30.2242427448291,0.));
#2851=CARTESIAN_POINT('',(-31.2894750675047,30.2288148957249,0.));
#2852=CARTESIAN_POINT('Origin',(-31.2894750675047,30.2288148957249,0.));
#2853=CARTESIAN_POINT('',(-30.7591449816148,30.7591449816148,0.));
#2854=CARTESIAN_POINT('Origin',(-30.2288148957249,31.2894750675048,0.));
#2855=CARTESIAN_POINT('',(-30.2242427448291,31.284902916609,0.));
#2856=CARTESIAN_POINT('',(-30.2288148957249,31.2894750675048,0.));
#2857=CARTESIAN_POINT('Origin',(0.,0.,0.));
#2858=CARTESIAN_POINT('',(-0.749999999999944,43.4935340021939,0.));
#2859=CARTESIAN_POINT('Origin',(-0.749999999999941,43.4935340021939,0.));
#2860=CARTESIAN_POINT('',(-0.749999999999941,43.5,0.));
#2861=CARTESIAN_POINT('Origin',(-0.749999999999941,43.5,0.));
#2862=CARTESIAN_POINT('',(0.,43.5,0.));
#2863=CARTESIAN_POINT('Origin',(0.750000000000059,43.5,0.));
#2864=CARTESIAN_POINT('',(0.750000000000055,43.4935340021939,0.));
#2865=CARTESIAN_POINT('',(0.750000000000059,43.5,0.));
#2866=CARTESIAN_POINT('Origin',(0.,0.,0.));
#2867=CARTESIAN_POINT('',(30.2242427448291,31.2849029166089,0.));
#2868=CARTESIAN_POINT('Origin',(30.2242427448291,31.2849029166089,0.));
#2869=CARTESIAN_POINT('',(30.228814895725,31.2894750675047,0.));
#2870=CARTESIAN_POINT('Origin',(30.228814895725,31.2894750675047,0.));
#2871=CARTESIAN_POINT('',(30.7591449816148,30.7591449816148,0.));
#2872=CARTESIAN_POINT('Origin',(31.2894750675048,30.2288148957249,0.));
#2873=CARTESIAN_POINT('',(31.2894750675048,30.2288148957249,0.));
#2874=CARTESIAN_POINT('Origin',(43.5,0.749999999999956,0.));
#2875=CARTESIAN_POINT('Origin',(30.228814895725,31.2894750675047,0.));
#2876=CARTESIAN_POINT('Origin',(-0.749999999999941,43.5,0.));
#2877=CARTESIAN_POINT('Origin',(-31.2894750675047,30.2288148957249,0.));
#2878=CARTESIAN_POINT('Origin',(-43.5,-0.749999999999937,0.));
#2879=CARTESIAN_POINT('Origin',(-30.228814895725,-31.2894750675047,0.));
#2880=CARTESIAN_POINT('Origin',(0.749999999999946,-43.5,0.));
#2881=CARTESIAN_POINT('Origin',(31.2894750675047,-30.2288148957249,0.));
#2882=UNCERTAINTY_MEASURE_WITH_UNIT(LENGTH_MEASURE(0.01),#2886,
'DISTANCE_ACCURACY_VALUE',
'Maximum model space distance between geometric entities at asserted c
onnectivities');
#2883=UNCERTAINTY_MEASURE_WITH_UNIT(LENGTH_MEASURE(0.01),#2886,
'DISTANCE_ACCURACY_VALUE',
'Maximum model space distance between geometric entities at asserted c
onnectivities');
#2884=(
GEOMETRIC_REPRESENTATION_CONTEXT(3)
GLOBAL_UNCERTAINTY_ASSIGNED_CONTEXT((#2882))
GLOBAL_UNIT_ASSIGNED_CONTEXT((#2886,#2888,#2889))
REPRESENTATION_CONTEXT('','3D')
);
#2885=(
GEOMETRIC_REPRESENTATION_CONTEXT(3)
GLOBAL_UNCERTAINTY_ASSIGNED_CONTEXT((#2883))
GLOBAL_UNIT_ASSIGNED_CONTEXT((#2886,#2888,#2889))
REPRESENTATION_CONTEXT('','3D')
);
#2886=(
LENGTH_UNIT()
NAMED_UNIT(*)
SI_UNIT(.MILLI.,.METRE.)
);
#2887=(
LENGTH_UNIT()
NAMED_UNIT(*)
SI_UNIT($,.METRE.)
);
#2888=(
NAMED_UNIT(*)
PLANE_ANGLE_UNIT()
SI_UNIT($,.RADIAN.)
);
#2889=(
NAMED_UNIT(*)
SI_UNIT($,.STERADIAN.)
SOLID_ANGLE_UNIT()
);
#2890=SHAPE_DEFINITION_REPRESENTATION(#2891,#2892);
#2891=PRODUCT_DEFINITION_SHAPE('',$,#2894);
#2892=SHAPE_REPRESENTATION('',(#1730),#2884);
#2893=PRODUCT_DEFINITION_CONTEXT('part definition',#2898,'design');
#2894=PRODUCT_DEFINITION('2026-06-12-13-37-30-630','Rover wheel V.1',#2895,
#2893);
#2895=PRODUCT_DEFINITION_FORMATION('',$,#2900);
#2896=PRODUCT_RELATED_PRODUCT_CATEGORY('Rover wheel V.1',
'Rover wheel V.1',(#2900));
#2897=APPLICATION_PROTOCOL_DEFINITION('international standard',
'automotive_design',2009,#2898);
#2898=APPLICATION_CONTEXT(
'Core Data for Automotive Mechanical Design Process');
#2899=PRODUCT_CONTEXT('part definition',#2898,'mechanical');
#2900=PRODUCT('2026-06-12-13-37-30-630','Rover wheel V.1',$,(#2899));
#2901=PRESENTATION_STYLE_ASSIGNMENT((#2902));
#2902=SURFACE_STYLE_USAGE(.BOTH.,#2903);
#2903=SURFACE_SIDE_STYLE('',(#2904));
#2904=SURFACE_STYLE_FILL_AREA(#2905);
#2905=FILL_AREA_STYLE('Steel - Satin',(#2906));
#2906=FILL_AREA_STYLE_COLOUR('Steel - Satin',#2907);
#2907=COLOUR_RGB('Steel - Satin',0.627450980392157,0.627450980392157,0.627450980392157);
ENDSEC;
END-ISO-10303-21;
