ISO-10303-21;
HEADER;
/* Generated by software containing ST-Developer
 * from STEP Tools, Inc. (www.steptools.com) 
 */

FILE_DESCRIPTION(
/* description */ (''),
/* implementation_level */ '2;1');

FILE_NAME(
/* name */ 'nameplate.step',
/* time_stamp */ '2026-07-29T23:00:05-04:00',
/* author */ (''),
/* organization */ (''),
/* preprocessor_version */ 'ST-DEVELOPER v20.1',
/* originating_system */ 'Autodesk Translation Framework v15.8.0.0',
/* authorisation */ '');

FILE_SCHEMA (('AUTOMOTIVE_DESIGN { 1 0 10303 214 3 1 1 }'));
ENDSEC;

DATA;
#10=MECHANICAL_DESIGN_GEOMETRIC_PRESENTATION_REPRESENTATION('',(#13),#12321);
#11=SHAPE_REPRESENTATION_RELATIONSHIP('SRR','None',#12328,#12);
#12=ADVANCED_BREP_SHAPE_REPRESENTATION('',(#14),#12320);
#13=STYLED_ITEM('',(#12337),#14);
#14=MANIFOLD_SOLID_BREP('Body1',#5578);
#15=CIRCLE('',#5620,1.75);
#16=CIRCLE('',#5621,1.75);
#17=CIRCLE('',#5623,1.75);
#18=CIRCLE('',#5624,1.75);
#19=CYLINDRICAL_SURFACE('',#5619,1.75);
#20=CYLINDRICAL_SURFACE('',#5622,1.75);
#21=FACE_BOUND('',#1274,.T.);
#22=FACE_BOUND('',#1301,.T.);
#23=FACE_BOUND('',#1408,.T.);
#24=FACE_BOUND('',#1542,.T.);
#25=FACE_BOUND('',#1543,.T.);
#26=FACE_BOUND('',#1544,.T.);
#27=FACE_BOUND('',#1545,.T.);
#28=FACE_BOUND('',#1546,.T.);
#29=FACE_BOUND('',#1547,.T.);
#30=FACE_BOUND('',#1548,.T.);
#31=FACE_BOUND('',#1549,.T.);
#32=FACE_BOUND('',#1550,.T.);
#33=FACE_BOUND('',#1551,.T.);
#34=FACE_BOUND('',#1552,.T.);
#35=FACE_BOUND('',#1553,.T.);
#36=FACE_BOUND('',#1554,.T.);
#37=FACE_BOUND('',#1556,.T.);
#38=FACE_BOUND('',#1557,.T.);
#39=LINE('',#6081,#354);
#40=LINE('',#6082,#355);
#41=LINE('',#6099,#356);
#42=LINE('',#6116,#357);
#43=LINE('',#6133,#358);
#44=LINE('',#6150,#359);
#45=LINE('',#6283,#360);
#46=LINE('',#6342,#361);
#47=LINE('',#6343,#362);
#48=LINE('',#6360,#363);
#49=LINE('',#6363,#364);
#50=LINE('',#6364,#365);
#51=LINE('',#6381,#366);
#52=LINE('',#6398,#367);
#53=LINE('',#6415,#368);
#54=LINE('',#6432,#369);
#55=LINE('',#6449,#370);
#56=LINE('',#6466,#371);
#57=LINE('',#6483,#372);
#58=LINE('',#6500,#373);
#59=LINE('',#6517,#374);
#60=LINE('',#6534,#375);
#61=LINE('',#6551,#376);
#62=LINE('',#6568,#377);
#63=LINE('',#6585,#378);
#64=LINE('',#6602,#379);
#65=LINE('',#6619,#380);
#66=LINE('',#6636,#381);
#67=LINE('',#6639,#382);
#68=LINE('',#6640,#383);
#69=LINE('',#6657,#384);
#70=LINE('',#6674,#385);
#71=LINE('',#6691,#386);
#72=LINE('',#6708,#387);
#73=LINE('',#6725,#388);
#74=LINE('',#6742,#389);
#75=LINE('',#6920,#390);
#76=LINE('',#6921,#391);
#77=LINE('',#6938,#392);
#78=LINE('',#6955,#393);
#79=LINE('',#6972,#394);
#80=LINE('',#6989,#395);
#81=LINE('',#7006,#396);
#82=LINE('',#7023,#397);
#83=LINE('',#7040,#398);
#84=LINE('',#7057,#399);
#85=LINE('',#7074,#400);
#86=LINE('',#7077,#401);
#87=LINE('',#7078,#402);
#88=LINE('',#7095,#403);
#89=LINE('',#7112,#404);
#90=LINE('',#7129,#405);
#91=LINE('',#7146,#406);
#92=LINE('',#7163,#407);
#93=LINE('',#7196,#408);
#94=LINE('',#7197,#409);
#95=LINE('',#7214,#410);
#96=LINE('',#7231,#411);
#97=LINE('',#7248,#412);
#98=LINE('',#7265,#413);
#99=LINE('',#7282,#414);
#100=LINE('',#7410,#415);
#101=LINE('',#7499,#416);
#102=LINE('',#7500,#417);
#103=LINE('',#7517,#418);
#104=LINE('',#7534,#419);
#105=LINE('',#7551,#420);
#106=LINE('',#7568,#421);
#107=LINE('',#7585,#422);
#108=LINE('',#7602,#423);
#109=LINE('',#7619,#424);
#110=LINE('',#7636,#425);
#111=LINE('',#7653,#426);
#112=LINE('',#7670,#427);
#113=LINE('',#7687,#428);
#114=LINE('',#7704,#429);
#115=LINE('',#7721,#430);
#116=LINE('',#7738,#431);
#117=LINE('',#7755,#432);
#118=LINE('',#7772,#433);
#119=LINE('',#7789,#434);
#120=LINE('',#7792,#435);
#121=LINE('',#7793,#436);
#122=LINE('',#7810,#437);
#123=LINE('',#7827,#438);
#124=LINE('',#7844,#439);
#125=LINE('',#7877,#440);
#126=LINE('',#7878,#441);
#127=LINE('',#7895,#442);
#128=LINE('',#7912,#443);
#129=LINE('',#7929,#444);
#130=LINE('',#7946,#445);
#131=LINE('',#7963,#446);
#132=LINE('',#7980,#447);
#133=LINE('',#8171,#448);
#134=LINE('',#8172,#449);
#135=LINE('',#8189,#450);
#136=LINE('',#8206,#451);
#137=LINE('',#8223,#452);
#138=LINE('',#8240,#453);
#139=LINE('',#8243,#454);
#140=LINE('',#8244,#455);
#141=LINE('',#8261,#456);
#142=LINE('',#8278,#457);
#143=LINE('',#8295,#458);
#144=LINE('',#8312,#459);
#145=LINE('',#8329,#460);
#146=LINE('',#8346,#461);
#147=LINE('',#8363,#462);
#148=LINE('',#8380,#463);
#149=LINE('',#8397,#464);
#150=LINE('',#8414,#465);
#151=LINE('',#8431,#466);
#152=LINE('',#8448,#467);
#153=LINE('',#8465,#468);
#154=LINE('',#8482,#469);
#155=LINE('',#8499,#470);
#156=LINE('',#8516,#471);
#157=LINE('',#8533,#472);
#158=LINE('',#8550,#473);
#159=LINE('',#8567,#474);
#160=LINE('',#8871,#475);
#161=LINE('',#8872,#476);
#162=LINE('',#8889,#477);
#163=LINE('',#8906,#478);
#164=LINE('',#8923,#479);
#165=LINE('',#8940,#480);
#166=LINE('',#8957,#481);
#167=LINE('',#8974,#482);
#168=LINE('',#8991,#483);
#169=LINE('',#9008,#484);
#170=LINE('',#9025,#485);
#171=LINE('',#9042,#486);
#172=LINE('',#9059,#487);
#173=LINE('',#9076,#488);
#174=LINE('',#9093,#489);
#175=LINE('',#9110,#490);
#176=LINE('',#9127,#491);
#177=LINE('',#9144,#492);
#178=LINE('',#9161,#493);
#179=LINE('',#9178,#494);
#180=LINE('',#9195,#495);
#181=LINE('',#9212,#496);
#182=LINE('',#9229,#497);
#183=LINE('',#9246,#498);
#184=LINE('',#9263,#499);
#185=LINE('',#9280,#500);
#186=LINE('',#9297,#501);
#187=LINE('',#9314,#502);
#188=LINE('',#9331,#503);
#189=LINE('',#9348,#504);
#190=LINE('',#9365,#505);
#191=LINE('',#9382,#506);
#192=LINE('',#9399,#507);
#193=LINE('',#9416,#508);
#194=LINE('',#9433,#509);
#195=LINE('',#9450,#510);
#196=LINE('',#9467,#511);
#197=LINE('',#9484,#512);
#198=LINE('',#9501,#513);
#199=LINE('',#9518,#514);
#200=LINE('',#9535,#515);
#201=LINE('',#9552,#516);
#202=LINE('',#9569,#517);
#203=LINE('',#9586,#518);
#204=LINE('',#9603,#519);
#205=LINE('',#9781,#520);
#206=LINE('',#9782,#521);
#207=LINE('',#9799,#522);
#208=LINE('',#9816,#523);
#209=LINE('',#9833,#524);
#210=LINE('',#9850,#525);
#211=LINE('',#9867,#526);
#212=LINE('',#9884,#527);
#213=LINE('',#9901,#528);
#214=LINE('',#9918,#529);
#215=LINE('',#9935,#530);
#216=LINE('',#9938,#531);
#217=LINE('',#9939,#532);
#218=LINE('',#9956,#533);
#219=LINE('',#9973,#534);
#220=LINE('',#9990,#535);
#221=LINE('',#10007,#536);
#222=LINE('',#10024,#537);
#223=LINE('',#10057,#538);
#224=LINE('',#10058,#539);
#225=LINE('',#10075,#540);
#226=LINE('',#10092,#541);
#227=LINE('',#10109,#542);
#228=LINE('',#10126,#543);
#229=LINE('',#10143,#544);
#230=LINE('',#10241,#545);
#231=LINE('',#10291,#546);
#232=LINE('',#10311,#547);
#233=LINE('',#10337,#548);
#234=LINE('',#10504,#549);
#235=LINE('',#10505,#550);
#236=LINE('',#10522,#551);
#237=LINE('',#10539,#552);
#238=LINE('',#10556,#553);
#239=LINE('',#10573,#554);
#240=LINE('',#10590,#555);
#241=LINE('',#10607,#556);
#242=LINE('',#10624,#557);
#243=LINE('',#10641,#558);
#244=LINE('',#10658,#559);
#245=LINE('',#10661,#560);
#246=LINE('',#10662,#561);
#247=LINE('',#10679,#562);
#248=LINE('',#10696,#563);
#249=LINE('',#10699,#564);
#250=LINE('',#10700,#565);
#251=LINE('',#10717,#566);
#252=LINE('',#10734,#567);
#253=LINE('',#10751,#568);
#254=LINE('',#10768,#569);
#255=LINE('',#10785,#570);
#256=LINE('',#10802,#571);
#257=LINE('',#10819,#572);
#258=LINE('',#10836,#573);
#259=LINE('',#10839,#574);
#260=LINE('',#10840,#575);
#261=LINE('',#10857,#576);
#262=LINE('',#10874,#577);
#263=LINE('',#10891,#578);
#264=LINE('',#10894,#579);
#265=LINE('',#10895,#580);
#266=LINE('',#10912,#581);
#267=LINE('',#10929,#582);
#268=LINE('',#10946,#583);
#269=LINE('',#10963,#584);
#270=LINE('',#10966,#585);
#271=LINE('',#10967,#586);
#272=LINE('',#10984,#587);
#273=LINE('',#11001,#588);
#274=LINE('',#11018,#589);
#275=LINE('',#11035,#590);
#276=LINE('',#11052,#591);
#277=LINE('',#11069,#592);
#278=LINE('',#11086,#593);
#279=LINE('',#11103,#594);
#280=LINE('',#11120,#595);
#281=LINE('',#11137,#596);
#282=LINE('',#11154,#597);
#283=LINE('',#11171,#598);
#284=LINE('',#11188,#599);
#285=LINE('',#11205,#600);
#286=LINE('',#11222,#601);
#287=LINE('',#11239,#602);
#288=LINE('',#11256,#603);
#289=LINE('',#11273,#604);
#290=LINE('',#11290,#605);
#291=LINE('',#11307,#606);
#292=LINE('',#11324,#607);
#293=LINE('',#11341,#608);
#294=LINE('',#11358,#609);
#295=LINE('',#11375,#610);
#296=LINE('',#11454,#611);
#297=LINE('',#11507,#612);
#298=LINE('',#11508,#613);
#299=LINE('',#11525,#614);
#300=LINE('',#11542,#615);
#301=LINE('',#11559,#616);
#302=LINE('',#11576,#617);
#303=LINE('',#11593,#618);
#304=LINE('',#11610,#619);
#305=LINE('',#11627,#620);
#306=LINE('',#11644,#621);
#307=LINE('',#11661,#622);
#308=LINE('',#11664,#623);
#309=LINE('',#11665,#624);
#310=LINE('',#11682,#625);
#311=LINE('',#11699,#626);
#312=LINE('',#11716,#627);
#313=LINE('',#11733,#628);
#314=LINE('',#11750,#629);
#315=LINE('',#11820,#630);
#316=LINE('',#11821,#631);
#317=LINE('',#11838,#632);
#318=LINE('',#11855,#633);
#319=LINE('',#11872,#634);
#320=LINE('',#11889,#635);
#321=LINE('',#11968,#636);
#322=LINE('',#12021,#637);
#323=LINE('',#12022,#638);
#324=LINE('',#12039,#639);
#325=LINE('',#12056,#640);
#326=LINE('',#12073,#641);
#327=LINE('',#12090,#642);
#328=LINE('',#12107,#643);
#329=LINE('',#12124,#644);
#330=LINE('',#12141,#645);
#331=LINE('',#12158,#646);
#332=LINE('',#12175,#647);
#333=LINE('',#12178,#648);
#334=LINE('',#12179,#649);
#335=LINE('',#12196,#650);
#336=LINE('',#12213,#651);
#337=LINE('',#12230,#652);
#338=LINE('',#12247,#653);
#339=LINE('',#12264,#654);
#340=LINE('',#12284,#655);
#341=LINE('',#12290,#656);
#342=LINE('',#12295,#657);
#343=LINE('',#12297,#658);
#344=LINE('',#12299,#659);
#345=LINE('',#12300,#660);
#346=LINE('',#12303,#661);
#347=LINE('',#12305,#662);
#348=LINE('',#12306,#663);
#349=LINE('',#12309,#664);
#350=LINE('',#12311,#665);
#351=LINE('',#12312,#666);
#352=LINE('',#12314,#667);
#353=LINE('',#12315,#668);
#354=VECTOR('',#5635,10.);
#355=VECTOR('',#5636,10.);
#356=VECTOR('',#5637,10.);
#357=VECTOR('',#5638,10.);
#358=VECTOR('',#5639,10.);
#359=VECTOR('',#5640,10.);
#360=VECTOR('',#5643,10.);
#361=VECTOR('',#5644,10.);
#362=VECTOR('',#5645,10.);
#363=VECTOR('',#5646,10.);
#364=VECTOR('',#5649,10.);
#365=VECTOR('',#5650,10.);
#366=VECTOR('',#5651,10.);
#367=VECTOR('',#5652,10.);
#368=VECTOR('',#5653,10.);
#369=VECTOR('',#5654,10.);
#370=VECTOR('',#5655,10.);
#371=VECTOR('',#5656,10.);
#372=VECTOR('',#5657,10.);
#373=VECTOR('',#5658,10.);
#374=VECTOR('',#5659,10.);
#375=VECTOR('',#5660,10.);
#376=VECTOR('',#5661,10.);
#377=VECTOR('',#5662,10.);
#378=VECTOR('',#5663,10.);
#379=VECTOR('',#5664,10.);
#380=VECTOR('',#5665,10.);
#381=VECTOR('',#5666,10.);
#382=VECTOR('',#5669,10.);
#383=VECTOR('',#5670,10.);
#384=VECTOR('',#5671,10.);
#385=VECTOR('',#5672,10.);
#386=VECTOR('',#5673,10.);
#387=VECTOR('',#5674,10.);
#388=VECTOR('',#5675,10.);
#389=VECTOR('',#5676,10.);
#390=VECTOR('',#5679,10.);
#391=VECTOR('',#5680,10.);
#392=VECTOR('',#5681,10.);
#393=VECTOR('',#5682,10.);
#394=VECTOR('',#5683,10.);
#395=VECTOR('',#5684,10.);
#396=VECTOR('',#5685,10.);
#397=VECTOR('',#5686,10.);
#398=VECTOR('',#5687,10.);
#399=VECTOR('',#5688,10.);
#400=VECTOR('',#5689,10.);
#401=VECTOR('',#5692,10.);
#402=VECTOR('',#5693,10.);
#403=VECTOR('',#5694,10.);
#404=VECTOR('',#5695,10.);
#405=VECTOR('',#5696,10.);
#406=VECTOR('',#5697,10.);
#407=VECTOR('',#5698,10.);
#408=VECTOR('',#5699,10.);
#409=VECTOR('',#5700,10.);
#410=VECTOR('',#5701,10.);
#411=VECTOR('',#5702,10.);
#412=VECTOR('',#5703,10.);
#413=VECTOR('',#5704,10.);
#414=VECTOR('',#5705,10.);
#415=VECTOR('',#5710,10.);
#416=VECTOR('',#5711,10.);
#417=VECTOR('',#5712,10.);
#418=VECTOR('',#5713,10.);
#419=VECTOR('',#5714,10.);
#420=VECTOR('',#5715,10.);
#421=VECTOR('',#5716,10.);
#422=VECTOR('',#5717,10.);
#423=VECTOR('',#5718,10.);
#424=VECTOR('',#5719,10.);
#425=VECTOR('',#5720,10.);
#426=VECTOR('',#5721,10.);
#427=VECTOR('',#5722,10.);
#428=VECTOR('',#5723,10.);
#429=VECTOR('',#5724,10.);
#430=VECTOR('',#5725,10.);
#431=VECTOR('',#5726,10.);
#432=VECTOR('',#5727,10.);
#433=VECTOR('',#5728,10.);
#434=VECTOR('',#5729,10.);
#435=VECTOR('',#5732,10.);
#436=VECTOR('',#5733,10.);
#437=VECTOR('',#5734,10.);
#438=VECTOR('',#5735,10.);
#439=VECTOR('',#5736,10.);
#440=VECTOR('',#5737,10.);
#441=VECTOR('',#5738,10.);
#442=VECTOR('',#5739,10.);
#443=VECTOR('',#5740,10.);
#444=VECTOR('',#5741,10.);
#445=VECTOR('',#5742,10.);
#446=VECTOR('',#5743,10.);
#447=VECTOR('',#5744,10.);
#448=VECTOR('',#5749,10.);
#449=VECTOR('',#5750,10.);
#450=VECTOR('',#5751,10.);
#451=VECTOR('',#5752,10.);
#452=VECTOR('',#5753,10.);
#453=VECTOR('',#5754,10.);
#454=VECTOR('',#5757,10.);
#455=VECTOR('',#5758,10.);
#456=VECTOR('',#5759,10.);
#457=VECTOR('',#5760,10.);
#458=VECTOR('',#5761,10.);
#459=VECTOR('',#5762,10.);
#460=VECTOR('',#5763,10.);
#461=VECTOR('',#5764,10.);
#462=VECTOR('',#5765,10.);
#463=VECTOR('',#5766,10.);
#464=VECTOR('',#5767,10.);
#465=VECTOR('',#5768,10.);
#466=VECTOR('',#5769,10.);
#467=VECTOR('',#5770,10.);
#468=VECTOR('',#5771,10.);
#469=VECTOR('',#5772,10.);
#470=VECTOR('',#5773,10.);
#471=VECTOR('',#5774,10.);
#472=VECTOR('',#5775,10.);
#473=VECTOR('',#5776,10.);
#474=VECTOR('',#5777,10.);
#475=VECTOR('',#5780,10.);
#476=VECTOR('',#5781,10.);
#477=VECTOR('',#5782,10.);
#478=VECTOR('',#5783,10.);
#479=VECTOR('',#5784,10.);
#480=VECTOR('',#5785,10.);
#481=VECTOR('',#5786,10.);
#482=VECTOR('',#5787,10.);
#483=VECTOR('',#5788,10.);
#484=VECTOR('',#5789,10.);
#485=VECTOR('',#5790,10.);
#486=VECTOR('',#5791,10.);
#487=VECTOR('',#5792,10.);
#488=VECTOR('',#5793,10.);
#489=VECTOR('',#5794,10.);
#490=VECTOR('',#5795,10.);
#491=VECTOR('',#5796,10.);
#492=VECTOR('',#5797,10.);
#493=VECTOR('',#5798,10.);
#494=VECTOR('',#5799,10.);
#495=VECTOR('',#5800,10.);
#496=VECTOR('',#5801,10.);
#497=VECTOR('',#5802,10.);
#498=VECTOR('',#5803,10.);
#499=VECTOR('',#5804,10.);
#500=VECTOR('',#5805,10.);
#501=VECTOR('',#5806,10.);
#502=VECTOR('',#5807,10.);
#503=VECTOR('',#5808,10.);
#504=VECTOR('',#5809,10.);
#505=VECTOR('',#5810,10.);
#506=VECTOR('',#5811,10.);
#507=VECTOR('',#5812,10.);
#508=VECTOR('',#5813,10.);
#509=VECTOR('',#5814,10.);
#510=VECTOR('',#5815,10.);
#511=VECTOR('',#5816,10.);
#512=VECTOR('',#5817,10.);
#513=VECTOR('',#5818,10.);
#514=VECTOR('',#5819,10.);
#515=VECTOR('',#5820,10.);
#516=VECTOR('',#5821,10.);
#517=VECTOR('',#5822,10.);
#518=VECTOR('',#5823,10.);
#519=VECTOR('',#5824,10.);
#520=VECTOR('',#5827,10.);
#521=VECTOR('',#5828,10.);
#522=VECTOR('',#5829,10.);
#523=VECTOR('',#5830,10.);
#524=VECTOR('',#5831,10.);
#525=VECTOR('',#5832,10.);
#526=VECTOR('',#5833,10.);
#527=VECTOR('',#5834,10.);
#528=VECTOR('',#5835,10.);
#529=VECTOR('',#5836,10.);
#530=VECTOR('',#5837,10.);
#531=VECTOR('',#5840,10.);
#532=VECTOR('',#5841,10.);
#533=VECTOR('',#5842,10.);
#534=VECTOR('',#5843,10.);
#535=VECTOR('',#5844,10.);
#536=VECTOR('',#5845,10.);
#537=VECTOR('',#5846,10.);
#538=VECTOR('',#5847,10.);
#539=VECTOR('',#5848,10.);
#540=VECTOR('',#5849,10.);
#541=VECTOR('',#5850,10.);
#542=VECTOR('',#5851,10.);
#543=VECTOR('',#5852,10.);
#544=VECTOR('',#5853,10.);
#545=VECTOR('',#5858,10.);
#546=VECTOR('',#5859,10.);
#547=VECTOR('',#5860,10.);
#548=VECTOR('',#5861,10.);
#549=VECTOR('',#5862,10.);
#550=VECTOR('',#5863,10.);
#551=VECTOR('',#5864,10.);
#552=VECTOR('',#5865,10.);
#553=VECTOR('',#5866,10.);
#554=VECTOR('',#5867,10.);
#555=VECTOR('',#5868,10.);
#556=VECTOR('',#5869,10.);
#557=VECTOR('',#5870,10.);
#558=VECTOR('',#5871,10.);
#559=VECTOR('',#5872,10.);
#560=VECTOR('',#5875,10.);
#561=VECTOR('',#5876,10.);
#562=VECTOR('',#5877,10.);
#563=VECTOR('',#5878,10.);
#564=VECTOR('',#5881,10.);
#565=VECTOR('',#5882,10.);
#566=VECTOR('',#5883,10.);
#567=VECTOR('',#5884,10.);
#568=VECTOR('',#5885,10.);
#569=VECTOR('',#5886,10.);
#570=VECTOR('',#5887,10.);
#571=VECTOR('',#5888,10.);
#572=VECTOR('',#5889,10.);
#573=VECTOR('',#5890,10.);
#574=VECTOR('',#5893,10.);
#575=VECTOR('',#5894,10.);
#576=VECTOR('',#5895,10.);
#577=VECTOR('',#5896,10.);
#578=VECTOR('',#5897,10.);
#579=VECTOR('',#5900,10.);
#580=VECTOR('',#5901,10.);
#581=VECTOR('',#5902,10.);
#582=VECTOR('',#5903,10.);
#583=VECTOR('',#5904,10.);
#584=VECTOR('',#5905,10.);
#585=VECTOR('',#5908,10.);
#586=VECTOR('',#5909,10.);
#587=VECTOR('',#5910,10.);
#588=VECTOR('',#5911,10.);
#589=VECTOR('',#5912,10.);
#590=VECTOR('',#5913,10.);
#591=VECTOR('',#5914,10.);
#592=VECTOR('',#5915,10.);
#593=VECTOR('',#5916,10.);
#594=VECTOR('',#5917,10.);
#595=VECTOR('',#5918,10.);
#596=VECTOR('',#5919,10.);
#597=VECTOR('',#5920,10.);
#598=VECTOR('',#5921,10.);
#599=VECTOR('',#5922,10.);
#600=VECTOR('',#5923,10.);
#601=VECTOR('',#5924,10.);
#602=VECTOR('',#5925,10.);
#603=VECTOR('',#5926,10.);
#604=VECTOR('',#5927,10.);
#605=VECTOR('',#5928,10.);
#606=VECTOR('',#5929,10.);
#607=VECTOR('',#5930,10.);
#608=VECTOR('',#5931,10.);
#609=VECTOR('',#5932,10.);
#610=VECTOR('',#5933,10.);
#611=VECTOR('',#5936,10.);
#612=VECTOR('',#5937,10.);
#613=VECTOR('',#5938,10.);
#614=VECTOR('',#5939,10.);
#615=VECTOR('',#5940,10.);
#616=VECTOR('',#5941,10.);
#617=VECTOR('',#5942,10.);
#618=VECTOR('',#5943,10.);
#619=VECTOR('',#5944,10.);
#620=VECTOR('',#5945,10.);
#621=VECTOR('',#5946,10.);
#622=VECTOR('',#5947,10.);
#623=VECTOR('',#5950,10.);
#624=VECTOR('',#5951,10.);
#625=VECTOR('',#5952,10.);
#626=VECTOR('',#5953,10.);
#627=VECTOR('',#5954,10.);
#628=VECTOR('',#5955,10.);
#629=VECTOR('',#5956,10.);
#630=VECTOR('',#5959,10.);
#631=VECTOR('',#5960,10.);
#632=VECTOR('',#5961,10.);
#633=VECTOR('',#5962,10.);
#634=VECTOR('',#5963,10.);
#635=VECTOR('',#5964,10.);
#636=VECTOR('',#5967,10.);
#637=VECTOR('',#5968,10.);
#638=VECTOR('',#5969,10.);
#639=VECTOR('',#5970,10.);
#640=VECTOR('',#5971,10.);
#641=VECTOR('',#5972,10.);
#642=VECTOR('',#5973,10.);
#643=VECTOR('',#5974,10.);
#644=VECTOR('',#5975,10.);
#645=VECTOR('',#5976,10.);
#646=VECTOR('',#5977,10.);
#647=VECTOR('',#5978,10.);
#648=VECTOR('',#5981,10.);
#649=VECTOR('',#5982,10.);
#650=VECTOR('',#5983,10.);
#651=VECTOR('',#5984,10.);
#652=VECTOR('',#5985,10.);
#653=VECTOR('',#5986,10.);
#654=VECTOR('',#5987,10.);
#655=VECTOR('',#5992,1.75);
#656=VECTOR('',#5999,1.75);
#657=VECTOR('',#6004,10.);
#658=VECTOR('',#6005,10.);
#659=VECTOR('',#6006,10.);
#660=VECTOR('',#6007,10.);
#661=VECTOR('',#6010,10.);
#662=VECTOR('',#6011,10.);
#663=VECTOR('',#6012,10.);
#664=VECTOR('',#6015,10.);
#665=VECTOR('',#6016,10.);
#666=VECTOR('',#6017,10.);
#667=VECTOR('',#6020,10.);
#668=VECTOR('',#6021,10.);
#669=B_SPLINE_SURFACE_WITH_KNOTS('',3,1,((#6064,#6065),(#6066,#6067),(#6068,
#6069),(#6070,#6071),(#6072,#6073)),.UNSPECIFIED.,.F.,.F.,.F.,(4,1,4),(2,
2),(0.,0.0333115791619471,0.0658059754810203),(0.,0.032),.UNSPECIFIED.);
#670=B_SPLINE_SURFACE_WITH_KNOTS('',3,1,((#6083,#6084),(#6085,#6086),(#6087,
#6088),(#6089,#6090),(#6091,#6092)),.UNSPECIFIED.,.F.,.F.,.F.,(4,1,4),(2,
2),(0.,0.0320515361889677,0.0652596305482382),(0.,0.032),.UNSPECIFIED.);
#671=B_SPLINE_SURFACE_WITH_KNOTS('',3,1,((#6100,#6101),(#6102,#6103),(#6104,
#6105),(#6106,#6107),(#6108,#6109)),.UNSPECIFIED.,.F.,.F.,.F.,(4,1,4),(2,
2),(0.,0.0323867680953007,0.0651393895309631),(0.,0.032),.UNSPECIFIED.);
#672=B_SPLINE_SURFACE_WITH_KNOTS('',3,1,((#6117,#6118),(#6119,#6120),(#6121,
#6122),(#6123,#6124),(#6125,#6126)),.UNSPECIFIED.,.F.,.F.,.F.,(4,1,4),(2,
2),(0.,0.0685023914898832,0.13063138716502),(0.,0.032),.UNSPECIFIED.);
#673=B_SPLINE_SURFACE_WITH_KNOTS('',3,1,((#6134,#6135),(#6136,#6137),(#6138,
#6139),(#6140,#6141),(#6142,#6143)),.UNSPECIFIED.,.F.,.F.,.F.,(4,1,4),(2,
2),(0.,0.0620186303664376,0.129614842394605),(0.,0.032),.UNSPECIFIED.);
#674=B_SPLINE_SURFACE_WITH_KNOTS('',3,1,((#6151,#6152),(#6153,#6154),(#6155,
#6156),(#6157,#6158),(#6159,#6160)),.UNSPECIFIED.,.F.,.F.,.F.,(4,1,4),(2,
2),(0.,0.0316549942718846,0.0638072219683447),(0.,0.032),.UNSPECIFIED.);
#675=B_SPLINE_SURFACE_WITH_KNOTS('',3,1,((#6325,#6326),(#6327,#6328),(#6329,
#6330),(#6331,#6332),(#6333,#6334)),.UNSPECIFIED.,.F.,.F.,.F.,(4,1,4),(2,
2),(0.,0.028613985860677,0.0636441561399573),(0.,0.032),.UNSPECIFIED.);
#676=B_SPLINE_SURFACE_WITH_KNOTS('',3,1,((#6344,#6345),(#6346,#6347),(#6348,
#6349),(#6350,#6351),(#6352,#6353)),.UNSPECIFIED.,.F.,.F.,.F.,(4,1,4),(2,
2),(0.,0.0322754911252772,0.063372453844043),(0.,0.032),.UNSPECIFIED.);
#677=B_SPLINE_SURFACE_WITH_KNOTS('',3,1,((#6365,#6366),(#6367,#6368),(#6369,
#6370),(#6371,#6372),(#6373,#6374)),.UNSPECIFIED.,.F.,.F.,.F.,(4,1,4),(2,
2),(0.,0.00145270549456031,0.00342696159967301),(0.,0.032),
 .UNSPECIFIED.);
#678=B_SPLINE_SURFACE_WITH_KNOTS('',3,1,((#6382,#6383),(#6384,#6385),(#6386,
#6387),(#6388,#6389),(#6390,#6391)),.UNSPECIFIED.,.F.,.F.,.F.,(4,1,4),(2,
2),(0.,0.0282355195620578,0.039832146715493),(0.,0.032),.UNSPECIFIED.);
#679=B_SPLINE_SURFACE_WITH_KNOTS('',3,1,((#6399,#6400),(#6401,#6402),(#6403,
#6404),(#6405,#6406),(#6407,#6408)),.UNSPECIFIED.,.F.,.F.,.F.,(4,1,4),(2,
2),(0.,0.0124961889940726,0.040809294597676),(0.,0.032),.UNSPECIFIED.);
#680=B_SPLINE_SURFACE_WITH_KNOTS('',3,1,((#6416,#6417),(#6418,#6419),(#6420,
#6421),(#6422,#6423),(#6424,#6425)),.UNSPECIFIED.,.F.,.F.,.F.,(4,1,4),(2,
2),(0.,0.0506794685040194,0.0642847717463468),(0.,0.032),.UNSPECIFIED.);
#681=B_SPLINE_SURFACE_WITH_KNOTS('',3,1,((#6433,#6434),(#6435,#6436),(#6437,
#6438),(#6439,#6440),(#6441,#6442)),.UNSPECIFIED.,.F.,.F.,.F.,(4,1,4),(2,
2),(0.,0.0282227294751953,0.0659813829711205),(0.,0.032),.UNSPECIFIED.);
#682=B_SPLINE_SURFACE_WITH_KNOTS('',3,1,((#6450,#6451),(#6452,#6453),(#6454,
#6455),(#6456,#6457),(#6458,#6459)),.UNSPECIFIED.,.F.,.F.,.F.,(4,1,4),(2,
2),(0.,0.00677706624527076,0.0142509492788057),(0.,0.032),.UNSPECIFIED.);
#683=B_SPLINE_SURFACE_WITH_KNOTS('',3,1,((#6467,#6468),(#6469,#6470),(#6471,
#6472),(#6473,#6474),(#6475,#6476)),.UNSPECIFIED.,.F.,.F.,.F.,(4,1,4),(2,
2),(0.,0.0045119007011615,0.00767886218551438),(0.,0.032),.UNSPECIFIED.);
#684=B_SPLINE_SURFACE_WITH_KNOTS('',3,1,((#6484,#6485),(#6486,#6487),(#6488,
#6489),(#6490,#6491),(#6492,#6493)),.UNSPECIFIED.,.F.,.F.,.F.,(4,1,4),(2,
2),(0.,0.140575633279063,0.252528927752859),(0.,0.032),.UNSPECIFIED.);
#685=B_SPLINE_SURFACE_WITH_KNOTS('',3,1,((#6501,#6502),(#6503,#6504),(#6505,
#6506),(#6507,#6508),(#6509,#6510)),.UNSPECIFIED.,.F.,.F.,.F.,(4,1,4),(2,
2),(0.,0.0899762034486474,0.154420697299832),(0.,0.032),.UNSPECIFIED.);
#686=B_SPLINE_SURFACE_WITH_KNOTS('',3,1,((#6518,#6519),(#6520,#6521),(#6522,
#6523),(#6524,#6525),(#6526,#6527)),.UNSPECIFIED.,.F.,.F.,.F.,(4,1,4),(2,
2),(0.,0.063971898248796,0.15379058023268),(0.,0.032),.UNSPECIFIED.);
#687=B_SPLINE_SURFACE_WITH_KNOTS('',3,1,((#6535,#6536),(#6537,#6538),(#6539,
#6540),(#6541,#6542),(#6543,#6544)),.UNSPECIFIED.,.F.,.F.,.F.,(4,1,4),(2,
2),(0.,0.0115634730470052,0.0239238823493346),(0.,0.032),.UNSPECIFIED.);
#688=B_SPLINE_SURFACE_WITH_KNOTS('',3,1,((#6552,#6553),(#6554,#6555),(#6556,
#6557),(#6558,#6559),(#6560,#6561)),.UNSPECIFIED.,.F.,.F.,.F.,(4,1,4),(2,
2),(0.,0.0346671380292094,0.0592474066505383),(0.,0.032),.UNSPECIFIED.);
#689=B_SPLINE_SURFACE_WITH_KNOTS('',3,1,((#6569,#6570),(#6571,#6572),(#6573,
#6574),(#6575,#6576),(#6577,#6578)),.UNSPECIFIED.,.F.,.F.,.F.,(4,1,4),(2,
2),(0.,0.0245802686213289,0.0592474066505383),(0.,0.032),.UNSPECIFIED.);
#690=B_SPLINE_SURFACE_WITH_KNOTS('',3,1,((#6586,#6587),(#6588,#6589),(#6590,
#6591),(#6592,#6593),(#6594,#6595)),.UNSPECIFIED.,.F.,.F.,.F.,(4,1,4),(2,
2),(0.,0.0132672054519402,0.0249417641709386),(0.,0.032),.UNSPECIFIED.);
#691=B_SPLINE_SURFACE_WITH_KNOTS('',3,1,((#6603,#6604),(#6605,#6606),(#6607,
#6608),(#6609,#6610),(#6611,#6612)),.UNSPECIFIED.,.F.,.F.,.F.,(4,1,4),(2,
2),(0.,0.0627462290849663,0.107184645565518),(0.,0.032),.UNSPECIFIED.);
#692=B_SPLINE_SURFACE_WITH_KNOTS('',3,1,((#6620,#6621),(#6622,#6623),(#6624,
#6625),(#6626,#6627),(#6628,#6629)),.UNSPECIFIED.,.F.,.F.,.F.,(4,1,4),(2,
2),(0.,0.044438476077608,0.107184590063029),(0.,0.032),.UNSPECIFIED.);
#693=B_SPLINE_SURFACE_WITH_KNOTS('',3,1,((#6641,#6642),(#6643,#6644),(#6645,
#6646),(#6647,#6648),(#6649,#6650)),.UNSPECIFIED.,.F.,.F.,.F.,(4,1,4),(2,
2),(0.,0.0429178431634395,0.114055794834609),(0.,0.032),.UNSPECIFIED.);
#694=B_SPLINE_SURFACE_WITH_KNOTS('',3,1,((#6658,#6659),(#6660,#6661),(#6662,
#6663),(#6664,#6665),(#6666,#6667)),.UNSPECIFIED.,.F.,.F.,.F.,(4,1,4),(2,
2),(0.,0.0660281958641183,0.115536582124379),(0.,0.032),.UNSPECIFIED.);
#695=B_SPLINE_SURFACE_WITH_KNOTS('',3,1,((#6675,#6676),(#6677,#6678),(#6679,
#6680),(#6681,#6682),(#6683,#6684)),.UNSPECIFIED.,.F.,.F.,.F.,(4,1,4),(2,
2),(0.,0.0236516008682861,0.0407618623210471),(0.,0.032),.UNSPECIFIED.);
#696=B_SPLINE_SURFACE_WITH_KNOTS('',3,1,((#6692,#6693),(#6694,#6695),(#6696,
#6697),(#6698,#6699),(#6700,#6701)),.UNSPECIFIED.,.F.,.F.,.F.,(4,1,4),(2,
2),(0.,0.0166381332108691,0.0401325502638973),(0.,0.032),.UNSPECIFIED.);
#697=B_SPLINE_SURFACE_WITH_KNOTS('',3,1,((#6709,#6710),(#6711,#6712),(#6713,
#6714),(#6715,#6716),(#6717,#6718)),.UNSPECIFIED.,.F.,.F.,.F.,(4,1,4),(2,
2),(0.,0.0116180458822444,0.0208661116228555),(0.,0.032),.UNSPECIFIED.);
#698=B_SPLINE_SURFACE_WITH_KNOTS('',3,1,((#6726,#6727),(#6728,#6729),(#6730,
#6731),(#6732,#6733),(#6734,#6735)),.UNSPECIFIED.,.F.,.F.,.F.,(4,1,4),(2,
2),(0.,0.0662186649529473,0.126510963797914),(0.,0.032),.UNSPECIFIED.);
#699=B_SPLINE_SURFACE_WITH_KNOTS('',3,1,((#6743,#6744),(#6745,#6746),(#6747,
#6748),(#6749,#6750),(#6751,#6752)),.UNSPECIFIED.,.F.,.F.,.F.,(4,1,4),(2,
2),(0.,0.0370178214466389,0.0528159062603755),(0.,0.032),.UNSPECIFIED.);
#700=B_SPLINE_SURFACE_WITH_KNOTS('',3,1,((#6903,#6904),(#6905,#6906),(#6907,
#6908),(#6909,#6910),(#6911,#6912)),.UNSPECIFIED.,.F.,.F.,.F.,(4,1,4),(2,
2),(0.,0.110871918347047,0.221363255650764),(0.,0.032),.UNSPECIFIED.);
#701=B_SPLINE_SURFACE_WITH_KNOTS('',3,1,((#6922,#6923),(#6924,#6925),(#6926,
#6927),(#6928,#6929),(#6930,#6931)),.UNSPECIFIED.,.F.,.F.,.F.,(4,1,4),(2,
2),(0.,0.123130095292544,0.243157689926581),(0.,0.032),.UNSPECIFIED.);
#702=B_SPLINE_SURFACE_WITH_KNOTS('',3,1,((#6939,#6940),(#6941,#6942),(#6943,
#6944),(#6945,#6946),(#6947,#6948)),.UNSPECIFIED.,.F.,.F.,.F.,(4,1,4),(2,
2),(0.,0.123248723646076,0.245198970986349),(0.,0.032),.UNSPECIFIED.);
#703=B_SPLINE_SURFACE_WITH_KNOTS('',3,1,((#6956,#6957),(#6958,#6959),(#6960,
#6961),(#6962,#6963),(#6964,#6965)),.UNSPECIFIED.,.F.,.F.,.F.,(4,1,4),(2,
2),(0.,0.120960709151379,0.253766444903318),(0.,0.032),.UNSPECIFIED.);
#704=B_SPLINE_SURFACE_WITH_KNOTS('',3,1,((#6973,#6974),(#6975,#6976),(#6977,
#6978),(#6979,#6980),(#6981,#6982)),.UNSPECIFIED.,.F.,.F.,.F.,(4,1,4),(2,
2),(0.,0.133206935446146,0.254229281043615),(0.,0.032),.UNSPECIFIED.);
#705=B_SPLINE_SURFACE_WITH_KNOTS('',3,1,((#6990,#6991),(#6992,#6993),(#6994,
#6995),(#6996,#6997),(#6998,#6999)),.UNSPECIFIED.,.F.,.F.,.F.,(4,1,4),(2,
2),(0.,0.128900493059315,0.263051355885728),(0.,0.032),.UNSPECIFIED.);
#706=B_SPLINE_SURFACE_WITH_KNOTS('',3,1,((#7007,#7008),(#7009,#7010),(#7011,
#7012),(#7013,#7014),(#7015,#7016)),.UNSPECIFIED.,.F.,.F.,.F.,(4,1,4),(2,
2),(0.,0.00606355388801067,0.0178049766617972),(0.,0.032),.UNSPECIFIED.);
#707=B_SPLINE_SURFACE_WITH_KNOTS('',3,1,((#7024,#7025),(#7026,#7027),(#7028,
#7029),(#7030,#7031),(#7032,#7033)),.UNSPECIFIED.,.F.,.F.,.F.,(4,1,4),(2,
2),(0.,0.0366419855548553,0.0507624924846969),(0.,0.032),.UNSPECIFIED.);
#708=B_SPLINE_SURFACE_WITH_KNOTS('',3,1,((#7041,#7042),(#7043,#7044),(#7045,
#7046),(#7047,#7048),(#7049,#7050)),.UNSPECIFIED.,.F.,.F.,.F.,(4,1,4),(2,
2),(0.,0.0133772163664298,0.0497796788765571),(0.,0.032),.UNSPECIFIED.);
#709=B_SPLINE_SURFACE_WITH_KNOTS('',3,1,((#7058,#7059),(#7060,#7061),(#7062,
#7063),(#7064,#7065),(#7066,#7067)),.UNSPECIFIED.,.F.,.F.,.F.,(4,1,4),(2,
2),(0.,0.00418706176348015,0.00680600866504525),(0.,0.032),
 .UNSPECIFIED.);
#710=B_SPLINE_SURFACE_WITH_KNOTS('',3,1,((#7079,#7080),(#7081,#7082),(#7083,
#7084),(#7085,#7086),(#7087,#7088)),.UNSPECIFIED.,.F.,.F.,.F.,(4,1,4),(2,
2),(0.,0.0968264029587535,0.196547027782923),(0.,0.032),.UNSPECIFIED.);
#711=B_SPLINE_SURFACE_WITH_KNOTS('',3,1,((#7096,#7097),(#7098,#7099),(#7100,
#7101),(#7102,#7103),(#7104,#7105)),.UNSPECIFIED.,.F.,.F.,.F.,(4,1,4),(2,
2),(0.,0.0592807889231725,0.1161381615934),(0.,0.032),.UNSPECIFIED.);
#712=B_SPLINE_SURFACE_WITH_KNOTS('',3,1,((#7113,#7114),(#7115,#7116),(#7117,
#7118),(#7119,#7120),(#7121,#7122)),.UNSPECIFIED.,.F.,.F.,.F.,(4,1,4),(2,
2),(0.,0.0549001515883666,0.114960284354875),(0.,0.032),.UNSPECIFIED.);
#713=B_SPLINE_SURFACE_WITH_KNOTS('',3,1,((#7130,#7131),(#7132,#7133),(#7134,
#7135),(#7136,#7137),(#7138,#7139)),.UNSPECIFIED.,.F.,.F.,.F.,(4,1,4),(2,
2),(0.,0.112003623520131,0.391981497686013),(0.,0.032),.UNSPECIFIED.);
#714=B_SPLINE_SURFACE_WITH_KNOTS('',3,1,((#7147,#7148),(#7149,#7150),(#7151,
#7152),(#7153,#7154),(#7155,#7156)),.UNSPECIFIED.,.F.,.F.,.F.,(4,1,4),(2,
2),(0.,0.0402033774255134,0.0784958754598219),(0.,0.032),.UNSPECIFIED.);
#715=B_SPLINE_SURFACE_WITH_KNOTS('',3,1,((#7164,#7165),(#7166,#7167),(#7168,
#7169),(#7170,#7171),(#7172,#7173)),.UNSPECIFIED.,.F.,.F.,.F.,(4,1,4),(2,
2),(0.,0.110181149433501,0.223717095334099),(0.,0.032),.UNSPECIFIED.);
#716=B_SPLINE_SURFACE_WITH_KNOTS('',3,1,((#7179,#7180),(#7181,#7182),(#7183,
#7184),(#7185,#7186),(#7187,#7188)),.UNSPECIFIED.,.F.,.F.,.F.,(4,1,4),(2,
2),(0.,0.102525062316852,0.224048481004854),(0.,0.032),.UNSPECIFIED.);
#717=B_SPLINE_SURFACE_WITH_KNOTS('',3,1,((#7198,#7199),(#7200,#7201),(#7202,
#7203),(#7204,#7205),(#7206,#7207)),.UNSPECIFIED.,.F.,.F.,.F.,(4,1,4),(2,
2),(0.,0.0114329394786268,0.028768065983221),(0.,0.032),.UNSPECIFIED.);
#718=B_SPLINE_SURFACE_WITH_KNOTS('',3,1,((#7215,#7216),(#7217,#7218),(#7219,
#7220),(#7221,#7222),(#7223,#7224)),.UNSPECIFIED.,.F.,.F.,.F.,(4,1,4),(2,
2),(0.,0.0599166304319826,0.116202637151443),(0.,0.032),.UNSPECIFIED.);
#719=B_SPLINE_SURFACE_WITH_KNOTS('',3,1,((#7232,#7233),(#7234,#7235),(#7236,
#7237),(#7238,#7239),(#7240,#7241)),.UNSPECIFIED.,.F.,.F.,.F.,(4,1,4),(2,
2),(0.,0.0559800678285558,0.115610248510264),(0.,0.032),.UNSPECIFIED.);
#720=B_SPLINE_SURFACE_WITH_KNOTS('',3,1,((#7249,#7250),(#7251,#7252),(#7253,
#7254),(#7255,#7256),(#7257,#7258)),.UNSPECIFIED.,.F.,.F.,.F.,(4,1,4),(2,
2),(0.,0.0532988573467969,0.103404919158751),(0.,0.032),.UNSPECIFIED.);
#721=B_SPLINE_SURFACE_WITH_KNOTS('',3,1,((#7266,#7267),(#7268,#7269),(#7270,
#7271),(#7272,#7273),(#7274,#7275)),.UNSPECIFIED.,.F.,.F.,.F.,(4,1,4),(2,
2),(0.,0.0503854788953338,0.103640430920132),(0.,0.032),.UNSPECIFIED.);
#722=B_SPLINE_SURFACE_WITH_KNOTS('',3,1,((#7283,#7284),(#7285,#7286),(#7287,
#7288),(#7289,#7290),(#7291,#7292)),.UNSPECIFIED.,.F.,.F.,.F.,(4,1,4),(2,
2),(0.,0.02799591709244,0.0394670508254271),(0.,0.032),.UNSPECIFIED.);
#723=B_SPLINE_SURFACE_WITH_KNOTS('',3,1,((#7482,#7483),(#7484,#7485),(#7486,
#7487),(#7488,#7489),(#7490,#7491)),.UNSPECIFIED.,.F.,.F.,.F.,(4,1,4),(2,
2),(0.,0.0245362627582974,0.0644050145308841),(0.,0.032),.UNSPECIFIED.);
#724=B_SPLINE_SURFACE_WITH_KNOTS('',3,1,((#7501,#7502),(#7503,#7504),(#7505,
#7506),(#7507,#7508),(#7509,#7510)),.UNSPECIFIED.,.F.,.F.,.F.,(4,1,4),(2,
2),(0.,0.0308038733178482,0.0447310702114552),(0.,0.032),.UNSPECIFIED.);
#725=B_SPLINE_SURFACE_WITH_KNOTS('',3,1,((#7518,#7519),(#7520,#7521),(#7522,
#7523),(#7524,#7525),(#7526,#7527)),.UNSPECIFIED.,.F.,.F.,.F.,(4,1,4),(2,
2),(0.,0.01092776144279,0.0413345983736897),(0.,0.032),.UNSPECIFIED.);
#726=B_SPLINE_SURFACE_WITH_KNOTS('',3,1,((#7535,#7536),(#7537,#7538),(#7539,
#7540),(#7541,#7542),(#7543,#7544)),.UNSPECIFIED.,.F.,.F.,.F.,(4,1,4),(2,
2),(0.,0.0023633956928421,0.00431224272509989),(0.,0.032),.UNSPECIFIED.);
#727=B_SPLINE_SURFACE_WITH_KNOTS('',3,1,((#7552,#7553),(#7554,#7555),(#7556,
#7557),(#7558,#7559),(#7560,#7561)),.UNSPECIFIED.,.F.,.F.,.F.,(4,1,4),(2,
2),(0.,0.0206479027381066,0.049521619478145),(0.,0.032),.UNSPECIFIED.);
#728=B_SPLINE_SURFACE_WITH_KNOTS('',3,1,((#7569,#7570),(#7571,#7572),(#7573,
#7574),(#7575,#7576),(#7577,#7578)),.UNSPECIFIED.,.F.,.F.,.F.,(4,1,4),(2,
2),(0.,0.0918152380221664,0.184516685078889),(0.,0.032),.UNSPECIFIED.);
#729=B_SPLINE_SURFACE_WITH_KNOTS('',3,1,((#7586,#7587),(#7588,#7589),(#7590,
#7591),(#7592,#7593),(#7594,#7595)),.UNSPECIFIED.,.F.,.F.,.F.,(4,1,4),(2,
2),(0.,0.120478010334972,0.246277778742798),(0.,0.032),.UNSPECIFIED.);
#730=B_SPLINE_SURFACE_WITH_KNOTS('',3,1,((#7603,#7604),(#7605,#7606),(#7607,
#7608),(#7609,#7610),(#7611,#7612)),.UNSPECIFIED.,.F.,.F.,.F.,(4,1,4),(2,
2),(0.,0.129340951499825,0.249006946196511),(0.,0.032),.UNSPECIFIED.);
#731=B_SPLINE_SURFACE_WITH_KNOTS('',3,1,((#7620,#7621),(#7622,#7623),(#7624,
#7625),(#7626,#7627),(#7628,#7629)),.UNSPECIFIED.,.F.,.F.,.F.,(4,1,4),(2,
2),(0.,0.117251181746364,0.23537056114782),(0.,0.032),.UNSPECIFIED.);
#732=B_SPLINE_SURFACE_WITH_KNOTS('',3,1,((#7637,#7638),(#7639,#7640),(#7641,
#7642),(#7643,#7644),(#7645,#7646)),.UNSPECIFIED.,.F.,.F.,.F.,(4,1,4),(2,
2),(0.,0.115274329508652,0.234009664204438),(0.,0.032),.UNSPECIFIED.);
#733=B_SPLINE_SURFACE_WITH_KNOTS('',3,1,((#7654,#7655),(#7656,#7657),(#7658,
#7659),(#7660,#7661),(#7662,#7663)),.UNSPECIFIED.,.F.,.F.,.F.,(4,1,4),(2,
2),(0.,0.0532590839945142,0.10344629249755),(0.,0.032),.UNSPECIFIED.);
#734=B_SPLINE_SURFACE_WITH_KNOTS('',3,1,((#7671,#7672),(#7673,#7674),(#7675,
#7676),(#7677,#7678),(#7679,#7680)),.UNSPECIFIED.,.F.,.F.,.F.,(4,1,4),(2,
2),(0.,0.0447169490950482,0.0833355982698042),(0.,0.032),.UNSPECIFIED.);
#735=B_SPLINE_SURFACE_WITH_KNOTS('',3,1,((#7688,#7689),(#7690,#7691),(#7692,
#7693),(#7694,#7695),(#7696,#7697)),.UNSPECIFIED.,.F.,.F.,.F.,(4,1,4),(2,
2),(0.,0.0120791502566614,0.0420529945031149),(0.,0.032),.UNSPECIFIED.);
#736=B_SPLINE_SURFACE_WITH_KNOTS('',3,1,((#7705,#7706),(#7707,#7708),(#7709,
#7710),(#7711,#7712),(#7713,#7714)),.UNSPECIFIED.,.F.,.F.,.F.,(4,1,4),(2,
2),(0.,0.0336539817749042,0.046129404338127),(0.,0.032),.UNSPECIFIED.);
#737=B_SPLINE_SURFACE_WITH_KNOTS('',3,1,((#7722,#7723),(#7724,#7725),(#7726,
#7727),(#7728,#7729),(#7730,#7731)),.UNSPECIFIED.,.F.,.F.,.F.,(4,1,4),(2,
2),(0.,0.0152673085543858,0.0492442878538541),(0.,0.032),.UNSPECIFIED.);
#738=B_SPLINE_SURFACE_WITH_KNOTS('',3,1,((#7739,#7740),(#7741,#7742),(#7743,
#7744),(#7745,#7746),(#7747,#7748)),.UNSPECIFIED.,.F.,.F.,.F.,(4,1,4),(2,
2),(0.,0.0306426675430848,0.0521745440399926),(0.,0.032),.UNSPECIFIED.);
#739=B_SPLINE_SURFACE_WITH_KNOTS('',3,1,((#7756,#7757),(#7758,#7759),(#7760,
#7761),(#7762,#7763),(#7764,#7765)),.UNSPECIFIED.,.F.,.F.,.F.,(4,1,4),(2,
2),(0.,0.0217678791317653,0.0524890784884495),(0.,0.032),.UNSPECIFIED.);
#740=B_SPLINE_SURFACE_WITH_KNOTS('',3,1,((#7773,#7774),(#7775,#7776),(#7777,
#7778),(#7779,#7780),(#7781,#7782)),.UNSPECIFIED.,.F.,.F.,.F.,(4,1,4),(2,
2),(0.,0.0142411570526967,0.0278713296221457),(0.,0.032),.UNSPECIFIED.);
#741=B_SPLINE_SURFACE_WITH_KNOTS('',3,1,((#7794,#7795),(#7796,#7797),(#7798,
#7799),(#7800,#7801),(#7802,#7803)),.UNSPECIFIED.,.F.,.F.,.F.,(4,1,4),(2,
2),(0.,0.0740019666399151,0.283421825225684),(0.,0.032),.UNSPECIFIED.);
#742=B_SPLINE_SURFACE_WITH_KNOTS('',3,1,((#7811,#7812),(#7813,#7814),(#7815,
#7816),(#7817,#7818),(#7819,#7820)),.UNSPECIFIED.,.F.,.F.,.F.,(4,1,4),(2,
2),(0.,0.135659646396313,0.250372679284172),(0.,0.032),.UNSPECIFIED.);
#743=B_SPLINE_SURFACE_WITH_KNOTS('',3,1,((#7828,#7829),(#7830,#7831),(#7832,
#7833),(#7834,#7835),(#7836,#7837)),.UNSPECIFIED.,.F.,.F.,.F.,(4,1,4),(2,
2),(0.,0.00412381855282613,0.0115091730104422),(0.,0.032),.UNSPECIFIED.);
#744=B_SPLINE_SURFACE_WITH_KNOTS('',3,1,((#7845,#7846),(#7847,#7848),(#7849,
#7850),(#7851,#7852),(#7853,#7854)),.UNSPECIFIED.,.F.,.F.,.F.,(4,1,4),(2,
2),(0.,0.0402140088360041,0.0562236947595009),(0.,0.032),.UNSPECIFIED.);
#745=B_SPLINE_SURFACE_WITH_KNOTS('',3,1,((#7860,#7861),(#7862,#7863),(#7864,
#7865),(#7866,#7867),(#7868,#7869)),.UNSPECIFIED.,.F.,.F.,.F.,(4,1,4),(2,
2),(0.,0.0693859249360315,0.140993188678862),(0.,0.032),.UNSPECIFIED.);
#746=B_SPLINE_SURFACE_WITH_KNOTS('',3,1,((#7879,#7880),(#7881,#7882),(#7883,
#7884),(#7885,#7886),(#7887,#7888)),.UNSPECIFIED.,.F.,.F.,.F.,(4,1,4),(2,
2),(0.,0.0717633259594198,0.142622588348072),(0.,0.032),.UNSPECIFIED.);
#747=B_SPLINE_SURFACE_WITH_KNOTS('',3,1,((#7896,#7897),(#7898,#7899),(#7900,
#7901),(#7902,#7903),(#7904,#7905)),.UNSPECIFIED.,.F.,.F.,.F.,(4,1,4),(2,
2),(0.,0.0722445650161987,0.143393386445122),(0.,0.032),.UNSPECIFIED.);
#748=B_SPLINE_SURFACE_WITH_KNOTS('',3,1,((#7913,#7914),(#7915,#7916),(#7917,
#7918),(#7919,#7920),(#7921,#7922)),.UNSPECIFIED.,.F.,.F.,.F.,(4,1,4),(2,
2),(0.,0.0716912159554778,0.144557067963993),(0.,0.032),.UNSPECIFIED.);
#749=B_SPLINE_SURFACE_WITH_KNOTS('',3,1,((#7930,#7931),(#7932,#7933),(#7934,
#7935),(#7936,#7937),(#7938,#7939)),.UNSPECIFIED.,.F.,.F.,.F.,(4,1,4),(2,
2),(0.,0.0708922529798116,0.142945937101412),(0.,0.032),.UNSPECIFIED.);
#750=B_SPLINE_SURFACE_WITH_KNOTS('',3,1,((#7947,#7948),(#7949,#7950),(#7951,
#7952),(#7953,#7954),(#7955,#7956)),.UNSPECIFIED.,.F.,.F.,.F.,(4,1,4),(2,
2),(0.,0.0712396884210833,0.141703189621501),(0.,0.032),.UNSPECIFIED.);
#751=B_SPLINE_SURFACE_WITH_KNOTS('',3,1,((#7964,#7965),(#7966,#7967),(#7968,
#7969),(#7970,#7971),(#7972,#7973)),.UNSPECIFIED.,.F.,.F.,.F.,(4,1,4),(2,
2),(0.,0.0729192041073313,0.142982489755137),(0.,0.032),.UNSPECIFIED.);
#752=B_SPLINE_SURFACE_WITH_KNOTS('',3,1,((#7981,#7982),(#7983,#7984),(#7985,
#7986),(#7987,#7988),(#7989,#7990)),.UNSPECIFIED.,.F.,.F.,.F.,(4,1,4),(2,
2),(0.,0.0701607327794502,0.14139460068923),(0.,0.032),.UNSPECIFIED.);
#753=B_SPLINE_SURFACE_WITH_KNOTS('',3,1,((#8154,#8155),(#8156,#8157),(#8158,
#8159),(#8160,#8161),(#8162,#8163)),.UNSPECIFIED.,.F.,.F.,.F.,(4,1,4),(2,
2),(0.,0.0169412562753107,0.0292670848580266),(0.,0.032),.UNSPECIFIED.);
#754=B_SPLINE_SURFACE_WITH_KNOTS('',3,1,((#8173,#8174),(#8175,#8176),(#8177,
#8178),(#8179,#8180),(#8181,#8182)),.UNSPECIFIED.,.F.,.F.,.F.,(4,1,4),(2,
2),(0.,0.0101824328839317,0.0293255149354449),(0.,0.032),.UNSPECIFIED.);
#755=B_SPLINE_SURFACE_WITH_KNOTS('',3,1,((#8190,#8191),(#8192,#8193),(#8194,
#8195),(#8196,#8197),(#8198,#8199)),.UNSPECIFIED.,.F.,.F.,.F.,(4,1,4),(2,
2),(0.,0.204064051289581,0.351316106959729),(0.,0.032),.UNSPECIFIED.);
#756=B_SPLINE_SURFACE_WITH_KNOTS('',3,1,((#8207,#8208),(#8209,#8210),(#8211,
#8212),(#8213,#8214),(#8215,#8216)),.UNSPECIFIED.,.F.,.F.,.F.,(4,1,4),(2,
2),(0.,0.104975338605098,0.140974326372755),(0.,0.032),.UNSPECIFIED.);
#757=B_SPLINE_SURFACE_WITH_KNOTS('',3,1,((#8224,#8225),(#8226,#8227),(#8228,
#8229),(#8230,#8231),(#8232,#8233)),.UNSPECIFIED.,.F.,.F.,.F.,(4,1,4),(2,
2),(0.,0.0583003279617445,0.0995820895808653),(0.,0.032),.UNSPECIFIED.);
#758=B_SPLINE_SURFACE_WITH_KNOTS('',3,1,((#8245,#8246),(#8247,#8248),(#8249,
#8250),(#8251,#8252),(#8253,#8254)),.UNSPECIFIED.,.F.,.F.,.F.,(4,1,4),(2,
2),(0.,0.117602835074694,0.201750912141221),(0.,0.032),.UNSPECIFIED.);
#759=B_SPLINE_SURFACE_WITH_KNOTS('',3,1,((#8262,#8263),(#8264,#8265),(#8266,
#8267),(#8268,#8269),(#8270,#8271)),.UNSPECIFIED.,.F.,.F.,.F.,(4,1,4),(2,
2),(0.,0.0836754655876512,0.201120787575337),(0.,0.032),.UNSPECIFIED.);
#760=B_SPLINE_SURFACE_WITH_KNOTS('',3,1,((#8279,#8280),(#8281,#8282),(#8283,
#8284),(#8285,#8286),(#8287,#8288)),.UNSPECIFIED.,.F.,.F.,.F.,(4,1,4),(2,
2),(0.,0.0117332532725974,0.0214779279056364),(0.,0.032),.UNSPECIFIED.);
#761=B_SPLINE_SURFACE_WITH_KNOTS('',3,1,((#8296,#8297),(#8298,#8299),(#8300,
#8301),(#8302,#8303),(#8304,#8305)),.UNSPECIFIED.,.F.,.F.,.F.,(4,1,4),(2,
2),(0.,0.0208469706054756,0.0353505252082598),(0.,0.032),.UNSPECIFIED.);
#762=B_SPLINE_SURFACE_WITH_KNOTS('',3,1,((#8313,#8314),(#8315,#8316),(#8317,
#8318),(#8319,#8320),(#8321,#8322)),.UNSPECIFIED.,.F.,.F.,.F.,(4,1,4),(2,
2),(0.,0.0145030770476456,0.0353495698931936),(0.,0.032),.UNSPECIFIED.);
#763=B_SPLINE_SURFACE_WITH_KNOTS('',3,1,((#8330,#8331),(#8332,#8333),(#8334,
#8335),(#8336,#8337),(#8338,#8339)),.UNSPECIFIED.,.F.,.F.,.F.,(4,1,4),(2,
2),(0.,0.0205320447482355,0.0353511004731519),(0.,0.032),.UNSPECIFIED.);
#764=B_SPLINE_SURFACE_WITH_KNOTS('',3,1,((#8347,#8348),(#8349,#8350),(#8351,
#8352),(#8353,#8354),(#8355,#8356)),.UNSPECIFIED.,.F.,.F.,.F.,(4,1,4),(2,
2),(0.,0.0143462828525409,0.0347213520569081),(0.,0.032),.UNSPECIFIED.);
#765=B_SPLINE_SURFACE_WITH_KNOTS('',3,1,((#8364,#8365),(#8366,#8367),(#8368,
#8369),(#8370,#8371),(#8372,#8373)),.UNSPECIFIED.,.F.,.F.,.F.,(4,1,4),(2,
2),(0.,0.0111200605430651,0.0234349574154427),(0.,0.032),.UNSPECIFIED.);
#766=B_SPLINE_SURFACE_WITH_KNOTS('',3,1,((#8381,#8382),(#8383,#8384),(#8385,
#8386),(#8387,#8388),(#8389,#8390)),.UNSPECIFIED.,.F.,.F.,.F.,(4,1,4),(2,
2),(0.,0.127801257983885,0.219124008103071),(0.,0.032),.UNSPECIFIED.);
#767=B_SPLINE_SURFACE_WITH_KNOTS('',3,1,((#8398,#8399),(#8400,#8401),(#8402,
#8403),(#8404,#8405),(#8406,#8407)),.UNSPECIFIED.,.F.,.F.,.F.,(4,1,4),(2,
2),(0.,0.0913226905243252,0.21912394850821),(0.,0.032),.UNSPECIFIED.);
#768=B_SPLINE_SURFACE_WITH_KNOTS('',3,1,((#8415,#8416),(#8417,#8418),(#8419,
#8420),(#8421,#8422),(#8423,#8424)),.UNSPECIFIED.,.F.,.F.,.F.,(4,1,4),(2,
2),(0.,0.121375328465083,0.20804311312635),(0.,0.032),.UNSPECIFIED.);
#769=B_SPLINE_SURFACE_WITH_KNOTS('',3,1,((#8432,#8433),(#8434,#8435),(#8436,
#8437),(#8438,#8439),(#8440,#8441)),.UNSPECIFIED.,.F.,.F.,.F.,(4,1,4),(2,
2),(0.,0.0861951044010234,0.207412937220421),(0.,0.032),.UNSPECIFIED.);
#770=B_SPLINE_SURFACE_WITH_KNOTS('',3,1,((#8449,#8450),(#8451,#8452),(#8453,
#8454),(#8455,#8456),(#8457,#8458)),.UNSPECIFIED.,.F.,.F.,.F.,(4,1,4),(2,
2),(0.,0.0124566539262705,0.0249131193658192),(0.,0.032),.UNSPECIFIED.);
#771=B_SPLINE_SURFACE_WITH_KNOTS('',3,1,((#8466,#8467),(#8468,#8469),(#8470,
#8471),(#8472,#8473),(#8474,#8475)),.UNSPECIFIED.,.F.,.F.,.F.,(4,1,4),(2,
2),(0.,0.0767466921356436,0.131737584612109),(0.,0.032),.UNSPECIFIED.);
#772=B_SPLINE_SURFACE_WITH_KNOTS('',3,1,((#8483,#8484),(#8485,#8486),(#8487,
#8488),(#8489,#8490),(#8491,#8492)),.UNSPECIFIED.,.F.,.F.,.F.,(4,1,4),(2,
2),(0.,0.0549918461155529,0.131737584739703),(0.,0.032),.UNSPECIFIED.);
#773=B_SPLINE_SURFACE_WITH_KNOTS('',3,1,((#8500,#8501),(#8502,#8503),(#8504,
#8505),(#8506,#8507),(#8508,#8509)),.UNSPECIFIED.,.F.,.F.,.F.,(4,1,4),(2,
2),(0.,0.0817171480318032,0.140030638672973),(0.,0.032),.UNSPECIFIED.);
#774=B_SPLINE_SURFACE_WITH_KNOTS('',3,1,((#8517,#8518),(#8519,#8520),(#8521,
#8522),(#8523,#8524),(#8525,#8526)),.UNSPECIFIED.,.F.,.F.,.F.,(4,1,4),(2,
2),(0.,0.05831349337899,0.140029683028603),(0.,0.032),.UNSPECIFIED.);
#775=B_SPLINE_SURFACE_WITH_KNOTS('',3,1,((#8534,#8535),(#8536,#8537),(#8538,
#8539),(#8540,#8541),(#8542,#8543)),.UNSPECIFIED.,.F.,.F.,.F.,(4,1,4),(2,
2),(0.,0.0157328371557366,0.0307817846762069),(0.,0.032),.UNSPECIFIED.);
#776=B_SPLINE_SURFACE_WITH_KNOTS('',3,1,((#8551,#8552),(#8553,#8554),(#8555,
#8556),(#8557,#8558),(#8559,#8560)),.UNSPECIFIED.,.F.,.F.,.F.,(4,1,4),(2,
2),(0.,0.0755097018422504,0.125957981707571),(0.,0.032),.UNSPECIFIED.);
#777=B_SPLINE_SURFACE_WITH_KNOTS('',3,1,((#8568,#8569),(#8570,#8571),(#8572,
#8573),(#8574,#8575),(#8576,#8577)),.UNSPECIFIED.,.F.,.F.,.F.,(4,1,4),(2,
2),(0.,0.0103683911483677,0.0199396662131924),(0.,0.032),.UNSPECIFIED.);
#778=B_SPLINE_SURFACE_WITH_KNOTS('',3,1,((#8854,#8855),(#8856,#8857),(#8858,
#8859),(#8860,#8861),(#8862,#8863)),.UNSPECIFIED.,.F.,.F.,.F.,(4,1,4),(2,
2),(0.,0.0866700187571704,0.20806011455633),(0.,0.032),.UNSPECIFIED.);
#779=B_SPLINE_SURFACE_WITH_KNOTS('',3,1,((#8873,#8874),(#8875,#8876),(#8877,
#8878),(#8879,#8880),(#8881,#8882)),.UNSPECIFIED.,.F.,.F.,.F.,(4,1,4),(2,
2),(0.,0.127123982102022,0.217809181726257),(0.,0.032),.UNSPECIFIED.);
#780=B_SPLINE_SURFACE_WITH_KNOTS('',3,1,((#8890,#8891),(#8892,#8893),(#8894,
#8895),(#8896,#8897),(#8898,#8899)),.UNSPECIFIED.,.F.,.F.,.F.,(4,1,4),(2,
2),(0.,0.0906852294240273,0.21780924131678),(0.,0.032),.UNSPECIFIED.);
#781=B_SPLINE_SURFACE_WITH_KNOTS('',3,1,((#8907,#8908),(#8909,#8910),(#8911,
#8912),(#8913,#8914),(#8915,#8916)),.UNSPECIFIED.,.F.,.F.,.F.,(4,1,4),(2,
2),(0.,0.012407511346249,0.0244164791632503),(0.,0.032),.UNSPECIFIED.);
#782=B_SPLINE_SURFACE_WITH_KNOTS('',3,1,((#8924,#8925),(#8926,#8927),(#8928,
#8929),(#8930,#8931),(#8932,#8933)),.UNSPECIFIED.,.F.,.F.,.F.,(4,1,4),(2,
2),(0.,0.0377836357254418,0.0646555565158164),(0.,0.032),.UNSPECIFIED.);
#783=B_SPLINE_SURFACE_WITH_KNOTS('',3,1,((#8941,#8942),(#8943,#8944),(#8945,
#8946),(#8947,#8948),(#8949,#8950)),.UNSPECIFIED.,.F.,.F.,.F.,(4,1,4),(2,
2),(0.,0.0268719207903746,0.0646556130630831),(0.,0.032),.UNSPECIFIED.);
#784=B_SPLINE_SURFACE_WITH_KNOTS('',3,1,((#8958,#8959),(#8960,#8961),(#8962,
#8963),(#8964,#8965),(#8966,#8967)),.UNSPECIFIED.,.F.,.F.,.F.,(4,1,4),(2,
2),(0.,0.0209375318908168,0.0334258037289993),(0.,0.032),.UNSPECIFIED.);
#785=B_SPLINE_SURFACE_WITH_KNOTS('',3,1,((#8975,#8976),(#8977,#8978),(#8979,
#8980),(#8981,#8982),(#8983,#8984)),.UNSPECIFIED.,.F.,.F.,.F.,(4,1,4),(2,
2),(0.,0.273511537040814,0.651220138883692),(0.,0.032),.UNSPECIFIED.);
#786=B_SPLINE_SURFACE_WITH_KNOTS('',3,1,((#8992,#8993),(#8994,#8995),(#8996,
#8997),(#8998,#8999),(#9000,#9001)),.UNSPECIFIED.,.F.,.F.,.F.,(4,1,4),(2,
2),(0.,0.0160443757926471,0.0575767737841296),(0.,0.032),.UNSPECIFIED.);
#787=B_SPLINE_SURFACE_WITH_KNOTS('',3,1,((#9009,#9010),(#9011,#9012),(#9013,
#9014),(#9015,#9016),(#9017,#9018)),.UNSPECIFIED.,.F.,.F.,.F.,(4,1,4),(2,
2),(0.,0.0507140012926694,0.0692429234206335),(0.,0.032),.UNSPECIFIED.);
#788=B_SPLINE_SURFACE_WITH_KNOTS('',3,1,((#9026,#9027),(#9028,#9029),(#9030,
#9031),(#9032,#9033),(#9034,#9035)),.UNSPECIFIED.,.F.,.F.,.F.,(4,1,4),(2,
2),(0.,0.347575441457811,0.653649131526722),(0.,0.032),.UNSPECIFIED.);
#789=B_SPLINE_SURFACE_WITH_KNOTS('',3,1,((#9043,#9044),(#9045,#9046),(#9047,
#9048),(#9049,#9050),(#9051,#9052)),.UNSPECIFIED.,.F.,.F.,.F.,(4,1,4),(2,
2),(0.,0.0099464494065198,0.0317932487757839),(0.,0.032),.UNSPECIFIED.);
#790=B_SPLINE_SURFACE_WITH_KNOTS('',3,1,((#9060,#9061),(#9062,#9063),(#9064,
#9065),(#9066,#9067),(#9068,#9069)),.UNSPECIFIED.,.F.,.F.,.F.,(4,1,4),(2,
2),(0.,0.0756376435099724,0.129756137504067),(0.,0.032),.UNSPECIFIED.);
#791=B_SPLINE_SURFACE_WITH_KNOTS('',3,1,((#9077,#9078),(#9079,#9080),(#9081,
#9082),(#9083,#9084),(#9085,#9086)),.UNSPECIFIED.,.F.,.F.,.F.,(4,1,4),(2,
2),(0.,0.0101245682798831,0.0218574519485047),(0.,0.032),.UNSPECIFIED.);
#792=B_SPLINE_SURFACE_WITH_KNOTS('',3,1,((#9094,#9095),(#9096,#9097),(#9098,
#9099),(#9100,#9101),(#9102,#9103)),.UNSPECIFIED.,.F.,.F.,.F.,(4,1,4),(2,
2),(0.,0.127171488726795,0.217864079567818),(0.,0.032),.UNSPECIFIED.);
#793=B_SPLINE_SURFACE_WITH_KNOTS('',3,1,((#9111,#9112),(#9113,#9114),(#9115,
#9116),(#9117,#9118),(#9119,#9120)),.UNSPECIFIED.,.F.,.F.,.F.,(4,1,4),(2,
2),(0.,0.0906925312462969,0.217864019682311),(0.,0.032),.UNSPECIFIED.);
#794=B_SPLINE_SURFACE_WITH_KNOTS('',3,1,((#9128,#9129),(#9130,#9131),(#9132,
#9133),(#9134,#9135),(#9136,#9137)),.UNSPECIFIED.,.F.,.F.,.F.,(4,1,4),(2,
2),(0.,0.122290936521802,0.209675325740919),(0.,0.032),.UNSPECIFIED.);
#795=B_SPLINE_SURFACE_WITH_KNOTS('',3,1,((#9145,#9146),(#9147,#9148),(#9149,
#9150),(#9151,#9152),(#9153,#9154)),.UNSPECIFIED.,.F.,.F.,.F.,(4,1,4),(2,
2),(0.,0.087384389360176,0.209675206770908),(0.,0.032),.UNSPECIFIED.);
#796=B_SPLINE_SURFACE_WITH_KNOTS('',3,1,((#9162,#9163),(#9164,#9165),(#9166,
#9167),(#9168,#9169),(#9170,#9171)),.UNSPECIFIED.,.F.,.F.,.F.,(4,1,4),(2,
2),(0.,0.0121905382897058,0.0219975043755809),(0.,0.032),.UNSPECIFIED.);
#797=B_SPLINE_SURFACE_WITH_KNOTS('',3,1,((#9179,#9180),(#9181,#9182),(#9183,
#9184),(#9185,#9186),(#9187,#9188)),.UNSPECIFIED.,.F.,.F.,.F.,(4,1,4),(2,
2),(0.,0.0196677958386237,0.0337776076744071),(0.,0.032),.UNSPECIFIED.);
#798=B_SPLINE_SURFACE_WITH_KNOTS('',3,1,((#9196,#9197),(#9198,#9199),(#9200,
#9201),(#9202,#9203),(#9204,#9205)),.UNSPECIFIED.,.F.,.F.,.F.,(4,1,4),(2,
2),(0.,0.0141097969429855,0.0337775927816092),(0.,0.032),.UNSPECIFIED.);
#799=B_SPLINE_SURFACE_WITH_KNOTS('',3,1,((#9213,#9214),(#9215,#9216),(#9217,
#9218),(#9219,#9220),(#9221,#9222)),.UNSPECIFIED.,.F.,.F.,.F.,(4,1,4),(2,
2),(0.,0.019274921085937,0.0328335821051864),(0.,0.032),.UNSPECIFIED.);
#800=B_SPLINE_SURFACE_WITH_KNOTS('',3,1,((#9230,#9231),(#9232,#9233),(#9234,
#9235),(#9236,#9237),(#9238,#9239)),.UNSPECIFIED.,.F.,.F.,.F.,(4,1,4),(2,
2),(0.,0.0135586717551057,0.0328336016112568),(0.,0.032),.UNSPECIFIED.);
#801=B_SPLINE_SURFACE_WITH_KNOTS('',3,1,((#9247,#9248),(#9249,#9250),(#9251,
#9252),(#9253,#9254),(#9255,#9256)),.UNSPECIFIED.,.F.,.F.,.F.,(4,1,4),(2,
2),(0.,0.0160884454993348,0.028998995583108),(0.,0.032),.UNSPECIFIED.);
#802=B_SPLINE_SURFACE_WITH_KNOTS('',3,1,((#9264,#9265),(#9266,#9267),(#9268,
#9269),(#9270,#9271),(#9272,#9273)),.UNSPECIFIED.,.F.,.F.,.F.,(4,1,4),(2,
2),(0.,0.142295285818796,0.243925943537689),(0.,0.032),.UNSPECIFIED.);
#803=B_SPLINE_SURFACE_WITH_KNOTS('',3,1,((#9281,#9282),(#9283,#9284),(#9285,
#9286),(#9287,#9288),(#9289,#9290)),.UNSPECIFIED.,.F.,.F.,.F.,(4,1,4),(2,
2),(0.,0.10163059801174,0.243925943651271),(0.,0.032),.UNSPECIFIED.);
#804=B_SPLINE_SURFACE_WITH_KNOTS('',3,1,((#9298,#9299),(#9300,#9301),(#9302,
#9303),(#9304,#9305),(#9306,#9307)),.UNSPECIFIED.,.F.,.F.,.F.,(4,1,4),(2,
2),(0.,0.00655730229163327,0.0151586095819298),(0.,0.032),.UNSPECIFIED.);
#805=B_SPLINE_SURFACE_WITH_KNOTS('',3,1,((#9315,#9316),(#9317,#9318),(#9319,
#9320),(#9321,#9322),(#9323,#9324)),.UNSPECIFIED.,.F.,.F.,.F.,(4,1,4),(2,
2),(0.,0.00533160718578301,0.0121506200481289),(0.,0.032),.UNSPECIFIED.);
#806=B_SPLINE_SURFACE_WITH_KNOTS('',3,1,((#9332,#9333),(#9334,#9335),(#9336,
#9337),(#9338,#9339),(#9340,#9341)),.UNSPECIFIED.,.F.,.F.,.F.,(4,1,4),(2,
2),(0.,0.168926181451153,0.405096115187213),(0.,0.032),.UNSPECIFIED.);
#807=B_SPLINE_SURFACE_WITH_KNOTS('',3,1,((#9349,#9350),(#9351,#9352),(#9353,
#9354),(#9355,#9356),(#9357,#9358)),.UNSPECIFIED.,.F.,.F.,.F.,(4,1,4),(2,
2),(0.,0.0665778254055799,0.155582087314847),(0.,0.032),.UNSPECIFIED.);
#808=B_SPLINE_SURFACE_WITH_KNOTS('',3,1,((#9366,#9367),(#9368,#9369),(#9370,
#9371),(#9372,#9373),(#9374,#9375)),.UNSPECIFIED.,.F.,.F.,.F.,(4,1,4),(2,
2),(0.,0.0460863177790902,0.0672121047718749),(0.,0.032),.UNSPECIFIED.);
#809=B_SPLINE_SURFACE_WITH_KNOTS('',3,1,((#9383,#9384),(#9385,#9386),(#9387,
#9388),(#9389,#9390),(#9391,#9392)),.UNSPECIFIED.,.F.,.F.,.F.,(4,1,4),(2,
2),(0.,0.0148786555399501,0.0467722422920013),(0.,0.032),.UNSPECIFIED.);
#810=B_SPLINE_SURFACE_WITH_KNOTS('',3,1,((#9400,#9401),(#9402,#9403),(#9404,
#9405),(#9406,#9407),(#9408,#9409)),.UNSPECIFIED.,.F.,.F.,.F.,(4,1,4),(2,
2),(0.,0.0686949301390554,0.153695211133782),(0.,0.032),.UNSPECIFIED.);
#811=B_SPLINE_SURFACE_WITH_KNOTS('',3,1,((#9417,#9418),(#9419,#9420),(#9421,
#9422),(#9423,#9424),(#9425,#9426)),.UNSPECIFIED.,.F.,.F.,.F.,(4,1,4),(2,
2),(0.,0.137147691450587,0.397027559043361),(0.,0.032),.UNSPECIFIED.);
#812=B_SPLINE_SURFACE_WITH_KNOTS('',3,1,((#9434,#9435),(#9436,#9437),(#9438,
#9439),(#9440,#9441),(#9442,#9443)),.UNSPECIFIED.,.F.,.F.,.F.,(4,1,4),(2,
2),(0.,0.00533160982810793,0.0117608446066151),(0.,0.032),.UNSPECIFIED.);
#813=B_SPLINE_SURFACE_WITH_KNOTS('',3,1,((#9451,#9452),(#9453,#9454),(#9455,
#9456),(#9457,#9458),(#9459,#9460)),.UNSPECIFIED.,.F.,.F.,.F.,(4,1,4),(2,
2),(0.,0.00906913563026449,0.0138922031359433),(0.,0.032),.UNSPECIFIED.);
#814=B_SPLINE_SURFACE_WITH_KNOTS('',3,1,((#9468,#9469),(#9470,#9471),(#9472,
#9473),(#9474,#9475),(#9476,#9477)),.UNSPECIFIED.,.F.,.F.,.F.,(4,1,4),(2,
2),(0.,0.140124572157857,0.24018498814637),(0.,0.032),.UNSPECIFIED.);
#815=B_SPLINE_SURFACE_WITH_KNOTS('',3,1,((#9485,#9486),(#9487,#9488),(#9489,
#9490),(#9491,#9492),(#9493,#9494)),.UNSPECIFIED.,.F.,.F.,.F.,(4,1,4),(2,
2),(0.,0.100060415988514,0.240185047729307),(0.,0.032),.UNSPECIFIED.);
#816=B_SPLINE_SURFACE_WITH_KNOTS('',3,1,((#9502,#9503),(#9504,#9505),(#9506,
#9507),(#9508,#9509),(#9510,#9511)),.UNSPECIFIED.,.F.,.F.,.F.,(4,1,4),(2,
2),(0.,0.0129105364445048,0.0289989855922299),(0.,0.032),.UNSPECIFIED.);
#817=B_SPLINE_SURFACE_WITH_KNOTS('',3,1,((#9519,#9520),(#9521,#9522),(#9523,
#9524),(#9525,#9526),(#9527,#9528)),.UNSPECIFIED.,.F.,.F.,.F.,(4,1,4),(2,
2),(0.,0.0203750118184999,0.0347210553999764),(0.,0.032),.UNSPECIFIED.);
#818=B_SPLINE_SURFACE_WITH_KNOTS('',3,1,((#9536,#9537),(#9538,#9539),(#9540,
#9541),(#9542,#9543),(#9544,#9545)),.UNSPECIFIED.,.F.,.F.,.F.,(4,1,4),(2,
2),(0.,0.014345984009192,0.034721055287792),(0.,0.032),.UNSPECIFIED.);
#819=B_SPLINE_SURFACE_WITH_KNOTS('',3,1,((#9553,#9554),(#9555,#9556),(#9557,
#9558),(#9559,#9560),(#9561,#9562)),.UNSPECIFIED.,.F.,.F.,.F.,(4,1,4),(2,
2),(0.,0.0201392508468731,0.0344065440540748),(0.,0.032),.UNSPECIFIED.);
#820=B_SPLINE_SURFACE_WITH_KNOTS('',3,1,((#9570,#9571),(#9572,#9573),(#9574,
#9575),(#9576,#9577),(#9578,#9579)),.UNSPECIFIED.,.F.,.F.,.F.,(4,1,4),(2,
2),(0.,0.0142673488293143,0.0344066080700045),(0.,0.032),.UNSPECIFIED.);
#821=B_SPLINE_SURFACE_WITH_KNOTS('',3,1,((#9587,#9588),(#9589,#9590),(#9591,
#9592),(#9593,#9594),(#9595,#9596)),.UNSPECIFIED.,.F.,.F.,.F.,(4,1,4),(2,
2),(0.,0.0124564465906911,0.0249128743327814),(0.,0.032),.UNSPECIFIED.);
#822=B_SPLINE_SURFACE_WITH_KNOTS('',3,1,((#9604,#9605),(#9606,#9607),(#9608,
#9609),(#9610,#9611),(#9612,#9613)),.UNSPECIFIED.,.F.,.F.,.F.,(4,1,4),(2,
2),(0.,0.121232587577565,0.207429998249935),(0.,0.032),.UNSPECIFIED.);
#823=B_SPLINE_SURFACE_WITH_KNOTS('',3,1,((#9764,#9765),(#9766,#9767),(#9768,
#9769),(#9770,#9771),(#9772,#9773)),.UNSPECIFIED.,.F.,.F.,.F.,(4,1,4),(2,
2),(0.,0.110871918347047,0.221363255650764),(0.,0.032),.UNSPECIFIED.);
#824=B_SPLINE_SURFACE_WITH_KNOTS('',3,1,((#9783,#9784),(#9785,#9786),(#9787,
#9788),(#9789,#9790),(#9791,#9792)),.UNSPECIFIED.,.F.,.F.,.F.,(4,1,4),(2,
2),(0.,0.123130095292544,0.243157689926581),(0.,0.032),.UNSPECIFIED.);
#825=B_SPLINE_SURFACE_WITH_KNOTS('',3,1,((#9800,#9801),(#9802,#9803),(#9804,
#9805),(#9806,#9807),(#9808,#9809)),.UNSPECIFIED.,.F.,.F.,.F.,(4,1,4),(2,
2),(0.,0.123248723646076,0.245198970986349),(0.,0.032),.UNSPECIFIED.);
#826=B_SPLINE_SURFACE_WITH_KNOTS('',3,1,((#9817,#9818),(#9819,#9820),(#9821,
#9822),(#9823,#9824),(#9825,#9826)),.UNSPECIFIED.,.F.,.F.,.F.,(4,1,4),(2,
2),(0.,0.120960709151379,0.253766444903318),(0.,0.032),.UNSPECIFIED.);
#827=B_SPLINE_SURFACE_WITH_KNOTS('',3,1,((#9834,#9835),(#9836,#9837),(#9838,
#9839),(#9840,#9841),(#9842,#9843)),.UNSPECIFIED.,.F.,.F.,.F.,(4,1,4),(2,
2),(0.,0.133207405841082,0.25422935039378),(0.,0.032),.UNSPECIFIED.);
#828=B_SPLINE_SURFACE_WITH_KNOTS('',3,1,((#9851,#9852),(#9853,#9854),(#9855,
#9856),(#9857,#9858),(#9859,#9860)),.UNSPECIFIED.,.F.,.F.,.F.,(4,1,4),(2,
2),(0.,0.128900493059315,0.263051355885728),(0.,0.032),.UNSPECIFIED.);
#829=B_SPLINE_SURFACE_WITH_KNOTS('',3,1,((#9868,#9869),(#9870,#9871),(#9872,
#9873),(#9874,#9875),(#9876,#9877)),.UNSPECIFIED.,.F.,.F.,.F.,(4,1,4),(2,
2),(0.,0.00606355388801067,0.0178049766617972),(0.,0.032),.UNSPECIFIED.);
#830=B_SPLINE_SURFACE_WITH_KNOTS('',3,1,((#9885,#9886),(#9887,#9888),(#9889,
#9890),(#9891,#9892),(#9893,#9894)),.UNSPECIFIED.,.F.,.F.,.F.,(4,1,4),(2,
2),(0.,0.0366419855548553,0.0507624924846969),(0.,0.032),.UNSPECIFIED.);
#831=B_SPLINE_SURFACE_WITH_KNOTS('',3,1,((#9902,#9903),(#9904,#9905),(#9906,
#9907),(#9908,#9909),(#9910,#9911)),.UNSPECIFIED.,.F.,.F.,.F.,(4,1,4),(2,
2),(0.,0.0133772163664298,0.0497796788765571),(0.,0.032),.UNSPECIFIED.);
#832=B_SPLINE_SURFACE_WITH_KNOTS('',3,1,((#9919,#9920),(#9921,#9922),(#9923,
#9924),(#9925,#9926),(#9927,#9928)),.UNSPECIFIED.,.F.,.F.,.F.,(4,1,4),(2,
2),(0.,0.00418706176348015,0.00680600866504525),(0.,0.032),
 .UNSPECIFIED.);
#833=B_SPLINE_SURFACE_WITH_KNOTS('',3,1,((#9940,#9941),(#9942,#9943),(#9944,
#9945),(#9946,#9947),(#9948,#9949)),.UNSPECIFIED.,.F.,.F.,.F.,(4,1,4),(2,
2),(0.,0.0968264029587535,0.196547027782923),(0.,0.032),.UNSPECIFIED.);
#834=B_SPLINE_SURFACE_WITH_KNOTS('',3,1,((#9957,#9958),(#9959,#9960),(#9961,
#9962),(#9963,#9964),(#9965,#9966)),.UNSPECIFIED.,.F.,.F.,.F.,(4,1,4),(2,
2),(0.,0.0592807889231725,0.1161381615934),(0.,0.032),.UNSPECIFIED.);
#835=B_SPLINE_SURFACE_WITH_KNOTS('',3,1,((#9974,#9975),(#9976,#9977),(#9978,
#9979),(#9980,#9981),(#9982,#9983)),.UNSPECIFIED.,.F.,.F.,.F.,(4,1,4),(2,
2),(0.,0.0548999832595755,0.114960447523974),(0.,0.032),.UNSPECIFIED.);
#836=B_SPLINE_SURFACE_WITH_KNOTS('',3,1,((#9991,#9992),(#9993,#9994),(#9995,
#9996),(#9997,#9998),(#9999,#10000)),.UNSPECIFIED.,.F.,.F.,.F.,(4,1,4),
(2,2),(0.,0.112003623520131,0.391981497686013),(0.,0.032),.UNSPECIFIED.);
#837=B_SPLINE_SURFACE_WITH_KNOTS('',3,1,((#10008,#10009),(#10010,#10011),
(#10012,#10013),(#10014,#10015),(#10016,#10017)),.UNSPECIFIED.,.F.,.F.,
 .F.,(4,1,4),(2,2),(0.,0.0402033774255134,0.0784958754598219),(0.,0.032),
 .UNSPECIFIED.);
#838=B_SPLINE_SURFACE_WITH_KNOTS('',3,1,((#10025,#10026),(#10027,#10028),
(#10029,#10030),(#10031,#10032),(#10033,#10034)),.UNSPECIFIED.,.F.,.F.,
 .F.,(4,1,4),(2,2),(0.,0.110181149433501,0.223717095334099),(0.,0.032),
 .UNSPECIFIED.);
#839=B_SPLINE_SURFACE_WITH_KNOTS('',3,1,((#10040,#10041),(#10042,#10043),
(#10044,#10045),(#10046,#10047),(#10048,#10049)),.UNSPECIFIED.,.F.,.F.,
 .F.,(4,1,4),(2,2),(0.,0.102525062316852,0.224048481004854),(0.,0.032),
 .UNSPECIFIED.);
#840=B_SPLINE_SURFACE_WITH_KNOTS('',3,1,((#10059,#10060),(#10061,#10062),
(#10063,#10064),(#10065,#10066),(#10067,#10068)),.UNSPECIFIED.,.F.,.F.,
 .F.,(4,1,4),(2,2),(0.,0.0114329394786268,0.028768065983221),(0.,0.032),
 .UNSPECIFIED.);
#841=B_SPLINE_SURFACE_WITH_KNOTS('',3,1,((#10076,#10077),(#10078,#10079),
(#10080,#10081),(#10082,#10083),(#10084,#10085)),.UNSPECIFIED.,.F.,.F.,
 .F.,(4,1,4),(2,2),(0.,0.0599166304319826,0.116202637151443),(0.,0.032),
 .UNSPECIFIED.);
#842=B_SPLINE_SURFACE_WITH_KNOTS('',3,1,((#10093,#10094),(#10095,#10096),
(#10097,#10098),(#10099,#10100),(#10101,#10102)),.UNSPECIFIED.,.F.,.F.,
 .F.,(4,1,4),(2,2),(0.,0.0559800678285558,0.115610248510264),(0.,0.032),
 .UNSPECIFIED.);
#843=B_SPLINE_SURFACE_WITH_KNOTS('',3,1,((#10110,#10111),(#10112,#10113),
(#10114,#10115),(#10116,#10117),(#10118,#10119)),.UNSPECIFIED.,.F.,.F.,
 .F.,(4,1,4),(2,2),(0.,0.0532988573467969,0.103404919158751),(0.,0.032),
 .UNSPECIFIED.);
#844=B_SPLINE_SURFACE_WITH_KNOTS('',3,1,((#10127,#10128),(#10129,#10130),
(#10131,#10132),(#10133,#10134),(#10135,#10136)),.UNSPECIFIED.,.F.,.F.,
 .F.,(4,1,4),(2,2),(0.,0.0503855765654856,0.103640251366772),(0.,0.032),
 .UNSPECIFIED.);
#845=B_SPLINE_SURFACE_WITH_KNOTS('',3,1,((#10144,#10145),(#10146,#10147),
(#10148,#10149),(#10150,#10151),(#10152,#10153)),.UNSPECIFIED.,.F.,.F.,
 .F.,(4,1,4),(2,2),(0.,0.0279963840400567,0.0394671378801371),(0.,0.032),
 .UNSPECIFIED.);
#846=B_SPLINE_SURFACE_WITH_KNOTS('',3,1,((#10487,#10488),(#10489,#10490),
(#10491,#10492),(#10493,#10494),(#10495,#10496)),.UNSPECIFIED.,.F.,.F.,
 .F.,(4,1,4),(2,2),(0.,0.0497133563943195,0.119449356435),(0.,0.032),
 .UNSPECIFIED.);
#847=B_SPLINE_SURFACE_WITH_KNOTS('',3,1,((#10506,#10507),(#10508,#10509),
(#10510,#10511),(#10512,#10513),(#10514,#10515)),.UNSPECIFIED.,.F.,.F.,
 .F.,(4,1,4),(2,2),(0.,0.0378269737185327,0.0642994517138456),(0.,0.032),
 .UNSPECIFIED.);
#848=B_SPLINE_SURFACE_WITH_KNOTS('',3,1,((#10523,#10524),(#10525,#10526),
(#10527,#10528),(#10529,#10530),(#10531,#10532)),.UNSPECIFIED.,.F.,.F.,
 .F.,(4,1,4),(2,2),(0.,0.0264724779953128,0.0642993802112213),(0.,0.032),
 .UNSPECIFIED.);
#849=B_SPLINE_SURFACE_WITH_KNOTS('',3,1,((#10540,#10541),(#10542,#10543),
(#10544,#10545),(#10546,#10547),(#10548,#10549)),.UNSPECIFIED.,.F.,.F.,
 .F.,(4,1,4),(2,2),(0.,0.0693952849530805,0.164117010096597),(0.,0.032),
 .UNSPECIFIED.);
#850=B_SPLINE_SURFACE_WITH_KNOTS('',3,1,((#10557,#10558),(#10559,#10560),
(#10561,#10562),(#10563,#10564),(#10565,#10566)),.UNSPECIFIED.,.F.,.F.,
 .F.,(4,1,4),(2,2),(0.,0.10009162484546,0.180953827480798),(0.,0.032),
 .UNSPECIFIED.);
#851=B_SPLINE_SURFACE_WITH_KNOTS('',3,1,((#10574,#10575),(#10576,#10577),
(#10578,#10579),(#10580,#10581),(#10582,#10583)),.UNSPECIFIED.,.F.,.F.,
 .F.,(4,1,4),(2,2),(0.,0.0669086429983566,0.128364743485758),(0.,0.032),
 .UNSPECIFIED.);
#852=B_SPLINE_SURFACE_WITH_KNOTS('',3,1,((#10591,#10592),(#10593,#10594),
(#10595,#10596),(#10597,#10598),(#10599,#10600)),.UNSPECIFIED.,.F.,.F.,
 .F.,(4,1,4),(2,2),(0.,0.0635250548941016,0.12847847659519),(0.,0.032),
 .UNSPECIFIED.);
#853=B_SPLINE_SURFACE_WITH_KNOTS('',3,1,((#10608,#10609),(#10610,#10611),
(#10612,#10613),(#10614,#10615),(#10616,#10617)),.UNSPECIFIED.,.F.,.F.,
 .F.,(4,1,4),(2,2),(0.,0.122286868450791,0.232991771473522),(0.,0.032),
 .UNSPECIFIED.);
#854=B_SPLINE_SURFACE_WITH_KNOTS('',3,1,((#10625,#10626),(#10627,#10628),
(#10629,#10630),(#10631,#10632),(#10633,#10634)),.UNSPECIFIED.,.F.,.F.,
 .F.,(4,1,4),(2,2),(0.,0.0574671380326169,0.111485324129274),(0.,0.032),
 .UNSPECIFIED.);
#855=B_SPLINE_SURFACE_WITH_KNOTS('',3,1,((#10642,#10643),(#10644,#10645),
(#10646,#10647),(#10648,#10649),(#10650,#10651)),.UNSPECIFIED.,.F.,.F.,
 .F.,(4,1,4),(2,2),(0.,0.0470542427387718,0.0903704170125616),(0.,0.032),
 .UNSPECIFIED.);
#856=B_SPLINE_SURFACE_WITH_KNOTS('',3,1,((#10663,#10664),(#10665,#10666),
(#10667,#10668),(#10669,#10670),(#10671,#10672)),.UNSPECIFIED.,.F.,.F.,
 .F.,(4,1,4),(2,2),(0.,0.0339007244586638,0.0462676976560946),(0.,0.032),
 .UNSPECIFIED.);
#857=B_SPLINE_SURFACE_WITH_KNOTS('',3,1,((#10680,#10681),(#10682,#10683),
(#10684,#10685),(#10686,#10687),(#10688,#10689)),.UNSPECIFIED.,.F.,.F.,
 .F.,(4,1,4),(2,2),(0.,0.0133068273372773,0.0473289821467439),(0.,0.032),
 .UNSPECIFIED.);
#858=B_SPLINE_SURFACE_WITH_KNOTS('',3,1,((#10701,#10702),(#10703,#10704),
(#10705,#10706),(#10707,#10708),(#10709,#10710)),.UNSPECIFIED.,.F.,.F.,
 .F.,(4,1,4),(2,2),(0.,0.0268269101593648,0.0639385335122714),(0.,0.032),
 .UNSPECIFIED.);
#859=B_SPLINE_SURFACE_WITH_KNOTS('',3,1,((#10718,#10719),(#10720,#10721),
(#10722,#10723),(#10724,#10725),(#10726,#10727)),.UNSPECIFIED.,.F.,.F.,
 .F.,(4,1,4),(2,2),(0.,0.028904589965651,0.0687244595011875),(0.,0.032),
 .UNSPECIFIED.);
#860=B_SPLINE_SURFACE_WITH_KNOTS('',3,1,((#10735,#10736),(#10737,#10738),
(#10739,#10740),(#10741,#10742),(#10743,#10744)),.UNSPECIFIED.,.F.,.F.,
 .F.,(4,1,4),(2,2),(0.,0.0066138402327651,0.0118159239880085),(0.,0.032),
 .UNSPECIFIED.);
#861=B_SPLINE_SURFACE_WITH_KNOTS('',3,1,((#10752,#10753),(#10754,#10755),
(#10756,#10757),(#10758,#10759),(#10760,#10761)),.UNSPECIFIED.,.F.,.F.,
 .F.,(4,1,4),(2,2),(0.,0.00753997389811947,0.0133889244166301),(0.,0.032),
 .UNSPECIFIED.);
#862=B_SPLINE_SURFACE_WITH_KNOTS('',3,1,((#10769,#10770),(#10771,#10772),
(#10773,#10774),(#10775,#10776),(#10777,#10778)),.UNSPECIFIED.,.F.,.F.,
 .F.,(4,1,4),(2,2),(0.,0.115342392403312,0.231675803932713),(0.,0.032),
 .UNSPECIFIED.);
#863=B_SPLINE_SURFACE_WITH_KNOTS('',3,1,((#10786,#10787),(#10788,#10789),
(#10790,#10791),(#10792,#10793),(#10794,#10795)),.UNSPECIFIED.,.F.,.F.,
 .F.,(4,1,4),(2,2),(0.,0.0895757635136728,0.153467785933934),(0.,0.032),
 .UNSPECIFIED.);
#864=B_SPLINE_SURFACE_WITH_KNOTS('',3,1,((#10803,#10804),(#10805,#10806),
(#10807,#10808),(#10809,#10810),(#10811,#10812)),.UNSPECIFIED.,.F.,.F.,
 .F.,(4,1,4),(2,2),(0.,0.0638919628157981,0.153467903882853),(0.,0.032),
 .UNSPECIFIED.);
#865=B_SPLINE_SURFACE_WITH_KNOTS('',3,1,((#10820,#10821),(#10822,#10823),
(#10824,#10825),(#10826,#10827),(#10828,#10829)),.UNSPECIFIED.,.F.,.F.,
 .F.,(4,1,4),(2,2),(0.,0.0103666643439549,0.0235125390535429),(0.,0.032),
 .UNSPECIFIED.);
#866=B_SPLINE_SURFACE_WITH_KNOTS('',3,1,((#10841,#10842),(#10843,#10844),
(#10845,#10846),(#10847,#10848),(#10849,#10850)),.UNSPECIFIED.,.F.,.F.,
 .F.,(4,1,4),(2,2),(0.,0.0141789365533515,0.0259720006780604),(0.,0.032),
 .UNSPECIFIED.);
#867=B_SPLINE_SURFACE_WITH_KNOTS('',3,1,((#10858,#10859),(#10860,#10861),
(#10862,#10863),(#10864,#10865),(#10866,#10867)),.UNSPECIFIED.,.F.,.F.,
 .F.,(4,1,4),(2,2),(0.,0.0545188402459223,0.0932797034925919),(0.,0.032),
 .UNSPECIFIED.);
#868=B_SPLINE_SURFACE_WITH_KNOTS('',3,1,((#10875,#10876),(#10877,#10878),
(#10879,#10880),(#10881,#10882),(#10883,#10884)),.UNSPECIFIED.,.F.,.F.,
 .F.,(4,1,4),(2,2),(0.,0.0392335242200041,0.0939099553049527),(0.,0.032),
 .UNSPECIFIED.);
#869=B_SPLINE_SURFACE_WITH_KNOTS('',3,1,((#10896,#10897),(#10898,#10899),
(#10900,#10901),(#10902,#10903),(#10904,#10905)),.UNSPECIFIED.,.F.,.F.,
 .F.,(4,1,4),(2,2),(0.,0.0583692142833417,0.0983669201180614),(0.,0.032),
 .UNSPECIFIED.);
#870=B_SPLINE_SURFACE_WITH_KNOTS('',3,1,((#10913,#10914),(#10915,#10916),
(#10917,#10918),(#10919,#10920),(#10921,#10922)),.UNSPECIFIED.,.F.,.F.,
 .F.,(4,1,4),(2,2),(0.,0.0442818568739971,0.101148370097009),(0.,0.032),
 .UNSPECIFIED.);
#871=B_SPLINE_SURFACE_WITH_KNOTS('',3,1,((#10930,#10931),(#10932,#10933),
(#10934,#10935),(#10936,#10937),(#10938,#10939)),.UNSPECIFIED.,.F.,.F.,
 .F.,(4,1,4),(2,2),(0.,0.0473886648421535,0.104959729630042),(0.,0.032),
 .UNSPECIFIED.);
#872=B_SPLINE_SURFACE_WITH_KNOTS('',3,1,((#10947,#10948),(#10949,#10950),
(#10951,#10952),(#10953,#10954),(#10955,#10956)),.UNSPECIFIED.,.F.,.F.,
 .F.,(4,1,4),(2,2),(0.,0.0611250783219945,0.103582403940549),(0.,0.032),
 .UNSPECIFIED.);
#873=B_SPLINE_SURFACE_WITH_KNOTS('',3,1,((#10968,#10969),(#10970,#10971),
(#10972,#10973),(#10974,#10975),(#10976,#10977)),.UNSPECIFIED.,.F.,.F.,
 .F.,(4,1,4),(2,2),(0.,0.0531963813872455,0.0910932189840688),(0.,0.032),
 .UNSPECIFIED.);
#874=B_SPLINE_SURFACE_WITH_KNOTS('',3,1,((#10985,#10986),(#10987,#10988),
(#10989,#10990),(#10991,#10992),(#10993,#10994)),.UNSPECIFIED.,.F.,.F.,
 .F.,(4,1,4),(2,2),(0.,0.0378968375968233,0.0910933381509927),(0.,0.032),
 .UNSPECIFIED.);
#875=B_SPLINE_SURFACE_WITH_KNOTS('',3,1,((#11002,#11003),(#11004,#11005),
(#11006,#11007),(#11008,#11009),(#11010,#11011)),.UNSPECIFIED.,.F.,.F.,
 .F.,(4,1,4),(2,2),(0.,0.0104998931192202,0.0245654740173766),(0.,0.032),
 .UNSPECIFIED.);
#876=B_SPLINE_SURFACE_WITH_KNOTS('',3,1,((#11019,#11020),(#11021,#11022),
(#11023,#11024),(#11025,#11026),(#11027,#11028)),.UNSPECIFIED.,.F.,.F.,
 .F.,(4,1,4),(2,2),(0.,0.0172004794123988,0.0296518265300301),(0.,0.032),
 .UNSPECIFIED.);
#877=B_SPLINE_SURFACE_WITH_KNOTS('',3,1,((#11036,#11037),(#11038,#11039),
(#11040,#11041),(#11042,#11043),(#11044,#11045)),.UNSPECIFIED.,.F.,.F.,
 .F.,(4,1,4),(2,2),(0.,0.0124515854598124,0.0296518268139866),(0.,0.032),
 .UNSPECIFIED.);
#878=B_SPLINE_SURFACE_WITH_KNOTS('',3,1,((#11053,#11054),(#11055,#11056),
(#11057,#11058),(#11059,#11060),(#11061,#11062)),.UNSPECIFIED.,.F.,.F.,
 .F.,(4,1,4),(2,2),(0.,0.0191965104096977,0.0331486680873487),(0.,0.032),
 .UNSPECIFIED.);
#879=B_SPLINE_SURFACE_WITH_KNOTS('',3,1,((#11070,#11071),(#11072,#11073),
(#11074,#11075),(#11076,#11077),(#11078,#11079)),.UNSPECIFIED.,.F.,.F.,
 .F.,(4,1,4),(2,2),(0.,0.0139523959593781,0.0331486686019552),(0.,0.032),
 .UNSPECIFIED.);
#880=B_SPLINE_SURFACE_WITH_KNOTS('',3,1,((#11087,#11088),(#11089,#11090),
(#11091,#11092),(#11093,#11094),(#11095,#11096)),.UNSPECIFIED.,.F.,.F.,
 .F.,(4,1,4),(2,2),(0.,0.0130739615499477,0.0225868508843726),(0.,0.032),
 .UNSPECIFIED.);
#881=B_SPLINE_SURFACE_WITH_KNOTS('',3,1,((#11104,#11105),(#11106,#11107),
(#11108,#11109),(#11110,#11111),(#11112,#11113)),.UNSPECIFIED.,.F.,.F.,
 .F.,(4,1,4),(2,2),(0.,0.0540771884077531,0.0926852832351382),(0.,0.032),
 .UNSPECIFIED.);
#882=B_SPLINE_SURFACE_WITH_KNOTS('',3,1,((#11121,#11122),(#11123,#11124),
(#11125,#11126),(#11127,#11128),(#11129,#11130)),.UNSPECIFIED.,.F.,.F.,
 .F.,(4,1,4),(2,2),(0.,0.0386080948273851,0.0926852832351382),(0.,0.032),
 .UNSPECIFIED.);
#883=B_SPLINE_SURFACE_WITH_KNOTS('',3,1,((#11138,#11139),(#11140,#11141),
(#11142,#11143),(#11144,#11145),(#11146,#11147)),.UNSPECIFIED.,.F.,.F.,
 .F.,(4,1,4),(2,2),(0.,0.0695110899808576,0.179649401565236),(0.,0.032),
 .UNSPECIFIED.);
#884=B_SPLINE_SURFACE_WITH_KNOTS('',3,1,((#11155,#11156),(#11157,#11158),
(#11159,#11160),(#11161,#11162),(#11163,#11164)),.UNSPECIFIED.,.F.,.F.,
 .F.,(4,1,4),(2,2),(0.,0.0555954718975176,0.0969230079714334),(0.,0.032),
 .UNSPECIFIED.);
#885=B_SPLINE_SURFACE_WITH_KNOTS('',3,1,((#11172,#11173),(#11174,#11175),
(#11176,#11177),(#11178,#11179),(#11180,#11181)),.UNSPECIFIED.,.F.,.F.,
 .F.,(4,1,4),(2,2),(0.,0.0432721127721619,0.0983968157092652),(0.,0.032),
 .UNSPECIFIED.);
#886=B_SPLINE_SURFACE_WITH_KNOTS('',3,1,((#11189,#11190),(#11191,#11192),
(#11193,#11194),(#11195,#11196),(#11197,#11198)),.UNSPECIFIED.,.F.,.F.,
 .F.,(4,1,4),(2,2),(0.,0.0395369770971807,0.0933592288461412),(0.,0.032),
 .UNSPECIFIED.);
#887=B_SPLINE_SURFACE_WITH_KNOTS('',3,1,((#11206,#11207),(#11208,#11209),
(#11210,#11211),(#11212,#11213),(#11214,#11215)),.UNSPECIFIED.,.F.,.F.,
 .F.,(4,1,4),(2,2),(0.,0.055588248723954,0.0943436845863276),(0.,0.032),
 .UNSPECIFIED.);
#888=B_SPLINE_SURFACE_WITH_KNOTS('',3,1,((#11223,#11224),(#11225,#11226),
(#11227,#11228),(#11229,#11230),(#11231,#11232)),.UNSPECIFIED.,.F.,.F.,
 .F.,(4,1,4),(2,2),(0.,0.124160033574609,0.177739840474705),(0.,0.032),
 .UNSPECIFIED.);
#889=B_SPLINE_SURFACE_WITH_KNOTS('',3,1,((#11240,#11241),(#11242,#11243),
(#11244,#11245),(#11246,#11247),(#11248,#11249)),.UNSPECIFIED.,.F.,.F.,
 .F.,(4,1,4),(2,2),(0.,0.0505260546497761,0.08669096686495),(0.,0.032),
 .UNSPECIFIED.);
#890=B_SPLINE_SURFACE_WITH_KNOTS('',3,1,((#11257,#11258),(#11259,#11260),
(#11261,#11262),(#11263,#11264),(#11265,#11266)),.UNSPECIFIED.,.F.,.F.,
 .F.,(4,1,4),(2,2),(0.,0.0361649122151739,0.08669096686495),(0.,0.032),
 .UNSPECIFIED.);
#891=B_SPLINE_SURFACE_WITH_KNOTS('',3,1,((#11274,#11275),(#11276,#11277),
(#11278,#11279),(#11280,#11281),(#11282,#11283)),.UNSPECIFIED.,.F.,.F.,
 .F.,(4,1,4),(2,2),(0.,0.0123844067345899,0.0348457703409951),(0.,0.032),
 .UNSPECIFIED.);
#892=B_SPLINE_SURFACE_WITH_KNOTS('',3,1,((#11291,#11292),(#11293,#11294),
(#11295,#11296),(#11297,#11298),(#11299,#11300)),.UNSPECIFIED.,.F.,.F.,
 .F.,(4,1,4),(2,2),(0.,0.0187740059862415,0.0321706395715588),(0.,0.032),
 .UNSPECIFIED.);
#893=B_SPLINE_SURFACE_WITH_KNOTS('',3,1,((#11308,#11309),(#11310,#11311),
(#11312,#11313),(#11314,#11315),(#11316,#11317)),.UNSPECIFIED.,.F.,.F.,
 .F.,(4,1,4),(2,2),(0.,0.013396395232736,0.0321701631028417),(0.,0.032),
 .UNSPECIFIED.);
#894=B_SPLINE_SURFACE_WITH_KNOTS('',3,1,((#11325,#11326),(#11327,#11328),
(#11329,#11330),(#11331,#11332),(#11333,#11334)),.UNSPECIFIED.,.F.,.F.,
 .F.,(4,1,4),(2,2),(0.,0.0169972324802188,0.0293751778390251),(0.,0.032),
 .UNSPECIFIED.);
#895=B_SPLINE_SURFACE_WITH_KNOTS('',3,1,((#11342,#11343),(#11344,#11345),
(#11346,#11347),(#11348,#11349),(#11350,#11351)),.UNSPECIFIED.,.F.,.F.,
 .F.,(4,1,4),(2,2),(0.,0.0119055198315196,0.0287457122225795),(0.,0.032),
 .UNSPECIFIED.);
#896=B_SPLINE_SURFACE_WITH_KNOTS('',3,1,((#11359,#11360),(#11361,#11362),
(#11363,#11364),(#11365,#11366),(#11367,#11368)),.UNSPECIFIED.,.F.,.F.,
 .F.,(4,1,4),(2,2),(0.,0.0187876623322629,0.0312760153889444),(0.,0.032),
 .UNSPECIFIED.);
#897=B_SPLINE_SURFACE_WITH_KNOTS('',3,1,((#11376,#11377),(#11378,#11379),
(#11380,#11381),(#11382,#11383),(#11384,#11385)),.UNSPECIFIED.,.F.,.F.,
 .F.,(4,1,4),(2,2),(0.,0.0697361192253193,0.119449473352802),(0.,0.032),
 .UNSPECIFIED.);
#898=B_SPLINE_SURFACE_WITH_KNOTS('',3,1,((#11490,#11491),(#11492,#11493),
(#11494,#11495),(#11496,#11497),(#11498,#11499)),.UNSPECIFIED.,.F.,.F.,
 .F.,(4,1,4),(2,2),(0.,0.020853889645408,0.035764432750712),(0.,0.032),
 .UNSPECIFIED.);
#899=B_SPLINE_SURFACE_WITH_KNOTS('',3,1,((#11509,#11510),(#11511,#11512),
(#11513,#11514),(#11515,#11516),(#11517,#11518)),.UNSPECIFIED.,.F.,.F.,
 .F.,(4,1,4),(2,2),(0.,0.0149105462546185,0.0357644359000264),(0.,0.032),
 .UNSPECIFIED.);
#900=B_SPLINE_SURFACE_WITH_KNOTS('',3,1,((#11526,#11527),(#11528,#11529),
(#11530,#11531),(#11532,#11533),(#11534,#11535)),.UNSPECIFIED.,.F.,.F.,
 .F.,(4,1,4),(2,2),(0.,0.020853889645408,0.0357644359000264),(0.,0.032),
 .UNSPECIFIED.);
#901=B_SPLINE_SURFACE_WITH_KNOTS('',3,1,((#11543,#11544),(#11545,#11546),
(#11547,#11548),(#11549,#11550),(#11551,#11552)),.UNSPECIFIED.,.F.,.F.,
 .F.,(4,1,4),(2,2),(0.,0.0144385600543331,0.0351358781067133),(0.,0.032),
 .UNSPECIFIED.);
#902=B_SPLINE_SURFACE_WITH_KNOTS('',3,1,((#11560,#11561),(#11562,#11563),
(#11564,#11565),(#11566,#11567),(#11568,#11569)),.UNSPECIFIED.,.F.,.F.,
 .F.,(4,1,4),(2,2),(0.,0.00869026842079312,0.018971753331654),(0.,0.032),
 .UNSPECIFIED.);
#903=B_SPLINE_SURFACE_WITH_KNOTS('',3,1,((#11577,#11578),(#11579,#11580),
(#11581,#11582),(#11583,#11584),(#11585,#11586)),.UNSPECIFIED.,.F.,.F.,
 .F.,(4,1,4),(2,2),(0.,0.0862009723502014,0.147677269089346),(0.,0.032),
 .UNSPECIFIED.);
#904=B_SPLINE_SURFACE_WITH_KNOTS('',3,1,((#11594,#11595),(#11596,#11597),
(#11598,#11599),(#11600,#11601),(#11602,#11603)),.UNSPECIFIED.,.F.,.F.,
 .F.,(4,1,4),(2,2),(0.,0.0614762371603959,0.147677217028005),(0.,0.032),
 .UNSPECIFIED.);
#905=B_SPLINE_SURFACE_WITH_KNOTS('',3,1,((#11611,#11612),(#11613,#11614),
(#11615,#11616),(#11617,#11618),(#11619,#11620)),.UNSPECIFIED.,.F.,.F.,
 .F.,(4,1,4),(2,2),(0.,0.0765147270256825,0.13142827508845),(0.,0.032),
 .UNSPECIFIED.);
#906=B_SPLINE_SURFACE_WITH_KNOTS('',3,1,((#11628,#11629),(#11630,#11631),
(#11632,#11633),(#11634,#11635),(#11636,#11637)),.UNSPECIFIED.,.F.,.F.,
 .F.,(4,1,4),(2,2),(0.,0.0544409072711641,0.130798076534348),(0.,0.032),
 .UNSPECIFIED.);
#907=B_SPLINE_SURFACE_WITH_KNOTS('',3,1,((#11645,#11646),(#11647,#11648),
(#11649,#11650),(#11651,#11652),(#11653,#11654)),.UNSPECIFIED.,.F.,.F.,
 .F.,(4,1,4),(2,2),(0.,0.0118434239237613,0.0315040594581585),(0.,0.032),
 .UNSPECIFIED.);
#908=B_SPLINE_SURFACE_WITH_KNOTS('',3,1,((#11666,#11667),(#11668,#11669),
(#11670,#11671),(#11672,#11673),(#11674,#11675)),.UNSPECIFIED.,.F.,.F.,
 .F.,(4,1,4),(2,2),(0.,0.0103237616389797,0.0194529234561674),(0.,0.032),
 .UNSPECIFIED.);
#909=B_SPLINE_SURFACE_WITH_KNOTS('',3,1,((#11683,#11684),(#11685,#11686),
(#11687,#11688),(#11689,#11690),(#11691,#11692)),.UNSPECIFIED.,.F.,.F.,
 .F.,(4,1,4),(2,2),(0.,0.0801334106278297,0.137094285565575),(0.,0.032),
 .UNSPECIFIED.);
#910=B_SPLINE_SURFACE_WITH_KNOTS('',3,1,((#11700,#11701),(#11702,#11703),
(#11704,#11705),(#11706,#11707),(#11708,#11709)),.UNSPECIFIED.,.F.,.F.,
 .F.,(4,1,4),(2,2),(0.,0.0574337620416295,0.137724621422847),(0.,0.032),
 .UNSPECIFIED.);
#911=B_SPLINE_SURFACE_WITH_KNOTS('',3,1,((#11717,#11718),(#11719,#11720),
(#11721,#11722),(#11723,#11724),(#11725,#11726)),.UNSPECIFIED.,.F.,.F.,
 .F.,(4,1,4),(2,2),(0.,0.0859105755634133,0.147299556135264),(0.,0.032),
 .UNSPECIFIED.);
#912=B_SPLINE_SURFACE_WITH_KNOTS('',3,1,((#11734,#11735),(#11736,#11737),
(#11738,#11739),(#11740,#11741),(#11742,#11743)),.UNSPECIFIED.,.F.,.F.,
 .F.,(4,1,4),(2,2),(0.,0.0609165198621164,0.146669657046245),(0.,0.032),
 .UNSPECIFIED.);
#913=B_SPLINE_SURFACE_WITH_KNOTS('',3,1,((#11751,#11752),(#11753,#11754),
(#11755,#11756),(#11757,#11758),(#11759,#11760)),.UNSPECIFIED.,.F.,.F.,
 .F.,(4,1,4),(2,2),(0.,0.0085753134701069,0.0179472757484538),(0.,0.032),
 .UNSPECIFIED.);
#914=B_SPLINE_SURFACE_WITH_KNOTS('',3,1,((#11803,#11804),(#11805,#11806),
(#11807,#11808),(#11809,#11810),(#11811,#11812)),.UNSPECIFIED.,.F.,.F.,
 .F.,(4,1,4),(2,2),(0.,0.0333115791619471,0.0658059754810203),(0.,0.032),
 .UNSPECIFIED.);
#915=B_SPLINE_SURFACE_WITH_KNOTS('',3,1,((#11822,#11823),(#11824,#11825),
(#11826,#11827),(#11828,#11829),(#11830,#11831)),.UNSPECIFIED.,.F.,.F.,
 .F.,(4,1,4),(2,2),(0.,0.0320515361889677,0.0652596305482382),(0.,0.032),
 .UNSPECIFIED.);
#916=B_SPLINE_SURFACE_WITH_KNOTS('',3,1,((#11839,#11840),(#11841,#11842),
(#11843,#11844),(#11845,#11846),(#11847,#11848)),.UNSPECIFIED.,.F.,.F.,
 .F.,(4,1,4),(2,2),(0.,0.0323867680953007,0.0651393895309631),(0.,0.032),
 .UNSPECIFIED.);
#917=B_SPLINE_SURFACE_WITH_KNOTS('',3,1,((#11856,#11857),(#11858,#11859),
(#11860,#11861),(#11862,#11863),(#11864,#11865)),.UNSPECIFIED.,.F.,.F.,
 .F.,(4,1,4),(2,2),(0.,0.0685023914898832,0.13063138716502),(0.,0.032),
 .UNSPECIFIED.);
#918=B_SPLINE_SURFACE_WITH_KNOTS('',3,1,((#11873,#11874),(#11875,#11876),
(#11877,#11878),(#11879,#11880),(#11881,#11882)),.UNSPECIFIED.,.F.,.F.,
 .F.,(4,1,4),(2,2),(0.,0.0620186303664376,0.129614842394605),(0.,0.032),
 .UNSPECIFIED.);
#919=B_SPLINE_SURFACE_WITH_KNOTS('',3,1,((#11890,#11891),(#11892,#11893),
(#11894,#11895),(#11896,#11897),(#11898,#11899)),.UNSPECIFIED.,.F.,.F.,
 .F.,(4,1,4),(2,2),(0.,0.0316549942718846,0.0638072219683447),(0.,0.032),
 .UNSPECIFIED.);
#920=B_SPLINE_SURFACE_WITH_KNOTS('',3,1,((#12004,#12005),(#12006,#12007),
(#12008,#12009),(#12010,#12011),(#12012,#12013)),.UNSPECIFIED.,.F.,.F.,
 .F.,(4,1,4),(2,2),(0.,0.020853889645408,0.035764432750712),(0.,0.032),
 .UNSPECIFIED.);
#921=B_SPLINE_SURFACE_WITH_KNOTS('',3,1,((#12023,#12024),(#12025,#12026),
(#12027,#12028),(#12029,#12030),(#12031,#12032)),.UNSPECIFIED.,.F.,.F.,
 .F.,(4,1,4),(2,2),(0.,0.0149105462546185,0.0357644359000264),(0.,0.032),
 .UNSPECIFIED.);
#922=B_SPLINE_SURFACE_WITH_KNOTS('',3,1,((#12040,#12041),(#12042,#12043),
(#12044,#12045),(#12046,#12047),(#12048,#12049)),.UNSPECIFIED.,.F.,.F.,
 .F.,(4,1,4),(2,2),(0.,0.020853889645408,0.0357644359000264),(0.,0.032),
 .UNSPECIFIED.);
#923=B_SPLINE_SURFACE_WITH_KNOTS('',3,1,((#12057,#12058),(#12059,#12060),
(#12061,#12062),(#12063,#12064),(#12065,#12066)),.UNSPECIFIED.,.F.,.F.,
 .F.,(4,1,4),(2,2),(0.,0.0144385600543331,0.0351358781067133),(0.,0.032),
 .UNSPECIFIED.);
#924=B_SPLINE_SURFACE_WITH_KNOTS('',3,1,((#12074,#12075),(#12076,#12077),
(#12078,#12079),(#12080,#12081),(#12082,#12083)),.UNSPECIFIED.,.F.,.F.,
 .F.,(4,1,4),(2,2),(0.,0.00869026842079312,0.018971753331654),(0.,0.032),
 .UNSPECIFIED.);
#925=B_SPLINE_SURFACE_WITH_KNOTS('',3,1,((#12091,#12092),(#12093,#12094),
(#12095,#12096),(#12097,#12098),(#12099,#12100)),.UNSPECIFIED.,.F.,.F.,
 .F.,(4,1,4),(2,2),(0.,0.0862009723502014,0.147677269089346),(0.,0.032),
 .UNSPECIFIED.);
#926=B_SPLINE_SURFACE_WITH_KNOTS('',3,1,((#12108,#12109),(#12110,#12111),
(#12112,#12113),(#12114,#12115),(#12116,#12117)),.UNSPECIFIED.,.F.,.F.,
 .F.,(4,1,4),(2,2),(0.,0.0614762371603959,0.147677217028005),(0.,0.032),
 .UNSPECIFIED.);
#927=B_SPLINE_SURFACE_WITH_KNOTS('',3,1,((#12125,#12126),(#12127,#12128),
(#12129,#12130),(#12131,#12132),(#12133,#12134)),.UNSPECIFIED.,.F.,.F.,
 .F.,(4,1,4),(2,2),(0.,0.0765147270256825,0.13142827508845),(0.,0.032),
 .UNSPECIFIED.);
#928=B_SPLINE_SURFACE_WITH_KNOTS('',3,1,((#12142,#12143),(#12144,#12145),
(#12146,#12147),(#12148,#12149),(#12150,#12151)),.UNSPECIFIED.,.F.,.F.,
 .F.,(4,1,4),(2,2),(0.,0.0544409072711641,0.130798076534348),(0.,0.032),
 .UNSPECIFIED.);
#929=B_SPLINE_SURFACE_WITH_KNOTS('',3,1,((#12159,#12160),(#12161,#12162),
(#12163,#12164),(#12165,#12166),(#12167,#12168)),.UNSPECIFIED.,.F.,.F.,
 .F.,(4,1,4),(2,2),(0.,0.0118434239237613,0.0315040594581585),(0.,0.032),
 .UNSPECIFIED.);
#930=B_SPLINE_SURFACE_WITH_KNOTS('',3,1,((#12180,#12181),(#12182,#12183),
(#12184,#12185),(#12186,#12187),(#12188,#12189)),.UNSPECIFIED.,.F.,.F.,
 .F.,(4,1,4),(2,2),(0.,0.0103237616389797,0.0194529234561674),(0.,0.032),
 .UNSPECIFIED.);
#931=B_SPLINE_SURFACE_WITH_KNOTS('',3,1,((#12197,#12198),(#12199,#12200),
(#12201,#12202),(#12203,#12204),(#12205,#12206)),.UNSPECIFIED.,.F.,.F.,
 .F.,(4,1,4),(2,2),(0.,0.0801334106278297,0.137094285565575),(0.,0.032),
 .UNSPECIFIED.);
#932=B_SPLINE_SURFACE_WITH_KNOTS('',3,1,((#12214,#12215),(#12216,#12217),
(#12218,#12219),(#12220,#12221),(#12222,#12223)),.UNSPECIFIED.,.F.,.F.,
 .F.,(4,1,4),(2,2),(0.,0.0574337620416295,0.137724621422847),(0.,0.032),
 .UNSPECIFIED.);
#933=B_SPLINE_SURFACE_WITH_KNOTS('',3,1,((#12231,#12232),(#12233,#12234),
(#12235,#12236),(#12237,#12238),(#12239,#12240)),.UNSPECIFIED.,.F.,.F.,
 .F.,(4,1,4),(2,2),(0.,0.0859105755634133,0.147299556135264),(0.,0.032),
 .UNSPECIFIED.);
#934=B_SPLINE_SURFACE_WITH_KNOTS('',3,1,((#12248,#12249),(#12250,#12251),
(#12252,#12253),(#12254,#12255),(#12256,#12257)),.UNSPECIFIED.,.F.,.F.,
 .F.,(4,1,4),(2,2),(0.,0.0609165198621164,0.146669657046245),(0.,0.032),
 .UNSPECIFIED.);
#935=B_SPLINE_SURFACE_WITH_KNOTS('',3,1,((#12265,#12266),(#12267,#12268),
(#12269,#12270),(#12271,#12272),(#12273,#12274)),.UNSPECIFIED.,.F.,.F.,
 .F.,(4,1,4),(2,2),(0.,0.0085753134701069,0.0179472757484538),(0.,0.032),
 .UNSPECIFIED.);
#936=FACE_OUTER_BOUND('',#1238,.T.);
#937=FACE_OUTER_BOUND('',#1239,.T.);
#938=FACE_OUTER_BOUND('',#1240,.T.);
#939=FACE_OUTER_BOUND('',#1241,.T.);
#940=FACE_OUTER_BOUND('',#1242,.T.);
#941=FACE_OUTER_BOUND('',#1243,.T.);
#942=FACE_OUTER_BOUND('',#1244,.T.);
#943=FACE_OUTER_BOUND('',#1245,.T.);
#944=FACE_OUTER_BOUND('',#1246,.T.);
#945=FACE_OUTER_BOUND('',#1247,.T.);
#946=FACE_OUTER_BOUND('',#1248,.T.);
#947=FACE_OUTER_BOUND('',#1249,.T.);
#948=FACE_OUTER_BOUND('',#1250,.T.);
#949=FACE_OUTER_BOUND('',#1251,.T.);
#950=FACE_OUTER_BOUND('',#1252,.T.);
#951=FACE_OUTER_BOUND('',#1253,.T.);
#952=FACE_OUTER_BOUND('',#1254,.T.);
#953=FACE_OUTER_BOUND('',#1255,.T.);
#954=FACE_OUTER_BOUND('',#1256,.T.);
#955=FACE_OUTER_BOUND('',#1257,.T.);
#956=FACE_OUTER_BOUND('',#1258,.T.);
#957=FACE_OUTER_BOUND('',#1259,.T.);
#958=FACE_OUTER_BOUND('',#1260,.T.);
#959=FACE_OUTER_BOUND('',#1261,.T.);
#960=FACE_OUTER_BOUND('',#1262,.T.);
#961=FACE_OUTER_BOUND('',#1263,.T.);
#962=FACE_OUTER_BOUND('',#1264,.T.);
#963=FACE_OUTER_BOUND('',#1265,.T.);
#964=FACE_OUTER_BOUND('',#1266,.T.);
#965=FACE_OUTER_BOUND('',#1267,.T.);
#966=FACE_OUTER_BOUND('',#1268,.T.);
#967=FACE_OUTER_BOUND('',#1269,.T.);
#968=FACE_OUTER_BOUND('',#1270,.T.);
#969=FACE_OUTER_BOUND('',#1271,.T.);
#970=FACE_OUTER_BOUND('',#1272,.T.);
#971=FACE_OUTER_BOUND('',#1273,.T.);
#972=FACE_OUTER_BOUND('',#1275,.T.);
#973=FACE_OUTER_BOUND('',#1276,.T.);
#974=FACE_OUTER_BOUND('',#1277,.T.);
#975=FACE_OUTER_BOUND('',#1278,.T.);
#976=FACE_OUTER_BOUND('',#1279,.T.);
#977=FACE_OUTER_BOUND('',#1280,.T.);
#978=FACE_OUTER_BOUND('',#1281,.T.);
#979=FACE_OUTER_BOUND('',#1282,.T.);
#980=FACE_OUTER_BOUND('',#1283,.T.);
#981=FACE_OUTER_BOUND('',#1284,.T.);
#982=FACE_OUTER_BOUND('',#1285,.T.);
#983=FACE_OUTER_BOUND('',#1286,.T.);
#984=FACE_OUTER_BOUND('',#1287,.T.);
#985=FACE_OUTER_BOUND('',#1288,.T.);
#986=FACE_OUTER_BOUND('',#1289,.T.);
#987=FACE_OUTER_BOUND('',#1290,.T.);
#988=FACE_OUTER_BOUND('',#1291,.T.);
#989=FACE_OUTER_BOUND('',#1292,.T.);
#990=FACE_OUTER_BOUND('',#1293,.T.);
#991=FACE_OUTER_BOUND('',#1294,.T.);
#992=FACE_OUTER_BOUND('',#1295,.T.);
#993=FACE_OUTER_BOUND('',#1296,.T.);
#994=FACE_OUTER_BOUND('',#1297,.T.);
#995=FACE_OUTER_BOUND('',#1298,.T.);
#996=FACE_OUTER_BOUND('',#1299,.T.);
#997=FACE_OUTER_BOUND('',#1300,.T.);
#998=FACE_OUTER_BOUND('',#1302,.T.);
#999=FACE_OUTER_BOUND('',#1303,.T.);
#1000=FACE_OUTER_BOUND('',#1304,.T.);
#1001=FACE_OUTER_BOUND('',#1305,.T.);
#1002=FACE_OUTER_BOUND('',#1306,.T.);
#1003=FACE_OUTER_BOUND('',#1307,.T.);
#1004=FACE_OUTER_BOUND('',#1308,.T.);
#1005=FACE_OUTER_BOUND('',#1309,.T.);
#1006=FACE_OUTER_BOUND('',#1310,.T.);
#1007=FACE_OUTER_BOUND('',#1311,.T.);
#1008=FACE_OUTER_BOUND('',#1312,.T.);
#1009=FACE_OUTER_BOUND('',#1313,.T.);
#1010=FACE_OUTER_BOUND('',#1314,.T.);
#1011=FACE_OUTER_BOUND('',#1315,.T.);
#1012=FACE_OUTER_BOUND('',#1316,.T.);
#1013=FACE_OUTER_BOUND('',#1317,.T.);
#1014=FACE_OUTER_BOUND('',#1318,.T.);
#1015=FACE_OUTER_BOUND('',#1319,.T.);
#1016=FACE_OUTER_BOUND('',#1320,.T.);
#1017=FACE_OUTER_BOUND('',#1321,.T.);
#1018=FACE_OUTER_BOUND('',#1322,.T.);
#1019=FACE_OUTER_BOUND('',#1323,.T.);
#1020=FACE_OUTER_BOUND('',#1324,.T.);
#1021=FACE_OUTER_BOUND('',#1325,.T.);
#1022=FACE_OUTER_BOUND('',#1326,.T.);
#1023=FACE_OUTER_BOUND('',#1327,.T.);
#1024=FACE_OUTER_BOUND('',#1328,.T.);
#1025=FACE_OUTER_BOUND('',#1329,.T.);
#1026=FACE_OUTER_BOUND('',#1330,.T.);
#1027=FACE_OUTER_BOUND('',#1331,.T.);
#1028=FACE_OUTER_BOUND('',#1332,.T.);
#1029=FACE_OUTER_BOUND('',#1333,.T.);
#1030=FACE_OUTER_BOUND('',#1334,.T.);
#1031=FACE_OUTER_BOUND('',#1335,.T.);
#1032=FACE_OUTER_BOUND('',#1336,.T.);
#1033=FACE_OUTER_BOUND('',#1337,.T.);
#1034=FACE_OUTER_BOUND('',#1338,.T.);
#1035=FACE_OUTER_BOUND('',#1339,.T.);
#1036=FACE_OUTER_BOUND('',#1340,.T.);
#1037=FACE_OUTER_BOUND('',#1341,.T.);
#1038=FACE_OUTER_BOUND('',#1342,.T.);
#1039=FACE_OUTER_BOUND('',#1343,.T.);
#1040=FACE_OUTER_BOUND('',#1344,.T.);
#1041=FACE_OUTER_BOUND('',#1345,.T.);
#1042=FACE_OUTER_BOUND('',#1346,.T.);
#1043=FACE_OUTER_BOUND('',#1347,.T.);
#1044=FACE_OUTER_BOUND('',#1348,.T.);
#1045=FACE_OUTER_BOUND('',#1349,.T.);
#1046=FACE_OUTER_BOUND('',#1350,.T.);
#1047=FACE_OUTER_BOUND('',#1351,.T.);
#1048=FACE_OUTER_BOUND('',#1352,.T.);
#1049=FACE_OUTER_BOUND('',#1353,.T.);
#1050=FACE_OUTER_BOUND('',#1354,.T.);
#1051=FACE_OUTER_BOUND('',#1355,.T.);
#1052=FACE_OUTER_BOUND('',#1356,.T.);
#1053=FACE_OUTER_BOUND('',#1357,.T.);
#1054=FACE_OUTER_BOUND('',#1358,.T.);
#1055=FACE_OUTER_BOUND('',#1359,.T.);
#1056=FACE_OUTER_BOUND('',#1360,.T.);
#1057=FACE_OUTER_BOUND('',#1361,.T.);
#1058=FACE_OUTER_BOUND('',#1362,.T.);
#1059=FACE_OUTER_BOUND('',#1363,.T.);
#1060=FACE_OUTER_BOUND('',#1364,.T.);
#1061=FACE_OUTER_BOUND('',#1365,.T.);
#1062=FACE_OUTER_BOUND('',#1366,.T.);
#1063=FACE_OUTER_BOUND('',#1367,.T.);
#1064=FACE_OUTER_BOUND('',#1368,.T.);
#1065=FACE_OUTER_BOUND('',#1369,.T.);
#1066=FACE_OUTER_BOUND('',#1370,.T.);
#1067=FACE_OUTER_BOUND('',#1371,.T.);
#1068=FACE_OUTER_BOUND('',#1372,.T.);
#1069=FACE_OUTER_BOUND('',#1373,.T.);
#1070=FACE_OUTER_BOUND('',#1374,.T.);
#1071=FACE_OUTER_BOUND('',#1375,.T.);
#1072=FACE_OUTER_BOUND('',#1376,.T.);
#1073=FACE_OUTER_BOUND('',#1377,.T.);
#1074=FACE_OUTER_BOUND('',#1378,.T.);
#1075=FACE_OUTER_BOUND('',#1379,.T.);
#1076=FACE_OUTER_BOUND('',#1380,.T.);
#1077=FACE_OUTER_BOUND('',#1381,.T.);
#1078=FACE_OUTER_BOUND('',#1382,.T.);
#1079=FACE_OUTER_BOUND('',#1383,.T.);
#1080=FACE_OUTER_BOUND('',#1384,.T.);
#1081=FACE_OUTER_BOUND('',#1385,.T.);
#1082=FACE_OUTER_BOUND('',#1386,.T.);
#1083=FACE_OUTER_BOUND('',#1387,.T.);
#1084=FACE_OUTER_BOUND('',#1388,.T.);
#1085=FACE_OUTER_BOUND('',#1389,.T.);
#1086=FACE_OUTER_BOUND('',#1390,.T.);
#1087=FACE_OUTER_BOUND('',#1391,.T.);
#1088=FACE_OUTER_BOUND('',#1392,.T.);
#1089=FACE_OUTER_BOUND('',#1393,.T.);
#1090=FACE_OUTER_BOUND('',#1394,.T.);
#1091=FACE_OUTER_BOUND('',#1395,.T.);
#1092=FACE_OUTER_BOUND('',#1396,.T.);
#1093=FACE_OUTER_BOUND('',#1397,.T.);
#1094=FACE_OUTER_BOUND('',#1398,.T.);
#1095=FACE_OUTER_BOUND('',#1399,.T.);
#1096=FACE_OUTER_BOUND('',#1400,.T.);
#1097=FACE_OUTER_BOUND('',#1401,.T.);
#1098=FACE_OUTER_BOUND('',#1402,.T.);
#1099=FACE_OUTER_BOUND('',#1403,.T.);
#1100=FACE_OUTER_BOUND('',#1404,.T.);
#1101=FACE_OUTER_BOUND('',#1405,.T.);
#1102=FACE_OUTER_BOUND('',#1406,.T.);
#1103=FACE_OUTER_BOUND('',#1407,.T.);
#1104=FACE_OUTER_BOUND('',#1409,.T.);
#1105=FACE_OUTER_BOUND('',#1410,.T.);
#1106=FACE_OUTER_BOUND('',#1411,.T.);
#1107=FACE_OUTER_BOUND('',#1412,.T.);
#1108=FACE_OUTER_BOUND('',#1413,.T.);
#1109=FACE_OUTER_BOUND('',#1414,.T.);
#1110=FACE_OUTER_BOUND('',#1415,.T.);
#1111=FACE_OUTER_BOUND('',#1416,.T.);
#1112=FACE_OUTER_BOUND('',#1417,.T.);
#1113=FACE_OUTER_BOUND('',#1418,.T.);
#1114=FACE_OUTER_BOUND('',#1419,.T.);
#1115=FACE_OUTER_BOUND('',#1420,.T.);
#1116=FACE_OUTER_BOUND('',#1421,.T.);
#1117=FACE_OUTER_BOUND('',#1422,.T.);
#1118=FACE_OUTER_BOUND('',#1423,.T.);
#1119=FACE_OUTER_BOUND('',#1424,.T.);
#1120=FACE_OUTER_BOUND('',#1425,.T.);
#1121=FACE_OUTER_BOUND('',#1426,.T.);
#1122=FACE_OUTER_BOUND('',#1427,.T.);
#1123=FACE_OUTER_BOUND('',#1428,.T.);
#1124=FACE_OUTER_BOUND('',#1429,.T.);
#1125=FACE_OUTER_BOUND('',#1430,.T.);
#1126=FACE_OUTER_BOUND('',#1431,.T.);
#1127=FACE_OUTER_BOUND('',#1432,.T.);
#1128=FACE_OUTER_BOUND('',#1433,.T.);
#1129=FACE_OUTER_BOUND('',#1434,.T.);
#1130=FACE_OUTER_BOUND('',#1435,.T.);
#1131=FACE_OUTER_BOUND('',#1436,.T.);
#1132=FACE_OUTER_BOUND('',#1437,.T.);
#1133=FACE_OUTER_BOUND('',#1438,.T.);
#1134=FACE_OUTER_BOUND('',#1439,.T.);
#1135=FACE_OUTER_BOUND('',#1440,.T.);
#1136=FACE_OUTER_BOUND('',#1441,.T.);
#1137=FACE_OUTER_BOUND('',#1442,.T.);
#1138=FACE_OUTER_BOUND('',#1443,.T.);
#1139=FACE_OUTER_BOUND('',#1444,.T.);
#1140=FACE_OUTER_BOUND('',#1445,.T.);
#1141=FACE_OUTER_BOUND('',#1446,.T.);
#1142=FACE_OUTER_BOUND('',#1447,.T.);
#1143=FACE_OUTER_BOUND('',#1448,.T.);
#1144=FACE_OUTER_BOUND('',#1449,.T.);
#1145=FACE_OUTER_BOUND('',#1450,.T.);
#1146=FACE_OUTER_BOUND('',#1451,.T.);
#1147=FACE_OUTER_BOUND('',#1452,.T.);
#1148=FACE_OUTER_BOUND('',#1453,.T.);
#1149=FACE_OUTER_BOUND('',#1454,.T.);
#1150=FACE_OUTER_BOUND('',#1455,.T.);
#1151=FACE_OUTER_BOUND('',#1456,.T.);
#1152=FACE_OUTER_BOUND('',#1457,.T.);
#1153=FACE_OUTER_BOUND('',#1458,.T.);
#1154=FACE_OUTER_BOUND('',#1459,.T.);
#1155=FACE_OUTER_BOUND('',#1460,.T.);
#1156=FACE_OUTER_BOUND('',#1461,.T.);
#1157=FACE_OUTER_BOUND('',#1462,.T.);
#1158=FACE_OUTER_BOUND('',#1463,.T.);
#1159=FACE_OUTER_BOUND('',#1464,.T.);
#1160=FACE_OUTER_BOUND('',#1465,.T.);
#1161=FACE_OUTER_BOUND('',#1466,.T.);
#1162=FACE_OUTER_BOUND('',#1467,.T.);
#1163=FACE_OUTER_BOUND('',#1468,.T.);
#1164=FACE_OUTER_BOUND('',#1469,.T.);
#1165=FACE_OUTER_BOUND('',#1470,.T.);
#1166=FACE_OUTER_BOUND('',#1471,.T.);
#1167=FACE_OUTER_BOUND('',#1472,.T.);
#1168=FACE_OUTER_BOUND('',#1473,.T.);
#1169=FACE_OUTER_BOUND('',#1474,.T.);
#1170=FACE_OUTER_BOUND('',#1475,.T.);
#1171=FACE_OUTER_BOUND('',#1476,.T.);
#1172=FACE_OUTER_BOUND('',#1477,.T.);
#1173=FACE_OUTER_BOUND('',#1478,.T.);
#1174=FACE_OUTER_BOUND('',#1479,.T.);
#1175=FACE_OUTER_BOUND('',#1480,.T.);
#1176=FACE_OUTER_BOUND('',#1481,.T.);
#1177=FACE_OUTER_BOUND('',#1482,.T.);
#1178=FACE_OUTER_BOUND('',#1483,.T.);
#1179=FACE_OUTER_BOUND('',#1484,.T.);
#1180=FACE_OUTER_BOUND('',#1485,.T.);
#1181=FACE_OUTER_BOUND('',#1486,.T.);
#1182=FACE_OUTER_BOUND('',#1487,.T.);
#1183=FACE_OUTER_BOUND('',#1488,.T.);
#1184=FACE_OUTER_BOUND('',#1489,.T.);
#1185=FACE_OUTER_BOUND('',#1490,.T.);
#1186=FACE_OUTER_BOUND('',#1491,.T.);
#1187=FACE_OUTER_BOUND('',#1492,.T.);
#1188=FACE_OUTER_BOUND('',#1493,.T.);
#1189=FACE_OUTER_BOUND('',#1494,.T.);
#1190=FACE_OUTER_BOUND('',#1495,.T.);
#1191=FACE_OUTER_BOUND('',#1496,.T.);
#1192=FACE_OUTER_BOUND('',#1497,.T.);
#1193=FACE_OUTER_BOUND('',#1498,.T.);
#1194=FACE_OUTER_BOUND('',#1499,.T.);
#1195=FACE_OUTER_BOUND('',#1500,.T.);
#1196=FACE_OUTER_BOUND('',#1501,.T.);
#1197=FACE_OUTER_BOUND('',#1502,.T.);
#1198=FACE_OUTER_BOUND('',#1503,.T.);
#1199=FACE_OUTER_BOUND('',#1504,.T.);
#1200=FACE_OUTER_BOUND('',#1505,.T.);
#1201=FACE_OUTER_BOUND('',#1506,.T.);
#1202=FACE_OUTER_BOUND('',#1507,.T.);
#1203=FACE_OUTER_BOUND('',#1508,.T.);
#1204=FACE_OUTER_BOUND('',#1509,.T.);
#1205=FACE_OUTER_BOUND('',#1510,.T.);
#1206=FACE_OUTER_BOUND('',#1511,.T.);
#1207=FACE_OUTER_BOUND('',#1512,.T.);
#1208=FACE_OUTER_BOUND('',#1513,.T.);
#1209=FACE_OUTER_BOUND('',#1514,.T.);
#1210=FACE_OUTER_BOUND('',#1515,.T.);
#1211=FACE_OUTER_BOUND('',#1516,.T.);
#1212=FACE_OUTER_BOUND('',#1517,.T.);
#1213=FACE_OUTER_BOUND('',#1518,.T.);
#1214=FACE_OUTER_BOUND('',#1519,.T.);
#1215=FACE_OUTER_BOUND('',#1520,.T.);
#1216=FACE_OUTER_BOUND('',#1521,.T.);
#1217=FACE_OUTER_BOUND('',#1522,.T.);
#1218=FACE_OUTER_BOUND('',#1523,.T.);
#1219=FACE_OUTER_BOUND('',#1524,.T.);
#1220=FACE_OUTER_BOUND('',#1525,.T.);
#1221=FACE_OUTER_BOUND('',#1526,.T.);
#1222=FACE_OUTER_BOUND('',#1527,.T.);
#1223=FACE_OUTER_BOUND('',#1528,.T.);
#1224=FACE_OUTER_BOUND('',#1529,.T.);
#1225=FACE_OUTER_BOUND('',#1530,.T.);
#1226=FACE_OUTER_BOUND('',#1531,.T.);
#1227=FACE_OUTER_BOUND('',#1532,.T.);
#1228=FACE_OUTER_BOUND('',#1533,.T.);
#1229=FACE_OUTER_BOUND('',#1534,.T.);
#1230=FACE_OUTER_BOUND('',#1535,.T.);
#1231=FACE_OUTER_BOUND('',#1536,.T.);
#1232=FACE_OUTER_BOUND('',#1537,.T.);
#1233=FACE_OUTER_BOUND('',#1538,.T.);
#1234=FACE_OUTER_BOUND('',#1539,.T.);
#1235=FACE_OUTER_BOUND('',#1540,.T.);
#1236=FACE_OUTER_BOUND('',#1541,.T.);
#1237=FACE_OUTER_BOUND('',#1555,.T.);
#1238=EDGE_LOOP('',(#3527,#3528,#3529,#3530,#3531,#3532));
#1239=EDGE_LOOP('',(#3533,#3534,#3535,#3536));
#1240=EDGE_LOOP('',(#3537,#3538,#3539,#3540));
#1241=EDGE_LOOP('',(#3541,#3542,#3543,#3544));
#1242=EDGE_LOOP('',(#3545,#3546,#3547,#3548));
#1243=EDGE_LOOP('',(#3549,#3550,#3551,#3552));
#1244=EDGE_LOOP('',(#3553,#3554,#3555,#3556));
#1245=EDGE_LOOP('',(#3557,#3558,#3559,#3560,#3561,#3562,#3563,#3564,#3565,
#3566,#3567,#3568,#3569,#3570,#3571,#3572,#3573,#3574,#3575,#3576,#3577,
#3578,#3579,#3580,#3581,#3582,#3583));
#1246=EDGE_LOOP('',(#3584,#3585,#3586,#3587));
#1247=EDGE_LOOP('',(#3588,#3589,#3590,#3591));
#1248=EDGE_LOOP('',(#3592,#3593,#3594,#3595));
#1249=EDGE_LOOP('',(#3596,#3597,#3598,#3599));
#1250=EDGE_LOOP('',(#3600,#3601,#3602,#3603));
#1251=EDGE_LOOP('',(#3604,#3605,#3606,#3607));
#1252=EDGE_LOOP('',(#3608,#3609,#3610,#3611));
#1253=EDGE_LOOP('',(#3612,#3613,#3614,#3615));
#1254=EDGE_LOOP('',(#3616,#3617,#3618,#3619));
#1255=EDGE_LOOP('',(#3620,#3621,#3622,#3623));
#1256=EDGE_LOOP('',(#3624,#3625,#3626,#3627));
#1257=EDGE_LOOP('',(#3628,#3629,#3630,#3631));
#1258=EDGE_LOOP('',(#3632,#3633,#3634,#3635));
#1259=EDGE_LOOP('',(#3636,#3637,#3638,#3639));
#1260=EDGE_LOOP('',(#3640,#3641,#3642,#3643));
#1261=EDGE_LOOP('',(#3644,#3645,#3646,#3647));
#1262=EDGE_LOOP('',(#3648,#3649,#3650,#3651));
#1263=EDGE_LOOP('',(#3652,#3653,#3654,#3655));
#1264=EDGE_LOOP('',(#3656,#3657,#3658,#3659));
#1265=EDGE_LOOP('',(#3660,#3661,#3662,#3663));
#1266=EDGE_LOOP('',(#3664,#3665,#3666,#3667));
#1267=EDGE_LOOP('',(#3668,#3669,#3670,#3671));
#1268=EDGE_LOOP('',(#3672,#3673,#3674,#3675));
#1269=EDGE_LOOP('',(#3676,#3677,#3678,#3679));
#1270=EDGE_LOOP('',(#3680,#3681,#3682,#3683));
#1271=EDGE_LOOP('',(#3684,#3685,#3686,#3687));
#1272=EDGE_LOOP('',(#3688,#3689,#3690,#3691));
#1273=EDGE_LOOP('',(#3692,#3693,#3694,#3695,#3696,#3697,#3698,#3699,#3700,
#3701,#3702,#3703,#3704,#3705,#3706,#3707,#3708));
#1274=EDGE_LOOP('',(#3709,#3710,#3711,#3712,#3713,#3714,#3715));
#1275=EDGE_LOOP('',(#3716,#3717,#3718,#3719));
#1276=EDGE_LOOP('',(#3720,#3721,#3722,#3723));
#1277=EDGE_LOOP('',(#3724,#3725,#3726,#3727));
#1278=EDGE_LOOP('',(#3728,#3729,#3730,#3731));
#1279=EDGE_LOOP('',(#3732,#3733,#3734,#3735));
#1280=EDGE_LOOP('',(#3736,#3737,#3738,#3739));
#1281=EDGE_LOOP('',(#3740,#3741,#3742,#3743));
#1282=EDGE_LOOP('',(#3744,#3745,#3746,#3747));
#1283=EDGE_LOOP('',(#3748,#3749,#3750,#3751));
#1284=EDGE_LOOP('',(#3752,#3753,#3754,#3755));
#1285=EDGE_LOOP('',(#3756,#3757,#3758,#3759));
#1286=EDGE_LOOP('',(#3760,#3761,#3762,#3763));
#1287=EDGE_LOOP('',(#3764,#3765,#3766,#3767));
#1288=EDGE_LOOP('',(#3768,#3769,#3770,#3771));
#1289=EDGE_LOOP('',(#3772,#3773,#3774,#3775));
#1290=EDGE_LOOP('',(#3776,#3777,#3778,#3779));
#1291=EDGE_LOOP('',(#3780,#3781,#3782,#3783));
#1292=EDGE_LOOP('',(#3784,#3785,#3786,#3787));
#1293=EDGE_LOOP('',(#3788,#3789,#3790,#3791));
#1294=EDGE_LOOP('',(#3792,#3793,#3794,#3795));
#1295=EDGE_LOOP('',(#3796,#3797,#3798,#3799));
#1296=EDGE_LOOP('',(#3800,#3801,#3802,#3803));
#1297=EDGE_LOOP('',(#3804,#3805,#3806,#3807));
#1298=EDGE_LOOP('',(#3808,#3809,#3810,#3811));
#1299=EDGE_LOOP('',(#3812,#3813,#3814,#3815,#3816,#3817,#3818));
#1300=EDGE_LOOP('',(#3819,#3820,#3821,#3822,#3823,#3824,#3825,#3826,#3827,
#3828,#3829,#3830,#3831,#3832,#3833,#3834,#3835,#3836,#3837,#3838,#3839,
#3840,#3841));
#1301=EDGE_LOOP('',(#3842,#3843,#3844,#3845,#3846,#3847,#3848,#3849));
#1302=EDGE_LOOP('',(#3850,#3851,#3852,#3853));
#1303=EDGE_LOOP('',(#3854,#3855,#3856,#3857));
#1304=EDGE_LOOP('',(#3858,#3859,#3860,#3861));
#1305=EDGE_LOOP('',(#3862,#3863,#3864,#3865));
#1306=EDGE_LOOP('',(#3866,#3867,#3868,#3869));
#1307=EDGE_LOOP('',(#3870,#3871,#3872,#3873));
#1308=EDGE_LOOP('',(#3874,#3875,#3876,#3877));
#1309=EDGE_LOOP('',(#3878,#3879,#3880,#3881));
#1310=EDGE_LOOP('',(#3882,#3883,#3884,#3885));
#1311=EDGE_LOOP('',(#3886,#3887,#3888,#3889));
#1312=EDGE_LOOP('',(#3890,#3891,#3892,#3893));
#1313=EDGE_LOOP('',(#3894,#3895,#3896,#3897));
#1314=EDGE_LOOP('',(#3898,#3899,#3900,#3901));
#1315=EDGE_LOOP('',(#3902,#3903,#3904,#3905));
#1316=EDGE_LOOP('',(#3906,#3907,#3908,#3909));
#1317=EDGE_LOOP('',(#3910,#3911,#3912,#3913));
#1318=EDGE_LOOP('',(#3914,#3915,#3916,#3917));
#1319=EDGE_LOOP('',(#3918,#3919,#3920,#3921));
#1320=EDGE_LOOP('',(#3922,#3923,#3924,#3925));
#1321=EDGE_LOOP('',(#3926,#3927,#3928,#3929));
#1322=EDGE_LOOP('',(#3930,#3931,#3932,#3933));
#1323=EDGE_LOOP('',(#3934,#3935,#3936,#3937));
#1324=EDGE_LOOP('',(#3938,#3939,#3940,#3941));
#1325=EDGE_LOOP('',(#3942,#3943,#3944,#3945));
#1326=EDGE_LOOP('',(#3946,#3947,#3948,#3949));
#1327=EDGE_LOOP('',(#3950,#3951,#3952,#3953));
#1328=EDGE_LOOP('',(#3954,#3955,#3956,#3957));
#1329=EDGE_LOOP('',(#3958,#3959,#3960,#3961));
#1330=EDGE_LOOP('',(#3962,#3963,#3964,#3965));
#1331=EDGE_LOOP('',(#3966,#3967,#3968,#3969));
#1332=EDGE_LOOP('',(#3970,#3971,#3972,#3973));
#1333=EDGE_LOOP('',(#3974,#3975,#3976,#3977,#3978,#3979,#3980,#3981));
#1334=EDGE_LOOP('',(#3982,#3983,#3984,#3985,#3986,#3987,#3988,#3989,#3990,
#3991,#3992,#3993,#3994,#3995,#3996,#3997,#3998,#3999,#4000,#4001,#4002,
#4003,#4004,#4005,#4006,#4007));
#1335=EDGE_LOOP('',(#4008,#4009,#4010,#4011));
#1336=EDGE_LOOP('',(#4012,#4013,#4014,#4015));
#1337=EDGE_LOOP('',(#4016,#4017,#4018,#4019));
#1338=EDGE_LOOP('',(#4020,#4021,#4022,#4023));
#1339=EDGE_LOOP('',(#4024,#4025,#4026,#4027));
#1340=EDGE_LOOP('',(#4028,#4029,#4030,#4031));
#1341=EDGE_LOOP('',(#4032,#4033,#4034,#4035));
#1342=EDGE_LOOP('',(#4036,#4037,#4038,#4039));
#1343=EDGE_LOOP('',(#4040,#4041,#4042,#4043));
#1344=EDGE_LOOP('',(#4044,#4045,#4046,#4047));
#1345=EDGE_LOOP('',(#4048,#4049,#4050,#4051));
#1346=EDGE_LOOP('',(#4052,#4053,#4054,#4055));
#1347=EDGE_LOOP('',(#4056,#4057,#4058,#4059));
#1348=EDGE_LOOP('',(#4060,#4061,#4062,#4063));
#1349=EDGE_LOOP('',(#4064,#4065,#4066,#4067));
#1350=EDGE_LOOP('',(#4068,#4069,#4070,#4071));
#1351=EDGE_LOOP('',(#4072,#4073,#4074,#4075));
#1352=EDGE_LOOP('',(#4076,#4077,#4078,#4079));
#1353=EDGE_LOOP('',(#4080,#4081,#4082,#4083));
#1354=EDGE_LOOP('',(#4084,#4085,#4086,#4087));
#1355=EDGE_LOOP('',(#4088,#4089,#4090,#4091));
#1356=EDGE_LOOP('',(#4092,#4093,#4094,#4095));
#1357=EDGE_LOOP('',(#4096,#4097,#4098,#4099));
#1358=EDGE_LOOP('',(#4100,#4101,#4102,#4103));
#1359=EDGE_LOOP('',(#4104,#4105,#4106,#4107));
#1360=EDGE_LOOP('',(#4108,#4109,#4110,#4111));
#1361=EDGE_LOOP('',(#4112,#4113,#4114,#4115,#4116,#4117,#4118,#4119,#4120,
#4121,#4122,#4123,#4124,#4125,#4126,#4127,#4128,#4129,#4130,#4131,#4132,
#4133,#4134,#4135,#4136,#4137,#4138,#4139,#4140,#4141,#4142,#4143,#4144,
#4145,#4146,#4147,#4148,#4149,#4150,#4151,#4152,#4153,#4154,#4155,#4156));
#1362=EDGE_LOOP('',(#4157,#4158,#4159,#4160));
#1363=EDGE_LOOP('',(#4161,#4162,#4163,#4164));
#1364=EDGE_LOOP('',(#4165,#4166,#4167,#4168));
#1365=EDGE_LOOP('',(#4169,#4170,#4171,#4172));
#1366=EDGE_LOOP('',(#4173,#4174,#4175,#4176));
#1367=EDGE_LOOP('',(#4177,#4178,#4179,#4180));
#1368=EDGE_LOOP('',(#4181,#4182,#4183,#4184));
#1369=EDGE_LOOP('',(#4185,#4186,#4187,#4188));
#1370=EDGE_LOOP('',(#4189,#4190,#4191,#4192));
#1371=EDGE_LOOP('',(#4193,#4194,#4195,#4196));
#1372=EDGE_LOOP('',(#4197,#4198,#4199,#4200));
#1373=EDGE_LOOP('',(#4201,#4202,#4203,#4204));
#1374=EDGE_LOOP('',(#4205,#4206,#4207,#4208));
#1375=EDGE_LOOP('',(#4209,#4210,#4211,#4212));
#1376=EDGE_LOOP('',(#4213,#4214,#4215,#4216));
#1377=EDGE_LOOP('',(#4217,#4218,#4219,#4220));
#1378=EDGE_LOOP('',(#4221,#4222,#4223,#4224));
#1379=EDGE_LOOP('',(#4225,#4226,#4227,#4228));
#1380=EDGE_LOOP('',(#4229,#4230,#4231,#4232));
#1381=EDGE_LOOP('',(#4233,#4234,#4235,#4236));
#1382=EDGE_LOOP('',(#4237,#4238,#4239,#4240));
#1383=EDGE_LOOP('',(#4241,#4242,#4243,#4244));
#1384=EDGE_LOOP('',(#4245,#4246,#4247,#4248));
#1385=EDGE_LOOP('',(#4249,#4250,#4251,#4252));
#1386=EDGE_LOOP('',(#4253,#4254,#4255,#4256));
#1387=EDGE_LOOP('',(#4257,#4258,#4259,#4260));
#1388=EDGE_LOOP('',(#4261,#4262,#4263,#4264));
#1389=EDGE_LOOP('',(#4265,#4266,#4267,#4268));
#1390=EDGE_LOOP('',(#4269,#4270,#4271,#4272));
#1391=EDGE_LOOP('',(#4273,#4274,#4275,#4276));
#1392=EDGE_LOOP('',(#4277,#4278,#4279,#4280));
#1393=EDGE_LOOP('',(#4281,#4282,#4283,#4284));
#1394=EDGE_LOOP('',(#4285,#4286,#4287,#4288));
#1395=EDGE_LOOP('',(#4289,#4290,#4291,#4292));
#1396=EDGE_LOOP('',(#4293,#4294,#4295,#4296));
#1397=EDGE_LOOP('',(#4297,#4298,#4299,#4300));
#1398=EDGE_LOOP('',(#4301,#4302,#4303,#4304));
#1399=EDGE_LOOP('',(#4305,#4306,#4307,#4308));
#1400=EDGE_LOOP('',(#4309,#4310,#4311,#4312));
#1401=EDGE_LOOP('',(#4313,#4314,#4315,#4316));
#1402=EDGE_LOOP('',(#4317,#4318,#4319,#4320));
#1403=EDGE_LOOP('',(#4321,#4322,#4323,#4324));
#1404=EDGE_LOOP('',(#4325,#4326,#4327,#4328));
#1405=EDGE_LOOP('',(#4329,#4330,#4331,#4332));
#1406=EDGE_LOOP('',(#4333,#4334,#4335,#4336));
#1407=EDGE_LOOP('',(#4337,#4338,#4339,#4340,#4341,#4342,#4343,#4344,#4345,
#4346,#4347,#4348,#4349,#4350,#4351,#4352,#4353));
#1408=EDGE_LOOP('',(#4354,#4355,#4356,#4357,#4358,#4359,#4360));
#1409=EDGE_LOOP('',(#4361,#4362,#4363,#4364));
#1410=EDGE_LOOP('',(#4365,#4366,#4367,#4368));
#1411=EDGE_LOOP('',(#4369,#4370,#4371,#4372));
#1412=EDGE_LOOP('',(#4373,#4374,#4375,#4376));
#1413=EDGE_LOOP('',(#4377,#4378,#4379,#4380));
#1414=EDGE_LOOP('',(#4381,#4382,#4383,#4384));
#1415=EDGE_LOOP('',(#4385,#4386,#4387,#4388));
#1416=EDGE_LOOP('',(#4389,#4390,#4391,#4392));
#1417=EDGE_LOOP('',(#4393,#4394,#4395,#4396));
#1418=EDGE_LOOP('',(#4397,#4398,#4399,#4400));
#1419=EDGE_LOOP('',(#4401,#4402,#4403,#4404));
#1420=EDGE_LOOP('',(#4405,#4406,#4407,#4408));
#1421=EDGE_LOOP('',(#4409,#4410,#4411,#4412));
#1422=EDGE_LOOP('',(#4413,#4414,#4415,#4416));
#1423=EDGE_LOOP('',(#4417,#4418,#4419,#4420));
#1424=EDGE_LOOP('',(#4421,#4422,#4423,#4424));
#1425=EDGE_LOOP('',(#4425,#4426,#4427,#4428));
#1426=EDGE_LOOP('',(#4429,#4430,#4431,#4432));
#1427=EDGE_LOOP('',(#4433,#4434,#4435,#4436));
#1428=EDGE_LOOP('',(#4437,#4438,#4439,#4440));
#1429=EDGE_LOOP('',(#4441,#4442,#4443,#4444));
#1430=EDGE_LOOP('',(#4445,#4446,#4447,#4448));
#1431=EDGE_LOOP('',(#4449,#4450,#4451,#4452));
#1432=EDGE_LOOP('',(#4453,#4454,#4455,#4456));
#1433=EDGE_LOOP('',(#4457,#4458,#4459,#4460,#4461,#4462,#4463));
#1434=EDGE_LOOP('',(#4464,#4465,#4466,#4467,#4468,#4469,#4470,#4471,#4472,
#4473,#4474,#4475,#4476,#4477,#4478,#4479,#4480,#4481,#4482,#4483,#4484,
#4485,#4486,#4487,#4488,#4489,#4490,#4491,#4492,#4493,#4494,#4495,#4496,
#4497,#4498,#4499,#4500,#4501,#4502,#4503,#4504,#4505,#4506,#4507,#4508,
#4509,#4510,#4511,#4512,#4513,#4514,#4515,#4516,#4517,#4518,#4519,#4520));
#1435=EDGE_LOOP('',(#4521,#4522,#4523,#4524));
#1436=EDGE_LOOP('',(#4525,#4526,#4527,#4528));
#1437=EDGE_LOOP('',(#4529,#4530,#4531,#4532));
#1438=EDGE_LOOP('',(#4533,#4534,#4535,#4536));
#1439=EDGE_LOOP('',(#4537,#4538,#4539,#4540));
#1440=EDGE_LOOP('',(#4541,#4542,#4543,#4544));
#1441=EDGE_LOOP('',(#4545,#4546,#4547,#4548));
#1442=EDGE_LOOP('',(#4549,#4550,#4551,#4552));
#1443=EDGE_LOOP('',(#4553,#4554,#4555,#4556));
#1444=EDGE_LOOP('',(#4557,#4558,#4559,#4560));
#1445=EDGE_LOOP('',(#4561,#4562,#4563,#4564));
#1446=EDGE_LOOP('',(#4565,#4566,#4567,#4568));
#1447=EDGE_LOOP('',(#4569,#4570,#4571,#4572));
#1448=EDGE_LOOP('',(#4573,#4574,#4575,#4576));
#1449=EDGE_LOOP('',(#4577,#4578,#4579,#4580));
#1450=EDGE_LOOP('',(#4581,#4582,#4583,#4584));
#1451=EDGE_LOOP('',(#4585,#4586,#4587,#4588));
#1452=EDGE_LOOP('',(#4589,#4590,#4591,#4592));
#1453=EDGE_LOOP('',(#4593,#4594,#4595,#4596));
#1454=EDGE_LOOP('',(#4597,#4598,#4599,#4600));
#1455=EDGE_LOOP('',(#4601,#4602,#4603,#4604));
#1456=EDGE_LOOP('',(#4605,#4606,#4607,#4608));
#1457=EDGE_LOOP('',(#4609,#4610,#4611,#4612));
#1458=EDGE_LOOP('',(#4613,#4614,#4615,#4616));
#1459=EDGE_LOOP('',(#4617,#4618,#4619,#4620));
#1460=EDGE_LOOP('',(#4621,#4622,#4623,#4624));
#1461=EDGE_LOOP('',(#4625,#4626,#4627,#4628));
#1462=EDGE_LOOP('',(#4629,#4630,#4631,#4632));
#1463=EDGE_LOOP('',(#4633,#4634,#4635,#4636));
#1464=EDGE_LOOP('',(#4637,#4638,#4639,#4640));
#1465=EDGE_LOOP('',(#4641,#4642,#4643,#4644));
#1466=EDGE_LOOP('',(#4645,#4646,#4647,#4648));
#1467=EDGE_LOOP('',(#4649,#4650,#4651,#4652));
#1468=EDGE_LOOP('',(#4653,#4654,#4655,#4656));
#1469=EDGE_LOOP('',(#4657,#4658,#4659,#4660));
#1470=EDGE_LOOP('',(#4661,#4662,#4663,#4664));
#1471=EDGE_LOOP('',(#4665,#4666,#4667,#4668));
#1472=EDGE_LOOP('',(#4669,#4670,#4671,#4672));
#1473=EDGE_LOOP('',(#4673,#4674,#4675,#4676));
#1474=EDGE_LOOP('',(#4677,#4678,#4679,#4680));
#1475=EDGE_LOOP('',(#4681,#4682,#4683,#4684));
#1476=EDGE_LOOP('',(#4685,#4686,#4687,#4688));
#1477=EDGE_LOOP('',(#4689,#4690,#4691,#4692));
#1478=EDGE_LOOP('',(#4693,#4694,#4695,#4696));
#1479=EDGE_LOOP('',(#4697,#4698,#4699,#4700));
#1480=EDGE_LOOP('',(#4701,#4702,#4703,#4704));
#1481=EDGE_LOOP('',(#4705,#4706,#4707,#4708));
#1482=EDGE_LOOP('',(#4709,#4710,#4711,#4712));
#1483=EDGE_LOOP('',(#4713,#4714,#4715,#4716));
#1484=EDGE_LOOP('',(#4717,#4718,#4719,#4720));
#1485=EDGE_LOOP('',(#4721,#4722,#4723,#4724));
#1486=EDGE_LOOP('',(#4725,#4726,#4727,#4728));
#1487=EDGE_LOOP('',(#4729,#4730,#4731,#4732));
#1488=EDGE_LOOP('',(#4733,#4734,#4735,#4736));
#1489=EDGE_LOOP('',(#4737,#4738,#4739,#4740));
#1490=EDGE_LOOP('',(#4741,#4742,#4743,#4744));
#1491=EDGE_LOOP('',(#4745,#4746,#4747,#4748));
#1492=EDGE_LOOP('',(#4749,#4750,#4751,#4752,#4753,#4754,#4755,#4756,#4757,
#4758,#4759,#4760,#4761,#4762,#4763,#4764,#4765));
#1493=EDGE_LOOP('',(#4766,#4767,#4768,#4769));
#1494=EDGE_LOOP('',(#4770,#4771,#4772,#4773));
#1495=EDGE_LOOP('',(#4774,#4775,#4776,#4777));
#1496=EDGE_LOOP('',(#4778,#4779,#4780,#4781));
#1497=EDGE_LOOP('',(#4782,#4783,#4784,#4785));
#1498=EDGE_LOOP('',(#4786,#4787,#4788,#4789));
#1499=EDGE_LOOP('',(#4790,#4791,#4792,#4793));
#1500=EDGE_LOOP('',(#4794,#4795,#4796,#4797));
#1501=EDGE_LOOP('',(#4798,#4799,#4800,#4801));
#1502=EDGE_LOOP('',(#4802,#4803,#4804,#4805));
#1503=EDGE_LOOP('',(#4806,#4807,#4808,#4809));
#1504=EDGE_LOOP('',(#4810,#4811,#4812,#4813));
#1505=EDGE_LOOP('',(#4814,#4815,#4816,#4817));
#1506=EDGE_LOOP('',(#4818,#4819,#4820,#4821));
#1507=EDGE_LOOP('',(#4822,#4823,#4824,#4825));
#1508=EDGE_LOOP('',(#4826,#4827,#4828,#4829));
#1509=EDGE_LOOP('',(#4830,#4831,#4832,#4833));
#1510=EDGE_LOOP('',(#4834,#4835,#4836,#4837,#4838,#4839));
#1511=EDGE_LOOP('',(#4840,#4841,#4842,#4843));
#1512=EDGE_LOOP('',(#4844,#4845,#4846,#4847));
#1513=EDGE_LOOP('',(#4848,#4849,#4850,#4851));
#1514=EDGE_LOOP('',(#4852,#4853,#4854,#4855));
#1515=EDGE_LOOP('',(#4856,#4857,#4858,#4859));
#1516=EDGE_LOOP('',(#4860,#4861,#4862,#4863));
#1517=EDGE_LOOP('',(#4864,#4865,#4866,#4867,#4868,#4869,#4870,#4871,#4872,
#4873,#4874,#4875,#4876,#4877,#4878,#4879,#4880));
#1518=EDGE_LOOP('',(#4881,#4882,#4883,#4884));
#1519=EDGE_LOOP('',(#4885,#4886,#4887,#4888));
#1520=EDGE_LOOP('',(#4889,#4890,#4891,#4892));
#1521=EDGE_LOOP('',(#4893,#4894,#4895,#4896));
#1522=EDGE_LOOP('',(#4897,#4898,#4899,#4900));
#1523=EDGE_LOOP('',(#4901,#4902,#4903,#4904));
#1524=EDGE_LOOP('',(#4905,#4906,#4907,#4908));
#1525=EDGE_LOOP('',(#4909,#4910,#4911,#4912));
#1526=EDGE_LOOP('',(#4913,#4914,#4915,#4916));
#1527=EDGE_LOOP('',(#4917,#4918,#4919,#4920));
#1528=EDGE_LOOP('',(#4921,#4922,#4923,#4924));
#1529=EDGE_LOOP('',(#4925,#4926,#4927,#4928));
#1530=EDGE_LOOP('',(#4929,#4930,#4931,#4932));
#1531=EDGE_LOOP('',(#4933,#4934,#4935,#4936));
#1532=EDGE_LOOP('',(#4937,#4938,#4939,#4940));
#1533=EDGE_LOOP('',(#4941,#4942,#4943,#4944));
#1534=EDGE_LOOP('',(#4945,#4946,#4947,#4948));
#1535=EDGE_LOOP('',(#4949,#4950,#4951,#4952));
#1536=EDGE_LOOP('',(#4953,#4954,#4955,#4956));
#1537=EDGE_LOOP('',(#4957,#4958,#4959,#4960));
#1538=EDGE_LOOP('',(#4961,#4962,#4963,#4964));
#1539=EDGE_LOOP('',(#4965,#4966,#4967,#4968));
#1540=EDGE_LOOP('',(#4969,#4970,#4971,#4972));
#1541=EDGE_LOOP('',(#4973,#4974,#4975,#4976));
#1542=EDGE_LOOP('',(#4977,#4978,#4979,#4980,#4981,#4982,#4983,#4984,#4985,
#4986,#4987,#4988,#4989,#4990,#4991,#4992,#4993,#4994,#4995,#4996,#4997,
#4998,#4999,#5000,#5001,#5002,#5003));
#1543=EDGE_LOOP('',(#5004,#5005,#5006,#5007,#5008,#5009,#5010,#5011,#5012,
#5013,#5014,#5015,#5016,#5017,#5018,#5019,#5020,#5021,#5022,#5023,#5024,
#5025,#5026));
#1544=EDGE_LOOP('',(#5027,#5028,#5029,#5030,#5031,#5032,#5033,#5034,#5035,
#5036,#5037,#5038,#5039,#5040,#5041,#5042,#5043,#5044,#5045,#5046,#5047,
#5048,#5049,#5050,#5051,#5052,#5053,#5054,#5055,#5056,#5057,#5058,#5059,
#5060,#5061,#5062,#5063,#5064,#5065,#5066,#5067,#5068,#5069,#5070,#5071));
#1545=EDGE_LOOP('',(#5072));
#1546=EDGE_LOOP('',(#5073));
#1547=EDGE_LOOP('',(#5074,#5075,#5076,#5077,#5078,#5079,#5080,#5081,#5082,
#5083,#5084,#5085,#5086,#5087,#5088,#5089,#5090));
#1548=EDGE_LOOP('',(#5091,#5092,#5093,#5094,#5095,#5096));
#1549=EDGE_LOOP('',(#5097,#5098,#5099,#5100,#5101,#5102,#5103,#5104,#5105,
#5106,#5107,#5108,#5109,#5110,#5111,#5112,#5113));
#1550=EDGE_LOOP('',(#5114,#5115,#5116,#5117,#5118,#5119,#5120,#5121,#5122,
#5123,#5124,#5125,#5126,#5127,#5128,#5129,#5130,#5131,#5132,#5133,#5134,
#5135,#5136,#5137,#5138,#5139,#5140,#5141,#5142,#5143,#5144,#5145,#5146,
#5147,#5148,#5149,#5150,#5151,#5152,#5153,#5154,#5155,#5156,#5157,#5158,
#5159,#5160,#5161,#5162,#5163,#5164,#5165,#5166,#5167,#5168,#5169,#5170));
#1551=EDGE_LOOP('',(#5171,#5172,#5173,#5174,#5175,#5176,#5177,#5178,#5179,
#5180,#5181,#5182,#5183,#5184,#5185,#5186,#5187));
#1552=EDGE_LOOP('',(#5188,#5189,#5190,#5191,#5192,#5193,#5194,#5195,#5196,
#5197,#5198,#5199,#5200,#5201,#5202,#5203,#5204,#5205,#5206,#5207,#5208,
#5209,#5210,#5211,#5212,#5213));
#1553=EDGE_LOOP('',(#5214,#5215,#5216,#5217,#5218,#5219,#5220,#5221,#5222,
#5223,#5224,#5225,#5226,#5227,#5228,#5229,#5230));
#1554=EDGE_LOOP('',(#5231,#5232,#5233,#5234,#5235,#5236));
#1555=EDGE_LOOP('',(#5237,#5238,#5239,#5240));
#1556=EDGE_LOOP('',(#5241));
#1557=EDGE_LOOP('',(#5242));
#1558=B_SPLINE_CURVE_WITH_KNOTS('',3,(#6030,#6031,#6032,#6033,#6034),
 .UNSPECIFIED.,.F.,.F.,(4,1,4),(0.,0.0333115791619471,0.0658059754810203),
 .UNSPECIFIED.);
#1559=B_SPLINE_CURVE_WITH_KNOTS('',3,(#6036,#6037,#6038,#6039,#6040),
 .UNSPECIFIED.,.F.,.F.,(4,1,4),(0.,0.0320515361889677,0.0652596305482382),
 .UNSPECIFIED.);
#1560=B_SPLINE_CURVE_WITH_KNOTS('',3,(#6042,#6043,#6044,#6045,#6046),
 .UNSPECIFIED.,.F.,.F.,(4,1,4),(0.,0.0323867680953007,0.0651393895309631),
 .UNSPECIFIED.);
#1561=B_SPLINE_CURVE_WITH_KNOTS('',3,(#6048,#6049,#6050,#6051,#6052),
 .UNSPECIFIED.,.F.,.F.,(4,1,4),(0.,0.0685023914898832,0.13063138716502),
 .UNSPECIFIED.);
#1562=B_SPLINE_CURVE_WITH_KNOTS('',3,(#6054,#6055,#6056,#6057,#6058),
 .UNSPECIFIED.,.F.,.F.,(4,1,4),(0.,0.0620186303664376,0.129614842394605),
 .UNSPECIFIED.);
#1563=B_SPLINE_CURVE_WITH_KNOTS('',3,(#6059,#6060,#6061,#6062,#6063),
 .UNSPECIFIED.,.F.,.F.,(4,1,4),(0.,0.0316549942718846,0.0638072219683447),
 .UNSPECIFIED.);
#1564=B_SPLINE_CURVE_WITH_KNOTS('',3,(#6076,#6077,#6078,#6079,#6080),
 .UNSPECIFIED.,.F.,.F.,(4,1,4),(0.,0.0333115791619471,0.0658059754810203),
 .UNSPECIFIED.);
#1565=B_SPLINE_CURVE_WITH_KNOTS('',3,(#6094,#6095,#6096,#6097,#6098),
 .UNSPECIFIED.,.F.,.F.,(4,1,4),(0.,0.0320515361889677,0.0652596305482382),
 .UNSPECIFIED.);
#1566=B_SPLINE_CURVE_WITH_KNOTS('',3,(#6111,#6112,#6113,#6114,#6115),
 .UNSPECIFIED.,.F.,.F.,(4,1,4),(0.,0.0323867680953007,0.0651393895309631),
 .UNSPECIFIED.);
#1567=B_SPLINE_CURVE_WITH_KNOTS('',3,(#6128,#6129,#6130,#6131,#6132),
 .UNSPECIFIED.,.F.,.F.,(4,1,4),(0.,0.0685023914898832,0.13063138716502),
 .UNSPECIFIED.);
#1568=B_SPLINE_CURVE_WITH_KNOTS('',3,(#6145,#6146,#6147,#6148,#6149),
 .UNSPECIFIED.,.F.,.F.,(4,1,4),(0.,0.0620186303664376,0.129614842394605),
 .UNSPECIFIED.);
#1569=B_SPLINE_CURVE_WITH_KNOTS('',3,(#6161,#6162,#6163,#6164,#6165),
 .UNSPECIFIED.,.F.,.F.,(4,1,4),(0.,0.0316549942718846,0.0638072219683447),
 .UNSPECIFIED.);
#1570=B_SPLINE_CURVE_WITH_KNOTS('',3,(#6169,#6170,#6171,#6172,#6173),
 .UNSPECIFIED.,.F.,.F.,(4,1,4),(0.,0.028613985860677,0.0636441561399573),
 .UNSPECIFIED.);
#1571=B_SPLINE_CURVE_WITH_KNOTS('',3,(#6175,#6176,#6177,#6178,#6179),
 .UNSPECIFIED.,.F.,.F.,(4,1,4),(0.,0.0322754911252772,0.063372453844043),
 .UNSPECIFIED.);
#1572=B_SPLINE_CURVE_WITH_KNOTS('',3,(#6181,#6182,#6183,#6184,#6185),
 .UNSPECIFIED.,.F.,.F.,(4,1,4),(0.,0.0305980043774647,0.0611961413489966),
 .UNSPECIFIED.);
#1573=B_SPLINE_CURVE_WITH_KNOTS('',3,(#6187,#6188,#6189,#6190,#6191),
 .UNSPECIFIED.,.F.,.F.,(4,1,4),(0.,0.00145270549456031,0.00342696159967301),
 .UNSPECIFIED.);
#1574=B_SPLINE_CURVE_WITH_KNOTS('',3,(#6193,#6194,#6195,#6196,#6197),
 .UNSPECIFIED.,.F.,.F.,(4,1,4),(0.,0.0282355195620578,0.039832146715493),
 .UNSPECIFIED.);
#1575=B_SPLINE_CURVE_WITH_KNOTS('',3,(#6199,#6200,#6201,#6202,#6203),
 .UNSPECIFIED.,.F.,.F.,(4,1,4),(0.,0.0124961889940726,0.040809294597676),
 .UNSPECIFIED.);
#1576=B_SPLINE_CURVE_WITH_KNOTS('',3,(#6205,#6206,#6207,#6208,#6209),
 .UNSPECIFIED.,.F.,.F.,(4,1,4),(0.,0.0506794685040194,0.0642847717463468),
 .UNSPECIFIED.);
#1577=B_SPLINE_CURVE_WITH_KNOTS('',3,(#6211,#6212,#6213,#6214,#6215),
 .UNSPECIFIED.,.F.,.F.,(4,1,4),(0.,0.0282227294751953,0.0659813829711205),
 .UNSPECIFIED.);
#1578=B_SPLINE_CURVE_WITH_KNOTS('',3,(#6217,#6218,#6219,#6220,#6221),
 .UNSPECIFIED.,.F.,.F.,(4,1,4),(0.,0.00677706624527076,0.0142509492788057),
 .UNSPECIFIED.);
#1579=B_SPLINE_CURVE_WITH_KNOTS('',3,(#6223,#6224,#6225,#6226,#6227),
 .UNSPECIFIED.,.F.,.F.,(4,1,4),(0.,0.0045119007011615,0.00767886218551438),
 .UNSPECIFIED.);
#1580=B_SPLINE_CURVE_WITH_KNOTS('',3,(#6229,#6230,#6231,#6232,#6233),
 .UNSPECIFIED.,.F.,.F.,(4,1,4),(0.,0.140575633279063,0.252528927752859),
 .UNSPECIFIED.);
#1581=B_SPLINE_CURVE_WITH_KNOTS('',3,(#6235,#6236,#6237,#6238,#6239),
 .UNSPECIFIED.,.F.,.F.,(4,1,4),(0.,0.0899762034486474,0.154420697299832),
 .UNSPECIFIED.);
#1582=B_SPLINE_CURVE_WITH_KNOTS('',3,(#6241,#6242,#6243,#6244,#6245),
 .UNSPECIFIED.,.F.,.F.,(4,1,4),(0.,0.063971898248796,0.15379058023268),
 .UNSPECIFIED.);
#1583=B_SPLINE_CURVE_WITH_KNOTS('',3,(#6247,#6248,#6249,#6250,#6251),
 .UNSPECIFIED.,.F.,.F.,(4,1,4),(0.,0.0115634730470052,0.0239238823493346),
 .UNSPECIFIED.);
#1584=B_SPLINE_CURVE_WITH_KNOTS('',3,(#6253,#6254,#6255,#6256,#6257),
 .UNSPECIFIED.,.F.,.F.,(4,1,4),(0.,0.0346671380292094,0.0592474066505383),
 .UNSPECIFIED.);
#1585=B_SPLINE_CURVE_WITH_KNOTS('',3,(#6259,#6260,#6261,#6262,#6263),
 .UNSPECIFIED.,.F.,.F.,(4,1,4),(0.,0.0245802686213289,0.0592474066505383),
 .UNSPECIFIED.);
#1586=B_SPLINE_CURVE_WITH_KNOTS('',3,(#6265,#6266,#6267,#6268,#6269),
 .UNSPECIFIED.,.F.,.F.,(4,1,4),(0.,0.0132672054519402,0.0249417641709386),
 .UNSPECIFIED.);
#1587=B_SPLINE_CURVE_WITH_KNOTS('',3,(#6271,#6272,#6273,#6274,#6275),
 .UNSPECIFIED.,.F.,.F.,(4,1,4),(0.,0.0627462290849663,0.107184645565518),
 .UNSPECIFIED.);
#1588=B_SPLINE_CURVE_WITH_KNOTS('',3,(#6277,#6278,#6279,#6280,#6281),
 .UNSPECIFIED.,.F.,.F.,(4,1,4),(0.,0.044438476077608,0.107184590063029),
 .UNSPECIFIED.);
#1589=B_SPLINE_CURVE_WITH_KNOTS('',3,(#6285,#6286,#6287,#6288,#6289),
 .UNSPECIFIED.,.F.,.F.,(4,1,4),(0.,0.0429178431634395,0.114055794834609),
 .UNSPECIFIED.);
#1590=B_SPLINE_CURVE_WITH_KNOTS('',3,(#6291,#6292,#6293,#6294,#6295),
 .UNSPECIFIED.,.F.,.F.,(4,1,4),(0.,0.0660281958641183,0.115536582124379),
 .UNSPECIFIED.);
#1591=B_SPLINE_CURVE_WITH_KNOTS('',3,(#6297,#6298,#6299,#6300,#6301),
 .UNSPECIFIED.,.F.,.F.,(4,1,4),(0.,0.0236516008682861,0.0407618623210471),
 .UNSPECIFIED.);
#1592=B_SPLINE_CURVE_WITH_KNOTS('',3,(#6303,#6304,#6305,#6306,#6307),
 .UNSPECIFIED.,.F.,.F.,(4,1,4),(0.,0.0166381332108691,0.0401325502638973),
 .UNSPECIFIED.);
#1593=B_SPLINE_CURVE_WITH_KNOTS('',3,(#6309,#6310,#6311,#6312,#6313),
 .UNSPECIFIED.,.F.,.F.,(4,1,4),(0.,0.0116180458822444,0.0208661116228555),
 .UNSPECIFIED.);
#1594=B_SPLINE_CURVE_WITH_KNOTS('',3,(#6315,#6316,#6317,#6318,#6319),
 .UNSPECIFIED.,.F.,.F.,(4,1,4),(0.,0.0662186649529473,0.126510963797914),
 .UNSPECIFIED.);
#1595=B_SPLINE_CURVE_WITH_KNOTS('',3,(#6320,#6321,#6322,#6323,#6324),
 .UNSPECIFIED.,.F.,.F.,(4,1,4),(0.,0.0370178214466389,0.0528159062603755),
 .UNSPECIFIED.);
#1596=B_SPLINE_CURVE_WITH_KNOTS('',3,(#6337,#6338,#6339,#6340,#6341),
 .UNSPECIFIED.,.F.,.F.,(4,1,4),(0.,0.028613985860677,0.0636441561399573),
 .UNSPECIFIED.);
#1597=B_SPLINE_CURVE_WITH_KNOTS('',3,(#6355,#6356,#6357,#6358,#6359),
 .UNSPECIFIED.,.F.,.F.,(4,1,4),(0.,0.0322754911252772,0.063372453844043),
 .UNSPECIFIED.);
#1598=B_SPLINE_CURVE_WITH_KNOTS('',3,(#6376,#6377,#6378,#6379,#6380),
 .UNSPECIFIED.,.F.,.F.,(4,1,4),(0.,0.00145270549456031,0.00342696159967301),
 .UNSPECIFIED.);
#1599=B_SPLINE_CURVE_WITH_KNOTS('',3,(#6393,#6394,#6395,#6396,#6397),
 .UNSPECIFIED.,.F.,.F.,(4,1,4),(0.,0.0282355195620578,0.039832146715493),
 .UNSPECIFIED.);
#1600=B_SPLINE_CURVE_WITH_KNOTS('',3,(#6410,#6411,#6412,#6413,#6414),
 .UNSPECIFIED.,.F.,.F.,(4,1,4),(0.,0.0124961889940726,0.040809294597676),
 .UNSPECIFIED.);
#1601=B_SPLINE_CURVE_WITH_KNOTS('',3,(#6427,#6428,#6429,#6430,#6431),
 .UNSPECIFIED.,.F.,.F.,(4,1,4),(0.,0.0506794685040194,0.0642847717463468),
 .UNSPECIFIED.);
#1602=B_SPLINE_CURVE_WITH_KNOTS('',3,(#6444,#6445,#6446,#6447,#6448),
 .UNSPECIFIED.,.F.,.F.,(4,1,4),(0.,0.0282227294751953,0.0659813829711205),
 .UNSPECIFIED.);
#1603=B_SPLINE_CURVE_WITH_KNOTS('',3,(#6461,#6462,#6463,#6464,#6465),
 .UNSPECIFIED.,.F.,.F.,(4,1,4),(0.,0.00677706624527076,0.0142509492788057),
 .UNSPECIFIED.);
#1604=B_SPLINE_CURVE_WITH_KNOTS('',3,(#6478,#6479,#6480,#6481,#6482),
 .UNSPECIFIED.,.F.,.F.,(4,1,4),(0.,0.0045119007011615,0.00767886218551438),
 .UNSPECIFIED.);
#1605=B_SPLINE_CURVE_WITH_KNOTS('',3,(#6495,#6496,#6497,#6498,#6499),
 .UNSPECIFIED.,.F.,.F.,(4,1,4),(0.,0.140575633279063,0.252528927752859),
 .UNSPECIFIED.);
#1606=B_SPLINE_CURVE_WITH_KNOTS('',3,(#6512,#6513,#6514,#6515,#6516),
 .UNSPECIFIED.,.F.,.F.,(4,1,4),(0.,0.0899762034486474,0.154420697299832),
 .UNSPECIFIED.);
#1607=B_SPLINE_CURVE_WITH_KNOTS('',3,(#6529,#6530,#6531,#6532,#6533),
 .UNSPECIFIED.,.F.,.F.,(4,1,4),(0.,0.063971898248796,0.15379058023268),
 .UNSPECIFIED.);
#1608=B_SPLINE_CURVE_WITH_KNOTS('',3,(#6546,#6547,#6548,#6549,#6550),
 .UNSPECIFIED.,.F.,.F.,(4,1,4),(0.,0.0115634730470052,0.0239238823493346),
 .UNSPECIFIED.);
#1609=B_SPLINE_CURVE_WITH_KNOTS('',3,(#6563,#6564,#6565,#6566,#6567),
 .UNSPECIFIED.,.F.,.F.,(4,1,4),(0.,0.0346671380292094,0.0592474066505383),
 .UNSPECIFIED.);
#1610=B_SPLINE_CURVE_WITH_KNOTS('',3,(#6580,#6581,#6582,#6583,#6584),
 .UNSPECIFIED.,.F.,.F.,(4,1,4),(0.,0.0245802686213289,0.0592474066505383),
 .UNSPECIFIED.);
#1611=B_SPLINE_CURVE_WITH_KNOTS('',3,(#6597,#6598,#6599,#6600,#6601),
 .UNSPECIFIED.,.F.,.F.,(4,1,4),(0.,0.0132672054519402,0.0249417641709386),
 .UNSPECIFIED.);
#1612=B_SPLINE_CURVE_WITH_KNOTS('',3,(#6614,#6615,#6616,#6617,#6618),
 .UNSPECIFIED.,.F.,.F.,(4,1,4),(0.,0.0627462290849663,0.107184645565518),
 .UNSPECIFIED.);
#1613=B_SPLINE_CURVE_WITH_KNOTS('',3,(#6631,#6632,#6633,#6634,#6635),
 .UNSPECIFIED.,.F.,.F.,(4,1,4),(0.,0.044438476077608,0.107184590063029),
 .UNSPECIFIED.);
#1614=B_SPLINE_CURVE_WITH_KNOTS('',3,(#6652,#6653,#6654,#6655,#6656),
 .UNSPECIFIED.,.F.,.F.,(4,1,4),(0.,0.0429178431634395,0.114055794834609),
 .UNSPECIFIED.);
#1615=B_SPLINE_CURVE_WITH_KNOTS('',3,(#6669,#6670,#6671,#6672,#6673),
 .UNSPECIFIED.,.F.,.F.,(4,1,4),(0.,0.0660281958641183,0.115536582124379),
 .UNSPECIFIED.);
#1616=B_SPLINE_CURVE_WITH_KNOTS('',3,(#6686,#6687,#6688,#6689,#6690),
 .UNSPECIFIED.,.F.,.F.,(4,1,4),(0.,0.0236516008682861,0.0407618623210471),
 .UNSPECIFIED.);
#1617=B_SPLINE_CURVE_WITH_KNOTS('',3,(#6703,#6704,#6705,#6706,#6707),
 .UNSPECIFIED.,.F.,.F.,(4,1,4),(0.,0.0166381332108691,0.0401325502638973),
 .UNSPECIFIED.);
#1618=B_SPLINE_CURVE_WITH_KNOTS('',3,(#6720,#6721,#6722,#6723,#6724),
 .UNSPECIFIED.,.F.,.F.,(4,1,4),(0.,0.0116180458822444,0.0208661116228555),
 .UNSPECIFIED.);
#1619=B_SPLINE_CURVE_WITH_KNOTS('',3,(#6737,#6738,#6739,#6740,#6741),
 .UNSPECIFIED.,.F.,.F.,(4,1,4),(0.,0.0662186649529473,0.126510963797914),
 .UNSPECIFIED.);
#1620=B_SPLINE_CURVE_WITH_KNOTS('',3,(#6753,#6754,#6755,#6756,#6757),
 .UNSPECIFIED.,.F.,.F.,(4,1,4),(0.,0.0370178214466389,0.0528159062603755),
 .UNSPECIFIED.);
#1621=B_SPLINE_CURVE_WITH_KNOTS('',3,(#6761,#6762,#6763,#6764,#6765),
 .UNSPECIFIED.,.F.,.F.,(4,1,4),(0.,0.110871918347047,0.221363255650764),
 .UNSPECIFIED.);
#1622=B_SPLINE_CURVE_WITH_KNOTS('',3,(#6767,#6768,#6769,#6770,#6771),
 .UNSPECIFIED.,.F.,.F.,(4,1,4),(0.,0.123130095292544,0.243157689926581),
 .UNSPECIFIED.);
#1623=B_SPLINE_CURVE_WITH_KNOTS('',3,(#6773,#6774,#6775,#6776,#6777),
 .UNSPECIFIED.,.F.,.F.,(4,1,4),(0.,0.123248723646076,0.245198970986349),
 .UNSPECIFIED.);
#1624=B_SPLINE_CURVE_WITH_KNOTS('',3,(#6779,#6780,#6781,#6782,#6783),
 .UNSPECIFIED.,.F.,.F.,(4,1,4),(0.,0.120960709151379,0.253766444903318),
 .UNSPECIFIED.);
#1625=B_SPLINE_CURVE_WITH_KNOTS('',3,(#6785,#6786,#6787,#6788,#6789),
 .UNSPECIFIED.,.F.,.F.,(4,1,4),(0.,0.133206935446146,0.254229281043615),
 .UNSPECIFIED.);
#1626=B_SPLINE_CURVE_WITH_KNOTS('',3,(#6791,#6792,#6793,#6794,#6795),
 .UNSPECIFIED.,.F.,.F.,(4,1,4),(0.,0.128900493059315,0.263051355885728),
 .UNSPECIFIED.);
#1627=B_SPLINE_CURVE_WITH_KNOTS('',3,(#6797,#6798,#6799,#6800,#6801),
 .UNSPECIFIED.,.F.,.F.,(4,1,4),(0.,0.00606355388801067,0.0178049766617972),
 .UNSPECIFIED.);
#1628=B_SPLINE_CURVE_WITH_KNOTS('',3,(#6803,#6804,#6805,#6806,#6807),
 .UNSPECIFIED.,.F.,.F.,(4,1,4),(0.,0.0366419855548553,0.0507624924846969),
 .UNSPECIFIED.);
#1629=B_SPLINE_CURVE_WITH_KNOTS('',3,(#6809,#6810,#6811,#6812,#6813),
 .UNSPECIFIED.,.F.,.F.,(4,1,4),(0.,0.0133772163664298,0.0497796788765571),
 .UNSPECIFIED.);
#1630=B_SPLINE_CURVE_WITH_KNOTS('',3,(#6815,#6816,#6817,#6818,#6819),
 .UNSPECIFIED.,.F.,.F.,(4,1,4),(0.,0.00418706176348015,0.00680600866504525),
 .UNSPECIFIED.);
#1631=B_SPLINE_CURVE_WITH_KNOTS('',3,(#6821,#6822,#6823,#6824,#6825),
 .UNSPECIFIED.,.F.,.F.,(4,1,4),(0.,0.0129930575637032,0.0259861527134087),
 .UNSPECIFIED.);
#1632=B_SPLINE_CURVE_WITH_KNOTS('',3,(#6827,#6828,#6829,#6830,#6831),
 .UNSPECIFIED.,.F.,.F.,(4,1,4),(0.,0.0968264029587535,0.196547027782923),
 .UNSPECIFIED.);
#1633=B_SPLINE_CURVE_WITH_KNOTS('',3,(#6833,#6834,#6835,#6836,#6837),
 .UNSPECIFIED.,.F.,.F.,(4,1,4),(0.,0.0592807889231725,0.1161381615934),
 .UNSPECIFIED.);
#1634=B_SPLINE_CURVE_WITH_KNOTS('',3,(#6839,#6840,#6841,#6842,#6843),
 .UNSPECIFIED.,.F.,.F.,(4,1,4),(0.,0.0549001515883666,0.114960284354875),
 .UNSPECIFIED.);
#1635=B_SPLINE_CURVE_WITH_KNOTS('',3,(#6845,#6846,#6847,#6848,#6849),
 .UNSPECIFIED.,.F.,.F.,(4,1,4),(0.,0.112003623520131,0.391981497686013),
 .UNSPECIFIED.);
#1636=B_SPLINE_CURVE_WITH_KNOTS('',3,(#6851,#6852,#6853,#6854,#6855),
 .UNSPECIFIED.,.F.,.F.,(4,1,4),(0.,0.0402033774255134,0.0784958754598219),
 .UNSPECIFIED.);
#1637=B_SPLINE_CURVE_WITH_KNOTS('',3,(#6856,#6857,#6858,#6859,#6860),
 .UNSPECIFIED.,.F.,.F.,(4,1,4),(0.,0.110181149433501,0.223717095334099),
 .UNSPECIFIED.);
#1638=B_SPLINE_CURVE_WITH_KNOTS('',3,(#6863,#6864,#6865,#6866,#6867),
 .UNSPECIFIED.,.F.,.F.,(4,1,4),(0.,0.102525062316852,0.224048481004854),
 .UNSPECIFIED.);
#1639=B_SPLINE_CURVE_WITH_KNOTS('',3,(#6869,#6870,#6871,#6872,#6873),
 .UNSPECIFIED.,.F.,.F.,(4,1,4),(0.,0.0114329394786268,0.028768065983221),
 .UNSPECIFIED.);
#1640=B_SPLINE_CURVE_WITH_KNOTS('',3,(#6875,#6876,#6877,#6878,#6879),
 .UNSPECIFIED.,.F.,.F.,(4,1,4),(0.,0.0599166304319826,0.116202637151443),
 .UNSPECIFIED.);
#1641=B_SPLINE_CURVE_WITH_KNOTS('',3,(#6881,#6882,#6883,#6884,#6885),
 .UNSPECIFIED.,.F.,.F.,(4,1,4),(0.,0.0559800678285558,0.115610248510264),
 .UNSPECIFIED.);
#1642=B_SPLINE_CURVE_WITH_KNOTS('',3,(#6887,#6888,#6889,#6890,#6891),
 .UNSPECIFIED.,.F.,.F.,(4,1,4),(0.,0.0532988573467969,0.103404919158751),
 .UNSPECIFIED.);
#1643=B_SPLINE_CURVE_WITH_KNOTS('',3,(#6893,#6894,#6895,#6896,#6897),
 .UNSPECIFIED.,.F.,.F.,(4,1,4),(0.,0.0503854788953338,0.103640430920132),
 .UNSPECIFIED.);
#1644=B_SPLINE_CURVE_WITH_KNOTS('',3,(#6898,#6899,#6900,#6901,#6902),
 .UNSPECIFIED.,.F.,.F.,(4,1,4),(0.,0.02799591709244,0.0394670508254271),
 .UNSPECIFIED.);
#1645=B_SPLINE_CURVE_WITH_KNOTS('',3,(#6915,#6916,#6917,#6918,#6919),
 .UNSPECIFIED.,.F.,.F.,(4,1,4),(0.,0.110871918347047,0.221363255650764),
 .UNSPECIFIED.);
#1646=B_SPLINE_CURVE_WITH_KNOTS('',3,(#6933,#6934,#6935,#6936,#6937),
 .UNSPECIFIED.,.F.,.F.,(4,1,4),(0.,0.123130095292544,0.243157689926581),
 .UNSPECIFIED.);
#1647=B_SPLINE_CURVE_WITH_KNOTS('',3,(#6950,#6951,#6952,#6953,#6954),
 .UNSPECIFIED.,.F.,.F.,(4,1,4),(0.,0.123248723646076,0.245198970986349),
 .UNSPECIFIED.);
#1648=B_SPLINE_CURVE_WITH_KNOTS('',3,(#6967,#6968,#6969,#6970,#6971),
 .UNSPECIFIED.,.F.,.F.,(4,1,4),(0.,0.120960709151379,0.253766444903318),
 .UNSPECIFIED.);
#1649=B_SPLINE_CURVE_WITH_KNOTS('',3,(#6984,#6985,#6986,#6987,#6988),
 .UNSPECIFIED.,.F.,.F.,(4,1,4),(0.,0.133206935446146,0.254229281043615),
 .UNSPECIFIED.);
#1650=B_SPLINE_CURVE_WITH_KNOTS('',3,(#7001,#7002,#7003,#7004,#7005),
 .UNSPECIFIED.,.F.,.F.,(4,1,4),(0.,0.128900493059315,0.263051355885728),
 .UNSPECIFIED.);
#1651=B_SPLINE_CURVE_WITH_KNOTS('',3,(#7018,#7019,#7020,#7021,#7022),
 .UNSPECIFIED.,.F.,.F.,(4,1,4),(0.,0.00606355388801067,0.0178049766617972),
 .UNSPECIFIED.);
#1652=B_SPLINE_CURVE_WITH_KNOTS('',3,(#7035,#7036,#7037,#7038,#7039),
 .UNSPECIFIED.,.F.,.F.,(4,1,4),(0.,0.0366419855548553,0.0507624924846969),
 .UNSPECIFIED.);
#1653=B_SPLINE_CURVE_WITH_KNOTS('',3,(#7052,#7053,#7054,#7055,#7056),
 .UNSPECIFIED.,.F.,.F.,(4,1,4),(0.,0.0133772163664298,0.0497796788765571),
 .UNSPECIFIED.);
#1654=B_SPLINE_CURVE_WITH_KNOTS('',3,(#7069,#7070,#7071,#7072,#7073),
 .UNSPECIFIED.,.F.,.F.,(4,1,4),(0.,0.00418706176348015,0.00680600866504525),
 .UNSPECIFIED.);
#1655=B_SPLINE_CURVE_WITH_KNOTS('',3,(#7090,#7091,#7092,#7093,#7094),
 .UNSPECIFIED.,.F.,.F.,(4,1,4),(0.,0.0968264029587535,0.196547027782923),
 .UNSPECIFIED.);
#1656=B_SPLINE_CURVE_WITH_KNOTS('',3,(#7107,#7108,#7109,#7110,#7111),
 .UNSPECIFIED.,.F.,.F.,(4,1,4),(0.,0.0592807889231725,0.1161381615934),
 .UNSPECIFIED.);
#1657=B_SPLINE_CURVE_WITH_KNOTS('',3,(#7124,#7125,#7126,#7127,#7128),
 .UNSPECIFIED.,.F.,.F.,(4,1,4),(0.,0.0549001515883666,0.114960284354875),
 .UNSPECIFIED.);
#1658=B_SPLINE_CURVE_WITH_KNOTS('',3,(#7141,#7142,#7143,#7144,#7145),
 .UNSPECIFIED.,.F.,.F.,(4,1,4),(0.,0.112003623520131,0.391981497686013),
 .UNSPECIFIED.);
#1659=B_SPLINE_CURVE_WITH_KNOTS('',3,(#7158,#7159,#7160,#7161,#7162),
 .UNSPECIFIED.,.F.,.F.,(4,1,4),(0.,0.0402033774255134,0.0784958754598219),
 .UNSPECIFIED.);
#1660=B_SPLINE_CURVE_WITH_KNOTS('',3,(#7174,#7175,#7176,#7177,#7178),
 .UNSPECIFIED.,.F.,.F.,(4,1,4),(0.,0.110181149433501,0.223717095334099),
 .UNSPECIFIED.);
#1661=B_SPLINE_CURVE_WITH_KNOTS('',3,(#7191,#7192,#7193,#7194,#7195),
 .UNSPECIFIED.,.F.,.F.,(4,1,4),(0.,0.102525062316852,0.224048481004854),
 .UNSPECIFIED.);
#1662=B_SPLINE_CURVE_WITH_KNOTS('',3,(#7209,#7210,#7211,#7212,#7213),
 .UNSPECIFIED.,.F.,.F.,(4,1,4),(0.,0.0114329394786268,0.028768065983221),
 .UNSPECIFIED.);
#1663=B_SPLINE_CURVE_WITH_KNOTS('',3,(#7226,#7227,#7228,#7229,#7230),
 .UNSPECIFIED.,.F.,.F.,(4,1,4),(0.,0.0599166304319826,0.116202637151443),
 .UNSPECIFIED.);
#1664=B_SPLINE_CURVE_WITH_KNOTS('',3,(#7243,#7244,#7245,#7246,#7247),
 .UNSPECIFIED.,.F.,.F.,(4,1,4),(0.,0.0559800678285558,0.115610248510264),
 .UNSPECIFIED.);
#1665=B_SPLINE_CURVE_WITH_KNOTS('',3,(#7260,#7261,#7262,#7263,#7264),
 .UNSPECIFIED.,.F.,.F.,(4,1,4),(0.,0.0532988573467969,0.103404919158751),
 .UNSPECIFIED.);
#1666=B_SPLINE_CURVE_WITH_KNOTS('',3,(#7277,#7278,#7279,#7280,#7281),
 .UNSPECIFIED.,.F.,.F.,(4,1,4),(0.,0.0503854788953338,0.103640430920132),
 .UNSPECIFIED.);
#1667=B_SPLINE_CURVE_WITH_KNOTS('',3,(#7293,#7294,#7295,#7296,#7297),
 .UNSPECIFIED.,.F.,.F.,(4,1,4),(0.,0.02799591709244,0.0394670508254271),
 .UNSPECIFIED.);
#1668=B_SPLINE_CURVE_WITH_KNOTS('',3,(#7302,#7303,#7304,#7305,#7306),
 .UNSPECIFIED.,.F.,.F.,(4,1,4),(0.,0.0245362627582974,0.0644050145308841),
 .UNSPECIFIED.);
#1669=B_SPLINE_CURVE_WITH_KNOTS('',3,(#7308,#7309,#7310,#7311,#7312),
 .UNSPECIFIED.,.F.,.F.,(4,1,4),(0.,0.0308038733178482,0.0447310702114552),
 .UNSPECIFIED.);
#1670=B_SPLINE_CURVE_WITH_KNOTS('',3,(#7314,#7315,#7316,#7317,#7318),
 .UNSPECIFIED.,.F.,.F.,(4,1,4),(0.,0.01092776144279,0.0413345983736897),
 .UNSPECIFIED.);
#1671=B_SPLINE_CURVE_WITH_KNOTS('',3,(#7320,#7321,#7322,#7323,#7324),
 .UNSPECIFIED.,.F.,.F.,(4,1,4),(0.,0.0023633956928421,0.00431224272509989),
 .UNSPECIFIED.);
#1672=B_SPLINE_CURVE_WITH_KNOTS('',3,(#7326,#7327,#7328,#7329,#7330),
 .UNSPECIFIED.,.F.,.F.,(4,1,4),(0.,0.0206479027381066,0.049521619478145),
 .UNSPECIFIED.);
#1673=B_SPLINE_CURVE_WITH_KNOTS('',3,(#7332,#7333,#7334,#7335,#7336),
 .UNSPECIFIED.,.F.,.F.,(4,1,4),(0.,0.0918152380221664,0.184516685078889),
 .UNSPECIFIED.);
#1674=B_SPLINE_CURVE_WITH_KNOTS('',3,(#7338,#7339,#7340,#7341,#7342),
 .UNSPECIFIED.,.F.,.F.,(4,1,4),(0.,0.120478010334972,0.246277778742798),
 .UNSPECIFIED.);
#1675=B_SPLINE_CURVE_WITH_KNOTS('',3,(#7344,#7345,#7346,#7347,#7348),
 .UNSPECIFIED.,.F.,.F.,(4,1,4),(0.,0.129340951499825,0.249006946196511),
 .UNSPECIFIED.);
#1676=B_SPLINE_CURVE_WITH_KNOTS('',3,(#7350,#7351,#7352,#7353,#7354),
 .UNSPECIFIED.,.F.,.F.,(4,1,4),(0.,0.117251181746364,0.23537056114782),
 .UNSPECIFIED.);
#1677=B_SPLINE_CURVE_WITH_KNOTS('',3,(#7356,#7357,#7358,#7359,#7360),
 .UNSPECIFIED.,.F.,.F.,(4,1,4),(0.,0.115274329508652,0.234009664204438),
 .UNSPECIFIED.);
#1678=B_SPLINE_CURVE_WITH_KNOTS('',3,(#7362,#7363,#7364,#7365,#7366),
 .UNSPECIFIED.,.F.,.F.,(4,1,4),(0.,0.0532590839945142,0.10344629249755),
 .UNSPECIFIED.);
#1679=B_SPLINE_CURVE_WITH_KNOTS('',3,(#7368,#7369,#7370,#7371,#7372),
 .UNSPECIFIED.,.F.,.F.,(4,1,4),(0.,0.0447169490950482,0.0833355982698042),
 .UNSPECIFIED.);
#1680=B_SPLINE_CURVE_WITH_KNOTS('',3,(#7374,#7375,#7376,#7377,#7378),
 .UNSPECIFIED.,.F.,.F.,(4,1,4),(0.,0.0120791502566614,0.0420529945031149),
 .UNSPECIFIED.);
#1681=B_SPLINE_CURVE_WITH_KNOTS('',3,(#7380,#7381,#7382,#7383,#7384),
 .UNSPECIFIED.,.F.,.F.,(4,1,4),(0.,0.0336539817749042,0.046129404338127),
 .UNSPECIFIED.);
#1682=B_SPLINE_CURVE_WITH_KNOTS('',3,(#7386,#7387,#7388,#7389,#7390),
 .UNSPECIFIED.,.F.,.F.,(4,1,4),(0.,0.0152673085543858,0.0492442878538541),
 .UNSPECIFIED.);
#1683=B_SPLINE_CURVE_WITH_KNOTS('',3,(#7392,#7393,#7394,#7395,#7396),
 .UNSPECIFIED.,.F.,.F.,(4,1,4),(0.,0.0306426675430848,0.0521745440399926),
 .UNSPECIFIED.);
#1684=B_SPLINE_CURVE_WITH_KNOTS('',3,(#7398,#7399,#7400,#7401,#7402),
 .UNSPECIFIED.,.F.,.F.,(4,1,4),(0.,0.0217678791317653,0.0524890784884495),
 .UNSPECIFIED.);
#1685=B_SPLINE_CURVE_WITH_KNOTS('',3,(#7404,#7405,#7406,#7407,#7408),
 .UNSPECIFIED.,.F.,.F.,(4,1,4),(0.,0.0142411570526967,0.0278713296221457),
 .UNSPECIFIED.);
#1686=B_SPLINE_CURVE_WITH_KNOTS('',3,(#7412,#7413,#7414,#7415,#7416),
 .UNSPECIFIED.,.F.,.F.,(4,1,4),(0.,0.0740019666399151,0.283421825225684),
 .UNSPECIFIED.);
#1687=B_SPLINE_CURVE_WITH_KNOTS('',3,(#7418,#7419,#7420,#7421,#7422),
 .UNSPECIFIED.,.F.,.F.,(4,1,4),(0.,0.135659646396313,0.250372679284172),
 .UNSPECIFIED.);
#1688=B_SPLINE_CURVE_WITH_KNOTS('',3,(#7424,#7425,#7426,#7427,#7428),
 .UNSPECIFIED.,.F.,.F.,(4,1,4),(0.,0.00412381855282613,0.0115091730104422),
 .UNSPECIFIED.);
#1689=B_SPLINE_CURVE_WITH_KNOTS('',3,(#7429,#7430,#7431,#7432,#7433),
 .UNSPECIFIED.,.F.,.F.,(4,1,4),(0.,0.0402140088360041,0.0562236947595009),
 .UNSPECIFIED.);
#1690=B_SPLINE_CURVE_WITH_KNOTS('',3,(#7436,#7437,#7438,#7439,#7440),
 .UNSPECIFIED.,.F.,.F.,(4,1,4),(0.,0.0693859249360315,0.140993188678862),
 .UNSPECIFIED.);
#1691=B_SPLINE_CURVE_WITH_KNOTS('',3,(#7442,#7443,#7444,#7445,#7446),
 .UNSPECIFIED.,.F.,.F.,(4,1,4),(0.,0.0717633259594198,0.142622588348072),
 .UNSPECIFIED.);
#1692=B_SPLINE_CURVE_WITH_KNOTS('',3,(#7448,#7449,#7450,#7451,#7452),
 .UNSPECIFIED.,.F.,.F.,(4,1,4),(0.,0.0722445650161987,0.143393386445122),
 .UNSPECIFIED.);
#1693=B_SPLINE_CURVE_WITH_KNOTS('',3,(#7454,#7455,#7456,#7457,#7458),
 .UNSPECIFIED.,.F.,.F.,(4,1,4),(0.,0.0716912159554778,0.144557067963993),
 .UNSPECIFIED.);
#1694=B_SPLINE_CURVE_WITH_KNOTS('',3,(#7460,#7461,#7462,#7463,#7464),
 .UNSPECIFIED.,.F.,.F.,(4,1,4),(0.,0.0708922529798116,0.142945937101412),
 .UNSPECIFIED.);
#1695=B_SPLINE_CURVE_WITH_KNOTS('',3,(#7466,#7467,#7468,#7469,#7470),
 .UNSPECIFIED.,.F.,.F.,(4,1,4),(0.,0.0712396884210833,0.141703189621501),
 .UNSPECIFIED.);
#1696=B_SPLINE_CURVE_WITH_KNOTS('',3,(#7472,#7473,#7474,#7475,#7476),
 .UNSPECIFIED.,.F.,.F.,(4,1,4),(0.,0.0729192041073313,0.142982489755137),
 .UNSPECIFIED.);
#1697=B_SPLINE_CURVE_WITH_KNOTS('',3,(#7477,#7478,#7479,#7480,#7481),
 .UNSPECIFIED.,.F.,.F.,(4,1,4),(0.,0.0701607327794502,0.14139460068923),
 .UNSPECIFIED.);
#1698=B_SPLINE_CURVE_WITH_KNOTS('',3,(#7494,#7495,#7496,#7497,#7498),
 .UNSPECIFIED.,.F.,.F.,(4,1,4),(0.,0.0245362627582974,0.0644050145308841),
 .UNSPECIFIED.);
#1699=B_SPLINE_CURVE_WITH_KNOTS('',3,(#7512,#7513,#7514,#7515,#7516),
 .UNSPECIFIED.,.F.,.F.,(4,1,4),(0.,0.0308038733178482,0.0447310702114552),
 .UNSPECIFIED.);
#1700=B_SPLINE_CURVE_WITH_KNOTS('',3,(#7529,#7530,#7531,#7532,#7533),
 .UNSPECIFIED.,.F.,.F.,(4,1,4),(0.,0.01092776144279,0.0413345983736897),
 .UNSPECIFIED.);
#1701=B_SPLINE_CURVE_WITH_KNOTS('',3,(#7546,#7547,#7548,#7549,#7550),
 .UNSPECIFIED.,.F.,.F.,(4,1,4),(0.,0.0023633956928421,0.00431224272509989),
 .UNSPECIFIED.);
#1702=B_SPLINE_CURVE_WITH_KNOTS('',3,(#7563,#7564,#7565,#7566,#7567),
 .UNSPECIFIED.,.F.,.F.,(4,1,4),(0.,0.0206479027381066,0.049521619478145),
 .UNSPECIFIED.);
#1703=B_SPLINE_CURVE_WITH_KNOTS('',3,(#7580,#7581,#7582,#7583,#7584),
 .UNSPECIFIED.,.F.,.F.,(4,1,4),(0.,0.0918152380221664,0.184516685078889),
 .UNSPECIFIED.);
#1704=B_SPLINE_CURVE_WITH_KNOTS('',3,(#7597,#7598,#7599,#7600,#7601),
 .UNSPECIFIED.,.F.,.F.,(4,1,4),(0.,0.120478010334972,0.246277778742798),
 .UNSPECIFIED.);
#1705=B_SPLINE_CURVE_WITH_KNOTS('',3,(#7614,#7615,#7616,#7617,#7618),
 .UNSPECIFIED.,.F.,.F.,(4,1,4),(0.,0.129340951499825,0.249006946196511),
 .UNSPECIFIED.);
#1706=B_SPLINE_CURVE_WITH_KNOTS('',3,(#7631,#7632,#7633,#7634,#7635),
 .UNSPECIFIED.,.F.,.F.,(4,1,4),(0.,0.117251181746364,0.23537056114782),
 .UNSPECIFIED.);
#1707=B_SPLINE_CURVE_WITH_KNOTS('',3,(#7648,#7649,#7650,#7651,#7652),
 .UNSPECIFIED.,.F.,.F.,(4,1,4),(0.,0.115274329508652,0.234009664204438),
 .UNSPECIFIED.);
#1708=B_SPLINE_CURVE_WITH_KNOTS('',3,(#7665,#7666,#7667,#7668,#7669),
 .UNSPECIFIED.,.F.,.F.,(4,1,4),(0.,0.0532590839945142,0.10344629249755),
 .UNSPECIFIED.);
#1709=B_SPLINE_CURVE_WITH_KNOTS('',3,(#7682,#7683,#7684,#7685,#7686),
 .UNSPECIFIED.,.F.,.F.,(4,1,4),(0.,0.0447169490950482,0.0833355982698042),
 .UNSPECIFIED.);
#1710=B_SPLINE_CURVE_WITH_KNOTS('',3,(#7699,#7700,#7701,#7702,#7703),
 .UNSPECIFIED.,.F.,.F.,(4,1,4),(0.,0.0120791502566614,0.0420529945031149),
 .UNSPECIFIED.);
#1711=B_SPLINE_CURVE_WITH_KNOTS('',3,(#7716,#7717,#7718,#7719,#7720),
 .UNSPECIFIED.,.F.,.F.,(4,1,4),(0.,0.0336539817749042,0.046129404338127),
 .UNSPECIFIED.);
#1712=B_SPLINE_CURVE_WITH_KNOTS('',3,(#7733,#7734,#7735,#7736,#7737),
 .UNSPECIFIED.,.F.,.F.,(4,1,4),(0.,0.0152673085543858,0.0492442878538541),
 .UNSPECIFIED.);
#1713=B_SPLINE_CURVE_WITH_KNOTS('',3,(#7750,#7751,#7752,#7753,#7754),
 .UNSPECIFIED.,.F.,.F.,(4,1,4),(0.,0.0306426675430848,0.0521745440399926),
 .UNSPECIFIED.);
#1714=B_SPLINE_CURVE_WITH_KNOTS('',3,(#7767,#7768,#7769,#7770,#7771),
 .UNSPECIFIED.,.F.,.F.,(4,1,4),(0.,0.0217678791317653,0.0524890784884495),
 .UNSPECIFIED.);
#1715=B_SPLINE_CURVE_WITH_KNOTS('',3,(#7784,#7785,#7786,#7787,#7788),
 .UNSPECIFIED.,.F.,.F.,(4,1,4),(0.,0.0142411570526967,0.0278713296221457),
 .UNSPECIFIED.);
#1716=B_SPLINE_CURVE_WITH_KNOTS('',3,(#7805,#7806,#7807,#7808,#7809),
 .UNSPECIFIED.,.F.,.F.,(4,1,4),(0.,0.0740019666399151,0.283421825225684),
 .UNSPECIFIED.);
#1717=B_SPLINE_CURVE_WITH_KNOTS('',3,(#7822,#7823,#7824,#7825,#7826),
 .UNSPECIFIED.,.F.,.F.,(4,1,4),(0.,0.135659646396313,0.250372679284172),
 .UNSPECIFIED.);
#1718=B_SPLINE_CURVE_WITH_KNOTS('',3,(#7839,#7840,#7841,#7842,#7843),
 .UNSPECIFIED.,.F.,.F.,(4,1,4),(0.,0.00412381855282613,0.0115091730104422),
 .UNSPECIFIED.);
#1719=B_SPLINE_CURVE_WITH_KNOTS('',3,(#7855,#7856,#7857,#7858,#7859),
 .UNSPECIFIED.,.F.,.F.,(4,1,4),(0.,0.0402140088360041,0.0562236947595009),
 .UNSPECIFIED.);
#1720=B_SPLINE_CURVE_WITH_KNOTS('',3,(#7872,#7873,#7874,#7875,#7876),
 .UNSPECIFIED.,.F.,.F.,(4,1,4),(0.,0.0693859249360315,0.140993188678862),
 .UNSPECIFIED.);
#1721=B_SPLINE_CURVE_WITH_KNOTS('',3,(#7890,#7891,#7892,#7893,#7894),
 .UNSPECIFIED.,.F.,.F.,(4,1,4),(0.,0.0717633259594198,0.142622588348072),
 .UNSPECIFIED.);
#1722=B_SPLINE_CURVE_WITH_KNOTS('',3,(#7907,#7908,#7909,#7910,#7911),
 .UNSPECIFIED.,.F.,.F.,(4,1,4),(0.,0.0722445650161987,0.143393386445122),
 .UNSPECIFIED.);
#1723=B_SPLINE_CURVE_WITH_KNOTS('',3,(#7924,#7925,#7926,#7927,#7928),
 .UNSPECIFIED.,.F.,.F.,(4,1,4),(0.,0.0716912159554778,0.144557067963993),
 .UNSPECIFIED.);
#1724=B_SPLINE_CURVE_WITH_KNOTS('',3,(#7941,#7942,#7943,#7944,#7945),
 .UNSPECIFIED.,.F.,.F.,(4,1,4),(0.,0.0708922529798116,0.142945937101412),
 .UNSPECIFIED.);
#1725=B_SPLINE_CURVE_WITH_KNOTS('',3,(#7958,#7959,#7960,#7961,#7962),
 .UNSPECIFIED.,.F.,.F.,(4,1,4),(0.,0.0712396884210833,0.141703189621501),
 .UNSPECIFIED.);
#1726=B_SPLINE_CURVE_WITH_KNOTS('',3,(#7975,#7976,#7977,#7978,#7979),
 .UNSPECIFIED.,.F.,.F.,(4,1,4),(0.,0.0729192041073313,0.142982489755137),
 .UNSPECIFIED.);
#1727=B_SPLINE_CURVE_WITH_KNOTS('',3,(#7991,#7992,#7993,#7994,#7995),
 .UNSPECIFIED.,.F.,.F.,(4,1,4),(0.,0.0701607327794502,0.14139460068923),
 .UNSPECIFIED.);
#1728=B_SPLINE_CURVE_WITH_KNOTS('',3,(#8000,#8001,#8002,#8003,#8004),
 .UNSPECIFIED.,.F.,.F.,(4,1,4),(0.,0.0169412562753107,0.0292670848580266),
 .UNSPECIFIED.);
#1729=B_SPLINE_CURVE_WITH_KNOTS('',3,(#8006,#8007,#8008,#8009,#8010),
 .UNSPECIFIED.,.F.,.F.,(4,1,4),(0.,0.0101824328839317,0.0293255149354449),
 .UNSPECIFIED.);
#1730=B_SPLINE_CURVE_WITH_KNOTS('',3,(#8012,#8013,#8014,#8015,#8016),
 .UNSPECIFIED.,.F.,.F.,(4,1,4),(0.,0.204064051289581,0.351316106959729),
 .UNSPECIFIED.);
#1731=B_SPLINE_CURVE_WITH_KNOTS('',3,(#8018,#8019,#8020,#8021,#8022),
 .UNSPECIFIED.,.F.,.F.,(4,1,4),(0.,0.104975338605098,0.140974326372755),
 .UNSPECIFIED.);
#1732=B_SPLINE_CURVE_WITH_KNOTS('',3,(#8024,#8025,#8026,#8027,#8028),
 .UNSPECIFIED.,.F.,.F.,(4,1,4),(0.,0.0583003279617445,0.0995820895808653),
 .UNSPECIFIED.);
#1733=B_SPLINE_CURVE_WITH_KNOTS('',3,(#8030,#8031,#8032,#8033,#8034),
 .UNSPECIFIED.,.F.,.F.,(4,1,4),(0.,0.0412814617156982,0.0995798110961914),
 .UNSPECIFIED.);
#1734=B_SPLINE_CURVE_WITH_KNOTS('',3,(#8036,#8037,#8038,#8039,#8040),
 .UNSPECIFIED.,.F.,.F.,(4,1,4),(0.,0.117602835074694,0.201750912141221),
 .UNSPECIFIED.);
#1735=B_SPLINE_CURVE_WITH_KNOTS('',3,(#8042,#8043,#8044,#8045,#8046),
 .UNSPECIFIED.,.F.,.F.,(4,1,4),(0.,0.0836754655876512,0.201120787575337),
 .UNSPECIFIED.);
#1736=B_SPLINE_CURVE_WITH_KNOTS('',3,(#8048,#8049,#8050,#8051,#8052),
 .UNSPECIFIED.,.F.,.F.,(4,1,4),(0.,0.0117332532725974,0.0214779279056364),
 .UNSPECIFIED.);
#1737=B_SPLINE_CURVE_WITH_KNOTS('',3,(#8054,#8055,#8056,#8057,#8058),
 .UNSPECIFIED.,.F.,.F.,(4,1,4),(0.,0.0208469706054756,0.0353505252082598),
 .UNSPECIFIED.);
#1738=B_SPLINE_CURVE_WITH_KNOTS('',3,(#8060,#8061,#8062,#8063,#8064),
 .UNSPECIFIED.,.F.,.F.,(4,1,4),(0.,0.0145030770476456,0.0353495698931936),
 .UNSPECIFIED.);
#1739=B_SPLINE_CURVE_WITH_KNOTS('',3,(#8066,#8067,#8068,#8069,#8070),
 .UNSPECIFIED.,.F.,.F.,(4,1,4),(0.,0.0205320447482355,0.0353511004731519),
 .UNSPECIFIED.);
#1740=B_SPLINE_CURVE_WITH_KNOTS('',3,(#8072,#8073,#8074,#8075,#8076),
 .UNSPECIFIED.,.F.,.F.,(4,1,4),(0.,0.0143462828525409,0.0347213520569081),
 .UNSPECIFIED.);
#1741=B_SPLINE_CURVE_WITH_KNOTS('',3,(#8078,#8079,#8080,#8081,#8082),
 .UNSPECIFIED.,.F.,.F.,(4,1,4),(0.,0.0111200605430651,0.0234349574154427),
 .UNSPECIFIED.);
#1742=B_SPLINE_CURVE_WITH_KNOTS('',3,(#8084,#8085,#8086,#8087,#8088),
 .UNSPECIFIED.,.F.,.F.,(4,1,4),(0.,0.127801257983885,0.219124008103071),
 .UNSPECIFIED.);
#1743=B_SPLINE_CURVE_WITH_KNOTS('',3,(#8090,#8091,#8092,#8093,#8094),
 .UNSPECIFIED.,.F.,.F.,(4,1,4),(0.,0.0913226905243252,0.21912394850821),
 .UNSPECIFIED.);
#1744=B_SPLINE_CURVE_WITH_KNOTS('',3,(#8096,#8097,#8098,#8099,#8100),
 .UNSPECIFIED.,.F.,.F.,(4,1,4),(0.,0.121375328465083,0.20804311312635),
 .UNSPECIFIED.);
#1745=B_SPLINE_CURVE_WITH_KNOTS('',3,(#8102,#8103,#8104,#8105,#8106),
 .UNSPECIFIED.,.F.,.F.,(4,1,4),(0.,0.0861951044010234,0.207412937220421),
 .UNSPECIFIED.);
#1746=B_SPLINE_CURVE_WITH_KNOTS('',3,(#8108,#8109,#8110,#8111,#8112),
 .UNSPECIFIED.,.F.,.F.,(4,1,4),(0.,0.0124566539262705,0.0249131193658192),
 .UNSPECIFIED.);
#1747=B_SPLINE_CURVE_WITH_KNOTS('',3,(#8114,#8115,#8116,#8117,#8118),
 .UNSPECIFIED.,.F.,.F.,(4,1,4),(0.,0.0767466921356436,0.131737584612109),
 .UNSPECIFIED.);
#1748=B_SPLINE_CURVE_WITH_KNOTS('',3,(#8120,#8121,#8122,#8123,#8124),
 .UNSPECIFIED.,.F.,.F.,(4,1,4),(0.,0.0549918461155529,0.131737584739703),
 .UNSPECIFIED.);
#1749=B_SPLINE_CURVE_WITH_KNOTS('',3,(#8126,#8127,#8128,#8129,#8130),
 .UNSPECIFIED.,.F.,.F.,(4,1,4),(0.,0.0817171480318032,0.140030638672973),
 .UNSPECIFIED.);
#1750=B_SPLINE_CURVE_WITH_KNOTS('',3,(#8132,#8133,#8134,#8135,#8136),
 .UNSPECIFIED.,.F.,.F.,(4,1,4),(0.,0.05831349337899,0.140029683028603),
 .UNSPECIFIED.);
#1751=B_SPLINE_CURVE_WITH_KNOTS('',3,(#8138,#8139,#8140,#8141,#8142),
 .UNSPECIFIED.,.F.,.F.,(4,1,4),(0.,0.0157328371557366,0.0307817846762069),
 .UNSPECIFIED.);
#1752=B_SPLINE_CURVE_WITH_KNOTS('',3,(#8144,#8145,#8146,#8147,#8148),
 .UNSPECIFIED.,.F.,.F.,(4,1,4),(0.,0.0755097018422504,0.125957981707571),
 .UNSPECIFIED.);
#1753=B_SPLINE_CURVE_WITH_KNOTS('',3,(#8149,#8150,#8151,#8152,#8153),
 .UNSPECIFIED.,.F.,.F.,(4,1,4),(0.,0.0103683911483677,0.0199396662131924),
 .UNSPECIFIED.);
#1754=B_SPLINE_CURVE_WITH_KNOTS('',3,(#8166,#8167,#8168,#8169,#8170),
 .UNSPECIFIED.,.F.,.F.,(4,1,4),(0.,0.0169412562753107,0.0292670848580266),
 .UNSPECIFIED.);
#1755=B_SPLINE_CURVE_WITH_KNOTS('',3,(#8184,#8185,#8186,#8187,#8188),
 .UNSPECIFIED.,.F.,.F.,(4,1,4),(0.,0.0101824328839317,0.0293255149354449),
 .UNSPECIFIED.);
#1756=B_SPLINE_CURVE_WITH_KNOTS('',3,(#8201,#8202,#8203,#8204,#8205),
 .UNSPECIFIED.,.F.,.F.,(4,1,4),(0.,0.204064051289581,0.351316106959729),
 .UNSPECIFIED.);
#1757=B_SPLINE_CURVE_WITH_KNOTS('',3,(#8218,#8219,#8220,#8221,#8222),
 .UNSPECIFIED.,.F.,.F.,(4,1,4),(0.,0.104975338605098,0.140974326372755),
 .UNSPECIFIED.);
#1758=B_SPLINE_CURVE_WITH_KNOTS('',3,(#8235,#8236,#8237,#8238,#8239),
 .UNSPECIFIED.,.F.,.F.,(4,1,4),(0.,0.0583003279617445,0.0995820895808653),
 .UNSPECIFIED.);
#1759=B_SPLINE_CURVE_WITH_KNOTS('',3,(#8256,#8257,#8258,#8259,#8260),
 .UNSPECIFIED.,.F.,.F.,(4,1,4),(0.,0.117602835074694,0.201750912141221),
 .UNSPECIFIED.);
#1760=B_SPLINE_CURVE_WITH_KNOTS('',3,(#8273,#8274,#8275,#8276,#8277),
 .UNSPECIFIED.,.F.,.F.,(4,1,4),(0.,0.0836754655876512,0.201120787575337),
 .UNSPECIFIED.);
#1761=B_SPLINE_CURVE_WITH_KNOTS('',3,(#8290,#8291,#8292,#8293,#8294),
 .UNSPECIFIED.,.F.,.F.,(4,1,4),(0.,0.0117332532725974,0.0214779279056364),
 .UNSPECIFIED.);
#1762=B_SPLINE_CURVE_WITH_KNOTS('',3,(#8307,#8308,#8309,#8310,#8311),
 .UNSPECIFIED.,.F.,.F.,(4,1,4),(0.,0.0208469706054756,0.0353505252082598),
 .UNSPECIFIED.);
#1763=B_SPLINE_CURVE_WITH_KNOTS('',3,(#8324,#8325,#8326,#8327,#8328),
 .UNSPECIFIED.,.F.,.F.,(4,1,4),(0.,0.0145030770476456,0.0353495698931936),
 .UNSPECIFIED.);
#1764=B_SPLINE_CURVE_WITH_KNOTS('',3,(#8341,#8342,#8343,#8344,#8345),
 .UNSPECIFIED.,.F.,.F.,(4,1,4),(0.,0.0205320447482355,0.0353511004731519),
 .UNSPECIFIED.);
#1765=B_SPLINE_CURVE_WITH_KNOTS('',3,(#8358,#8359,#8360,#8361,#8362),
 .UNSPECIFIED.,.F.,.F.,(4,1,4),(0.,0.0143462828525409,0.0347213520569081),
 .UNSPECIFIED.);
#1766=B_SPLINE_CURVE_WITH_KNOTS('',3,(#8375,#8376,#8377,#8378,#8379),
 .UNSPECIFIED.,.F.,.F.,(4,1,4),(0.,0.0111200605430651,0.0234349574154427),
 .UNSPECIFIED.);
#1767=B_SPLINE_CURVE_WITH_KNOTS('',3,(#8392,#8393,#8394,#8395,#8396),
 .UNSPECIFIED.,.F.,.F.,(4,1,4),(0.,0.127801257983885,0.219124008103071),
 .UNSPECIFIED.);
#1768=B_SPLINE_CURVE_WITH_KNOTS('',3,(#8409,#8410,#8411,#8412,#8413),
 .UNSPECIFIED.,.F.,.F.,(4,1,4),(0.,0.0913226905243252,0.21912394850821),
 .UNSPECIFIED.);
#1769=B_SPLINE_CURVE_WITH_KNOTS('',3,(#8426,#8427,#8428,#8429,#8430),
 .UNSPECIFIED.,.F.,.F.,(4,1,4),(0.,0.121375328465083,0.20804311312635),
 .UNSPECIFIED.);
#1770=B_SPLINE_CURVE_WITH_KNOTS('',3,(#8443,#8444,#8445,#8446,#8447),
 .UNSPECIFIED.,.F.,.F.,(4,1,4),(0.,0.0861951044010234,0.207412937220421),
 .UNSPECIFIED.);
#1771=B_SPLINE_CURVE_WITH_KNOTS('',3,(#8460,#8461,#8462,#8463,#8464),
 .UNSPECIFIED.,.F.,.F.,(4,1,4),(0.,0.0124566539262705,0.0249131193658192),
 .UNSPECIFIED.);
#1772=B_SPLINE_CURVE_WITH_KNOTS('',3,(#8477,#8478,#8479,#8480,#8481),
 .UNSPECIFIED.,.F.,.F.,(4,1,4),(0.,0.0767466921356436,0.131737584612109),
 .UNSPECIFIED.);
#1773=B_SPLINE_CURVE_WITH_KNOTS('',3,(#8494,#8495,#8496,#8497,#8498),
 .UNSPECIFIED.,.F.,.F.,(4,1,4),(0.,0.0549918461155529,0.131737584739703),
 .UNSPECIFIED.);
#1774=B_SPLINE_CURVE_WITH_KNOTS('',3,(#8511,#8512,#8513,#8514,#8515),
 .UNSPECIFIED.,.F.,.F.,(4,1,4),(0.,0.0817171480318032,0.140030638672973),
 .UNSPECIFIED.);
#1775=B_SPLINE_CURVE_WITH_KNOTS('',3,(#8528,#8529,#8530,#8531,#8532),
 .UNSPECIFIED.,.F.,.F.,(4,1,4),(0.,0.05831349337899,0.140029683028603),
 .UNSPECIFIED.);
#1776=B_SPLINE_CURVE_WITH_KNOTS('',3,(#8545,#8546,#8547,#8548,#8549),
 .UNSPECIFIED.,.F.,.F.,(4,1,4),(0.,0.0157328371557366,0.0307817846762069),
 .UNSPECIFIED.);
#1777=B_SPLINE_CURVE_WITH_KNOTS('',3,(#8562,#8563,#8564,#8565,#8566),
 .UNSPECIFIED.,.F.,.F.,(4,1,4),(0.,0.0755097018422504,0.125957981707571),
 .UNSPECIFIED.);
#1778=B_SPLINE_CURVE_WITH_KNOTS('',3,(#8578,#8579,#8580,#8581,#8582),
 .UNSPECIFIED.,.F.,.F.,(4,1,4),(0.,0.0103683911483677,0.0199396662131924),
 .UNSPECIFIED.);
#1779=B_SPLINE_CURVE_WITH_KNOTS('',3,(#8586,#8587,#8588,#8589,#8590),
 .UNSPECIFIED.,.F.,.F.,(4,1,4),(0.,0.0866700187571704,0.20806011455633),
 .UNSPECIFIED.);
#1780=B_SPLINE_CURVE_WITH_KNOTS('',3,(#8592,#8593,#8594,#8595,#8596),
 .UNSPECIFIED.,.F.,.F.,(4,1,4),(0.,0.127123982102022,0.217809181726257),
 .UNSPECIFIED.);
#1781=B_SPLINE_CURVE_WITH_KNOTS('',3,(#8598,#8599,#8600,#8601,#8602),
 .UNSPECIFIED.,.F.,.F.,(4,1,4),(0.,0.0906852294240273,0.21780924131678),
 .UNSPECIFIED.);
#1782=B_SPLINE_CURVE_WITH_KNOTS('',3,(#8604,#8605,#8606,#8607,#8608),
 .UNSPECIFIED.,.F.,.F.,(4,1,4),(0.,0.012407511346249,0.0244164791632503),
 .UNSPECIFIED.);
#1783=B_SPLINE_CURVE_WITH_KNOTS('',3,(#8610,#8611,#8612,#8613,#8614),
 .UNSPECIFIED.,.F.,.F.,(4,1,4),(0.,0.0377836357254418,0.0646555565158164),
 .UNSPECIFIED.);
#1784=B_SPLINE_CURVE_WITH_KNOTS('',3,(#8616,#8617,#8618,#8619,#8620),
 .UNSPECIFIED.,.F.,.F.,(4,1,4),(0.,0.0268719207903746,0.0646556130630831),
 .UNSPECIFIED.);
#1785=B_SPLINE_CURVE_WITH_KNOTS('',3,(#8622,#8623,#8624,#8625,#8626),
 .UNSPECIFIED.,.F.,.F.,(4,1,4),(0.,0.0209375318908168,0.0334258037289993),
 .UNSPECIFIED.);
#1786=B_SPLINE_CURVE_WITH_KNOTS('',3,(#8628,#8629,#8630,#8631,#8632),
 .UNSPECIFIED.,.F.,.F.,(4,1,4),(0.,0.273511537040814,0.651220138883692),
 .UNSPECIFIED.);
#1787=B_SPLINE_CURVE_WITH_KNOTS('',3,(#8634,#8635,#8636,#8637,#8638),
 .UNSPECIFIED.,.F.,.F.,(4,1,4),(0.,0.0160443757926471,0.0575767737841296),
 .UNSPECIFIED.);
#1788=B_SPLINE_CURVE_WITH_KNOTS('',3,(#8640,#8641,#8642,#8643,#8644),
 .UNSPECIFIED.,.F.,.F.,(4,1,4),(0.,0.0507140012926694,0.0692429234206335),
 .UNSPECIFIED.);
#1789=B_SPLINE_CURVE_WITH_KNOTS('',3,(#8646,#8647,#8648,#8649,#8650),
 .UNSPECIFIED.,.F.,.F.,(4,1,4),(0.,0.347575441457811,0.653649131526722),
 .UNSPECIFIED.);
#1790=B_SPLINE_CURVE_WITH_KNOTS('',3,(#8652,#8653,#8654,#8655,#8656),
 .UNSPECIFIED.,.F.,.F.,(4,1,4),(0.,0.0099464494065198,0.0317932487757839),
 .UNSPECIFIED.);
#1791=B_SPLINE_CURVE_WITH_KNOTS('',3,(#8658,#8659,#8660,#8661,#8662),
 .UNSPECIFIED.,.F.,.F.,(4,1,4),(0.,0.0756376435099724,0.129756137504067),
 .UNSPECIFIED.);
#1792=B_SPLINE_CURVE_WITH_KNOTS('',3,(#8664,#8665,#8666,#8667,#8668),
 .UNSPECIFIED.,.F.,.F.,(4,1,4),(0.,0.0101245682798831,0.0218574519485047),
 .UNSPECIFIED.);
#1793=B_SPLINE_CURVE_WITH_KNOTS('',3,(#8670,#8671,#8672,#8673,#8674),
 .UNSPECIFIED.,.F.,.F.,(4,1,4),(0.,0.127171488726795,0.217864079567818),
 .UNSPECIFIED.);
#1794=B_SPLINE_CURVE_WITH_KNOTS('',3,(#8676,#8677,#8678,#8679,#8680),
 .UNSPECIFIED.,.F.,.F.,(4,1,4),(0.,0.0906925312462969,0.217864019682311),
 .UNSPECIFIED.);
#1795=B_SPLINE_CURVE_WITH_KNOTS('',3,(#8682,#8683,#8684,#8685,#8686),
 .UNSPECIFIED.,.F.,.F.,(4,1,4),(0.,0.122290936521802,0.209675325740919),
 .UNSPECIFIED.);
#1796=B_SPLINE_CURVE_WITH_KNOTS('',3,(#8688,#8689,#8690,#8691,#8692),
 .UNSPECIFIED.,.F.,.F.,(4,1,4),(0.,0.087384389360176,0.209675206770908),
 .UNSPECIFIED.);
#1797=B_SPLINE_CURVE_WITH_KNOTS('',3,(#8694,#8695,#8696,#8697,#8698),
 .UNSPECIFIED.,.F.,.F.,(4,1,4),(0.,0.0121905382897058,0.0219975043755809),
 .UNSPECIFIED.);
#1798=B_SPLINE_CURVE_WITH_KNOTS('',3,(#8700,#8701,#8702,#8703,#8704),
 .UNSPECIFIED.,.F.,.F.,(4,1,4),(0.,0.0196677958386237,0.0337776076744071),
 .UNSPECIFIED.);
#1799=B_SPLINE_CURVE_WITH_KNOTS('',3,(#8706,#8707,#8708,#8709,#8710),
 .UNSPECIFIED.,.F.,.F.,(4,1,4),(0.,0.0141097969429855,0.0337775927816092),
 .UNSPECIFIED.);
#1800=B_SPLINE_CURVE_WITH_KNOTS('',3,(#8712,#8713,#8714,#8715,#8716),
 .UNSPECIFIED.,.F.,.F.,(4,1,4),(0.,0.019274921085937,0.0328335821051864),
 .UNSPECIFIED.);
#1801=B_SPLINE_CURVE_WITH_KNOTS('',3,(#8718,#8719,#8720,#8721,#8722),
 .UNSPECIFIED.,.F.,.F.,(4,1,4),(0.,0.0135586717551057,0.0328336016112568),
 .UNSPECIFIED.);
#1802=B_SPLINE_CURVE_WITH_KNOTS('',3,(#8724,#8725,#8726,#8727,#8728),
 .UNSPECIFIED.,.F.,.F.,(4,1,4),(0.,0.0160884454993348,0.028998995583108),
 .UNSPECIFIED.);
#1803=B_SPLINE_CURVE_WITH_KNOTS('',3,(#8730,#8731,#8732,#8733,#8734),
 .UNSPECIFIED.,.F.,.F.,(4,1,4),(0.,0.142295285818796,0.243925943537689),
 .UNSPECIFIED.);
#1804=B_SPLINE_CURVE_WITH_KNOTS('',3,(#8736,#8737,#8738,#8739,#8740),
 .UNSPECIFIED.,.F.,.F.,(4,1,4),(0.,0.10163059801174,0.243925943651271),
 .UNSPECIFIED.);
#1805=B_SPLINE_CURVE_WITH_KNOTS('',3,(#8742,#8743,#8744,#8745,#8746),
 .UNSPECIFIED.,.F.,.F.,(4,1,4),(0.,0.00655730229163327,0.0151586095819298),
 .UNSPECIFIED.);
#1806=B_SPLINE_CURVE_WITH_KNOTS('',3,(#8748,#8749,#8750,#8751,#8752),
 .UNSPECIFIED.,.F.,.F.,(4,1,4),(0.,0.00533160718578301,0.0121506200481289),
 .UNSPECIFIED.);
#1807=B_SPLINE_CURVE_WITH_KNOTS('',3,(#8754,#8755,#8756,#8757,#8758),
 .UNSPECIFIED.,.F.,.F.,(4,1,4),(0.,0.168926181451153,0.405096115187213),
 .UNSPECIFIED.);
#1808=B_SPLINE_CURVE_WITH_KNOTS('',3,(#8760,#8761,#8762,#8763,#8764),
 .UNSPECIFIED.,.F.,.F.,(4,1,4),(0.,0.0665778254055799,0.155582087314847),
 .UNSPECIFIED.);
#1809=B_SPLINE_CURVE_WITH_KNOTS('',3,(#8766,#8767,#8768,#8769,#8770),
 .UNSPECIFIED.,.F.,.F.,(4,1,4),(0.,0.0460863177790902,0.0672121047718749),
 .UNSPECIFIED.);
#1810=B_SPLINE_CURVE_WITH_KNOTS('',3,(#8772,#8773,#8774,#8775,#8776),
 .UNSPECIFIED.,.F.,.F.,(4,1,4),(0.,0.0148786555399501,0.0467722422920013),
 .UNSPECIFIED.);
#1811=B_SPLINE_CURVE_WITH_KNOTS('',3,(#8778,#8779,#8780,#8781,#8782),
 .UNSPECIFIED.,.F.,.F.,(4,1,4),(0.,0.0686949301390554,0.153695211133782),
 .UNSPECIFIED.);
#1812=B_SPLINE_CURVE_WITH_KNOTS('',3,(#8784,#8785,#8786,#8787,#8788),
 .UNSPECIFIED.,.F.,.F.,(4,1,4),(0.,0.137147691450587,0.397027559043361),
 .UNSPECIFIED.);
#1813=B_SPLINE_CURVE_WITH_KNOTS('',3,(#8790,#8791,#8792,#8793,#8794),
 .UNSPECIFIED.,.F.,.F.,(4,1,4),(0.,0.00533160982810793,0.0117608446066151),
 .UNSPECIFIED.);
#1814=B_SPLINE_CURVE_WITH_KNOTS('',3,(#8796,#8797,#8798,#8799,#8800),
 .UNSPECIFIED.,.F.,.F.,(4,1,4),(0.,0.00906913563026449,0.0138922031359433),
 .UNSPECIFIED.);
#1815=B_SPLINE_CURVE_WITH_KNOTS('',3,(#8802,#8803,#8804,#8805,#8806),
 .UNSPECIFIED.,.F.,.F.,(4,1,4),(0.,0.140124572157857,0.24018498814637),
 .UNSPECIFIED.);
#1816=B_SPLINE_CURVE_WITH_KNOTS('',3,(#8808,#8809,#8810,#8811,#8812),
 .UNSPECIFIED.,.F.,.F.,(4,1,4),(0.,0.100060415988514,0.240185047729307),
 .UNSPECIFIED.);
#1817=B_SPLINE_CURVE_WITH_KNOTS('',3,(#8814,#8815,#8816,#8817,#8818),
 .UNSPECIFIED.,.F.,.F.,(4,1,4),(0.,0.0129105364445048,0.0289989855922299),
 .UNSPECIFIED.);
#1818=B_SPLINE_CURVE_WITH_KNOTS('',3,(#8820,#8821,#8822,#8823,#8824),
 .UNSPECIFIED.,.F.,.F.,(4,1,4),(0.,0.0203750118184999,0.0347210553999764),
 .UNSPECIFIED.);
#1819=B_SPLINE_CURVE_WITH_KNOTS('',3,(#8826,#8827,#8828,#8829,#8830),
 .UNSPECIFIED.,.F.,.F.,(4,1,4),(0.,0.014345984009192,0.034721055287792),
 .UNSPECIFIED.);
#1820=B_SPLINE_CURVE_WITH_KNOTS('',3,(#8832,#8833,#8834,#8835,#8836),
 .UNSPECIFIED.,.F.,.F.,(4,1,4),(0.,0.0201392508468731,0.0344065440540748),
 .UNSPECIFIED.);
#1821=B_SPLINE_CURVE_WITH_KNOTS('',3,(#8838,#8839,#8840,#8841,#8842),
 .UNSPECIFIED.,.F.,.F.,(4,1,4),(0.,0.0142673488293143,0.0344066080700045),
 .UNSPECIFIED.);
#1822=B_SPLINE_CURVE_WITH_KNOTS('',3,(#8844,#8845,#8846,#8847,#8848),
 .UNSPECIFIED.,.F.,.F.,(4,1,4),(0.,0.0124564465906911,0.0249128743327814),
 .UNSPECIFIED.);
#1823=B_SPLINE_CURVE_WITH_KNOTS('',3,(#8849,#8850,#8851,#8852,#8853),
 .UNSPECIFIED.,.F.,.F.,(4,1,4),(0.,0.121232587577565,0.207429998249935),
 .UNSPECIFIED.);
#1824=B_SPLINE_CURVE_WITH_KNOTS('',3,(#8866,#8867,#8868,#8869,#8870),
 .UNSPECIFIED.,.F.,.F.,(4,1,4),(0.,0.0866700187571704,0.20806011455633),
 .UNSPECIFIED.);
#1825=B_SPLINE_CURVE_WITH_KNOTS('',3,(#8884,#8885,#8886,#8887,#8888),
 .UNSPECIFIED.,.F.,.F.,(4,1,4),(0.,0.127123982102022,0.217809181726257),
 .UNSPECIFIED.);
#1826=B_SPLINE_CURVE_WITH_KNOTS('',3,(#8901,#8902,#8903,#8904,#8905),
 .UNSPECIFIED.,.F.,.F.,(4,1,4),(0.,0.0906852294240273,0.21780924131678),
 .UNSPECIFIED.);
#1827=B_SPLINE_CURVE_WITH_KNOTS('',3,(#8918,#8919,#8920,#8921,#8922),
 .UNSPECIFIED.,.F.,.F.,(4,1,4),(0.,0.012407511346249,0.0244164791632503),
 .UNSPECIFIED.);
#1828=B_SPLINE_CURVE_WITH_KNOTS('',3,(#8935,#8936,#8937,#8938,#8939),
 .UNSPECIFIED.,.F.,.F.,(4,1,4),(0.,0.0377836357254418,0.0646555565158164),
 .UNSPECIFIED.);
#1829=B_SPLINE_CURVE_WITH_KNOTS('',3,(#8952,#8953,#8954,#8955,#8956),
 .UNSPECIFIED.,.F.,.F.,(4,1,4),(0.,0.0268719207903746,0.0646556130630831),
 .UNSPECIFIED.);
#1830=B_SPLINE_CURVE_WITH_KNOTS('',3,(#8969,#8970,#8971,#8972,#8973),
 .UNSPECIFIED.,.F.,.F.,(4,1,4),(0.,0.0209375318908168,0.0334258037289993),
 .UNSPECIFIED.);
#1831=B_SPLINE_CURVE_WITH_KNOTS('',3,(#8986,#8987,#8988,#8989,#8990),
 .UNSPECIFIED.,.F.,.F.,(4,1,4),(0.,0.273511537040814,0.651220138883692),
 .UNSPECIFIED.);
#1832=B_SPLINE_CURVE_WITH_KNOTS('',3,(#9003,#9004,#9005,#9006,#9007),
 .UNSPECIFIED.,.F.,.F.,(4,1,4),(0.,0.0160443757926471,0.0575767737841296),
 .UNSPECIFIED.);
#1833=B_SPLINE_CURVE_WITH_KNOTS('',3,(#9020,#9021,#9022,#9023,#9024),
 .UNSPECIFIED.,.F.,.F.,(4,1,4),(0.,0.0507140012926694,0.0692429234206335),
 .UNSPECIFIED.);
#1834=B_SPLINE_CURVE_WITH_KNOTS('',3,(#9037,#9038,#9039,#9040,#9041),
 .UNSPECIFIED.,.F.,.F.,(4,1,4),(0.,0.347575441457811,0.653649131526722),
 .UNSPECIFIED.);
#1835=B_SPLINE_CURVE_WITH_KNOTS('',3,(#9054,#9055,#9056,#9057,#9058),
 .UNSPECIFIED.,.F.,.F.,(4,1,4),(0.,0.0099464494065198,0.0317932487757839),
 .UNSPECIFIED.);
#1836=B_SPLINE_CURVE_WITH_KNOTS('',3,(#9071,#9072,#9073,#9074,#9075),
 .UNSPECIFIED.,.F.,.F.,(4,1,4),(0.,0.0756376435099724,0.129756137504067),
 .UNSPECIFIED.);
#1837=B_SPLINE_CURVE_WITH_KNOTS('',3,(#9088,#9089,#9090,#9091,#9092),
 .UNSPECIFIED.,.F.,.F.,(4,1,4),(0.,0.0101245682798831,0.0218574519485047),
 .UNSPECIFIED.);
#1838=B_SPLINE_CURVE_WITH_KNOTS('',3,(#9105,#9106,#9107,#9108,#9109),
 .UNSPECIFIED.,.F.,.F.,(4,1,4),(0.,0.127171488726795,0.217864079567818),
 .UNSPECIFIED.);
#1839=B_SPLINE_CURVE_WITH_KNOTS('',3,(#9122,#9123,#9124,#9125,#9126),
 .UNSPECIFIED.,.F.,.F.,(4,1,4),(0.,0.0906925312462969,0.217864019682311),
 .UNSPECIFIED.);
#1840=B_SPLINE_CURVE_WITH_KNOTS('',3,(#9139,#9140,#9141,#9142,#9143),
 .UNSPECIFIED.,.F.,.F.,(4,1,4),(0.,0.122290936521802,0.209675325740919),
 .UNSPECIFIED.);
#1841=B_SPLINE_CURVE_WITH_KNOTS('',3,(#9156,#9157,#9158,#9159,#9160),
 .UNSPECIFIED.,.F.,.F.,(4,1,4),(0.,0.087384389360176,0.209675206770908),
 .UNSPECIFIED.);
#1842=B_SPLINE_CURVE_WITH_KNOTS('',3,(#9173,#9174,#9175,#9176,#9177),
 .UNSPECIFIED.,.F.,.F.,(4,1,4),(0.,0.0121905382897058,0.0219975043755809),
 .UNSPECIFIED.);
#1843=B_SPLINE_CURVE_WITH_KNOTS('',3,(#9190,#9191,#9192,#9193,#9194),
 .UNSPECIFIED.,.F.,.F.,(4,1,4),(0.,0.0196677958386237,0.0337776076744071),
 .UNSPECIFIED.);
#1844=B_SPLINE_CURVE_WITH_KNOTS('',3,(#9207,#9208,#9209,#9210,#9211),
 .UNSPECIFIED.,.F.,.F.,(4,1,4),(0.,0.0141097969429855,0.0337775927816092),
 .UNSPECIFIED.);
#1845=B_SPLINE_CURVE_WITH_KNOTS('',3,(#9224,#9225,#9226,#9227,#9228),
 .UNSPECIFIED.,.F.,.F.,(4,1,4),(0.,0.019274921085937,0.0328335821051864),
 .UNSPECIFIED.);
#1846=B_SPLINE_CURVE_WITH_KNOTS('',3,(#9241,#9242,#9243,#9244,#9245),
 .UNSPECIFIED.,.F.,.F.,(4,1,4),(0.,0.0135586717551057,0.0328336016112568),
 .UNSPECIFIED.);
#1847=B_SPLINE_CURVE_WITH_KNOTS('',3,(#9258,#9259,#9260,#9261,#9262),
 .UNSPECIFIED.,.F.,.F.,(4,1,4),(0.,0.0160884454993348,0.028998995583108),
 .UNSPECIFIED.);
#1848=B_SPLINE_CURVE_WITH_KNOTS('',3,(#9275,#9276,#9277,#9278,#9279),
 .UNSPECIFIED.,.F.,.F.,(4,1,4),(0.,0.142295285818796,0.243925943537689),
 .UNSPECIFIED.);
#1849=B_SPLINE_CURVE_WITH_KNOTS('',3,(#9292,#9293,#9294,#9295,#9296),
 .UNSPECIFIED.,.F.,.F.,(4,1,4),(0.,0.10163059801174,0.243925943651271),
 .UNSPECIFIED.);
#1850=B_SPLINE_CURVE_WITH_KNOTS('',3,(#9309,#9310,#9311,#9312,#9313),
 .UNSPECIFIED.,.F.,.F.,(4,1,4),(0.,0.00655730229163327,0.0151586095819298),
 .UNSPECIFIED.);
#1851=B_SPLINE_CURVE_WITH_KNOTS('',3,(#9326,#9327,#9328,#9329,#9330),
 .UNSPECIFIED.,.F.,.F.,(4,1,4),(0.,0.00533160718578301,0.0121506200481289),
 .UNSPECIFIED.);
#1852=B_SPLINE_CURVE_WITH_KNOTS('',3,(#9343,#9344,#9345,#9346,#9347),
 .UNSPECIFIED.,.F.,.F.,(4,1,4),(0.,0.168926181451153,0.405096115187213),
 .UNSPECIFIED.);
#1853=B_SPLINE_CURVE_WITH_KNOTS('',3,(#9360,#9361,#9362,#9363,#9364),
 .UNSPECIFIED.,.F.,.F.,(4,1,4),(0.,0.0665778254055799,0.155582087314847),
 .UNSPECIFIED.);
#1854=B_SPLINE_CURVE_WITH_KNOTS('',3,(#9377,#9378,#9379,#9380,#9381),
 .UNSPECIFIED.,.F.,.F.,(4,1,4),(0.,0.0460863177790902,0.0672121047718749),
 .UNSPECIFIED.);
#1855=B_SPLINE_CURVE_WITH_KNOTS('',3,(#9394,#9395,#9396,#9397,#9398),
 .UNSPECIFIED.,.F.,.F.,(4,1,4),(0.,0.0148786555399501,0.0467722422920013),
 .UNSPECIFIED.);
#1856=B_SPLINE_CURVE_WITH_KNOTS('',3,(#9411,#9412,#9413,#9414,#9415),
 .UNSPECIFIED.,.F.,.F.,(4,1,4),(0.,0.0686949301390554,0.153695211133782),
 .UNSPECIFIED.);
#1857=B_SPLINE_CURVE_WITH_KNOTS('',3,(#9428,#9429,#9430,#9431,#9432),
 .UNSPECIFIED.,.F.,.F.,(4,1,4),(0.,0.137147691450587,0.397027559043361),
 .UNSPECIFIED.);
#1858=B_SPLINE_CURVE_WITH_KNOTS('',3,(#9445,#9446,#9447,#9448,#9449),
 .UNSPECIFIED.,.F.,.F.,(4,1,4),(0.,0.00533160982810793,0.0117608446066151),
 .UNSPECIFIED.);
#1859=B_SPLINE_CURVE_WITH_KNOTS('',3,(#9462,#9463,#9464,#9465,#9466),
 .UNSPECIFIED.,.F.,.F.,(4,1,4),(0.,0.00906913563026449,0.0138922031359433),
 .UNSPECIFIED.);
#1860=B_SPLINE_CURVE_WITH_KNOTS('',3,(#9479,#9480,#9481,#9482,#9483),
 .UNSPECIFIED.,.F.,.F.,(4,1,4),(0.,0.140124572157857,0.24018498814637),
 .UNSPECIFIED.);
#1861=B_SPLINE_CURVE_WITH_KNOTS('',3,(#9496,#9497,#9498,#9499,#9500),
 .UNSPECIFIED.,.F.,.F.,(4,1,4),(0.,0.100060415988514,0.240185047729307),
 .UNSPECIFIED.);
#1862=B_SPLINE_CURVE_WITH_KNOTS('',3,(#9513,#9514,#9515,#9516,#9517),
 .UNSPECIFIED.,.F.,.F.,(4,1,4),(0.,0.0129105364445048,0.0289989855922299),
 .UNSPECIFIED.);
#1863=B_SPLINE_CURVE_WITH_KNOTS('',3,(#9530,#9531,#9532,#9533,#9534),
 .UNSPECIFIED.,.F.,.F.,(4,1,4),(0.,0.0203750118184999,0.0347210553999764),
 .UNSPECIFIED.);
#1864=B_SPLINE_CURVE_WITH_KNOTS('',3,(#9547,#9548,#9549,#9550,#9551),
 .UNSPECIFIED.,.F.,.F.,(4,1,4),(0.,0.014345984009192,0.034721055287792),
 .UNSPECIFIED.);
#1865=B_SPLINE_CURVE_WITH_KNOTS('',3,(#9564,#9565,#9566,#9567,#9568),
 .UNSPECIFIED.,.F.,.F.,(4,1,4),(0.,0.0201392508468731,0.0344065440540748),
 .UNSPECIFIED.);
#1866=B_SPLINE_CURVE_WITH_KNOTS('',3,(#9581,#9582,#9583,#9584,#9585),
 .UNSPECIFIED.,.F.,.F.,(4,1,4),(0.,0.0142673488293143,0.0344066080700045),
 .UNSPECIFIED.);
#1867=B_SPLINE_CURVE_WITH_KNOTS('',3,(#9598,#9599,#9600,#9601,#9602),
 .UNSPECIFIED.,.F.,.F.,(4,1,4),(0.,0.0124564465906911,0.0249128743327814),
 .UNSPECIFIED.);
#1868=B_SPLINE_CURVE_WITH_KNOTS('',3,(#9614,#9615,#9616,#9617,#9618),
 .UNSPECIFIED.,.F.,.F.,(4,1,4),(0.,0.121232587577565,0.207429998249935),
 .UNSPECIFIED.);
#1869=B_SPLINE_CURVE_WITH_KNOTS('',3,(#9622,#9623,#9624,#9625,#9626),
 .UNSPECIFIED.,.F.,.F.,(4,1,4),(0.,0.110871918347047,0.221363255650764),
 .UNSPECIFIED.);
#1870=B_SPLINE_CURVE_WITH_KNOTS('',3,(#9628,#9629,#9630,#9631,#9632),
 .UNSPECIFIED.,.F.,.F.,(4,1,4),(0.,0.123130095292544,0.243157689926581),
 .UNSPECIFIED.);
#1871=B_SPLINE_CURVE_WITH_KNOTS('',3,(#9634,#9635,#9636,#9637,#9638),
 .UNSPECIFIED.,.F.,.F.,(4,1,4),(0.,0.123248723646076,0.245198970986349),
 .UNSPECIFIED.);
#1872=B_SPLINE_CURVE_WITH_KNOTS('',3,(#9640,#9641,#9642,#9643,#9644),
 .UNSPECIFIED.,.F.,.F.,(4,1,4),(0.,0.120960709151379,0.253766444903318),
 .UNSPECIFIED.);
#1873=B_SPLINE_CURVE_WITH_KNOTS('',3,(#9646,#9647,#9648,#9649,#9650),
 .UNSPECIFIED.,.F.,.F.,(4,1,4),(0.,0.133207405841082,0.25422935039378),
 .UNSPECIFIED.);
#1874=B_SPLINE_CURVE_WITH_KNOTS('',3,(#9652,#9653,#9654,#9655,#9656),
 .UNSPECIFIED.,.F.,.F.,(4,1,4),(0.,0.128900493059315,0.263051355885728),
 .UNSPECIFIED.);
#1875=B_SPLINE_CURVE_WITH_KNOTS('',3,(#9658,#9659,#9660,#9661,#9662),
 .UNSPECIFIED.,.F.,.F.,(4,1,4),(0.,0.00606355388801067,0.0178049766617972),
 .UNSPECIFIED.);
#1876=B_SPLINE_CURVE_WITH_KNOTS('',3,(#9664,#9665,#9666,#9667,#9668),
 .UNSPECIFIED.,.F.,.F.,(4,1,4),(0.,0.0366419855548553,0.0507624924846969),
 .UNSPECIFIED.);
#1877=B_SPLINE_CURVE_WITH_KNOTS('',3,(#9670,#9671,#9672,#9673,#9674),
 .UNSPECIFIED.,.F.,.F.,(4,1,4),(0.,0.0133772163664298,0.0497796788765571),
 .UNSPECIFIED.);
#1878=B_SPLINE_CURVE_WITH_KNOTS('',3,(#9676,#9677,#9678,#9679,#9680),
 .UNSPECIFIED.,.F.,.F.,(4,1,4),(0.,0.00418706176348015,0.00680600866504525),
 .UNSPECIFIED.);
#1879=B_SPLINE_CURVE_WITH_KNOTS('',3,(#9682,#9683,#9684,#9685,#9686),
 .UNSPECIFIED.,.F.,.F.,(4,1,4),(0.,0.0129930575637032,0.0259861527134087),
 .UNSPECIFIED.);
#1880=B_SPLINE_CURVE_WITH_KNOTS('',3,(#9688,#9689,#9690,#9691,#9692),
 .UNSPECIFIED.,.F.,.F.,(4,1,4),(0.,0.0968264029587535,0.196547027782923),
 .UNSPECIFIED.);
#1881=B_SPLINE_CURVE_WITH_KNOTS('',3,(#9694,#9695,#9696,#9697,#9698),
 .UNSPECIFIED.,.F.,.F.,(4,1,4),(0.,0.0592807889231725,0.1161381615934),
 .UNSPECIFIED.);
#1882=B_SPLINE_CURVE_WITH_KNOTS('',3,(#9700,#9701,#9702,#9703,#9704),
 .UNSPECIFIED.,.F.,.F.,(4,1,4),(0.,0.0548999832595755,0.114960447523974),
 .UNSPECIFIED.);
#1883=B_SPLINE_CURVE_WITH_KNOTS('',3,(#9706,#9707,#9708,#9709,#9710),
 .UNSPECIFIED.,.F.,.F.,(4,1,4),(0.,0.112003623520131,0.391981497686013),
 .UNSPECIFIED.);
#1884=B_SPLINE_CURVE_WITH_KNOTS('',3,(#9712,#9713,#9714,#9715,#9716),
 .UNSPECIFIED.,.F.,.F.,(4,1,4),(0.,0.0402033774255134,0.0784958754598219),
 .UNSPECIFIED.);
#1885=B_SPLINE_CURVE_WITH_KNOTS('',3,(#9717,#9718,#9719,#9720,#9721),
 .UNSPECIFIED.,.F.,.F.,(4,1,4),(0.,0.110181149433501,0.223717095334099),
 .UNSPECIFIED.);
#1886=B_SPLINE_CURVE_WITH_KNOTS('',3,(#9724,#9725,#9726,#9727,#9728),
 .UNSPECIFIED.,.F.,.F.,(4,1,4),(0.,0.102525062316852,0.224048481004854),
 .UNSPECIFIED.);
#1887=B_SPLINE_CURVE_WITH_KNOTS('',3,(#9730,#9731,#9732,#9733,#9734),
 .UNSPECIFIED.,.F.,.F.,(4,1,4),(0.,0.0114329394786268,0.028768065983221),
 .UNSPECIFIED.);
#1888=B_SPLINE_CURVE_WITH_KNOTS('',3,(#9736,#9737,#9738,#9739,#9740),
 .UNSPECIFIED.,.F.,.F.,(4,1,4),(0.,0.0599166304319826,0.116202637151443),
 .UNSPECIFIED.);
#1889=B_SPLINE_CURVE_WITH_KNOTS('',3,(#9742,#9743,#9744,#9745,#9746),
 .UNSPECIFIED.,.F.,.F.,(4,1,4),(0.,0.0559800678285558,0.115610248510264),
 .UNSPECIFIED.);
#1890=B_SPLINE_CURVE_WITH_KNOTS('',3,(#9748,#9749,#9750,#9751,#9752),
 .UNSPECIFIED.,.F.,.F.,(4,1,4),(0.,0.0532988573467969,0.103404919158751),
 .UNSPECIFIED.);
#1891=B_SPLINE_CURVE_WITH_KNOTS('',3,(#9754,#9755,#9756,#9757,#9758),
 .UNSPECIFIED.,.F.,.F.,(4,1,4),(0.,0.0503855765654856,0.103640251366772),
 .UNSPECIFIED.);
#1892=B_SPLINE_CURVE_WITH_KNOTS('',3,(#9759,#9760,#9761,#9762,#9763),
 .UNSPECIFIED.,.F.,.F.,(4,1,4),(0.,0.0279963840400567,0.0394671378801371),
 .UNSPECIFIED.);
#1893=B_SPLINE_CURVE_WITH_KNOTS('',3,(#9776,#9777,#9778,#9779,#9780),
 .UNSPECIFIED.,.F.,.F.,(4,1,4),(0.,0.110871918347047,0.221363255650764),
 .UNSPECIFIED.);
#1894=B_SPLINE_CURVE_WITH_KNOTS('',3,(#9794,#9795,#9796,#9797,#9798),
 .UNSPECIFIED.,.F.,.F.,(4,1,4),(0.,0.123130095292544,0.243157689926581),
 .UNSPECIFIED.);
#1895=B_SPLINE_CURVE_WITH_KNOTS('',3,(#9811,#9812,#9813,#9814,#9815),
 .UNSPECIFIED.,.F.,.F.,(4,1,4),(0.,0.123248723646076,0.245198970986349),
 .UNSPECIFIED.);
#1896=B_SPLINE_CURVE_WITH_KNOTS('',3,(#9828,#9829,#9830,#9831,#9832),
 .UNSPECIFIED.,.F.,.F.,(4,1,4),(0.,0.120960709151379,0.253766444903318),
 .UNSPECIFIED.);
#1897=B_SPLINE_CURVE_WITH_KNOTS('',3,(#9845,#9846,#9847,#9848,#9849),
 .UNSPECIFIED.,.F.,.F.,(4,1,4),(0.,0.133207405841082,0.25422935039378),
 .UNSPECIFIED.);
#1898=B_SPLINE_CURVE_WITH_KNOTS('',3,(#9862,#9863,#9864,#9865,#9866),
 .UNSPECIFIED.,.F.,.F.,(4,1,4),(0.,0.128900493059315,0.263051355885728),
 .UNSPECIFIED.);
#1899=B_SPLINE_CURVE_WITH_KNOTS('',3,(#9879,#9880,#9881,#9882,#9883),
 .UNSPECIFIED.,.F.,.F.,(4,1,4),(0.,0.00606355388801067,0.0178049766617972),
 .UNSPECIFIED.);
#1900=B_SPLINE_CURVE_WITH_KNOTS('',3,(#9896,#9897,#9898,#9899,#9900),
 .UNSPECIFIED.,.F.,.F.,(4,1,4),(0.,0.0366419855548553,0.0507624924846969),
 .UNSPECIFIED.);
#1901=B_SPLINE_CURVE_WITH_KNOTS('',3,(#9913,#9914,#9915,#9916,#9917),
 .UNSPECIFIED.,.F.,.F.,(4,1,4),(0.,0.0133772163664298,0.0497796788765571),
 .UNSPECIFIED.);
#1902=B_SPLINE_CURVE_WITH_KNOTS('',3,(#9930,#9931,#9932,#9933,#9934),
 .UNSPECIFIED.,.F.,.F.,(4,1,4),(0.,0.00418706176348015,0.00680600866504525),
 .UNSPECIFIED.);
#1903=B_SPLINE_CURVE_WITH_KNOTS('',3,(#9951,#9952,#9953,#9954,#9955),
 .UNSPECIFIED.,.F.,.F.,(4,1,4),(0.,0.0968264029587535,0.196547027782923),
 .UNSPECIFIED.);
#1904=B_SPLINE_CURVE_WITH_KNOTS('',3,(#9968,#9969,#9970,#9971,#9972),
 .UNSPECIFIED.,.F.,.F.,(4,1,4),(0.,0.0592807889231725,0.1161381615934),
 .UNSPECIFIED.);
#1905=B_SPLINE_CURVE_WITH_KNOTS('',3,(#9985,#9986,#9987,#9988,#9989),
 .UNSPECIFIED.,.F.,.F.,(4,1,4),(0.,0.0548999832595755,0.114960447523974),
 .UNSPECIFIED.);
#1906=B_SPLINE_CURVE_WITH_KNOTS('',3,(#10002,#10003,#10004,#10005,#10006),
 .UNSPECIFIED.,.F.,.F.,(4,1,4),(0.,0.112003623520131,0.391981497686013),
 .UNSPECIFIED.);
#1907=B_SPLINE_CURVE_WITH_KNOTS('',3,(#10019,#10020,#10021,#10022,#10023),
 .UNSPECIFIED.,.F.,.F.,(4,1,4),(0.,0.0402033774255134,0.0784958754598219),
 .UNSPECIFIED.);
#1908=B_SPLINE_CURVE_WITH_KNOTS('',3,(#10035,#10036,#10037,#10038,#10039),
 .UNSPECIFIED.,.F.,.F.,(4,1,4),(0.,0.110181149433501,0.223717095334099),
 .UNSPECIFIED.);
#1909=B_SPLINE_CURVE_WITH_KNOTS('',3,(#10052,#10053,#10054,#10055,#10056),
 .UNSPECIFIED.,.F.,.F.,(4,1,4),(0.,0.102525062316852,0.224048481004854),
 .UNSPECIFIED.);
#1910=B_SPLINE_CURVE_WITH_KNOTS('',3,(#10070,#10071,#10072,#10073,#10074),
 .UNSPECIFIED.,.F.,.F.,(4,1,4),(0.,0.0114329394786268,0.028768065983221),
 .UNSPECIFIED.);
#1911=B_SPLINE_CURVE_WITH_KNOTS('',3,(#10087,#10088,#10089,#10090,#10091),
 .UNSPECIFIED.,.F.,.F.,(4,1,4),(0.,0.0599166304319826,0.116202637151443),
 .UNSPECIFIED.);
#1912=B_SPLINE_CURVE_WITH_KNOTS('',3,(#10104,#10105,#10106,#10107,#10108),
 .UNSPECIFIED.,.F.,.F.,(4,1,4),(0.,0.0559800678285558,0.115610248510264),
 .UNSPECIFIED.);
#1913=B_SPLINE_CURVE_WITH_KNOTS('',3,(#10121,#10122,#10123,#10124,#10125),
 .UNSPECIFIED.,.F.,.F.,(4,1,4),(0.,0.0532988573467969,0.103404919158751),
 .UNSPECIFIED.);
#1914=B_SPLINE_CURVE_WITH_KNOTS('',3,(#10138,#10139,#10140,#10141,#10142),
 .UNSPECIFIED.,.F.,.F.,(4,1,4),(0.,0.0503855765654856,0.103640251366772),
 .UNSPECIFIED.);
#1915=B_SPLINE_CURVE_WITH_KNOTS('',3,(#10154,#10155,#10156,#10157,#10158),
 .UNSPECIFIED.,.F.,.F.,(4,1,4),(0.,0.0279963840400567,0.0394671378801371),
 .UNSPECIFIED.);
#1916=B_SPLINE_CURVE_WITH_KNOTS('',3,(#10163,#10164,#10165,#10166,#10167),
 .UNSPECIFIED.,.F.,.F.,(4,1,4),(0.,0.0497133563943195,0.119449356435),
 .UNSPECIFIED.);
#1917=B_SPLINE_CURVE_WITH_KNOTS('',3,(#10169,#10170,#10171,#10172,#10173),
 .UNSPECIFIED.,.F.,.F.,(4,1,4),(0.,0.0378269737185327,0.0642994517138456),
 .UNSPECIFIED.);
#1918=B_SPLINE_CURVE_WITH_KNOTS('',3,(#10175,#10176,#10177,#10178,#10179),
 .UNSPECIFIED.,.F.,.F.,(4,1,4),(0.,0.0264724779953128,0.0642993802112213),
 .UNSPECIFIED.);
#1919=B_SPLINE_CURVE_WITH_KNOTS('',3,(#10181,#10182,#10183,#10184,#10185),
 .UNSPECIFIED.,.F.,.F.,(4,1,4),(0.,0.0693952849530805,0.164117010096597),
 .UNSPECIFIED.);
#1920=B_SPLINE_CURVE_WITH_KNOTS('',3,(#10187,#10188,#10189,#10190,#10191),
 .UNSPECIFIED.,.F.,.F.,(4,1,4),(0.,0.10009162484546,0.180953827480798),
 .UNSPECIFIED.);
#1921=B_SPLINE_CURVE_WITH_KNOTS('',3,(#10193,#10194,#10195,#10196,#10197),
 .UNSPECIFIED.,.F.,.F.,(4,1,4),(0.,0.0669086429983566,0.128364743485758),
 .UNSPECIFIED.);
#1922=B_SPLINE_CURVE_WITH_KNOTS('',3,(#10199,#10200,#10201,#10202,#10203),
 .UNSPECIFIED.,.F.,.F.,(4,1,4),(0.,0.0635250548941016,0.12847847659519),
 .UNSPECIFIED.);
#1923=B_SPLINE_CURVE_WITH_KNOTS('',3,(#10205,#10206,#10207,#10208,#10209),
 .UNSPECIFIED.,.F.,.F.,(4,1,4),(0.,0.122286868450791,0.232991771473522),
 .UNSPECIFIED.);
#1924=B_SPLINE_CURVE_WITH_KNOTS('',3,(#10211,#10212,#10213,#10214,#10215),
 .UNSPECIFIED.,.F.,.F.,(4,1,4),(0.,0.0574671380326169,0.111485324129274),
 .UNSPECIFIED.);
#1925=B_SPLINE_CURVE_WITH_KNOTS('',3,(#10217,#10218,#10219,#10220,#10221),
 .UNSPECIFIED.,.F.,.F.,(4,1,4),(0.,0.0470542427387718,0.0903704170125616),
 .UNSPECIFIED.);
#1926=B_SPLINE_CURVE_WITH_KNOTS('',3,(#10223,#10224,#10225,#10226,#10227),
 .UNSPECIFIED.,.F.,.F.,(4,1,4),(0.,0.0104941677630898,0.0419769896435082),
 .UNSPECIFIED.);
#1927=B_SPLINE_CURVE_WITH_KNOTS('',3,(#10229,#10230,#10231,#10232,#10233),
 .UNSPECIFIED.,.F.,.F.,(4,1,4),(0.,0.0339007244586638,0.0462676976560946),
 .UNSPECIFIED.);
#1928=B_SPLINE_CURVE_WITH_KNOTS('',3,(#10235,#10236,#10237,#10238,#10239),
 .UNSPECIFIED.,.F.,.F.,(4,1,4),(0.,0.0133068273372773,0.0473289821467439),
 .UNSPECIFIED.);
#1929=B_SPLINE_CURVE_WITH_KNOTS('',3,(#10243,#10244,#10245,#10246,#10247),
 .UNSPECIFIED.,.F.,.F.,(4,1,4),(0.,0.0268269101593648,0.0639385335122714),
 .UNSPECIFIED.);
#1930=B_SPLINE_CURVE_WITH_KNOTS('',3,(#10249,#10250,#10251,#10252,#10253),
 .UNSPECIFIED.,.F.,.F.,(4,1,4),(0.,0.028904589965651,0.0687244595011875),
 .UNSPECIFIED.);
#1931=B_SPLINE_CURVE_WITH_KNOTS('',3,(#10255,#10256,#10257,#10258,#10259),
 .UNSPECIFIED.,.F.,.F.,(4,1,4),(0.,0.0066138402327651,0.0118159239880085),
 .UNSPECIFIED.);
#1932=B_SPLINE_CURVE_WITH_KNOTS('',3,(#10261,#10262,#10263,#10264,#10265),
 .UNSPECIFIED.,.F.,.F.,(4,1,4),(0.,0.00753997389811947,0.0133889244166301),
 .UNSPECIFIED.);
#1933=B_SPLINE_CURVE_WITH_KNOTS('',3,(#10267,#10268,#10269,#10270,#10271),
 .UNSPECIFIED.,.F.,.F.,(4,1,4),(0.,0.115342392403312,0.231675803932713),
 .UNSPECIFIED.);
#1934=B_SPLINE_CURVE_WITH_KNOTS('',3,(#10273,#10274,#10275,#10276,#10277),
 .UNSPECIFIED.,.F.,.F.,(4,1,4),(0.,0.0895757635136728,0.153467785933934),
 .UNSPECIFIED.);
#1935=B_SPLINE_CURVE_WITH_KNOTS('',3,(#10279,#10280,#10281,#10282,#10283),
 .UNSPECIFIED.,.F.,.F.,(4,1,4),(0.,0.0638919628157981,0.153467903882853),
 .UNSPECIFIED.);
#1936=B_SPLINE_CURVE_WITH_KNOTS('',3,(#10285,#10286,#10287,#10288,#10289),
 .UNSPECIFIED.,.F.,.F.,(4,1,4),(0.,0.0103666643439549,0.0235125390535429),
 .UNSPECIFIED.);
#1937=B_SPLINE_CURVE_WITH_KNOTS('',3,(#10293,#10294,#10295,#10296,#10297),
 .UNSPECIFIED.,.F.,.F.,(4,1,4),(0.,0.0141789365533515,0.0259720006780604),
 .UNSPECIFIED.);
#1938=B_SPLINE_CURVE_WITH_KNOTS('',3,(#10299,#10300,#10301,#10302,#10303),
 .UNSPECIFIED.,.F.,.F.,(4,1,4),(0.,0.0545188402459223,0.0932797034925919),
 .UNSPECIFIED.);
#1939=B_SPLINE_CURVE_WITH_KNOTS('',3,(#10305,#10306,#10307,#10308,#10309),
 .UNSPECIFIED.,.F.,.F.,(4,1,4),(0.,0.0392335242200041,0.0939099553049527),
 .UNSPECIFIED.);
#1940=B_SPLINE_CURVE_WITH_KNOTS('',3,(#10313,#10314,#10315,#10316,#10317),
 .UNSPECIFIED.,.F.,.F.,(4,1,4),(0.,0.0583692142833417,0.0983669201180614),
 .UNSPECIFIED.);
#1941=B_SPLINE_CURVE_WITH_KNOTS('',3,(#10319,#10320,#10321,#10322,#10323),
 .UNSPECIFIED.,.F.,.F.,(4,1,4),(0.,0.0442818568739971,0.101148370097009),
 .UNSPECIFIED.);
#1942=B_SPLINE_CURVE_WITH_KNOTS('',3,(#10325,#10326,#10327,#10328,#10329),
 .UNSPECIFIED.,.F.,.F.,(4,1,4),(0.,0.0473886648421535,0.104959729630042),
 .UNSPECIFIED.);
#1943=B_SPLINE_CURVE_WITH_KNOTS('',3,(#10331,#10332,#10333,#10334,#10335),
 .UNSPECIFIED.,.F.,.F.,(4,1,4),(0.,0.0611250783219945,0.103582403940549),
 .UNSPECIFIED.);
#1944=B_SPLINE_CURVE_WITH_KNOTS('',3,(#10339,#10340,#10341,#10342,#10343),
 .UNSPECIFIED.,.F.,.F.,(4,1,4),(0.,0.0531963813872455,0.0910932189840688),
 .UNSPECIFIED.);
#1945=B_SPLINE_CURVE_WITH_KNOTS('',3,(#10345,#10346,#10347,#10348,#10349),
 .UNSPECIFIED.,.F.,.F.,(4,1,4),(0.,0.0378968375968233,0.0910933381509927),
 .UNSPECIFIED.);
#1946=B_SPLINE_CURVE_WITH_KNOTS('',3,(#10351,#10352,#10353,#10354,#10355),
 .UNSPECIFIED.,.F.,.F.,(4,1,4),(0.,0.0104998931192202,0.0245654740173766),
 .UNSPECIFIED.);
#1947=B_SPLINE_CURVE_WITH_KNOTS('',3,(#10357,#10358,#10359,#10360,#10361),
 .UNSPECIFIED.,.F.,.F.,(4,1,4),(0.,0.0172004794123988,0.0296518265300301),
 .UNSPECIFIED.);
#1948=B_SPLINE_CURVE_WITH_KNOTS('',3,(#10363,#10364,#10365,#10366,#10367),
 .UNSPECIFIED.,.F.,.F.,(4,1,4),(0.,0.0124515854598124,0.0296518268139866),
 .UNSPECIFIED.);
#1949=B_SPLINE_CURVE_WITH_KNOTS('',3,(#10369,#10370,#10371,#10372,#10373),
 .UNSPECIFIED.,.F.,.F.,(4,1,4),(0.,0.0191965104096977,0.0331486680873487),
 .UNSPECIFIED.);
#1950=B_SPLINE_CURVE_WITH_KNOTS('',3,(#10375,#10376,#10377,#10378,#10379),
 .UNSPECIFIED.,.F.,.F.,(4,1,4),(0.,0.0139523959593781,0.0331486686019552),
 .UNSPECIFIED.);
#1951=B_SPLINE_CURVE_WITH_KNOTS('',3,(#10381,#10382,#10383,#10384,#10385),
 .UNSPECIFIED.,.F.,.F.,(4,1,4),(0.,0.0130739615499477,0.0225868508843726),
 .UNSPECIFIED.);
#1952=B_SPLINE_CURVE_WITH_KNOTS('',3,(#10387,#10388,#10389,#10390,#10391),
 .UNSPECIFIED.,.F.,.F.,(4,1,4),(0.,0.0540771884077531,0.0926852832351382),
 .UNSPECIFIED.);
#1953=B_SPLINE_CURVE_WITH_KNOTS('',3,(#10393,#10394,#10395,#10396,#10397),
 .UNSPECIFIED.,.F.,.F.,(4,1,4),(0.,0.0386080948273851,0.0926852832351382),
 .UNSPECIFIED.);
#1954=B_SPLINE_CURVE_WITH_KNOTS('',3,(#10399,#10400,#10401,#10402,#10403),
 .UNSPECIFIED.,.F.,.F.,(4,1,4),(0.,0.0695110899808576,0.179649401565236),
 .UNSPECIFIED.);
#1955=B_SPLINE_CURVE_WITH_KNOTS('',3,(#10405,#10406,#10407,#10408,#10409),
 .UNSPECIFIED.,.F.,.F.,(4,1,4),(0.,0.0555954718975176,0.0969230079714334),
 .UNSPECIFIED.);
#1956=B_SPLINE_CURVE_WITH_KNOTS('',3,(#10411,#10412,#10413,#10414,#10415),
 .UNSPECIFIED.,.F.,.F.,(4,1,4),(0.,0.0432721127721619,0.0983968157092652),
 .UNSPECIFIED.);
#1957=B_SPLINE_CURVE_WITH_KNOTS('',3,(#10417,#10418,#10419,#10420,#10421),
 .UNSPECIFIED.,.F.,.F.,(4,1,4),(0.,0.0395369770971807,0.0933592288461412),
 .UNSPECIFIED.);
#1958=B_SPLINE_CURVE_WITH_KNOTS('',3,(#10423,#10424,#10425,#10426,#10427),
 .UNSPECIFIED.,.F.,.F.,(4,1,4),(0.,0.055588248723954,0.0943436845863276),
 .UNSPECIFIED.);
#1959=B_SPLINE_CURVE_WITH_KNOTS('',3,(#10429,#10430,#10431,#10432,#10433),
 .UNSPECIFIED.,.F.,.F.,(4,1,4),(0.,0.124160033574609,0.177739840474705),
 .UNSPECIFIED.);
#1960=B_SPLINE_CURVE_WITH_KNOTS('',3,(#10435,#10436,#10437,#10438,#10439),
 .UNSPECIFIED.,.F.,.F.,(4,1,4),(0.,0.0505260546497761,0.08669096686495),
 .UNSPECIFIED.);
#1961=B_SPLINE_CURVE_WITH_KNOTS('',3,(#10441,#10442,#10443,#10444,#10445),
 .UNSPECIFIED.,.F.,.F.,(4,1,4),(0.,0.0361649122151739,0.08669096686495),
 .UNSPECIFIED.);
#1962=B_SPLINE_CURVE_WITH_KNOTS('',3,(#10447,#10448,#10449,#10450,#10451),
 .UNSPECIFIED.,.F.,.F.,(4,1,4),(0.,0.0123844067345899,0.0348457703409951),
 .UNSPECIFIED.);
#1963=B_SPLINE_CURVE_WITH_KNOTS('',3,(#10453,#10454,#10455,#10456,#10457),
 .UNSPECIFIED.,.F.,.F.,(4,1,4),(0.,0.0187740059862415,0.0321706395715588),
 .UNSPECIFIED.);
#1964=B_SPLINE_CURVE_WITH_KNOTS('',3,(#10459,#10460,#10461,#10462,#10463),
 .UNSPECIFIED.,.F.,.F.,(4,1,4),(0.,0.013396395232736,0.0321701631028417),
 .UNSPECIFIED.);
#1965=B_SPLINE_CURVE_WITH_KNOTS('',3,(#10465,#10466,#10467,#10468,#10469),
 .UNSPECIFIED.,.F.,.F.,(4,1,4),(0.,0.0169972324802188,0.0293751778390251),
 .UNSPECIFIED.);
#1966=B_SPLINE_CURVE_WITH_KNOTS('',3,(#10471,#10472,#10473,#10474,#10475),
 .UNSPECIFIED.,.F.,.F.,(4,1,4),(0.,0.0119055198315196,0.0287457122225795),
 .UNSPECIFIED.);
#1967=B_SPLINE_CURVE_WITH_KNOTS('',3,(#10477,#10478,#10479,#10480,#10481),
 .UNSPECIFIED.,.F.,.F.,(4,1,4),(0.,0.0187876623322629,0.0312760153889444),
 .UNSPECIFIED.);
#1968=B_SPLINE_CURVE_WITH_KNOTS('',3,(#10482,#10483,#10484,#10485,#10486),
 .UNSPECIFIED.,.F.,.F.,(4,1,4),(0.,0.0697361192253193,0.119449473352802),
 .UNSPECIFIED.);
#1969=B_SPLINE_CURVE_WITH_KNOTS('',3,(#10499,#10500,#10501,#10502,#10503),
 .UNSPECIFIED.,.F.,.F.,(4,1,4),(0.,0.0497133563943195,0.119449356435),
 .UNSPECIFIED.);
#1970=B_SPLINE_CURVE_WITH_KNOTS('',3,(#10517,#10518,#10519,#10520,#10521),
 .UNSPECIFIED.,.F.,.F.,(4,1,4),(0.,0.0378269737185327,0.0642994517138456),
 .UNSPECIFIED.);
#1971=B_SPLINE_CURVE_WITH_KNOTS('',3,(#10534,#10535,#10536,#10537,#10538),
 .UNSPECIFIED.,.F.,.F.,(4,1,4),(0.,0.0264724779953128,0.0642993802112213),
 .UNSPECIFIED.);
#1972=B_SPLINE_CURVE_WITH_KNOTS('',3,(#10551,#10552,#10553,#10554,#10555),
 .UNSPECIFIED.,.F.,.F.,(4,1,4),(0.,0.0693952849530805,0.164117010096597),
 .UNSPECIFIED.);
#1973=B_SPLINE_CURVE_WITH_KNOTS('',3,(#10568,#10569,#10570,#10571,#10572),
 .UNSPECIFIED.,.F.,.F.,(4,1,4),(0.,0.10009162484546,0.180953827480798),
 .UNSPECIFIED.);
#1974=B_SPLINE_CURVE_WITH_KNOTS('',3,(#10585,#10586,#10587,#10588,#10589),
 .UNSPECIFIED.,.F.,.F.,(4,1,4),(0.,0.0669086429983566,0.128364743485758),
 .UNSPECIFIED.);
#1975=B_SPLINE_CURVE_WITH_KNOTS('',3,(#10602,#10603,#10604,#10605,#10606),
 .UNSPECIFIED.,.F.,.F.,(4,1,4),(0.,0.0635250548941016,0.12847847659519),
 .UNSPECIFIED.);
#1976=B_SPLINE_CURVE_WITH_KNOTS('',3,(#10619,#10620,#10621,#10622,#10623),
 .UNSPECIFIED.,.F.,.F.,(4,1,4),(0.,0.122286868450791,0.232991771473522),
 .UNSPECIFIED.);
#1977=B_SPLINE_CURVE_WITH_KNOTS('',3,(#10636,#10637,#10638,#10639,#10640),
 .UNSPECIFIED.,.F.,.F.,(4,1,4),(0.,0.0574671380326169,0.111485324129274),
 .UNSPECIFIED.);
#1978=B_SPLINE_CURVE_WITH_KNOTS('',3,(#10653,#10654,#10655,#10656,#10657),
 .UNSPECIFIED.,.F.,.F.,(4,1,4),(0.,0.0470542427387718,0.0903704170125616),
 .UNSPECIFIED.);
#1979=B_SPLINE_CURVE_WITH_KNOTS('',3,(#10674,#10675,#10676,#10677,#10678),
 .UNSPECIFIED.,.F.,.F.,(4,1,4),(0.,0.0339007244586638,0.0462676976560946),
 .UNSPECIFIED.);
#1980=B_SPLINE_CURVE_WITH_KNOTS('',3,(#10691,#10692,#10693,#10694,#10695),
 .UNSPECIFIED.,.F.,.F.,(4,1,4),(0.,0.0133068273372773,0.0473289821467439),
 .UNSPECIFIED.);
#1981=B_SPLINE_CURVE_WITH_KNOTS('',3,(#10712,#10713,#10714,#10715,#10716),
 .UNSPECIFIED.,.F.,.F.,(4,1,4),(0.,0.0268269101593648,0.0639385335122714),
 .UNSPECIFIED.);
#1982=B_SPLINE_CURVE_WITH_KNOTS('',3,(#10729,#10730,#10731,#10732,#10733),
 .UNSPECIFIED.,.F.,.F.,(4,1,4),(0.,0.028904589965651,0.0687244595011875),
 .UNSPECIFIED.);
#1983=B_SPLINE_CURVE_WITH_KNOTS('',3,(#10746,#10747,#10748,#10749,#10750),
 .UNSPECIFIED.,.F.,.F.,(4,1,4),(0.,0.0066138402327651,0.0118159239880085),
 .UNSPECIFIED.);
#1984=B_SPLINE_CURVE_WITH_KNOTS('',3,(#10763,#10764,#10765,#10766,#10767),
 .UNSPECIFIED.,.F.,.F.,(4,1,4),(0.,0.00753997389811947,0.0133889244166301),
 .UNSPECIFIED.);
#1985=B_SPLINE_CURVE_WITH_KNOTS('',3,(#10780,#10781,#10782,#10783,#10784),
 .UNSPECIFIED.,.F.,.F.,(4,1,4),(0.,0.115342392403312,0.231675803932713),
 .UNSPECIFIED.);
#1986=B_SPLINE_CURVE_WITH_KNOTS('',3,(#10797,#10798,#10799,#10800,#10801),
 .UNSPECIFIED.,.F.,.F.,(4,1,4),(0.,0.0895757635136728,0.153467785933934),
 .UNSPECIFIED.);
#1987=B_SPLINE_CURVE_WITH_KNOTS('',3,(#10814,#10815,#10816,#10817,#10818),
 .UNSPECIFIED.,.F.,.F.,(4,1,4),(0.,0.0638919628157981,0.153467903882853),
 .UNSPECIFIED.);
#1988=B_SPLINE_CURVE_WITH_KNOTS('',3,(#10831,#10832,#10833,#10834,#10835),
 .UNSPECIFIED.,.F.,.F.,(4,1,4),(0.,0.0103666643439549,0.0235125390535429),
 .UNSPECIFIED.);
#1989=B_SPLINE_CURVE_WITH_KNOTS('',3,(#10852,#10853,#10854,#10855,#10856),
 .UNSPECIFIED.,.F.,.F.,(4,1,4),(0.,0.0141789365533515,0.0259720006780604),
 .UNSPECIFIED.);
#1990=B_SPLINE_CURVE_WITH_KNOTS('',3,(#10869,#10870,#10871,#10872,#10873),
 .UNSPECIFIED.,.F.,.F.,(4,1,4),(0.,0.0545188402459223,0.0932797034925919),
 .UNSPECIFIED.);
#1991=B_SPLINE_CURVE_WITH_KNOTS('',3,(#10886,#10887,#10888,#10889,#10890),
 .UNSPECIFIED.,.F.,.F.,(4,1,4),(0.,0.0392335242200041,0.0939099553049527),
 .UNSPECIFIED.);
#1992=B_SPLINE_CURVE_WITH_KNOTS('',3,(#10907,#10908,#10909,#10910,#10911),
 .UNSPECIFIED.,.F.,.F.,(4,1,4),(0.,0.0583692142833417,0.0983669201180614),
 .UNSPECIFIED.);
#1993=B_SPLINE_CURVE_WITH_KNOTS('',3,(#10924,#10925,#10926,#10927,#10928),
 .UNSPECIFIED.,.F.,.F.,(4,1,4),(0.,0.0442818568739971,0.101148370097009),
 .UNSPECIFIED.);
#1994=B_SPLINE_CURVE_WITH_KNOTS('',3,(#10941,#10942,#10943,#10944,#10945),
 .UNSPECIFIED.,.F.,.F.,(4,1,4),(0.,0.0473886648421535,0.104959729630042),
 .UNSPECIFIED.);
#1995=B_SPLINE_CURVE_WITH_KNOTS('',3,(#10958,#10959,#10960,#10961,#10962),
 .UNSPECIFIED.,.F.,.F.,(4,1,4),(0.,0.0611250783219945,0.103582403940549),
 .UNSPECIFIED.);
#1996=B_SPLINE_CURVE_WITH_KNOTS('',3,(#10979,#10980,#10981,#10982,#10983),
 .UNSPECIFIED.,.F.,.F.,(4,1,4),(0.,0.0531963813872455,0.0910932189840688),
 .UNSPECIFIED.);
#1997=B_SPLINE_CURVE_WITH_KNOTS('',3,(#10996,#10997,#10998,#10999,#11000),
 .UNSPECIFIED.,.F.,.F.,(4,1,4),(0.,0.0378968375968233,0.0910933381509927),
 .UNSPECIFIED.);
#1998=B_SPLINE_CURVE_WITH_KNOTS('',3,(#11013,#11014,#11015,#11016,#11017),
 .UNSPECIFIED.,.F.,.F.,(4,1,4),(0.,0.0104998931192202,0.0245654740173766),
 .UNSPECIFIED.);
#1999=B_SPLINE_CURVE_WITH_KNOTS('',3,(#11030,#11031,#11032,#11033,#11034),
 .UNSPECIFIED.,.F.,.F.,(4,1,4),(0.,0.0172004794123988,0.0296518265300301),
 .UNSPECIFIED.);
#2000=B_SPLINE_CURVE_WITH_KNOTS('',3,(#11047,#11048,#11049,#11050,#11051),
 .UNSPECIFIED.,.F.,.F.,(4,1,4),(0.,0.0124515854598124,0.0296518268139866),
 .UNSPECIFIED.);
#2001=B_SPLINE_CURVE_WITH_KNOTS('',3,(#11064,#11065,#11066,#11067,#11068),
 .UNSPECIFIED.,.F.,.F.,(4,1,4),(0.,0.0191965104096977,0.0331486680873487),
 .UNSPECIFIED.);
#2002=B_SPLINE_CURVE_WITH_KNOTS('',3,(#11081,#11082,#11083,#11084,#11085),
 .UNSPECIFIED.,.F.,.F.,(4,1,4),(0.,0.0139523959593781,0.0331486686019552),
 .UNSPECIFIED.);
#2003=B_SPLINE_CURVE_WITH_KNOTS('',3,(#11098,#11099,#11100,#11101,#11102),
 .UNSPECIFIED.,.F.,.F.,(4,1,4),(0.,0.0130739615499477,0.0225868508843726),
 .UNSPECIFIED.);
#2004=B_SPLINE_CURVE_WITH_KNOTS('',3,(#11115,#11116,#11117,#11118,#11119),
 .UNSPECIFIED.,.F.,.F.,(4,1,4),(0.,0.0540771884077531,0.0926852832351382),
 .UNSPECIFIED.);
#2005=B_SPLINE_CURVE_WITH_KNOTS('',3,(#11132,#11133,#11134,#11135,#11136),
 .UNSPECIFIED.,.F.,.F.,(4,1,4),(0.,0.0386080948273851,0.0926852832351382),
 .UNSPECIFIED.);
#2006=B_SPLINE_CURVE_WITH_KNOTS('',3,(#11149,#11150,#11151,#11152,#11153),
 .UNSPECIFIED.,.F.,.F.,(4,1,4),(0.,0.0695110899808576,0.179649401565236),
 .UNSPECIFIED.);
#2007=B_SPLINE_CURVE_WITH_KNOTS('',3,(#11166,#11167,#11168,#11169,#11170),
 .UNSPECIFIED.,.F.,.F.,(4,1,4),(0.,0.0555954718975176,0.0969230079714334),
 .UNSPECIFIED.);
#2008=B_SPLINE_CURVE_WITH_KNOTS('',3,(#11183,#11184,#11185,#11186,#11187),
 .UNSPECIFIED.,.F.,.F.,(4,1,4),(0.,0.0432721127721619,0.0983968157092652),
 .UNSPECIFIED.);
#2009=B_SPLINE_CURVE_WITH_KNOTS('',3,(#11200,#11201,#11202,#11203,#11204),
 .UNSPECIFIED.,.F.,.F.,(4,1,4),(0.,0.0395369770971807,0.0933592288461412),
 .UNSPECIFIED.);
#2010=B_SPLINE_CURVE_WITH_KNOTS('',3,(#11217,#11218,#11219,#11220,#11221),
 .UNSPECIFIED.,.F.,.F.,(4,1,4),(0.,0.055588248723954,0.0943436845863276),
 .UNSPECIFIED.);
#2011=B_SPLINE_CURVE_WITH_KNOTS('',3,(#11234,#11235,#11236,#11237,#11238),
 .UNSPECIFIED.,.F.,.F.,(4,1,4),(0.,0.124160033574609,0.177739840474705),
 .UNSPECIFIED.);
#2012=B_SPLINE_CURVE_WITH_KNOTS('',3,(#11251,#11252,#11253,#11254,#11255),
 .UNSPECIFIED.,.F.,.F.,(4,1,4),(0.,0.0505260546497761,0.08669096686495),
 .UNSPECIFIED.);
#2013=B_SPLINE_CURVE_WITH_KNOTS('',3,(#11268,#11269,#11270,#11271,#11272),
 .UNSPECIFIED.,.F.,.F.,(4,1,4),(0.,0.0361649122151739,0.08669096686495),
 .UNSPECIFIED.);
#2014=B_SPLINE_CURVE_WITH_KNOTS('',3,(#11285,#11286,#11287,#11288,#11289),
 .UNSPECIFIED.,.F.,.F.,(4,1,4),(0.,0.0123844067345899,0.0348457703409951),
 .UNSPECIFIED.);
#2015=B_SPLINE_CURVE_WITH_KNOTS('',3,(#11302,#11303,#11304,#11305,#11306),
 .UNSPECIFIED.,.F.,.F.,(4,1,4),(0.,0.0187740059862415,0.0321706395715588),
 .UNSPECIFIED.);
#2016=B_SPLINE_CURVE_WITH_KNOTS('',3,(#11319,#11320,#11321,#11322,#11323),
 .UNSPECIFIED.,.F.,.F.,(4,1,4),(0.,0.013396395232736,0.0321701631028417),
 .UNSPECIFIED.);
#2017=B_SPLINE_CURVE_WITH_KNOTS('',3,(#11336,#11337,#11338,#11339,#11340),
 .UNSPECIFIED.,.F.,.F.,(4,1,4),(0.,0.0169972324802188,0.0293751778390251),
 .UNSPECIFIED.);
#2018=B_SPLINE_CURVE_WITH_KNOTS('',3,(#11353,#11354,#11355,#11356,#11357),
 .UNSPECIFIED.,.F.,.F.,(4,1,4),(0.,0.0119055198315196,0.0287457122225795),
 .UNSPECIFIED.);
#2019=B_SPLINE_CURVE_WITH_KNOTS('',3,(#11370,#11371,#11372,#11373,#11374),
 .UNSPECIFIED.,.F.,.F.,(4,1,4),(0.,0.0187876623322629,0.0312760153889444),
 .UNSPECIFIED.);
#2020=B_SPLINE_CURVE_WITH_KNOTS('',3,(#11386,#11387,#11388,#11389,#11390),
 .UNSPECIFIED.,.F.,.F.,(4,1,4),(0.,0.0697361192253193,0.119449473352802),
 .UNSPECIFIED.);
#2021=B_SPLINE_CURVE_WITH_KNOTS('',3,(#11394,#11395,#11396,#11397,#11398),
 .UNSPECIFIED.,.F.,.F.,(4,1,4),(0.,0.020853889645408,0.035764432750712),
 .UNSPECIFIED.);
#2022=B_SPLINE_CURVE_WITH_KNOTS('',3,(#11400,#11401,#11402,#11403,#11404),
 .UNSPECIFIED.,.F.,.F.,(4,1,4),(0.,0.0149105462546185,0.0357644359000264),
 .UNSPECIFIED.);
#2023=B_SPLINE_CURVE_WITH_KNOTS('',3,(#11406,#11407,#11408,#11409,#11410),
 .UNSPECIFIED.,.F.,.F.,(4,1,4),(0.,0.020853889645408,0.0357644359000264),
 .UNSPECIFIED.);
#2024=B_SPLINE_CURVE_WITH_KNOTS('',3,(#11412,#11413,#11414,#11415,#11416),
 .UNSPECIFIED.,.F.,.F.,(4,1,4),(0.,0.0144385600543331,0.0351358781067133),
 .UNSPECIFIED.);
#2025=B_SPLINE_CURVE_WITH_KNOTS('',3,(#11418,#11419,#11420,#11421,#11422),
 .UNSPECIFIED.,.F.,.F.,(4,1,4),(0.,0.00869026842079312,0.018971753331654),
 .UNSPECIFIED.);
#2026=B_SPLINE_CURVE_WITH_KNOTS('',3,(#11424,#11425,#11426,#11427,#11428),
 .UNSPECIFIED.,.F.,.F.,(4,1,4),(0.,0.0862009723502014,0.147677269089346),
 .UNSPECIFIED.);
#2027=B_SPLINE_CURVE_WITH_KNOTS('',3,(#11430,#11431,#11432,#11433,#11434),
 .UNSPECIFIED.,.F.,.F.,(4,1,4),(0.,0.0614762371603959,0.147677217028005),
 .UNSPECIFIED.);
#2028=B_SPLINE_CURVE_WITH_KNOTS('',3,(#11436,#11437,#11438,#11439,#11440),
 .UNSPECIFIED.,.F.,.F.,(4,1,4),(0.,0.0765147270256825,0.13142827508845),
 .UNSPECIFIED.);
#2029=B_SPLINE_CURVE_WITH_KNOTS('',3,(#11442,#11443,#11444,#11445,#11446),
 .UNSPECIFIED.,.F.,.F.,(4,1,4),(0.,0.0544409072711641,0.130798076534348),
 .UNSPECIFIED.);
#2030=B_SPLINE_CURVE_WITH_KNOTS('',3,(#11448,#11449,#11450,#11451,#11452),
 .UNSPECIFIED.,.F.,.F.,(4,1,4),(0.,0.0118434239237613,0.0315040594581585),
 .UNSPECIFIED.);
#2031=B_SPLINE_CURVE_WITH_KNOTS('',3,(#11456,#11457,#11458,#11459,#11460),
 .UNSPECIFIED.,.F.,.F.,(4,1,4),(0.,0.0103237616389797,0.0194529234561674),
 .UNSPECIFIED.);
#2032=B_SPLINE_CURVE_WITH_KNOTS('',3,(#11462,#11463,#11464,#11465,#11466),
 .UNSPECIFIED.,.F.,.F.,(4,1,4),(0.,0.0801334106278297,0.137094285565575),
 .UNSPECIFIED.);
#2033=B_SPLINE_CURVE_WITH_KNOTS('',3,(#11468,#11469,#11470,#11471,#11472),
 .UNSPECIFIED.,.F.,.F.,(4,1,4),(0.,0.0574337620416295,0.137724621422847),
 .UNSPECIFIED.);
#2034=B_SPLINE_CURVE_WITH_KNOTS('',3,(#11474,#11475,#11476,#11477,#11478),
 .UNSPECIFIED.,.F.,.F.,(4,1,4),(0.,0.0859105755634133,0.147299556135264),
 .UNSPECIFIED.);
#2035=B_SPLINE_CURVE_WITH_KNOTS('',3,(#11480,#11481,#11482,#11483,#11484),
 .UNSPECIFIED.,.F.,.F.,(4,1,4),(0.,0.0609165198621164,0.146669657046245),
 .UNSPECIFIED.);
#2036=B_SPLINE_CURVE_WITH_KNOTS('',3,(#11485,#11486,#11487,#11488,#11489),
 .UNSPECIFIED.,.F.,.F.,(4,1,4),(0.,0.0085753134701069,0.0179472757484538),
 .UNSPECIFIED.);
#2037=B_SPLINE_CURVE_WITH_KNOTS('',3,(#11502,#11503,#11504,#11505,#11506),
 .UNSPECIFIED.,.F.,.F.,(4,1,4),(0.,0.020853889645408,0.035764432750712),
 .UNSPECIFIED.);
#2038=B_SPLINE_CURVE_WITH_KNOTS('',3,(#11520,#11521,#11522,#11523,#11524),
 .UNSPECIFIED.,.F.,.F.,(4,1,4),(0.,0.0149105462546185,0.0357644359000264),
 .UNSPECIFIED.);
#2039=B_SPLINE_CURVE_WITH_KNOTS('',3,(#11537,#11538,#11539,#11540,#11541),
 .UNSPECIFIED.,.F.,.F.,(4,1,4),(0.,0.020853889645408,0.0357644359000264),
 .UNSPECIFIED.);
#2040=B_SPLINE_CURVE_WITH_KNOTS('',3,(#11554,#11555,#11556,#11557,#11558),
 .UNSPECIFIED.,.F.,.F.,(4,1,4),(0.,0.0144385600543331,0.0351358781067133),
 .UNSPECIFIED.);
#2041=B_SPLINE_CURVE_WITH_KNOTS('',3,(#11571,#11572,#11573,#11574,#11575),
 .UNSPECIFIED.,.F.,.F.,(4,1,4),(0.,0.00869026842079312,0.018971753331654),
 .UNSPECIFIED.);
#2042=B_SPLINE_CURVE_WITH_KNOTS('',3,(#11588,#11589,#11590,#11591,#11592),
 .UNSPECIFIED.,.F.,.F.,(4,1,4),(0.,0.0862009723502014,0.147677269089346),
 .UNSPECIFIED.);
#2043=B_SPLINE_CURVE_WITH_KNOTS('',3,(#11605,#11606,#11607,#11608,#11609),
 .UNSPECIFIED.,.F.,.F.,(4,1,4),(0.,0.0614762371603959,0.147677217028005),
 .UNSPECIFIED.);
#2044=B_SPLINE_CURVE_WITH_KNOTS('',3,(#11622,#11623,#11624,#11625,#11626),
 .UNSPECIFIED.,.F.,.F.,(4,1,4),(0.,0.0765147270256825,0.13142827508845),
 .UNSPECIFIED.);
#2045=B_SPLINE_CURVE_WITH_KNOTS('',3,(#11639,#11640,#11641,#11642,#11643),
 .UNSPECIFIED.,.F.,.F.,(4,1,4),(0.,0.0544409072711641,0.130798076534348),
 .UNSPECIFIED.);
#2046=B_SPLINE_CURVE_WITH_KNOTS('',3,(#11656,#11657,#11658,#11659,#11660),
 .UNSPECIFIED.,.F.,.F.,(4,1,4),(0.,0.0118434239237613,0.0315040594581585),
 .UNSPECIFIED.);
#2047=B_SPLINE_CURVE_WITH_KNOTS('',3,(#11677,#11678,#11679,#11680,#11681),
 .UNSPECIFIED.,.F.,.F.,(4,1,4),(0.,0.0103237616389797,0.0194529234561674),
 .UNSPECIFIED.);
#2048=B_SPLINE_CURVE_WITH_KNOTS('',3,(#11694,#11695,#11696,#11697,#11698),
 .UNSPECIFIED.,.F.,.F.,(4,1,4),(0.,0.0801334106278297,0.137094285565575),
 .UNSPECIFIED.);
#2049=B_SPLINE_CURVE_WITH_KNOTS('',3,(#11711,#11712,#11713,#11714,#11715),
 .UNSPECIFIED.,.F.,.F.,(4,1,4),(0.,0.0574337620416295,0.137724621422847),
 .UNSPECIFIED.);
#2050=B_SPLINE_CURVE_WITH_KNOTS('',3,(#11728,#11729,#11730,#11731,#11732),
 .UNSPECIFIED.,.F.,.F.,(4,1,4),(0.,0.0859105755634133,0.147299556135264),
 .UNSPECIFIED.);
#2051=B_SPLINE_CURVE_WITH_KNOTS('',3,(#11745,#11746,#11747,#11748,#11749),
 .UNSPECIFIED.,.F.,.F.,(4,1,4),(0.,0.0609165198621164,0.146669657046245),
 .UNSPECIFIED.);
#2052=B_SPLINE_CURVE_WITH_KNOTS('',3,(#11761,#11762,#11763,#11764,#11765),
 .UNSPECIFIED.,.F.,.F.,(4,1,4),(0.,0.0085753134701069,0.0179472757484538),
 .UNSPECIFIED.);
#2053=B_SPLINE_CURVE_WITH_KNOTS('',3,(#11769,#11770,#11771,#11772,#11773),
 .UNSPECIFIED.,.F.,.F.,(4,1,4),(0.,0.0333115791619471,0.0658059754810203),
 .UNSPECIFIED.);
#2054=B_SPLINE_CURVE_WITH_KNOTS('',3,(#11775,#11776,#11777,#11778,#11779),
 .UNSPECIFIED.,.F.,.F.,(4,1,4),(0.,0.0320515361889677,0.0652596305482382),
 .UNSPECIFIED.);
#2055=B_SPLINE_CURVE_WITH_KNOTS('',3,(#11781,#11782,#11783,#11784,#11785),
 .UNSPECIFIED.,.F.,.F.,(4,1,4),(0.,0.0323867680953007,0.0651393895309631),
 .UNSPECIFIED.);
#2056=B_SPLINE_CURVE_WITH_KNOTS('',3,(#11787,#11788,#11789,#11790,#11791),
 .UNSPECIFIED.,.F.,.F.,(4,1,4),(0.,0.0685023914898832,0.13063138716502),
 .UNSPECIFIED.);
#2057=B_SPLINE_CURVE_WITH_KNOTS('',3,(#11793,#11794,#11795,#11796,#11797),
 .UNSPECIFIED.,.F.,.F.,(4,1,4),(0.,0.0620186303664376,0.129614842394605),
 .UNSPECIFIED.);
#2058=B_SPLINE_CURVE_WITH_KNOTS('',3,(#11798,#11799,#11800,#11801,#11802),
 .UNSPECIFIED.,.F.,.F.,(4,1,4),(0.,0.0316549942718846,0.0638072219683447),
 .UNSPECIFIED.);
#2059=B_SPLINE_CURVE_WITH_KNOTS('',3,(#11815,#11816,#11817,#11818,#11819),
 .UNSPECIFIED.,.F.,.F.,(4,1,4),(0.,0.0333115791619471,0.0658059754810203),
 .UNSPECIFIED.);
#2060=B_SPLINE_CURVE_WITH_KNOTS('',3,(#11833,#11834,#11835,#11836,#11837),
 .UNSPECIFIED.,.F.,.F.,(4,1,4),(0.,0.0320515361889677,0.0652596305482382),
 .UNSPECIFIED.);
#2061=B_SPLINE_CURVE_WITH_KNOTS('',3,(#11850,#11851,#11852,#11853,#11854),
 .UNSPECIFIED.,.F.,.F.,(4,1,4),(0.,0.0323867680953007,0.0651393895309631),
 .UNSPECIFIED.);
#2062=B_SPLINE_CURVE_WITH_KNOTS('',3,(#11867,#11868,#11869,#11870,#11871),
 .UNSPECIFIED.,.F.,.F.,(4,1,4),(0.,0.0685023914898832,0.13063138716502),
 .UNSPECIFIED.);
#2063=B_SPLINE_CURVE_WITH_KNOTS('',3,(#11884,#11885,#11886,#11887,#11888),
 .UNSPECIFIED.,.F.,.F.,(4,1,4),(0.,0.0620186303664376,0.129614842394605),
 .UNSPECIFIED.);
#2064=B_SPLINE_CURVE_WITH_KNOTS('',3,(#11900,#11901,#11902,#11903,#11904),
 .UNSPECIFIED.,.F.,.F.,(4,1,4),(0.,0.0316549942718846,0.0638072219683447),
 .UNSPECIFIED.);
#2065=B_SPLINE_CURVE_WITH_KNOTS('',3,(#11908,#11909,#11910,#11911,#11912),
 .UNSPECIFIED.,.F.,.F.,(4,1,4),(0.,0.020853889645408,0.035764432750712),
 .UNSPECIFIED.);
#2066=B_SPLINE_CURVE_WITH_KNOTS('',3,(#11914,#11915,#11916,#11917,#11918),
 .UNSPECIFIED.,.F.,.F.,(4,1,4),(0.,0.0149105462546185,0.0357644359000264),
 .UNSPECIFIED.);
#2067=B_SPLINE_CURVE_WITH_KNOTS('',3,(#11920,#11921,#11922,#11923,#11924),
 .UNSPECIFIED.,.F.,.F.,(4,1,4),(0.,0.020853889645408,0.0357644359000264),
 .UNSPECIFIED.);
#2068=B_SPLINE_CURVE_WITH_KNOTS('',3,(#11926,#11927,#11928,#11929,#11930),
 .UNSPECIFIED.,.F.,.F.,(4,1,4),(0.,0.0144385600543331,0.0351358781067133),
 .UNSPECIFIED.);
#2069=B_SPLINE_CURVE_WITH_KNOTS('',3,(#11932,#11933,#11934,#11935,#11936),
 .UNSPECIFIED.,.F.,.F.,(4,1,4),(0.,0.00869026842079312,0.018971753331654),
 .UNSPECIFIED.);
#2070=B_SPLINE_CURVE_WITH_KNOTS('',3,(#11938,#11939,#11940,#11941,#11942),
 .UNSPECIFIED.,.F.,.F.,(4,1,4),(0.,0.0862009723502014,0.147677269089346),
 .UNSPECIFIED.);
#2071=B_SPLINE_CURVE_WITH_KNOTS('',3,(#11944,#11945,#11946,#11947,#11948),
 .UNSPECIFIED.,.F.,.F.,(4,1,4),(0.,0.0614762371603959,0.147677217028005),
 .UNSPECIFIED.);
#2072=B_SPLINE_CURVE_WITH_KNOTS('',3,(#11950,#11951,#11952,#11953,#11954),
 .UNSPECIFIED.,.F.,.F.,(4,1,4),(0.,0.0765147270256825,0.13142827508845),
 .UNSPECIFIED.);
#2073=B_SPLINE_CURVE_WITH_KNOTS('',3,(#11956,#11957,#11958,#11959,#11960),
 .UNSPECIFIED.,.F.,.F.,(4,1,4),(0.,0.0544409072711641,0.130798076534348),
 .UNSPECIFIED.);
#2074=B_SPLINE_CURVE_WITH_KNOTS('',3,(#11962,#11963,#11964,#11965,#11966),
 .UNSPECIFIED.,.F.,.F.,(4,1,4),(0.,0.0118434239237613,0.0315040594581585),
 .UNSPECIFIED.);
#2075=B_SPLINE_CURVE_WITH_KNOTS('',3,(#11970,#11971,#11972,#11973,#11974),
 .UNSPECIFIED.,.F.,.F.,(4,1,4),(0.,0.0103237616389797,0.0194529234561674),
 .UNSPECIFIED.);
#2076=B_SPLINE_CURVE_WITH_KNOTS('',3,(#11976,#11977,#11978,#11979,#11980),
 .UNSPECIFIED.,.F.,.F.,(4,1,4),(0.,0.0801334106278297,0.137094285565575),
 .UNSPECIFIED.);
#2077=B_SPLINE_CURVE_WITH_KNOTS('',3,(#11982,#11983,#11984,#11985,#11986),
 .UNSPECIFIED.,.F.,.F.,(4,1,4),(0.,0.0574337620416295,0.137724621422847),
 .UNSPECIFIED.);
#2078=B_SPLINE_CURVE_WITH_KNOTS('',3,(#11988,#11989,#11990,#11991,#11992),
 .UNSPECIFIED.,.F.,.F.,(4,1,4),(0.,0.0859105755634133,0.147299556135264),
 .UNSPECIFIED.);
#2079=B_SPLINE_CURVE_WITH_KNOTS('',3,(#11994,#11995,#11996,#11997,#11998),
 .UNSPECIFIED.,.F.,.F.,(4,1,4),(0.,0.0609165198621164,0.146669657046245),
 .UNSPECIFIED.);
#2080=B_SPLINE_CURVE_WITH_KNOTS('',3,(#11999,#12000,#12001,#12002,#12003),
 .UNSPECIFIED.,.F.,.F.,(4,1,4),(0.,0.0085753134701069,0.0179472757484538),
 .UNSPECIFIED.);
#2081=B_SPLINE_CURVE_WITH_KNOTS('',3,(#12016,#12017,#12018,#12019,#12020),
 .UNSPECIFIED.,.F.,.F.,(4,1,4),(0.,0.020853889645408,0.035764432750712),
 .UNSPECIFIED.);
#2082=B_SPLINE_CURVE_WITH_KNOTS('',3,(#12034,#12035,#12036,#12037,#12038),
 .UNSPECIFIED.,.F.,.F.,(4,1,4),(0.,0.0149105462546185,0.0357644359000264),
 .UNSPECIFIED.);
#2083=B_SPLINE_CURVE_WITH_KNOTS('',3,(#12051,#12052,#12053,#12054,#12055),
 .UNSPECIFIED.,.F.,.F.,(4,1,4),(0.,0.020853889645408,0.0357644359000264),
 .UNSPECIFIED.);
#2084=B_SPLINE_CURVE_WITH_KNOTS('',3,(#12068,#12069,#12070,#12071,#12072),
 .UNSPECIFIED.,.F.,.F.,(4,1,4),(0.,0.0144385600543331,0.0351358781067133),
 .UNSPECIFIED.);
#2085=B_SPLINE_CURVE_WITH_KNOTS('',3,(#12085,#12086,#12087,#12088,#12089),
 .UNSPECIFIED.,.F.,.F.,(4,1,4),(0.,0.00869026842079312,0.018971753331654),
 .UNSPECIFIED.);
#2086=B_SPLINE_CURVE_WITH_KNOTS('',3,(#12102,#12103,#12104,#12105,#12106),
 .UNSPECIFIED.,.F.,.F.,(4,1,4),(0.,0.0862009723502014,0.147677269089346),
 .UNSPECIFIED.);
#2087=B_SPLINE_CURVE_WITH_KNOTS('',3,(#12119,#12120,#12121,#12122,#12123),
 .UNSPECIFIED.,.F.,.F.,(4,1,4),(0.,0.0614762371603959,0.147677217028005),
 .UNSPECIFIED.);
#2088=B_SPLINE_CURVE_WITH_KNOTS('',3,(#12136,#12137,#12138,#12139,#12140),
 .UNSPECIFIED.,.F.,.F.,(4,1,4),(0.,0.0765147270256825,0.13142827508845),
 .UNSPECIFIED.);
#2089=B_SPLINE_CURVE_WITH_KNOTS('',3,(#12153,#12154,#12155,#12156,#12157),
 .UNSPECIFIED.,.F.,.F.,(4,1,4),(0.,0.0544409072711641,0.130798076534348),
 .UNSPECIFIED.);
#2090=B_SPLINE_CURVE_WITH_KNOTS('',3,(#12170,#12171,#12172,#12173,#12174),
 .UNSPECIFIED.,.F.,.F.,(4,1,4),(0.,0.0118434239237613,0.0315040594581585),
 .UNSPECIFIED.);
#2091=B_SPLINE_CURVE_WITH_KNOTS('',3,(#12191,#12192,#12193,#12194,#12195),
 .UNSPECIFIED.,.F.,.F.,(4,1,4),(0.,0.0103237616389797,0.0194529234561674),
 .UNSPECIFIED.);
#2092=B_SPLINE_CURVE_WITH_KNOTS('',3,(#12208,#12209,#12210,#12211,#12212),
 .UNSPECIFIED.,.F.,.F.,(4,1,4),(0.,0.0801334106278297,0.137094285565575),
 .UNSPECIFIED.);
#2093=B_SPLINE_CURVE_WITH_KNOTS('',3,(#12225,#12226,#12227,#12228,#12229),
 .UNSPECIFIED.,.F.,.F.,(4,1,4),(0.,0.0574337620416295,0.137724621422847),
 .UNSPECIFIED.);
#2094=B_SPLINE_CURVE_WITH_KNOTS('',3,(#12242,#12243,#12244,#12245,#12246),
 .UNSPECIFIED.,.F.,.F.,(4,1,4),(0.,0.0859105755634133,0.147299556135264),
 .UNSPECIFIED.);
#2095=B_SPLINE_CURVE_WITH_KNOTS('',3,(#12259,#12260,#12261,#12262,#12263),
 .UNSPECIFIED.,.F.,.F.,(4,1,4),(0.,0.0609165198621164,0.146669657046245),
 .UNSPECIFIED.);
#2096=B_SPLINE_CURVE_WITH_KNOTS('',3,(#12275,#12276,#12277,#12278,#12279),
 .UNSPECIFIED.,.F.,.F.,(4,1,4),(0.,0.0085753134701069,0.0179472757484538),
 .UNSPECIFIED.);
#2097=VERTEX_POINT('',#6028);
#2098=VERTEX_POINT('',#6029);
#2099=VERTEX_POINT('',#6035);
#2100=VERTEX_POINT('',#6041);
#2101=VERTEX_POINT('',#6047);
#2102=VERTEX_POINT('',#6053);
#2103=VERTEX_POINT('',#6074);
#2104=VERTEX_POINT('',#6075);
#2105=VERTEX_POINT('',#6093);
#2106=VERTEX_POINT('',#6110);
#2107=VERTEX_POINT('',#6127);
#2108=VERTEX_POINT('',#6144);
#2109=VERTEX_POINT('',#6167);
#2110=VERTEX_POINT('',#6168);
#2111=VERTEX_POINT('',#6174);
#2112=VERTEX_POINT('',#6180);
#2113=VERTEX_POINT('',#6186);
#2114=VERTEX_POINT('',#6192);
#2115=VERTEX_POINT('',#6198);
#2116=VERTEX_POINT('',#6204);
#2117=VERTEX_POINT('',#6210);
#2118=VERTEX_POINT('',#6216);
#2119=VERTEX_POINT('',#6222);
#2120=VERTEX_POINT('',#6228);
#2121=VERTEX_POINT('',#6234);
#2122=VERTEX_POINT('',#6240);
#2123=VERTEX_POINT('',#6246);
#2124=VERTEX_POINT('',#6252);
#2125=VERTEX_POINT('',#6258);
#2126=VERTEX_POINT('',#6264);
#2127=VERTEX_POINT('',#6270);
#2128=VERTEX_POINT('',#6276);
#2129=VERTEX_POINT('',#6282);
#2130=VERTEX_POINT('',#6284);
#2131=VERTEX_POINT('',#6290);
#2132=VERTEX_POINT('',#6296);
#2133=VERTEX_POINT('',#6302);
#2134=VERTEX_POINT('',#6308);
#2135=VERTEX_POINT('',#6314);
#2136=VERTEX_POINT('',#6335);
#2137=VERTEX_POINT('',#6336);
#2138=VERTEX_POINT('',#6354);
#2139=VERTEX_POINT('',#6362);
#2140=VERTEX_POINT('',#6375);
#2141=VERTEX_POINT('',#6392);
#2142=VERTEX_POINT('',#6409);
#2143=VERTEX_POINT('',#6426);
#2144=VERTEX_POINT('',#6443);
#2145=VERTEX_POINT('',#6460);
#2146=VERTEX_POINT('',#6477);
#2147=VERTEX_POINT('',#6494);
#2148=VERTEX_POINT('',#6511);
#2149=VERTEX_POINT('',#6528);
#2150=VERTEX_POINT('',#6545);
#2151=VERTEX_POINT('',#6562);
#2152=VERTEX_POINT('',#6579);
#2153=VERTEX_POINT('',#6596);
#2154=VERTEX_POINT('',#6613);
#2155=VERTEX_POINT('',#6630);
#2156=VERTEX_POINT('',#6638);
#2157=VERTEX_POINT('',#6651);
#2158=VERTEX_POINT('',#6668);
#2159=VERTEX_POINT('',#6685);
#2160=VERTEX_POINT('',#6702);
#2161=VERTEX_POINT('',#6719);
#2162=VERTEX_POINT('',#6736);
#2163=VERTEX_POINT('',#6759);
#2164=VERTEX_POINT('',#6760);
#2165=VERTEX_POINT('',#6766);
#2166=VERTEX_POINT('',#6772);
#2167=VERTEX_POINT('',#6778);
#2168=VERTEX_POINT('',#6784);
#2169=VERTEX_POINT('',#6790);
#2170=VERTEX_POINT('',#6796);
#2171=VERTEX_POINT('',#6802);
#2172=VERTEX_POINT('',#6808);
#2173=VERTEX_POINT('',#6814);
#2174=VERTEX_POINT('',#6820);
#2175=VERTEX_POINT('',#6826);
#2176=VERTEX_POINT('',#6832);
#2177=VERTEX_POINT('',#6838);
#2178=VERTEX_POINT('',#6844);
#2179=VERTEX_POINT('',#6850);
#2180=VERTEX_POINT('',#6861);
#2181=VERTEX_POINT('',#6862);
#2182=VERTEX_POINT('',#6868);
#2183=VERTEX_POINT('',#6874);
#2184=VERTEX_POINT('',#6880);
#2185=VERTEX_POINT('',#6886);
#2186=VERTEX_POINT('',#6892);
#2187=VERTEX_POINT('',#6913);
#2188=VERTEX_POINT('',#6914);
#2189=VERTEX_POINT('',#6932);
#2190=VERTEX_POINT('',#6949);
#2191=VERTEX_POINT('',#6966);
#2192=VERTEX_POINT('',#6983);
#2193=VERTEX_POINT('',#7000);
#2194=VERTEX_POINT('',#7017);
#2195=VERTEX_POINT('',#7034);
#2196=VERTEX_POINT('',#7051);
#2197=VERTEX_POINT('',#7068);
#2198=VERTEX_POINT('',#7076);
#2199=VERTEX_POINT('',#7089);
#2200=VERTEX_POINT('',#7106);
#2201=VERTEX_POINT('',#7123);
#2202=VERTEX_POINT('',#7140);
#2203=VERTEX_POINT('',#7157);
#2204=VERTEX_POINT('',#7189);
#2205=VERTEX_POINT('',#7190);
#2206=VERTEX_POINT('',#7208);
#2207=VERTEX_POINT('',#7225);
#2208=VERTEX_POINT('',#7242);
#2209=VERTEX_POINT('',#7259);
#2210=VERTEX_POINT('',#7276);
#2211=VERTEX_POINT('',#7300);
#2212=VERTEX_POINT('',#7301);
#2213=VERTEX_POINT('',#7307);
#2214=VERTEX_POINT('',#7313);
#2215=VERTEX_POINT('',#7319);
#2216=VERTEX_POINT('',#7325);
#2217=VERTEX_POINT('',#7331);
#2218=VERTEX_POINT('',#7337);
#2219=VERTEX_POINT('',#7343);
#2220=VERTEX_POINT('',#7349);
#2221=VERTEX_POINT('',#7355);
#2222=VERTEX_POINT('',#7361);
#2223=VERTEX_POINT('',#7367);
#2224=VERTEX_POINT('',#7373);
#2225=VERTEX_POINT('',#7379);
#2226=VERTEX_POINT('',#7385);
#2227=VERTEX_POINT('',#7391);
#2228=VERTEX_POINT('',#7397);
#2229=VERTEX_POINT('',#7403);
#2230=VERTEX_POINT('',#7409);
#2231=VERTEX_POINT('',#7411);
#2232=VERTEX_POINT('',#7417);
#2233=VERTEX_POINT('',#7423);
#2234=VERTEX_POINT('',#7434);
#2235=VERTEX_POINT('',#7435);
#2236=VERTEX_POINT('',#7441);
#2237=VERTEX_POINT('',#7447);
#2238=VERTEX_POINT('',#7453);
#2239=VERTEX_POINT('',#7459);
#2240=VERTEX_POINT('',#7465);
#2241=VERTEX_POINT('',#7471);
#2242=VERTEX_POINT('',#7492);
#2243=VERTEX_POINT('',#7493);
#2244=VERTEX_POINT('',#7511);
#2245=VERTEX_POINT('',#7528);
#2246=VERTEX_POINT('',#7545);
#2247=VERTEX_POINT('',#7562);
#2248=VERTEX_POINT('',#7579);
#2249=VERTEX_POINT('',#7596);
#2250=VERTEX_POINT('',#7613);
#2251=VERTEX_POINT('',#7630);
#2252=VERTEX_POINT('',#7647);
#2253=VERTEX_POINT('',#7664);
#2254=VERTEX_POINT('',#7681);
#2255=VERTEX_POINT('',#7698);
#2256=VERTEX_POINT('',#7715);
#2257=VERTEX_POINT('',#7732);
#2258=VERTEX_POINT('',#7749);
#2259=VERTEX_POINT('',#7766);
#2260=VERTEX_POINT('',#7783);
#2261=VERTEX_POINT('',#7791);
#2262=VERTEX_POINT('',#7804);
#2263=VERTEX_POINT('',#7821);
#2264=VERTEX_POINT('',#7838);
#2265=VERTEX_POINT('',#7870);
#2266=VERTEX_POINT('',#7871);
#2267=VERTEX_POINT('',#7889);
#2268=VERTEX_POINT('',#7906);
#2269=VERTEX_POINT('',#7923);
#2270=VERTEX_POINT('',#7940);
#2271=VERTEX_POINT('',#7957);
#2272=VERTEX_POINT('',#7974);
#2273=VERTEX_POINT('',#7998);
#2274=VERTEX_POINT('',#7999);
#2275=VERTEX_POINT('',#8005);
#2276=VERTEX_POINT('',#8011);
#2277=VERTEX_POINT('',#8017);
#2278=VERTEX_POINT('',#8023);
#2279=VERTEX_POINT('',#8029);
#2280=VERTEX_POINT('',#8035);
#2281=VERTEX_POINT('',#8041);
#2282=VERTEX_POINT('',#8047);
#2283=VERTEX_POINT('',#8053);
#2284=VERTEX_POINT('',#8059);
#2285=VERTEX_POINT('',#8065);
#2286=VERTEX_POINT('',#8071);
#2287=VERTEX_POINT('',#8077);
#2288=VERTEX_POINT('',#8083);
#2289=VERTEX_POINT('',#8089);
#2290=VERTEX_POINT('',#8095);
#2291=VERTEX_POINT('',#8101);
#2292=VERTEX_POINT('',#8107);
#2293=VERTEX_POINT('',#8113);
#2294=VERTEX_POINT('',#8119);
#2295=VERTEX_POINT('',#8125);
#2296=VERTEX_POINT('',#8131);
#2297=VERTEX_POINT('',#8137);
#2298=VERTEX_POINT('',#8143);
#2299=VERTEX_POINT('',#8164);
#2300=VERTEX_POINT('',#8165);
#2301=VERTEX_POINT('',#8183);
#2302=VERTEX_POINT('',#8200);
#2303=VERTEX_POINT('',#8217);
#2304=VERTEX_POINT('',#8234);
#2305=VERTEX_POINT('',#8242);
#2306=VERTEX_POINT('',#8255);
#2307=VERTEX_POINT('',#8272);
#2308=VERTEX_POINT('',#8289);
#2309=VERTEX_POINT('',#8306);
#2310=VERTEX_POINT('',#8323);
#2311=VERTEX_POINT('',#8340);
#2312=VERTEX_POINT('',#8357);
#2313=VERTEX_POINT('',#8374);
#2314=VERTEX_POINT('',#8391);
#2315=VERTEX_POINT('',#8408);
#2316=VERTEX_POINT('',#8425);
#2317=VERTEX_POINT('',#8442);
#2318=VERTEX_POINT('',#8459);
#2319=VERTEX_POINT('',#8476);
#2320=VERTEX_POINT('',#8493);
#2321=VERTEX_POINT('',#8510);
#2322=VERTEX_POINT('',#8527);
#2323=VERTEX_POINT('',#8544);
#2324=VERTEX_POINT('',#8561);
#2325=VERTEX_POINT('',#8584);
#2326=VERTEX_POINT('',#8585);
#2327=VERTEX_POINT('',#8591);
#2328=VERTEX_POINT('',#8597);
#2329=VERTEX_POINT('',#8603);
#2330=VERTEX_POINT('',#8609);
#2331=VERTEX_POINT('',#8615);
#2332=VERTEX_POINT('',#8621);
#2333=VERTEX_POINT('',#8627);
#2334=VERTEX_POINT('',#8633);
#2335=VERTEX_POINT('',#8639);
#2336=VERTEX_POINT('',#8645);
#2337=VERTEX_POINT('',#8651);
#2338=VERTEX_POINT('',#8657);
#2339=VERTEX_POINT('',#8663);
#2340=VERTEX_POINT('',#8669);
#2341=VERTEX_POINT('',#8675);
#2342=VERTEX_POINT('',#8681);
#2343=VERTEX_POINT('',#8687);
#2344=VERTEX_POINT('',#8693);
#2345=VERTEX_POINT('',#8699);
#2346=VERTEX_POINT('',#8705);
#2347=VERTEX_POINT('',#8711);
#2348=VERTEX_POINT('',#8717);
#2349=VERTEX_POINT('',#8723);
#2350=VERTEX_POINT('',#8729);
#2351=VERTEX_POINT('',#8735);
#2352=VERTEX_POINT('',#8741);
#2353=VERTEX_POINT('',#8747);
#2354=VERTEX_POINT('',#8753);
#2355=VERTEX_POINT('',#8759);
#2356=VERTEX_POINT('',#8765);
#2357=VERTEX_POINT('',#8771);
#2358=VERTEX_POINT('',#8777);
#2359=VERTEX_POINT('',#8783);
#2360=VERTEX_POINT('',#8789);
#2361=VERTEX_POINT('',#8795);
#2362=VERTEX_POINT('',#8801);
#2363=VERTEX_POINT('',#8807);
#2364=VERTEX_POINT('',#8813);
#2365=VERTEX_POINT('',#8819);
#2366=VERTEX_POINT('',#8825);
#2367=VERTEX_POINT('',#8831);
#2368=VERTEX_POINT('',#8837);
#2369=VERTEX_POINT('',#8843);
#2370=VERTEX_POINT('',#8864);
#2371=VERTEX_POINT('',#8865);
#2372=VERTEX_POINT('',#8883);
#2373=VERTEX_POINT('',#8900);
#2374=VERTEX_POINT('',#8917);
#2375=VERTEX_POINT('',#8934);
#2376=VERTEX_POINT('',#8951);
#2377=VERTEX_POINT('',#8968);
#2378=VERTEX_POINT('',#8985);
#2379=VERTEX_POINT('',#9002);
#2380=VERTEX_POINT('',#9019);
#2381=VERTEX_POINT('',#9036);
#2382=VERTEX_POINT('',#9053);
#2383=VERTEX_POINT('',#9070);
#2384=VERTEX_POINT('',#9087);
#2385=VERTEX_POINT('',#9104);
#2386=VERTEX_POINT('',#9121);
#2387=VERTEX_POINT('',#9138);
#2388=VERTEX_POINT('',#9155);
#2389=VERTEX_POINT('',#9172);
#2390=VERTEX_POINT('',#9189);
#2391=VERTEX_POINT('',#9206);
#2392=VERTEX_POINT('',#9223);
#2393=VERTEX_POINT('',#9240);
#2394=VERTEX_POINT('',#9257);
#2395=VERTEX_POINT('',#9274);
#2396=VERTEX_POINT('',#9291);
#2397=VERTEX_POINT('',#9308);
#2398=VERTEX_POINT('',#9325);
#2399=VERTEX_POINT('',#9342);
#2400=VERTEX_POINT('',#9359);
#2401=VERTEX_POINT('',#9376);
#2402=VERTEX_POINT('',#9393);
#2403=VERTEX_POINT('',#9410);
#2404=VERTEX_POINT('',#9427);
#2405=VERTEX_POINT('',#9444);
#2406=VERTEX_POINT('',#9461);
#2407=VERTEX_POINT('',#9478);
#2408=VERTEX_POINT('',#9495);
#2409=VERTEX_POINT('',#9512);
#2410=VERTEX_POINT('',#9529);
#2411=VERTEX_POINT('',#9546);
#2412=VERTEX_POINT('',#9563);
#2413=VERTEX_POINT('',#9580);
#2414=VERTEX_POINT('',#9597);
#2415=VERTEX_POINT('',#9620);
#2416=VERTEX_POINT('',#9621);
#2417=VERTEX_POINT('',#9627);
#2418=VERTEX_POINT('',#9633);
#2419=VERTEX_POINT('',#9639);
#2420=VERTEX_POINT('',#9645);
#2421=VERTEX_POINT('',#9651);
#2422=VERTEX_POINT('',#9657);
#2423=VERTEX_POINT('',#9663);
#2424=VERTEX_POINT('',#9669);
#2425=VERTEX_POINT('',#9675);
#2426=VERTEX_POINT('',#9681);
#2427=VERTEX_POINT('',#9687);
#2428=VERTEX_POINT('',#9693);
#2429=VERTEX_POINT('',#9699);
#2430=VERTEX_POINT('',#9705);
#2431=VERTEX_POINT('',#9711);
#2432=VERTEX_POINT('',#9722);
#2433=VERTEX_POINT('',#9723);
#2434=VERTEX_POINT('',#9729);
#2435=VERTEX_POINT('',#9735);
#2436=VERTEX_POINT('',#9741);
#2437=VERTEX_POINT('',#9747);
#2438=VERTEX_POINT('',#9753);
#2439=VERTEX_POINT('',#9774);
#2440=VERTEX_POINT('',#9775);
#2441=VERTEX_POINT('',#9793);
#2442=VERTEX_POINT('',#9810);
#2443=VERTEX_POINT('',#9827);
#2444=VERTEX_POINT('',#9844);
#2445=VERTEX_POINT('',#9861);
#2446=VERTEX_POINT('',#9878);
#2447=VERTEX_POINT('',#9895);
#2448=VERTEX_POINT('',#9912);
#2449=VERTEX_POINT('',#9929);
#2450=VERTEX_POINT('',#9937);
#2451=VERTEX_POINT('',#9950);
#2452=VERTEX_POINT('',#9967);
#2453=VERTEX_POINT('',#9984);
#2454=VERTEX_POINT('',#10001);
#2455=VERTEX_POINT('',#10018);
#2456=VERTEX_POINT('',#10050);
#2457=VERTEX_POINT('',#10051);
#2458=VERTEX_POINT('',#10069);
#2459=VERTEX_POINT('',#10086);
#2460=VERTEX_POINT('',#10103);
#2461=VERTEX_POINT('',#10120);
#2462=VERTEX_POINT('',#10137);
#2463=VERTEX_POINT('',#10161);
#2464=VERTEX_POINT('',#10162);
#2465=VERTEX_POINT('',#10168);
#2466=VERTEX_POINT('',#10174);
#2467=VERTEX_POINT('',#10180);
#2468=VERTEX_POINT('',#10186);
#2469=VERTEX_POINT('',#10192);
#2470=VERTEX_POINT('',#10198);
#2471=VERTEX_POINT('',#10204);
#2472=VERTEX_POINT('',#10210);
#2473=VERTEX_POINT('',#10216);
#2474=VERTEX_POINT('',#10222);
#2475=VERTEX_POINT('',#10228);
#2476=VERTEX_POINT('',#10234);
#2477=VERTEX_POINT('',#10240);
#2478=VERTEX_POINT('',#10242);
#2479=VERTEX_POINT('',#10248);
#2480=VERTEX_POINT('',#10254);
#2481=VERTEX_POINT('',#10260);
#2482=VERTEX_POINT('',#10266);
#2483=VERTEX_POINT('',#10272);
#2484=VERTEX_POINT('',#10278);
#2485=VERTEX_POINT('',#10284);
#2486=VERTEX_POINT('',#10290);
#2487=VERTEX_POINT('',#10292);
#2488=VERTEX_POINT('',#10298);
#2489=VERTEX_POINT('',#10304);
#2490=VERTEX_POINT('',#10310);
#2491=VERTEX_POINT('',#10312);
#2492=VERTEX_POINT('',#10318);
#2493=VERTEX_POINT('',#10324);
#2494=VERTEX_POINT('',#10330);
#2495=VERTEX_POINT('',#10336);
#2496=VERTEX_POINT('',#10338);
#2497=VERTEX_POINT('',#10344);
#2498=VERTEX_POINT('',#10350);
#2499=VERTEX_POINT('',#10356);
#2500=VERTEX_POINT('',#10362);
#2501=VERTEX_POINT('',#10368);
#2502=VERTEX_POINT('',#10374);
#2503=VERTEX_POINT('',#10380);
#2504=VERTEX_POINT('',#10386);
#2505=VERTEX_POINT('',#10392);
#2506=VERTEX_POINT('',#10398);
#2507=VERTEX_POINT('',#10404);
#2508=VERTEX_POINT('',#10410);
#2509=VERTEX_POINT('',#10416);
#2510=VERTEX_POINT('',#10422);
#2511=VERTEX_POINT('',#10428);
#2512=VERTEX_POINT('',#10434);
#2513=VERTEX_POINT('',#10440);
#2514=VERTEX_POINT('',#10446);
#2515=VERTEX_POINT('',#10452);
#2516=VERTEX_POINT('',#10458);
#2517=VERTEX_POINT('',#10464);
#2518=VERTEX_POINT('',#10470);
#2519=VERTEX_POINT('',#10476);
#2520=VERTEX_POINT('',#10497);
#2521=VERTEX_POINT('',#10498);
#2522=VERTEX_POINT('',#10516);
#2523=VERTEX_POINT('',#10533);
#2524=VERTEX_POINT('',#10550);
#2525=VERTEX_POINT('',#10567);
#2526=VERTEX_POINT('',#10584);
#2527=VERTEX_POINT('',#10601);
#2528=VERTEX_POINT('',#10618);
#2529=VERTEX_POINT('',#10635);
#2530=VERTEX_POINT('',#10652);
#2531=VERTEX_POINT('',#10660);
#2532=VERTEX_POINT('',#10673);
#2533=VERTEX_POINT('',#10690);
#2534=VERTEX_POINT('',#10698);
#2535=VERTEX_POINT('',#10711);
#2536=VERTEX_POINT('',#10728);
#2537=VERTEX_POINT('',#10745);
#2538=VERTEX_POINT('',#10762);
#2539=VERTEX_POINT('',#10779);
#2540=VERTEX_POINT('',#10796);
#2541=VERTEX_POINT('',#10813);
#2542=VERTEX_POINT('',#10830);
#2543=VERTEX_POINT('',#10838);
#2544=VERTEX_POINT('',#10851);
#2545=VERTEX_POINT('',#10868);
#2546=VERTEX_POINT('',#10885);
#2547=VERTEX_POINT('',#10893);
#2548=VERTEX_POINT('',#10906);
#2549=VERTEX_POINT('',#10923);
#2550=VERTEX_POINT('',#10940);
#2551=VERTEX_POINT('',#10957);
#2552=VERTEX_POINT('',#10965);
#2553=VERTEX_POINT('',#10978);
#2554=VERTEX_POINT('',#10995);
#2555=VERTEX_POINT('',#11012);
#2556=VERTEX_POINT('',#11029);
#2557=VERTEX_POINT('',#11046);
#2558=VERTEX_POINT('',#11063);
#2559=VERTEX_POINT('',#11080);
#2560=VERTEX_POINT('',#11097);
#2561=VERTEX_POINT('',#11114);
#2562=VERTEX_POINT('',#11131);
#2563=VERTEX_POINT('',#11148);
#2564=VERTEX_POINT('',#11165);
#2565=VERTEX_POINT('',#11182);
#2566=VERTEX_POINT('',#11199);
#2567=VERTEX_POINT('',#11216);
#2568=VERTEX_POINT('',#11233);
#2569=VERTEX_POINT('',#11250);
#2570=VERTEX_POINT('',#11267);
#2571=VERTEX_POINT('',#11284);
#2572=VERTEX_POINT('',#11301);
#2573=VERTEX_POINT('',#11318);
#2574=VERTEX_POINT('',#11335);
#2575=VERTEX_POINT('',#11352);
#2576=VERTEX_POINT('',#11369);
#2577=VERTEX_POINT('',#11392);
#2578=VERTEX_POINT('',#11393);
#2579=VERTEX_POINT('',#11399);
#2580=VERTEX_POINT('',#11405);
#2581=VERTEX_POINT('',#11411);
#2582=VERTEX_POINT('',#11417);
#2583=VERTEX_POINT('',#11423);
#2584=VERTEX_POINT('',#11429);
#2585=VERTEX_POINT('',#11435);
#2586=VERTEX_POINT('',#11441);
#2587=VERTEX_POINT('',#11447);
#2588=VERTEX_POINT('',#11453);
#2589=VERTEX_POINT('',#11455);
#2590=VERTEX_POINT('',#11461);
#2591=VERTEX_POINT('',#11467);
#2592=VERTEX_POINT('',#11473);
#2593=VERTEX_POINT('',#11479);
#2594=VERTEX_POINT('',#11500);
#2595=VERTEX_POINT('',#11501);
#2596=VERTEX_POINT('',#11519);
#2597=VERTEX_POINT('',#11536);
#2598=VERTEX_POINT('',#11553);
#2599=VERTEX_POINT('',#11570);
#2600=VERTEX_POINT('',#11587);
#2601=VERTEX_POINT('',#11604);
#2602=VERTEX_POINT('',#11621);
#2603=VERTEX_POINT('',#11638);
#2604=VERTEX_POINT('',#11655);
#2605=VERTEX_POINT('',#11663);
#2606=VERTEX_POINT('',#11676);
#2607=VERTEX_POINT('',#11693);
#2608=VERTEX_POINT('',#11710);
#2609=VERTEX_POINT('',#11727);
#2610=VERTEX_POINT('',#11744);
#2611=VERTEX_POINT('',#11767);
#2612=VERTEX_POINT('',#11768);
#2613=VERTEX_POINT('',#11774);
#2614=VERTEX_POINT('',#11780);
#2615=VERTEX_POINT('',#11786);
#2616=VERTEX_POINT('',#11792);
#2617=VERTEX_POINT('',#11813);
#2618=VERTEX_POINT('',#11814);
#2619=VERTEX_POINT('',#11832);
#2620=VERTEX_POINT('',#11849);
#2621=VERTEX_POINT('',#11866);
#2622=VERTEX_POINT('',#11883);
#2623=VERTEX_POINT('',#11906);
#2624=VERTEX_POINT('',#11907);
#2625=VERTEX_POINT('',#11913);
#2626=VERTEX_POINT('',#11919);
#2627=VERTEX_POINT('',#11925);
#2628=VERTEX_POINT('',#11931);
#2629=VERTEX_POINT('',#11937);
#2630=VERTEX_POINT('',#11943);
#2631=VERTEX_POINT('',#11949);
#2632=VERTEX_POINT('',#11955);
#2633=VERTEX_POINT('',#11961);
#2634=VERTEX_POINT('',#11967);
#2635=VERTEX_POINT('',#11969);
#2636=VERTEX_POINT('',#11975);
#2637=VERTEX_POINT('',#11981);
#2638=VERTEX_POINT('',#11987);
#2639=VERTEX_POINT('',#11993);
#2640=VERTEX_POINT('',#12014);
#2641=VERTEX_POINT('',#12015);
#2642=VERTEX_POINT('',#12033);
#2643=VERTEX_POINT('',#12050);
#2644=VERTEX_POINT('',#12067);
#2645=VERTEX_POINT('',#12084);
#2646=VERTEX_POINT('',#12101);
#2647=VERTEX_POINT('',#12118);
#2648=VERTEX_POINT('',#12135);
#2649=VERTEX_POINT('',#12152);
#2650=VERTEX_POINT('',#12169);
#2651=VERTEX_POINT('',#12177);
#2652=VERTEX_POINT('',#12190);
#2653=VERTEX_POINT('',#12207);
#2654=VERTEX_POINT('',#12224);
#2655=VERTEX_POINT('',#12241);
#2656=VERTEX_POINT('',#12258);
#2657=VERTEX_POINT('',#12281);
#2658=VERTEX_POINT('',#12283);
#2659=VERTEX_POINT('',#12287);
#2660=VERTEX_POINT('',#12289);
#2661=VERTEX_POINT('',#12293);
#2662=VERTEX_POINT('',#12294);
#2663=VERTEX_POINT('',#12296);
#2664=VERTEX_POINT('',#12298);
#2665=VERTEX_POINT('',#12302);
#2666=VERTEX_POINT('',#12304);
#2667=VERTEX_POINT('',#12308);
#2668=VERTEX_POINT('',#12310);
#2669=EDGE_CURVE('',#2097,#2098,#1558,.T.);
#2670=EDGE_CURVE('',#2099,#2097,#1559,.T.);
#2671=EDGE_CURVE('',#2100,#2099,#1560,.T.);
#2672=EDGE_CURVE('',#2101,#2100,#1561,.T.);
#2673=EDGE_CURVE('',#2102,#2101,#1562,.T.);
#2674=EDGE_CURVE('',#2098,#2102,#1563,.T.);
#2675=EDGE_CURVE('',#2103,#2104,#1564,.T.);
#2676=EDGE_CURVE('',#2103,#2097,#39,.T.);
#2677=EDGE_CURVE('',#2104,#2098,#40,.T.);
#2678=EDGE_CURVE('',#2105,#2103,#1565,.T.);
#2679=EDGE_CURVE('',#2105,#2099,#41,.T.);
#2680=EDGE_CURVE('',#2106,#2105,#1566,.T.);
#2681=EDGE_CURVE('',#2106,#2100,#42,.T.);
#2682=EDGE_CURVE('',#2107,#2106,#1567,.T.);
#2683=EDGE_CURVE('',#2107,#2101,#43,.T.);
#2684=EDGE_CURVE('',#2108,#2107,#1568,.T.);
#2685=EDGE_CURVE('',#2108,#2102,#44,.T.);
#2686=EDGE_CURVE('',#2104,#2108,#1569,.T.);
#2687=EDGE_CURVE('',#2109,#2110,#1570,.T.);
#2688=EDGE_CURVE('',#2111,#2109,#1571,.T.);
#2689=EDGE_CURVE('',#2112,#2111,#1572,.T.);
#2690=EDGE_CURVE('',#2113,#2112,#1573,.T.);
#2691=EDGE_CURVE('',#2114,#2113,#1574,.T.);
#2692=EDGE_CURVE('',#2115,#2114,#1575,.T.);
#2693=EDGE_CURVE('',#2116,#2115,#1576,.T.);
#2694=EDGE_CURVE('',#2117,#2116,#1577,.T.);
#2695=EDGE_CURVE('',#2118,#2117,#1578,.T.);
#2696=EDGE_CURVE('',#2119,#2118,#1579,.T.);
#2697=EDGE_CURVE('',#2120,#2119,#1580,.T.);
#2698=EDGE_CURVE('',#2121,#2120,#1581,.T.);
#2699=EDGE_CURVE('',#2122,#2121,#1582,.T.);
#2700=EDGE_CURVE('',#2123,#2122,#1583,.T.);
#2701=EDGE_CURVE('',#2124,#2123,#1584,.T.);
#2702=EDGE_CURVE('',#2125,#2124,#1585,.T.);
#2703=EDGE_CURVE('',#2126,#2125,#1586,.T.);
#2704=EDGE_CURVE('',#2127,#2126,#1587,.T.);
#2705=EDGE_CURVE('',#2128,#2127,#1588,.T.);
#2706=EDGE_CURVE('',#2129,#2128,#45,.T.);
#2707=EDGE_CURVE('',#2130,#2129,#1589,.T.);
#2708=EDGE_CURVE('',#2131,#2130,#1590,.T.);
#2709=EDGE_CURVE('',#2132,#2131,#1591,.T.);
#2710=EDGE_CURVE('',#2133,#2132,#1592,.T.);
#2711=EDGE_CURVE('',#2134,#2133,#1593,.T.);
#2712=EDGE_CURVE('',#2135,#2134,#1594,.T.);
#2713=EDGE_CURVE('',#2110,#2135,#1595,.T.);
#2714=EDGE_CURVE('',#2136,#2137,#1596,.T.);
#2715=EDGE_CURVE('',#2136,#2109,#46,.T.);
#2716=EDGE_CURVE('',#2137,#2110,#47,.T.);
#2717=EDGE_CURVE('',#2138,#2136,#1597,.T.);
#2718=EDGE_CURVE('',#2138,#2111,#48,.T.);
#2719=EDGE_CURVE('',#2139,#2138,#49,.T.);
#2720=EDGE_CURVE('',#2139,#2112,#50,.T.);
#2721=EDGE_CURVE('',#2140,#2139,#1598,.T.);
#2722=EDGE_CURVE('',#2140,#2113,#51,.T.);
#2723=EDGE_CURVE('',#2141,#2140,#1599,.T.);
#2724=EDGE_CURVE('',#2141,#2114,#52,.T.);
#2725=EDGE_CURVE('',#2142,#2141,#1600,.T.);
#2726=EDGE_CURVE('',#2142,#2115,#53,.T.);
#2727=EDGE_CURVE('',#2143,#2142,#1601,.T.);
#2728=EDGE_CURVE('',#2143,#2116,#54,.T.);
#2729=EDGE_CURVE('',#2144,#2143,#1602,.T.);
#2730=EDGE_CURVE('',#2144,#2117,#55,.T.);
#2731=EDGE_CURVE('',#2145,#2144,#1603,.T.);
#2732=EDGE_CURVE('',#2145,#2118,#56,.T.);
#2733=EDGE_CURVE('',#2146,#2145,#1604,.T.);
#2734=EDGE_CURVE('',#2146,#2119,#57,.T.);
#2735=EDGE_CURVE('',#2147,#2146,#1605,.T.);
#2736=EDGE_CURVE('',#2147,#2120,#58,.T.);
#2737=EDGE_CURVE('',#2148,#2147,#1606,.T.);
#2738=EDGE_CURVE('',#2148,#2121,#59,.T.);
#2739=EDGE_CURVE('',#2149,#2148,#1607,.T.);
#2740=EDGE_CURVE('',#2149,#2122,#60,.T.);
#2741=EDGE_CURVE('',#2150,#2149,#1608,.T.);
#2742=EDGE_CURVE('',#2150,#2123,#61,.T.);
#2743=EDGE_CURVE('',#2151,#2150,#1609,.T.);
#2744=EDGE_CURVE('',#2151,#2124,#62,.T.);
#2745=EDGE_CURVE('',#2152,#2151,#1610,.T.);
#2746=EDGE_CURVE('',#2152,#2125,#63,.T.);
#2747=EDGE_CURVE('',#2153,#2152,#1611,.T.);
#2748=EDGE_CURVE('',#2153,#2126,#64,.T.);
#2749=EDGE_CURVE('',#2154,#2153,#1612,.T.);
#2750=EDGE_CURVE('',#2154,#2127,#65,.T.);
#2751=EDGE_CURVE('',#2155,#2154,#1613,.T.);
#2752=EDGE_CURVE('',#2155,#2128,#66,.T.);
#2753=EDGE_CURVE('',#2156,#2155,#67,.T.);
#2754=EDGE_CURVE('',#2156,#2129,#68,.T.);
#2755=EDGE_CURVE('',#2157,#2156,#1614,.T.);
#2756=EDGE_CURVE('',#2157,#2130,#69,.T.);
#2757=EDGE_CURVE('',#2158,#2157,#1615,.T.);
#2758=EDGE_CURVE('',#2158,#2131,#70,.T.);
#2759=EDGE_CURVE('',#2159,#2158,#1616,.T.);
#2760=EDGE_CURVE('',#2159,#2132,#71,.T.);
#2761=EDGE_CURVE('',#2160,#2159,#1617,.T.);
#2762=EDGE_CURVE('',#2160,#2133,#72,.T.);
#2763=EDGE_CURVE('',#2161,#2160,#1618,.T.);
#2764=EDGE_CURVE('',#2161,#2134,#73,.T.);
#2765=EDGE_CURVE('',#2162,#2161,#1619,.T.);
#2766=EDGE_CURVE('',#2162,#2135,#74,.T.);
#2767=EDGE_CURVE('',#2137,#2162,#1620,.T.);
#2768=EDGE_CURVE('',#2163,#2164,#1621,.T.);
#2769=EDGE_CURVE('',#2165,#2163,#1622,.T.);
#2770=EDGE_CURVE('',#2166,#2165,#1623,.T.);
#2771=EDGE_CURVE('',#2167,#2166,#1624,.T.);
#2772=EDGE_CURVE('',#2168,#2167,#1625,.T.);
#2773=EDGE_CURVE('',#2169,#2168,#1626,.T.);
#2774=EDGE_CURVE('',#2170,#2169,#1627,.T.);
#2775=EDGE_CURVE('',#2171,#2170,#1628,.T.);
#2776=EDGE_CURVE('',#2172,#2171,#1629,.T.);
#2777=EDGE_CURVE('',#2173,#2172,#1630,.T.);
#2778=EDGE_CURVE('',#2174,#2173,#1631,.T.);
#2779=EDGE_CURVE('',#2175,#2174,#1632,.T.);
#2780=EDGE_CURVE('',#2176,#2175,#1633,.T.);
#2781=EDGE_CURVE('',#2177,#2176,#1634,.T.);
#2782=EDGE_CURVE('',#2178,#2177,#1635,.T.);
#2783=EDGE_CURVE('',#2179,#2178,#1636,.T.);
#2784=EDGE_CURVE('',#2164,#2179,#1637,.T.);
#2785=EDGE_CURVE('',#2180,#2181,#1638,.T.);
#2786=EDGE_CURVE('',#2182,#2180,#1639,.T.);
#2787=EDGE_CURVE('',#2183,#2182,#1640,.T.);
#2788=EDGE_CURVE('',#2184,#2183,#1641,.T.);
#2789=EDGE_CURVE('',#2185,#2184,#1642,.T.);
#2790=EDGE_CURVE('',#2186,#2185,#1643,.T.);
#2791=EDGE_CURVE('',#2181,#2186,#1644,.T.);
#2792=EDGE_CURVE('',#2187,#2188,#1645,.T.);
#2793=EDGE_CURVE('',#2187,#2163,#75,.T.);
#2794=EDGE_CURVE('',#2188,#2164,#76,.T.);
#2795=EDGE_CURVE('',#2189,#2187,#1646,.T.);
#2796=EDGE_CURVE('',#2189,#2165,#77,.T.);
#2797=EDGE_CURVE('',#2190,#2189,#1647,.T.);
#2798=EDGE_CURVE('',#2190,#2166,#78,.T.);
#2799=EDGE_CURVE('',#2191,#2190,#1648,.T.);
#2800=EDGE_CURVE('',#2191,#2167,#79,.T.);
#2801=EDGE_CURVE('',#2192,#2191,#1649,.T.);
#2802=EDGE_CURVE('',#2192,#2168,#80,.T.);
#2803=EDGE_CURVE('',#2193,#2192,#1650,.T.);
#2804=EDGE_CURVE('',#2193,#2169,#81,.T.);
#2805=EDGE_CURVE('',#2194,#2193,#1651,.T.);
#2806=EDGE_CURVE('',#2194,#2170,#82,.T.);
#2807=EDGE_CURVE('',#2195,#2194,#1652,.T.);
#2808=EDGE_CURVE('',#2195,#2171,#83,.T.);
#2809=EDGE_CURVE('',#2196,#2195,#1653,.T.);
#2810=EDGE_CURVE('',#2196,#2172,#84,.T.);
#2811=EDGE_CURVE('',#2197,#2196,#1654,.T.);
#2812=EDGE_CURVE('',#2197,#2173,#85,.T.);
#2813=EDGE_CURVE('',#2198,#2197,#86,.T.);
#2814=EDGE_CURVE('',#2198,#2174,#87,.T.);
#2815=EDGE_CURVE('',#2199,#2198,#1655,.T.);
#2816=EDGE_CURVE('',#2199,#2175,#88,.T.);
#2817=EDGE_CURVE('',#2200,#2199,#1656,.T.);
#2818=EDGE_CURVE('',#2200,#2176,#89,.T.);
#2819=EDGE_CURVE('',#2201,#2200,#1657,.T.);
#2820=EDGE_CURVE('',#2201,#2177,#90,.T.);
#2821=EDGE_CURVE('',#2202,#2201,#1658,.T.);
#2822=EDGE_CURVE('',#2202,#2178,#91,.T.);
#2823=EDGE_CURVE('',#2203,#2202,#1659,.T.);
#2824=EDGE_CURVE('',#2203,#2179,#92,.T.);
#2825=EDGE_CURVE('',#2188,#2203,#1660,.T.);
#2826=EDGE_CURVE('',#2204,#2205,#1661,.T.);
#2827=EDGE_CURVE('',#2204,#2180,#93,.T.);
#2828=EDGE_CURVE('',#2205,#2181,#94,.T.);
#2829=EDGE_CURVE('',#2206,#2204,#1662,.T.);
#2830=EDGE_CURVE('',#2206,#2182,#95,.T.);
#2831=EDGE_CURVE('',#2207,#2206,#1663,.T.);
#2832=EDGE_CURVE('',#2207,#2183,#96,.T.);
#2833=EDGE_CURVE('',#2208,#2207,#1664,.T.);
#2834=EDGE_CURVE('',#2208,#2184,#97,.T.);
#2835=EDGE_CURVE('',#2209,#2208,#1665,.T.);
#2836=EDGE_CURVE('',#2209,#2185,#98,.T.);
#2837=EDGE_CURVE('',#2210,#2209,#1666,.T.);
#2838=EDGE_CURVE('',#2210,#2186,#99,.T.);
#2839=EDGE_CURVE('',#2205,#2210,#1667,.T.);
#2840=EDGE_CURVE('',#2211,#2212,#1668,.T.);
#2841=EDGE_CURVE('',#2213,#2211,#1669,.T.);
#2842=EDGE_CURVE('',#2214,#2213,#1670,.T.);
#2843=EDGE_CURVE('',#2215,#2214,#1671,.T.);
#2844=EDGE_CURVE('',#2216,#2215,#1672,.T.);
#2845=EDGE_CURVE('',#2217,#2216,#1673,.T.);
#2846=EDGE_CURVE('',#2218,#2217,#1674,.T.);
#2847=EDGE_CURVE('',#2219,#2218,#1675,.T.);
#2848=EDGE_CURVE('',#2220,#2219,#1676,.T.);
#2849=EDGE_CURVE('',#2221,#2220,#1677,.T.);
#2850=EDGE_CURVE('',#2222,#2221,#1678,.T.);
#2851=EDGE_CURVE('',#2223,#2222,#1679,.T.);
#2852=EDGE_CURVE('',#2224,#2223,#1680,.T.);
#2853=EDGE_CURVE('',#2225,#2224,#1681,.T.);
#2854=EDGE_CURVE('',#2226,#2225,#1682,.T.);
#2855=EDGE_CURVE('',#2227,#2226,#1683,.T.);
#2856=EDGE_CURVE('',#2228,#2227,#1684,.T.);
#2857=EDGE_CURVE('',#2229,#2228,#1685,.T.);
#2858=EDGE_CURVE('',#2230,#2229,#100,.T.);
#2859=EDGE_CURVE('',#2231,#2230,#1686,.T.);
#2860=EDGE_CURVE('',#2232,#2231,#1687,.T.);
#2861=EDGE_CURVE('',#2233,#2232,#1688,.T.);
#2862=EDGE_CURVE('',#2212,#2233,#1689,.T.);
#2863=EDGE_CURVE('',#2234,#2235,#1690,.T.);
#2864=EDGE_CURVE('',#2236,#2234,#1691,.T.);
#2865=EDGE_CURVE('',#2237,#2236,#1692,.T.);
#2866=EDGE_CURVE('',#2238,#2237,#1693,.T.);
#2867=EDGE_CURVE('',#2239,#2238,#1694,.T.);
#2868=EDGE_CURVE('',#2240,#2239,#1695,.T.);
#2869=EDGE_CURVE('',#2241,#2240,#1696,.T.);
#2870=EDGE_CURVE('',#2235,#2241,#1697,.T.);
#2871=EDGE_CURVE('',#2242,#2243,#1698,.T.);
#2872=EDGE_CURVE('',#2242,#2211,#101,.T.);
#2873=EDGE_CURVE('',#2243,#2212,#102,.T.);
#2874=EDGE_CURVE('',#2244,#2242,#1699,.T.);
#2875=EDGE_CURVE('',#2244,#2213,#103,.T.);
#2876=EDGE_CURVE('',#2245,#2244,#1700,.T.);
#2877=EDGE_CURVE('',#2245,#2214,#104,.T.);
#2878=EDGE_CURVE('',#2246,#2245,#1701,.T.);
#2879=EDGE_CURVE('',#2246,#2215,#105,.T.);
#2880=EDGE_CURVE('',#2247,#2246,#1702,.T.);
#2881=EDGE_CURVE('',#2247,#2216,#106,.T.);
#2882=EDGE_CURVE('',#2248,#2247,#1703,.T.);
#2883=EDGE_CURVE('',#2248,#2217,#107,.T.);
#2884=EDGE_CURVE('',#2249,#2248,#1704,.T.);
#2885=EDGE_CURVE('',#2249,#2218,#108,.T.);
#2886=EDGE_CURVE('',#2250,#2249,#1705,.T.);
#2887=EDGE_CURVE('',#2250,#2219,#109,.T.);
#2888=EDGE_CURVE('',#2251,#2250,#1706,.T.);
#2889=EDGE_CURVE('',#2251,#2220,#110,.T.);
#2890=EDGE_CURVE('',#2252,#2251,#1707,.T.);
#2891=EDGE_CURVE('',#2252,#2221,#111,.T.);
#2892=EDGE_CURVE('',#2253,#2252,#1708,.T.);
#2893=EDGE_CURVE('',#2253,#2222,#112,.T.);
#2894=EDGE_CURVE('',#2254,#2253,#1709,.T.);
#2895=EDGE_CURVE('',#2254,#2223,#113,.T.);
#2896=EDGE_CURVE('',#2255,#2254,#1710,.T.);
#2897=EDGE_CURVE('',#2255,#2224,#114,.T.);
#2898=EDGE_CURVE('',#2256,#2255,#1711,.T.);
#2899=EDGE_CURVE('',#2256,#2225,#115,.T.);
#2900=EDGE_CURVE('',#2257,#2256,#1712,.T.);
#2901=EDGE_CURVE('',#2257,#2226,#116,.T.);
#2902=EDGE_CURVE('',#2258,#2257,#1713,.T.);
#2903=EDGE_CURVE('',#2258,#2227,#117,.T.);
#2904=EDGE_CURVE('',#2259,#2258,#1714,.T.);
#2905=EDGE_CURVE('',#2259,#2228,#118,.T.);
#2906=EDGE_CURVE('',#2260,#2259,#1715,.T.);
#2907=EDGE_CURVE('',#2260,#2229,#119,.T.);
#2908=EDGE_CURVE('',#2261,#2260,#120,.T.);
#2909=EDGE_CURVE('',#2261,#2230,#121,.T.);
#2910=EDGE_CURVE('',#2262,#2261,#1716,.T.);
#2911=EDGE_CURVE('',#2262,#2231,#122,.T.);
#2912=EDGE_CURVE('',#2263,#2262,#1717,.T.);
#2913=EDGE_CURVE('',#2263,#2232,#123,.T.);
#2914=EDGE_CURVE('',#2264,#2263,#1718,.T.);
#2915=EDGE_CURVE('',#2264,#2233,#124,.T.);
#2916=EDGE_CURVE('',#2243,#2264,#1719,.T.);
#2917=EDGE_CURVE('',#2265,#2266,#1720,.T.);
#2918=EDGE_CURVE('',#2265,#2234,#125,.T.);
#2919=EDGE_CURVE('',#2266,#2235,#126,.T.);
#2920=EDGE_CURVE('',#2267,#2265,#1721,.T.);
#2921=EDGE_CURVE('',#2267,#2236,#127,.T.);
#2922=EDGE_CURVE('',#2268,#2267,#1722,.T.);
#2923=EDGE_CURVE('',#2268,#2237,#128,.T.);
#2924=EDGE_CURVE('',#2269,#2268,#1723,.T.);
#2925=EDGE_CURVE('',#2269,#2238,#129,.T.);
#2926=EDGE_CURVE('',#2270,#2269,#1724,.T.);
#2927=EDGE_CURVE('',#2270,#2239,#130,.T.);
#2928=EDGE_CURVE('',#2271,#2270,#1725,.T.);
#2929=EDGE_CURVE('',#2271,#2240,#131,.T.);
#2930=EDGE_CURVE('',#2272,#2271,#1726,.T.);
#2931=EDGE_CURVE('',#2272,#2241,#132,.T.);
#2932=EDGE_CURVE('',#2266,#2272,#1727,.T.);
#2933=EDGE_CURVE('',#2273,#2274,#1728,.T.);
#2934=EDGE_CURVE('',#2275,#2273,#1729,.T.);
#2935=EDGE_CURVE('',#2276,#2275,#1730,.T.);
#2936=EDGE_CURVE('',#2277,#2276,#1731,.T.);
#2937=EDGE_CURVE('',#2278,#2277,#1732,.T.);
#2938=EDGE_CURVE('',#2279,#2278,#1733,.T.);
#2939=EDGE_CURVE('',#2280,#2279,#1734,.T.);
#2940=EDGE_CURVE('',#2281,#2280,#1735,.T.);
#2941=EDGE_CURVE('',#2282,#2281,#1736,.T.);
#2942=EDGE_CURVE('',#2283,#2282,#1737,.T.);
#2943=EDGE_CURVE('',#2284,#2283,#1738,.T.);
#2944=EDGE_CURVE('',#2285,#2284,#1739,.T.);
#2945=EDGE_CURVE('',#2286,#2285,#1740,.T.);
#2946=EDGE_CURVE('',#2287,#2286,#1741,.T.);
#2947=EDGE_CURVE('',#2288,#2287,#1742,.T.);
#2948=EDGE_CURVE('',#2289,#2288,#1743,.T.);
#2949=EDGE_CURVE('',#2290,#2289,#1744,.T.);
#2950=EDGE_CURVE('',#2291,#2290,#1745,.T.);
#2951=EDGE_CURVE('',#2292,#2291,#1746,.T.);
#2952=EDGE_CURVE('',#2293,#2292,#1747,.T.);
#2953=EDGE_CURVE('',#2294,#2293,#1748,.T.);
#2954=EDGE_CURVE('',#2295,#2294,#1749,.T.);
#2955=EDGE_CURVE('',#2296,#2295,#1750,.T.);
#2956=EDGE_CURVE('',#2297,#2296,#1751,.T.);
#2957=EDGE_CURVE('',#2298,#2297,#1752,.T.);
#2958=EDGE_CURVE('',#2274,#2298,#1753,.T.);
#2959=EDGE_CURVE('',#2299,#2300,#1754,.T.);
#2960=EDGE_CURVE('',#2299,#2273,#133,.T.);
#2961=EDGE_CURVE('',#2300,#2274,#134,.T.);
#2962=EDGE_CURVE('',#2301,#2299,#1755,.T.);
#2963=EDGE_CURVE('',#2301,#2275,#135,.T.);
#2964=EDGE_CURVE('',#2302,#2301,#1756,.T.);
#2965=EDGE_CURVE('',#2302,#2276,#136,.T.);
#2966=EDGE_CURVE('',#2303,#2302,#1757,.T.);
#2967=EDGE_CURVE('',#2303,#2277,#137,.T.);
#2968=EDGE_CURVE('',#2304,#2303,#1758,.T.);
#2969=EDGE_CURVE('',#2304,#2278,#138,.T.);
#2970=EDGE_CURVE('',#2305,#2304,#139,.T.);
#2971=EDGE_CURVE('',#2305,#2279,#140,.T.);
#2972=EDGE_CURVE('',#2306,#2305,#1759,.T.);
#2973=EDGE_CURVE('',#2306,#2280,#141,.T.);
#2974=EDGE_CURVE('',#2307,#2306,#1760,.T.);
#2975=EDGE_CURVE('',#2307,#2281,#142,.T.);
#2976=EDGE_CURVE('',#2308,#2307,#1761,.T.);
#2977=EDGE_CURVE('',#2308,#2282,#143,.T.);
#2978=EDGE_CURVE('',#2309,#2308,#1762,.T.);
#2979=EDGE_CURVE('',#2309,#2283,#144,.T.);
#2980=EDGE_CURVE('',#2310,#2309,#1763,.T.);
#2981=EDGE_CURVE('',#2310,#2284,#145,.T.);
#2982=EDGE_CURVE('',#2311,#2310,#1764,.T.);
#2983=EDGE_CURVE('',#2311,#2285,#146,.T.);
#2984=EDGE_CURVE('',#2312,#2311,#1765,.T.);
#2985=EDGE_CURVE('',#2312,#2286,#147,.T.);
#2986=EDGE_CURVE('',#2313,#2312,#1766,.T.);
#2987=EDGE_CURVE('',#2313,#2287,#148,.T.);
#2988=EDGE_CURVE('',#2314,#2313,#1767,.T.);
#2989=EDGE_CURVE('',#2314,#2288,#149,.T.);
#2990=EDGE_CURVE('',#2315,#2314,#1768,.T.);
#2991=EDGE_CURVE('',#2315,#2289,#150,.T.);
#2992=EDGE_CURVE('',#2316,#2315,#1769,.T.);
#2993=EDGE_CURVE('',#2316,#2290,#151,.T.);
#2994=EDGE_CURVE('',#2317,#2316,#1770,.T.);
#2995=EDGE_CURVE('',#2317,#2291,#152,.T.);
#2996=EDGE_CURVE('',#2318,#2317,#1771,.T.);
#2997=EDGE_CURVE('',#2318,#2292,#153,.T.);
#2998=EDGE_CURVE('',#2319,#2318,#1772,.T.);
#2999=EDGE_CURVE('',#2319,#2293,#154,.T.);
#3000=EDGE_CURVE('',#2320,#2319,#1773,.T.);
#3001=EDGE_CURVE('',#2320,#2294,#155,.T.);
#3002=EDGE_CURVE('',#2321,#2320,#1774,.T.);
#3003=EDGE_CURVE('',#2321,#2295,#156,.T.);
#3004=EDGE_CURVE('',#2322,#2321,#1775,.T.);
#3005=EDGE_CURVE('',#2322,#2296,#157,.T.);
#3006=EDGE_CURVE('',#2323,#2322,#1776,.T.);
#3007=EDGE_CURVE('',#2323,#2297,#158,.T.);
#3008=EDGE_CURVE('',#2324,#2323,#1777,.T.);
#3009=EDGE_CURVE('',#2324,#2298,#159,.T.);
#3010=EDGE_CURVE('',#2300,#2324,#1778,.T.);
#3011=EDGE_CURVE('',#2325,#2326,#1779,.T.);
#3012=EDGE_CURVE('',#2327,#2325,#1780,.T.);
#3013=EDGE_CURVE('',#2328,#2327,#1781,.T.);
#3014=EDGE_CURVE('',#2329,#2328,#1782,.T.);
#3015=EDGE_CURVE('',#2330,#2329,#1783,.T.);
#3016=EDGE_CURVE('',#2331,#2330,#1784,.T.);
#3017=EDGE_CURVE('',#2332,#2331,#1785,.T.);
#3018=EDGE_CURVE('',#2333,#2332,#1786,.T.);
#3019=EDGE_CURVE('',#2334,#2333,#1787,.T.);
#3020=EDGE_CURVE('',#2335,#2334,#1788,.T.);
#3021=EDGE_CURVE('',#2336,#2335,#1789,.T.);
#3022=EDGE_CURVE('',#2337,#2336,#1790,.T.);
#3023=EDGE_CURVE('',#2338,#2337,#1791,.T.);
#3024=EDGE_CURVE('',#2339,#2338,#1792,.T.);
#3025=EDGE_CURVE('',#2340,#2339,#1793,.T.);
#3026=EDGE_CURVE('',#2341,#2340,#1794,.T.);
#3027=EDGE_CURVE('',#2342,#2341,#1795,.T.);
#3028=EDGE_CURVE('',#2343,#2342,#1796,.T.);
#3029=EDGE_CURVE('',#2344,#2343,#1797,.T.);
#3030=EDGE_CURVE('',#2345,#2344,#1798,.T.);
#3031=EDGE_CURVE('',#2346,#2345,#1799,.T.);
#3032=EDGE_CURVE('',#2347,#2346,#1800,.T.);
#3033=EDGE_CURVE('',#2348,#2347,#1801,.T.);
#3034=EDGE_CURVE('',#2349,#2348,#1802,.T.);
#3035=EDGE_CURVE('',#2350,#2349,#1803,.T.);
#3036=EDGE_CURVE('',#2351,#2350,#1804,.T.);
#3037=EDGE_CURVE('',#2352,#2351,#1805,.T.);
#3038=EDGE_CURVE('',#2353,#2352,#1806,.T.);
#3039=EDGE_CURVE('',#2354,#2353,#1807,.T.);
#3040=EDGE_CURVE('',#2355,#2354,#1808,.T.);
#3041=EDGE_CURVE('',#2356,#2355,#1809,.T.);
#3042=EDGE_CURVE('',#2357,#2356,#1810,.T.);
#3043=EDGE_CURVE('',#2358,#2357,#1811,.T.);
#3044=EDGE_CURVE('',#2359,#2358,#1812,.T.);
#3045=EDGE_CURVE('',#2360,#2359,#1813,.T.);
#3046=EDGE_CURVE('',#2361,#2360,#1814,.T.);
#3047=EDGE_CURVE('',#2362,#2361,#1815,.T.);
#3048=EDGE_CURVE('',#2363,#2362,#1816,.T.);
#3049=EDGE_CURVE('',#2364,#2363,#1817,.T.);
#3050=EDGE_CURVE('',#2365,#2364,#1818,.T.);
#3051=EDGE_CURVE('',#2366,#2365,#1819,.T.);
#3052=EDGE_CURVE('',#2367,#2366,#1820,.T.);
#3053=EDGE_CURVE('',#2368,#2367,#1821,.T.);
#3054=EDGE_CURVE('',#2369,#2368,#1822,.T.);
#3055=EDGE_CURVE('',#2326,#2369,#1823,.T.);
#3056=EDGE_CURVE('',#2370,#2371,#1824,.T.);
#3057=EDGE_CURVE('',#2370,#2325,#160,.T.);
#3058=EDGE_CURVE('',#2371,#2326,#161,.T.);
#3059=EDGE_CURVE('',#2372,#2370,#1825,.T.);
#3060=EDGE_CURVE('',#2372,#2327,#162,.T.);
#3061=EDGE_CURVE('',#2373,#2372,#1826,.T.);
#3062=EDGE_CURVE('',#2373,#2328,#163,.T.);
#3063=EDGE_CURVE('',#2374,#2373,#1827,.T.);
#3064=EDGE_CURVE('',#2374,#2329,#164,.T.);
#3065=EDGE_CURVE('',#2375,#2374,#1828,.T.);
#3066=EDGE_CURVE('',#2375,#2330,#165,.T.);
#3067=EDGE_CURVE('',#2376,#2375,#1829,.T.);
#3068=EDGE_CURVE('',#2376,#2331,#166,.T.);
#3069=EDGE_CURVE('',#2377,#2376,#1830,.T.);
#3070=EDGE_CURVE('',#2377,#2332,#167,.T.);
#3071=EDGE_CURVE('',#2378,#2377,#1831,.T.);
#3072=EDGE_CURVE('',#2378,#2333,#168,.T.);
#3073=EDGE_CURVE('',#2379,#2378,#1832,.T.);
#3074=EDGE_CURVE('',#2379,#2334,#169,.T.);
#3075=EDGE_CURVE('',#2380,#2379,#1833,.T.);
#3076=EDGE_CURVE('',#2380,#2335,#170,.T.);
#3077=EDGE_CURVE('',#2381,#2380,#1834,.T.);
#3078=EDGE_CURVE('',#2381,#2336,#171,.T.);
#3079=EDGE_CURVE('',#2382,#2381,#1835,.T.);
#3080=EDGE_CURVE('',#2382,#2337,#172,.T.);
#3081=EDGE_CURVE('',#2383,#2382,#1836,.T.);
#3082=EDGE_CURVE('',#2383,#2338,#173,.T.);
#3083=EDGE_CURVE('',#2384,#2383,#1837,.T.);
#3084=EDGE_CURVE('',#2384,#2339,#174,.T.);
#3085=EDGE_CURVE('',#2385,#2384,#1838,.T.);
#3086=EDGE_CURVE('',#2385,#2340,#175,.T.);
#3087=EDGE_CURVE('',#2386,#2385,#1839,.T.);
#3088=EDGE_CURVE('',#2386,#2341,#176,.T.);
#3089=EDGE_CURVE('',#2387,#2386,#1840,.T.);
#3090=EDGE_CURVE('',#2387,#2342,#177,.T.);
#3091=EDGE_CURVE('',#2388,#2387,#1841,.T.);
#3092=EDGE_CURVE('',#2388,#2343,#178,.T.);
#3093=EDGE_CURVE('',#2389,#2388,#1842,.T.);
#3094=EDGE_CURVE('',#2389,#2344,#179,.T.);
#3095=EDGE_CURVE('',#2390,#2389,#1843,.T.);
#3096=EDGE_CURVE('',#2390,#2345,#180,.T.);
#3097=EDGE_CURVE('',#2391,#2390,#1844,.T.);
#3098=EDGE_CURVE('',#2391,#2346,#181,.T.);
#3099=EDGE_CURVE('',#2392,#2391,#1845,.T.);
#3100=EDGE_CURVE('',#2392,#2347,#182,.T.);
#3101=EDGE_CURVE('',#2393,#2392,#1846,.T.);
#3102=EDGE_CURVE('',#2393,#2348,#183,.T.);
#3103=EDGE_CURVE('',#2394,#2393,#1847,.T.);
#3104=EDGE_CURVE('',#2394,#2349,#184,.T.);
#3105=EDGE_CURVE('',#2395,#2394,#1848,.T.);
#3106=EDGE_CURVE('',#2395,#2350,#185,.T.);
#3107=EDGE_CURVE('',#2396,#2395,#1849,.T.);
#3108=EDGE_CURVE('',#2396,#2351,#186,.T.);
#3109=EDGE_CURVE('',#2397,#2396,#1850,.T.);
#3110=EDGE_CURVE('',#2397,#2352,#187,.T.);
#3111=EDGE_CURVE('',#2398,#2397,#1851,.T.);
#3112=EDGE_CURVE('',#2398,#2353,#188,.T.);
#3113=EDGE_CURVE('',#2399,#2398,#1852,.T.);
#3114=EDGE_CURVE('',#2399,#2354,#189,.T.);
#3115=EDGE_CURVE('',#2400,#2399,#1853,.T.);
#3116=EDGE_CURVE('',#2400,#2355,#190,.T.);
#3117=EDGE_CURVE('',#2401,#2400,#1854,.T.);
#3118=EDGE_CURVE('',#2401,#2356,#191,.T.);
#3119=EDGE_CURVE('',#2402,#2401,#1855,.T.);
#3120=EDGE_CURVE('',#2402,#2357,#192,.T.);
#3121=EDGE_CURVE('',#2403,#2402,#1856,.T.);
#3122=EDGE_CURVE('',#2403,#2358,#193,.T.);
#3123=EDGE_CURVE('',#2404,#2403,#1857,.T.);
#3124=EDGE_CURVE('',#2404,#2359,#194,.T.);
#3125=EDGE_CURVE('',#2405,#2404,#1858,.T.);
#3126=EDGE_CURVE('',#2405,#2360,#195,.T.);
#3127=EDGE_CURVE('',#2406,#2405,#1859,.T.);
#3128=EDGE_CURVE('',#2406,#2361,#196,.T.);
#3129=EDGE_CURVE('',#2407,#2406,#1860,.T.);
#3130=EDGE_CURVE('',#2407,#2362,#197,.T.);
#3131=EDGE_CURVE('',#2408,#2407,#1861,.T.);
#3132=EDGE_CURVE('',#2408,#2363,#198,.T.);
#3133=EDGE_CURVE('',#2409,#2408,#1862,.T.);
#3134=EDGE_CURVE('',#2409,#2364,#199,.T.);
#3135=EDGE_CURVE('',#2410,#2409,#1863,.T.);
#3136=EDGE_CURVE('',#2410,#2365,#200,.T.);
#3137=EDGE_CURVE('',#2411,#2410,#1864,.T.);
#3138=EDGE_CURVE('',#2411,#2366,#201,.T.);
#3139=EDGE_CURVE('',#2412,#2411,#1865,.T.);
#3140=EDGE_CURVE('',#2412,#2367,#202,.T.);
#3141=EDGE_CURVE('',#2413,#2412,#1866,.T.);
#3142=EDGE_CURVE('',#2413,#2368,#203,.T.);
#3143=EDGE_CURVE('',#2414,#2413,#1867,.T.);
#3144=EDGE_CURVE('',#2414,#2369,#204,.T.);
#3145=EDGE_CURVE('',#2371,#2414,#1868,.T.);
#3146=EDGE_CURVE('',#2415,#2416,#1869,.T.);
#3147=EDGE_CURVE('',#2417,#2415,#1870,.T.);
#3148=EDGE_CURVE('',#2418,#2417,#1871,.T.);
#3149=EDGE_CURVE('',#2419,#2418,#1872,.T.);
#3150=EDGE_CURVE('',#2420,#2419,#1873,.T.);
#3151=EDGE_CURVE('',#2421,#2420,#1874,.T.);
#3152=EDGE_CURVE('',#2422,#2421,#1875,.T.);
#3153=EDGE_CURVE('',#2423,#2422,#1876,.T.);
#3154=EDGE_CURVE('',#2424,#2423,#1877,.T.);
#3155=EDGE_CURVE('',#2425,#2424,#1878,.T.);
#3156=EDGE_CURVE('',#2426,#2425,#1879,.T.);
#3157=EDGE_CURVE('',#2427,#2426,#1880,.T.);
#3158=EDGE_CURVE('',#2428,#2427,#1881,.T.);
#3159=EDGE_CURVE('',#2429,#2428,#1882,.T.);
#3160=EDGE_CURVE('',#2430,#2429,#1883,.T.);
#3161=EDGE_CURVE('',#2431,#2430,#1884,.T.);
#3162=EDGE_CURVE('',#2416,#2431,#1885,.T.);
#3163=EDGE_CURVE('',#2432,#2433,#1886,.T.);
#3164=EDGE_CURVE('',#2434,#2432,#1887,.T.);
#3165=EDGE_CURVE('',#2435,#2434,#1888,.T.);
#3166=EDGE_CURVE('',#2436,#2435,#1889,.T.);
#3167=EDGE_CURVE('',#2437,#2436,#1890,.T.);
#3168=EDGE_CURVE('',#2438,#2437,#1891,.T.);
#3169=EDGE_CURVE('',#2433,#2438,#1892,.T.);
#3170=EDGE_CURVE('',#2439,#2440,#1893,.T.);
#3171=EDGE_CURVE('',#2439,#2415,#205,.T.);
#3172=EDGE_CURVE('',#2440,#2416,#206,.T.);
#3173=EDGE_CURVE('',#2441,#2439,#1894,.T.);
#3174=EDGE_CURVE('',#2441,#2417,#207,.T.);
#3175=EDGE_CURVE('',#2442,#2441,#1895,.T.);
#3176=EDGE_CURVE('',#2442,#2418,#208,.T.);
#3177=EDGE_CURVE('',#2443,#2442,#1896,.T.);
#3178=EDGE_CURVE('',#2443,#2419,#209,.T.);
#3179=EDGE_CURVE('',#2444,#2443,#1897,.T.);
#3180=EDGE_CURVE('',#2444,#2420,#210,.T.);
#3181=EDGE_CURVE('',#2445,#2444,#1898,.T.);
#3182=EDGE_CURVE('',#2445,#2421,#211,.T.);
#3183=EDGE_CURVE('',#2446,#2445,#1899,.T.);
#3184=EDGE_CURVE('',#2446,#2422,#212,.T.);
#3185=EDGE_CURVE('',#2447,#2446,#1900,.T.);
#3186=EDGE_CURVE('',#2447,#2423,#213,.T.);
#3187=EDGE_CURVE('',#2448,#2447,#1901,.T.);
#3188=EDGE_CURVE('',#2448,#2424,#214,.T.);
#3189=EDGE_CURVE('',#2449,#2448,#1902,.T.);
#3190=EDGE_CURVE('',#2449,#2425,#215,.T.);
#3191=EDGE_CURVE('',#2450,#2449,#216,.T.);
#3192=EDGE_CURVE('',#2450,#2426,#217,.T.);
#3193=EDGE_CURVE('',#2451,#2450,#1903,.T.);
#3194=EDGE_CURVE('',#2451,#2427,#218,.T.);
#3195=EDGE_CURVE('',#2452,#2451,#1904,.T.);
#3196=EDGE_CURVE('',#2452,#2428,#219,.T.);
#3197=EDGE_CURVE('',#2453,#2452,#1905,.T.);
#3198=EDGE_CURVE('',#2453,#2429,#220,.T.);
#3199=EDGE_CURVE('',#2454,#2453,#1906,.T.);
#3200=EDGE_CURVE('',#2454,#2430,#221,.T.);
#3201=EDGE_CURVE('',#2455,#2454,#1907,.T.);
#3202=EDGE_CURVE('',#2455,#2431,#222,.T.);
#3203=EDGE_CURVE('',#2440,#2455,#1908,.T.);
#3204=EDGE_CURVE('',#2456,#2457,#1909,.T.);
#3205=EDGE_CURVE('',#2456,#2432,#223,.T.);
#3206=EDGE_CURVE('',#2457,#2433,#224,.T.);
#3207=EDGE_CURVE('',#2458,#2456,#1910,.T.);
#3208=EDGE_CURVE('',#2458,#2434,#225,.T.);
#3209=EDGE_CURVE('',#2459,#2458,#1911,.T.);
#3210=EDGE_CURVE('',#2459,#2435,#226,.T.);
#3211=EDGE_CURVE('',#2460,#2459,#1912,.T.);
#3212=EDGE_CURVE('',#2460,#2436,#227,.T.);
#3213=EDGE_CURVE('',#2461,#2460,#1913,.T.);
#3214=EDGE_CURVE('',#2461,#2437,#228,.T.);
#3215=EDGE_CURVE('',#2462,#2461,#1914,.T.);
#3216=EDGE_CURVE('',#2462,#2438,#229,.T.);
#3217=EDGE_CURVE('',#2457,#2462,#1915,.T.);
#3218=EDGE_CURVE('',#2463,#2464,#1916,.T.);
#3219=EDGE_CURVE('',#2465,#2463,#1917,.T.);
#3220=EDGE_CURVE('',#2466,#2465,#1918,.T.);
#3221=EDGE_CURVE('',#2467,#2466,#1919,.T.);
#3222=EDGE_CURVE('',#2468,#2467,#1920,.T.);
#3223=EDGE_CURVE('',#2469,#2468,#1921,.T.);
#3224=EDGE_CURVE('',#2470,#2469,#1922,.T.);
#3225=EDGE_CURVE('',#2471,#2470,#1923,.T.);
#3226=EDGE_CURVE('',#2472,#2471,#1924,.T.);
#3227=EDGE_CURVE('',#2473,#2472,#1925,.T.);
#3228=EDGE_CURVE('',#2474,#2473,#1926,.T.);
#3229=EDGE_CURVE('',#2475,#2474,#1927,.T.);
#3230=EDGE_CURVE('',#2476,#2475,#1928,.T.);
#3231=EDGE_CURVE('',#2477,#2476,#230,.T.);
#3232=EDGE_CURVE('',#2478,#2477,#1929,.T.);
#3233=EDGE_CURVE('',#2479,#2478,#1930,.T.);
#3234=EDGE_CURVE('',#2480,#2479,#1931,.T.);
#3235=EDGE_CURVE('',#2481,#2480,#1932,.T.);
#3236=EDGE_CURVE('',#2482,#2481,#1933,.T.);
#3237=EDGE_CURVE('',#2483,#2482,#1934,.T.);
#3238=EDGE_CURVE('',#2484,#2483,#1935,.T.);
#3239=EDGE_CURVE('',#2485,#2484,#1936,.T.);
#3240=EDGE_CURVE('',#2486,#2485,#231,.T.);
#3241=EDGE_CURVE('',#2487,#2486,#1937,.T.);
#3242=EDGE_CURVE('',#2488,#2487,#1938,.T.);
#3243=EDGE_CURVE('',#2489,#2488,#1939,.T.);
#3244=EDGE_CURVE('',#2490,#2489,#232,.T.);
#3245=EDGE_CURVE('',#2491,#2490,#1940,.T.);
#3246=EDGE_CURVE('',#2492,#2491,#1941,.T.);
#3247=EDGE_CURVE('',#2493,#2492,#1942,.T.);
#3248=EDGE_CURVE('',#2494,#2493,#1943,.T.);
#3249=EDGE_CURVE('',#2495,#2494,#233,.T.);
#3250=EDGE_CURVE('',#2496,#2495,#1944,.T.);
#3251=EDGE_CURVE('',#2497,#2496,#1945,.T.);
#3252=EDGE_CURVE('',#2498,#2497,#1946,.T.);
#3253=EDGE_CURVE('',#2499,#2498,#1947,.T.);
#3254=EDGE_CURVE('',#2500,#2499,#1948,.T.);
#3255=EDGE_CURVE('',#2501,#2500,#1949,.T.);
#3256=EDGE_CURVE('',#2502,#2501,#1950,.T.);
#3257=EDGE_CURVE('',#2503,#2502,#1951,.T.);
#3258=EDGE_CURVE('',#2504,#2503,#1952,.T.);
#3259=EDGE_CURVE('',#2505,#2504,#1953,.T.);
#3260=EDGE_CURVE('',#2506,#2505,#1954,.T.);
#3261=EDGE_CURVE('',#2507,#2506,#1955,.T.);
#3262=EDGE_CURVE('',#2508,#2507,#1956,.T.);
#3263=EDGE_CURVE('',#2509,#2508,#1957,.T.);
#3264=EDGE_CURVE('',#2510,#2509,#1958,.T.);
#3265=EDGE_CURVE('',#2511,#2510,#1959,.T.);
#3266=EDGE_CURVE('',#2512,#2511,#1960,.T.);
#3267=EDGE_CURVE('',#2513,#2512,#1961,.T.);
#3268=EDGE_CURVE('',#2514,#2513,#1962,.T.);
#3269=EDGE_CURVE('',#2515,#2514,#1963,.T.);
#3270=EDGE_CURVE('',#2516,#2515,#1964,.T.);
#3271=EDGE_CURVE('',#2517,#2516,#1965,.T.);
#3272=EDGE_CURVE('',#2518,#2517,#1966,.T.);
#3273=EDGE_CURVE('',#2519,#2518,#1967,.T.);
#3274=EDGE_CURVE('',#2464,#2519,#1968,.T.);
#3275=EDGE_CURVE('',#2520,#2521,#1969,.T.);
#3276=EDGE_CURVE('',#2520,#2463,#234,.T.);
#3277=EDGE_CURVE('',#2521,#2464,#235,.T.);
#3278=EDGE_CURVE('',#2522,#2520,#1970,.T.);
#3279=EDGE_CURVE('',#2522,#2465,#236,.T.);
#3280=EDGE_CURVE('',#2523,#2522,#1971,.T.);
#3281=EDGE_CURVE('',#2523,#2466,#237,.T.);
#3282=EDGE_CURVE('',#2524,#2523,#1972,.T.);
#3283=EDGE_CURVE('',#2524,#2467,#238,.T.);
#3284=EDGE_CURVE('',#2525,#2524,#1973,.T.);
#3285=EDGE_CURVE('',#2525,#2468,#239,.T.);
#3286=EDGE_CURVE('',#2526,#2525,#1974,.T.);
#3287=EDGE_CURVE('',#2526,#2469,#240,.T.);
#3288=EDGE_CURVE('',#2527,#2526,#1975,.T.);
#3289=EDGE_CURVE('',#2527,#2470,#241,.T.);
#3290=EDGE_CURVE('',#2528,#2527,#1976,.T.);
#3291=EDGE_CURVE('',#2528,#2471,#242,.T.);
#3292=EDGE_CURVE('',#2529,#2528,#1977,.T.);
#3293=EDGE_CURVE('',#2529,#2472,#243,.T.);
#3294=EDGE_CURVE('',#2530,#2529,#1978,.T.);
#3295=EDGE_CURVE('',#2530,#2473,#244,.T.);
#3296=EDGE_CURVE('',#2531,#2530,#245,.T.);
#3297=EDGE_CURVE('',#2531,#2474,#246,.T.);
#3298=EDGE_CURVE('',#2532,#2531,#1979,.T.);
#3299=EDGE_CURVE('',#2532,#2475,#247,.T.);
#3300=EDGE_CURVE('',#2533,#2532,#1980,.T.);
#3301=EDGE_CURVE('',#2533,#2476,#248,.T.);
#3302=EDGE_CURVE('',#2534,#2533,#249,.T.);
#3303=EDGE_CURVE('',#2534,#2477,#250,.T.);
#3304=EDGE_CURVE('',#2535,#2534,#1981,.T.);
#3305=EDGE_CURVE('',#2535,#2478,#251,.T.);
#3306=EDGE_CURVE('',#2536,#2535,#1982,.T.);
#3307=EDGE_CURVE('',#2536,#2479,#252,.T.);
#3308=EDGE_CURVE('',#2537,#2536,#1983,.T.);
#3309=EDGE_CURVE('',#2537,#2480,#253,.T.);
#3310=EDGE_CURVE('',#2538,#2537,#1984,.T.);
#3311=EDGE_CURVE('',#2538,#2481,#254,.T.);
#3312=EDGE_CURVE('',#2539,#2538,#1985,.T.);
#3313=EDGE_CURVE('',#2539,#2482,#255,.T.);
#3314=EDGE_CURVE('',#2540,#2539,#1986,.T.);
#3315=EDGE_CURVE('',#2540,#2483,#256,.T.);
#3316=EDGE_CURVE('',#2541,#2540,#1987,.T.);
#3317=EDGE_CURVE('',#2541,#2484,#257,.T.);
#3318=EDGE_CURVE('',#2542,#2541,#1988,.T.);
#3319=EDGE_CURVE('',#2542,#2485,#258,.T.);
#3320=EDGE_CURVE('',#2543,#2542,#259,.T.);
#3321=EDGE_CURVE('',#2543,#2486,#260,.T.);
#3322=EDGE_CURVE('',#2544,#2543,#1989,.T.);
#3323=EDGE_CURVE('',#2544,#2487,#261,.T.);
#3324=EDGE_CURVE('',#2545,#2544,#1990,.T.);
#3325=EDGE_CURVE('',#2545,#2488,#262,.T.);
#3326=EDGE_CURVE('',#2546,#2545,#1991,.T.);
#3327=EDGE_CURVE('',#2546,#2489,#263,.T.);
#3328=EDGE_CURVE('',#2547,#2546,#264,.T.);
#3329=EDGE_CURVE('',#2547,#2490,#265,.T.);
#3330=EDGE_CURVE('',#2548,#2547,#1992,.T.);
#3331=EDGE_CURVE('',#2548,#2491,#266,.T.);
#3332=EDGE_CURVE('',#2549,#2548,#1993,.T.);
#3333=EDGE_CURVE('',#2549,#2492,#267,.T.);
#3334=EDGE_CURVE('',#2550,#2549,#1994,.T.);
#3335=EDGE_CURVE('',#2550,#2493,#268,.T.);
#3336=EDGE_CURVE('',#2551,#2550,#1995,.T.);
#3337=EDGE_CURVE('',#2551,#2494,#269,.T.);
#3338=EDGE_CURVE('',#2552,#2551,#270,.T.);
#3339=EDGE_CURVE('',#2552,#2495,#271,.T.);
#3340=EDGE_CURVE('',#2553,#2552,#1996,.T.);
#3341=EDGE_CURVE('',#2553,#2496,#272,.T.);
#3342=EDGE_CURVE('',#2554,#2553,#1997,.T.);
#3343=EDGE_CURVE('',#2554,#2497,#273,.T.);
#3344=EDGE_CURVE('',#2555,#2554,#1998,.T.);
#3345=EDGE_CURVE('',#2555,#2498,#274,.T.);
#3346=EDGE_CURVE('',#2556,#2555,#1999,.T.);
#3347=EDGE_CURVE('',#2556,#2499,#275,.T.);
#3348=EDGE_CURVE('',#2557,#2556,#2000,.T.);
#3349=EDGE_CURVE('',#2557,#2500,#276,.T.);
#3350=EDGE_CURVE('',#2558,#2557,#2001,.T.);
#3351=EDGE_CURVE('',#2558,#2501,#277,.T.);
#3352=EDGE_CURVE('',#2559,#2558,#2002,.T.);
#3353=EDGE_CURVE('',#2559,#2502,#278,.T.);
#3354=EDGE_CURVE('',#2560,#2559,#2003,.T.);
#3355=EDGE_CURVE('',#2560,#2503,#279,.T.);
#3356=EDGE_CURVE('',#2561,#2560,#2004,.T.);
#3357=EDGE_CURVE('',#2561,#2504,#280,.T.);
#3358=EDGE_CURVE('',#2562,#2561,#2005,.T.);
#3359=EDGE_CURVE('',#2562,#2505,#281,.T.);
#3360=EDGE_CURVE('',#2563,#2562,#2006,.T.);
#3361=EDGE_CURVE('',#2563,#2506,#282,.T.);
#3362=EDGE_CURVE('',#2564,#2563,#2007,.T.);
#3363=EDGE_CURVE('',#2564,#2507,#283,.T.);
#3364=EDGE_CURVE('',#2565,#2564,#2008,.T.);
#3365=EDGE_CURVE('',#2565,#2508,#284,.T.);
#3366=EDGE_CURVE('',#2566,#2565,#2009,.T.);
#3367=EDGE_CURVE('',#2566,#2509,#285,.T.);
#3368=EDGE_CURVE('',#2567,#2566,#2010,.T.);
#3369=EDGE_CURVE('',#2567,#2510,#286,.T.);
#3370=EDGE_CURVE('',#2568,#2567,#2011,.T.);
#3371=EDGE_CURVE('',#2568,#2511,#287,.T.);
#3372=EDGE_CURVE('',#2569,#2568,#2012,.T.);
#3373=EDGE_CURVE('',#2569,#2512,#288,.T.);
#3374=EDGE_CURVE('',#2570,#2569,#2013,.T.);
#3375=EDGE_CURVE('',#2570,#2513,#289,.T.);
#3376=EDGE_CURVE('',#2571,#2570,#2014,.T.);
#3377=EDGE_CURVE('',#2571,#2514,#290,.T.);
#3378=EDGE_CURVE('',#2572,#2571,#2015,.T.);
#3379=EDGE_CURVE('',#2572,#2515,#291,.T.);
#3380=EDGE_CURVE('',#2573,#2572,#2016,.T.);
#3381=EDGE_CURVE('',#2573,#2516,#292,.T.);
#3382=EDGE_CURVE('',#2574,#2573,#2017,.T.);
#3383=EDGE_CURVE('',#2574,#2517,#293,.T.);
#3384=EDGE_CURVE('',#2575,#2574,#2018,.T.);
#3385=EDGE_CURVE('',#2575,#2518,#294,.T.);
#3386=EDGE_CURVE('',#2576,#2575,#2019,.T.);
#3387=EDGE_CURVE('',#2576,#2519,#295,.T.);
#3388=EDGE_CURVE('',#2521,#2576,#2020,.T.);
#3389=EDGE_CURVE('',#2577,#2578,#2021,.T.);
#3390=EDGE_CURVE('',#2579,#2577,#2022,.T.);
#3391=EDGE_CURVE('',#2580,#2579,#2023,.T.);
#3392=EDGE_CURVE('',#2581,#2580,#2024,.T.);
#3393=EDGE_CURVE('',#2582,#2581,#2025,.T.);
#3394=EDGE_CURVE('',#2583,#2582,#2026,.T.);
#3395=EDGE_CURVE('',#2584,#2583,#2027,.T.);
#3396=EDGE_CURVE('',#2585,#2584,#2028,.T.);
#3397=EDGE_CURVE('',#2586,#2585,#2029,.T.);
#3398=EDGE_CURVE('',#2587,#2586,#2030,.T.);
#3399=EDGE_CURVE('',#2588,#2587,#296,.T.);
#3400=EDGE_CURVE('',#2589,#2588,#2031,.T.);
#3401=EDGE_CURVE('',#2590,#2589,#2032,.T.);
#3402=EDGE_CURVE('',#2591,#2590,#2033,.T.);
#3403=EDGE_CURVE('',#2592,#2591,#2034,.T.);
#3404=EDGE_CURVE('',#2593,#2592,#2035,.T.);
#3405=EDGE_CURVE('',#2578,#2593,#2036,.T.);
#3406=EDGE_CURVE('',#2594,#2595,#2037,.T.);
#3407=EDGE_CURVE('',#2594,#2577,#297,.T.);
#3408=EDGE_CURVE('',#2595,#2578,#298,.T.);
#3409=EDGE_CURVE('',#2596,#2594,#2038,.T.);
#3410=EDGE_CURVE('',#2596,#2579,#299,.T.);
#3411=EDGE_CURVE('',#2597,#2596,#2039,.T.);
#3412=EDGE_CURVE('',#2597,#2580,#300,.T.);
#3413=EDGE_CURVE('',#2598,#2597,#2040,.T.);
#3414=EDGE_CURVE('',#2598,#2581,#301,.T.);
#3415=EDGE_CURVE('',#2599,#2598,#2041,.T.);
#3416=EDGE_CURVE('',#2599,#2582,#302,.T.);
#3417=EDGE_CURVE('',#2600,#2599,#2042,.T.);
#3418=EDGE_CURVE('',#2600,#2583,#303,.T.);
#3419=EDGE_CURVE('',#2601,#2600,#2043,.T.);
#3420=EDGE_CURVE('',#2601,#2584,#304,.T.);
#3421=EDGE_CURVE('',#2602,#2601,#2044,.T.);
#3422=EDGE_CURVE('',#2602,#2585,#305,.T.);
#3423=EDGE_CURVE('',#2603,#2602,#2045,.T.);
#3424=EDGE_CURVE('',#2603,#2586,#306,.T.);
#3425=EDGE_CURVE('',#2604,#2603,#2046,.T.);
#3426=EDGE_CURVE('',#2604,#2587,#307,.T.);
#3427=EDGE_CURVE('',#2605,#2604,#308,.T.);
#3428=EDGE_CURVE('',#2605,#2588,#309,.T.);
#3429=EDGE_CURVE('',#2606,#2605,#2047,.T.);
#3430=EDGE_CURVE('',#2606,#2589,#310,.T.);
#3431=EDGE_CURVE('',#2607,#2606,#2048,.T.);
#3432=EDGE_CURVE('',#2607,#2590,#311,.T.);
#3433=EDGE_CURVE('',#2608,#2607,#2049,.T.);
#3434=EDGE_CURVE('',#2608,#2591,#312,.T.);
#3435=EDGE_CURVE('',#2609,#2608,#2050,.T.);
#3436=EDGE_CURVE('',#2609,#2592,#313,.T.);
#3437=EDGE_CURVE('',#2610,#2609,#2051,.T.);
#3438=EDGE_CURVE('',#2610,#2593,#314,.T.);
#3439=EDGE_CURVE('',#2595,#2610,#2052,.T.);
#3440=EDGE_CURVE('',#2611,#2612,#2053,.T.);
#3441=EDGE_CURVE('',#2613,#2611,#2054,.T.);
#3442=EDGE_CURVE('',#2614,#2613,#2055,.T.);
#3443=EDGE_CURVE('',#2615,#2614,#2056,.T.);
#3444=EDGE_CURVE('',#2616,#2615,#2057,.T.);
#3445=EDGE_CURVE('',#2612,#2616,#2058,.T.);
#3446=EDGE_CURVE('',#2617,#2618,#2059,.T.);
#3447=EDGE_CURVE('',#2617,#2611,#315,.T.);
#3448=EDGE_CURVE('',#2618,#2612,#316,.T.);
#3449=EDGE_CURVE('',#2619,#2617,#2060,.T.);
#3450=EDGE_CURVE('',#2619,#2613,#317,.T.);
#3451=EDGE_CURVE('',#2620,#2619,#2061,.T.);
#3452=EDGE_CURVE('',#2620,#2614,#318,.T.);
#3453=EDGE_CURVE('',#2621,#2620,#2062,.T.);
#3454=EDGE_CURVE('',#2621,#2615,#319,.T.);
#3455=EDGE_CURVE('',#2622,#2621,#2063,.T.);
#3456=EDGE_CURVE('',#2622,#2616,#320,.T.);
#3457=EDGE_CURVE('',#2618,#2622,#2064,.T.);
#3458=EDGE_CURVE('',#2623,#2624,#2065,.T.);
#3459=EDGE_CURVE('',#2625,#2623,#2066,.T.);
#3460=EDGE_CURVE('',#2626,#2625,#2067,.T.);
#3461=EDGE_CURVE('',#2627,#2626,#2068,.T.);
#3462=EDGE_CURVE('',#2628,#2627,#2069,.T.);
#3463=EDGE_CURVE('',#2629,#2628,#2070,.T.);
#3464=EDGE_CURVE('',#2630,#2629,#2071,.T.);
#3465=EDGE_CURVE('',#2631,#2630,#2072,.T.);
#3466=EDGE_CURVE('',#2632,#2631,#2073,.T.);
#3467=EDGE_CURVE('',#2633,#2632,#2074,.T.);
#3468=EDGE_CURVE('',#2634,#2633,#321,.T.);
#3469=EDGE_CURVE('',#2635,#2634,#2075,.T.);
#3470=EDGE_CURVE('',#2636,#2635,#2076,.T.);
#3471=EDGE_CURVE('',#2637,#2636,#2077,.T.);
#3472=EDGE_CURVE('',#2638,#2637,#2078,.T.);
#3473=EDGE_CURVE('',#2639,#2638,#2079,.T.);
#3474=EDGE_CURVE('',#2624,#2639,#2080,.T.);
#3475=EDGE_CURVE('',#2640,#2641,#2081,.T.);
#3476=EDGE_CURVE('',#2640,#2623,#322,.T.);
#3477=EDGE_CURVE('',#2641,#2624,#323,.T.);
#3478=EDGE_CURVE('',#2642,#2640,#2082,.T.);
#3479=EDGE_CURVE('',#2642,#2625,#324,.T.);
#3480=EDGE_CURVE('',#2643,#2642,#2083,.T.);
#3481=EDGE_CURVE('',#2643,#2626,#325,.T.);
#3482=EDGE_CURVE('',#2644,#2643,#2084,.T.);
#3483=EDGE_CURVE('',#2644,#2627,#326,.T.);
#3484=EDGE_CURVE('',#2645,#2644,#2085,.T.);
#3485=EDGE_CURVE('',#2645,#2628,#327,.T.);
#3486=EDGE_CURVE('',#2646,#2645,#2086,.T.);
#3487=EDGE_CURVE('',#2646,#2629,#328,.T.);
#3488=EDGE_CURVE('',#2647,#2646,#2087,.T.);
#3489=EDGE_CURVE('',#2647,#2630,#329,.T.);
#3490=EDGE_CURVE('',#2648,#2647,#2088,.T.);
#3491=EDGE_CURVE('',#2648,#2631,#330,.T.);
#3492=EDGE_CURVE('',#2649,#2648,#2089,.T.);
#3493=EDGE_CURVE('',#2649,#2632,#331,.T.);
#3494=EDGE_CURVE('',#2650,#2649,#2090,.T.);
#3495=EDGE_CURVE('',#2650,#2633,#332,.T.);
#3496=EDGE_CURVE('',#2651,#2650,#333,.T.);
#3497=EDGE_CURVE('',#2651,#2634,#334,.T.);
#3498=EDGE_CURVE('',#2652,#2651,#2091,.T.);
#3499=EDGE_CURVE('',#2652,#2635,#335,.T.);
#3500=EDGE_CURVE('',#2653,#2652,#2092,.T.);
#3501=EDGE_CURVE('',#2653,#2636,#336,.T.);
#3502=EDGE_CURVE('',#2654,#2653,#2093,.T.);
#3503=EDGE_CURVE('',#2654,#2637,#337,.T.);
#3504=EDGE_CURVE('',#2655,#2654,#2094,.T.);
#3505=EDGE_CURVE('',#2655,#2638,#338,.T.);
#3506=EDGE_CURVE('',#2656,#2655,#2095,.T.);
#3507=EDGE_CURVE('',#2656,#2639,#339,.T.);
#3508=EDGE_CURVE('',#2641,#2656,#2096,.T.);
#3509=EDGE_CURVE('',#2657,#2657,#15,.T.);
#3510=EDGE_CURVE('',#2657,#2658,#340,.T.);
#3511=EDGE_CURVE('',#2658,#2658,#16,.T.);
#3512=EDGE_CURVE('',#2659,#2659,#17,.T.);
#3513=EDGE_CURVE('',#2659,#2660,#341,.T.);
#3514=EDGE_CURVE('',#2660,#2660,#18,.T.);
#3515=EDGE_CURVE('',#2661,#2662,#342,.T.);
#3516=EDGE_CURVE('',#2662,#2663,#343,.T.);
#3517=EDGE_CURVE('',#2664,#2663,#344,.T.);
#3518=EDGE_CURVE('',#2661,#2664,#345,.T.);
#3519=EDGE_CURVE('',#2665,#2661,#346,.T.);
#3520=EDGE_CURVE('',#2666,#2664,#347,.T.);
#3521=EDGE_CURVE('',#2665,#2666,#348,.T.);
#3522=EDGE_CURVE('',#2667,#2665,#349,.T.);
#3523=EDGE_CURVE('',#2668,#2666,#350,.T.);
#3524=EDGE_CURVE('',#2667,#2668,#351,.T.);
#3525=EDGE_CURVE('',#2662,#2667,#352,.T.);
#3526=EDGE_CURVE('',#2663,#2668,#353,.T.);
#3527=ORIENTED_EDGE('',*,*,#2669,.F.);
#3528=ORIENTED_EDGE('',*,*,#2670,.F.);
#3529=ORIENTED_EDGE('',*,*,#2671,.F.);
#3530=ORIENTED_EDGE('',*,*,#2672,.F.);
#3531=ORIENTED_EDGE('',*,*,#2673,.F.);
#3532=ORIENTED_EDGE('',*,*,#2674,.F.);
#3533=ORIENTED_EDGE('',*,*,#2675,.F.);
#3534=ORIENTED_EDGE('',*,*,#2676,.T.);
#3535=ORIENTED_EDGE('',*,*,#2669,.T.);
#3536=ORIENTED_EDGE('',*,*,#2677,.F.);
#3537=ORIENTED_EDGE('',*,*,#2678,.F.);
#3538=ORIENTED_EDGE('',*,*,#2679,.T.);
#3539=ORIENTED_EDGE('',*,*,#2670,.T.);
#3540=ORIENTED_EDGE('',*,*,#2676,.F.);
#3541=ORIENTED_EDGE('',*,*,#2680,.F.);
#3542=ORIENTED_EDGE('',*,*,#2681,.T.);
#3543=ORIENTED_EDGE('',*,*,#2671,.T.);
#3544=ORIENTED_EDGE('',*,*,#2679,.F.);
#3545=ORIENTED_EDGE('',*,*,#2682,.F.);
#3546=ORIENTED_EDGE('',*,*,#2683,.T.);
#3547=ORIENTED_EDGE('',*,*,#2672,.T.);
#3548=ORIENTED_EDGE('',*,*,#2681,.F.);
#3549=ORIENTED_EDGE('',*,*,#2684,.F.);
#3550=ORIENTED_EDGE('',*,*,#2685,.T.);
#3551=ORIENTED_EDGE('',*,*,#2673,.T.);
#3552=ORIENTED_EDGE('',*,*,#2683,.F.);
#3553=ORIENTED_EDGE('',*,*,#2686,.F.);
#3554=ORIENTED_EDGE('',*,*,#2677,.T.);
#3555=ORIENTED_EDGE('',*,*,#2674,.T.);
#3556=ORIENTED_EDGE('',*,*,#2685,.F.);
#3557=ORIENTED_EDGE('',*,*,#2687,.F.);
#3558=ORIENTED_EDGE('',*,*,#2688,.F.);
#3559=ORIENTED_EDGE('',*,*,#2689,.F.);
#3560=ORIENTED_EDGE('',*,*,#2690,.F.);
#3561=ORIENTED_EDGE('',*,*,#2691,.F.);
#3562=ORIENTED_EDGE('',*,*,#2692,.F.);
#3563=ORIENTED_EDGE('',*,*,#2693,.F.);
#3564=ORIENTED_EDGE('',*,*,#2694,.F.);
#3565=ORIENTED_EDGE('',*,*,#2695,.F.);
#3566=ORIENTED_EDGE('',*,*,#2696,.F.);
#3567=ORIENTED_EDGE('',*,*,#2697,.F.);
#3568=ORIENTED_EDGE('',*,*,#2698,.F.);
#3569=ORIENTED_EDGE('',*,*,#2699,.F.);
#3570=ORIENTED_EDGE('',*,*,#2700,.F.);
#3571=ORIENTED_EDGE('',*,*,#2701,.F.);
#3572=ORIENTED_EDGE('',*,*,#2702,.F.);
#3573=ORIENTED_EDGE('',*,*,#2703,.F.);
#3574=ORIENTED_EDGE('',*,*,#2704,.F.);
#3575=ORIENTED_EDGE('',*,*,#2705,.F.);
#3576=ORIENTED_EDGE('',*,*,#2706,.F.);
#3577=ORIENTED_EDGE('',*,*,#2707,.F.);
#3578=ORIENTED_EDGE('',*,*,#2708,.F.);
#3579=ORIENTED_EDGE('',*,*,#2709,.F.);
#3580=ORIENTED_EDGE('',*,*,#2710,.F.);
#3581=ORIENTED_EDGE('',*,*,#2711,.F.);
#3582=ORIENTED_EDGE('',*,*,#2712,.F.);
#3583=ORIENTED_EDGE('',*,*,#2713,.F.);
#3584=ORIENTED_EDGE('',*,*,#2714,.F.);
#3585=ORIENTED_EDGE('',*,*,#2715,.T.);
#3586=ORIENTED_EDGE('',*,*,#2687,.T.);
#3587=ORIENTED_EDGE('',*,*,#2716,.F.);
#3588=ORIENTED_EDGE('',*,*,#2717,.F.);
#3589=ORIENTED_EDGE('',*,*,#2718,.T.);
#3590=ORIENTED_EDGE('',*,*,#2688,.T.);
#3591=ORIENTED_EDGE('',*,*,#2715,.F.);
#3592=ORIENTED_EDGE('',*,*,#2719,.F.);
#3593=ORIENTED_EDGE('',*,*,#2720,.T.);
#3594=ORIENTED_EDGE('',*,*,#2689,.T.);
#3595=ORIENTED_EDGE('',*,*,#2718,.F.);
#3596=ORIENTED_EDGE('',*,*,#2721,.F.);
#3597=ORIENTED_EDGE('',*,*,#2722,.T.);
#3598=ORIENTED_EDGE('',*,*,#2690,.T.);
#3599=ORIENTED_EDGE('',*,*,#2720,.F.);
#3600=ORIENTED_EDGE('',*,*,#2723,.F.);
#3601=ORIENTED_EDGE('',*,*,#2724,.T.);
#3602=ORIENTED_EDGE('',*,*,#2691,.T.);
#3603=ORIENTED_EDGE('',*,*,#2722,.F.);
#3604=ORIENTED_EDGE('',*,*,#2725,.F.);
#3605=ORIENTED_EDGE('',*,*,#2726,.T.);
#3606=ORIENTED_EDGE('',*,*,#2692,.T.);
#3607=ORIENTED_EDGE('',*,*,#2724,.F.);
#3608=ORIENTED_EDGE('',*,*,#2727,.F.);
#3609=ORIENTED_EDGE('',*,*,#2728,.T.);
#3610=ORIENTED_EDGE('',*,*,#2693,.T.);
#3611=ORIENTED_EDGE('',*,*,#2726,.F.);
#3612=ORIENTED_EDGE('',*,*,#2729,.F.);
#3613=ORIENTED_EDGE('',*,*,#2730,.T.);
#3614=ORIENTED_EDGE('',*,*,#2694,.T.);
#3615=ORIENTED_EDGE('',*,*,#2728,.F.);
#3616=ORIENTED_EDGE('',*,*,#2731,.F.);
#3617=ORIENTED_EDGE('',*,*,#2732,.T.);
#3618=ORIENTED_EDGE('',*,*,#2695,.T.);
#3619=ORIENTED_EDGE('',*,*,#2730,.F.);
#3620=ORIENTED_EDGE('',*,*,#2733,.F.);
#3621=ORIENTED_EDGE('',*,*,#2734,.T.);
#3622=ORIENTED_EDGE('',*,*,#2696,.T.);
#3623=ORIENTED_EDGE('',*,*,#2732,.F.);
#3624=ORIENTED_EDGE('',*,*,#2735,.F.);
#3625=ORIENTED_EDGE('',*,*,#2736,.T.);
#3626=ORIENTED_EDGE('',*,*,#2697,.T.);
#3627=ORIENTED_EDGE('',*,*,#2734,.F.);
#3628=ORIENTED_EDGE('',*,*,#2737,.F.);
#3629=ORIENTED_EDGE('',*,*,#2738,.T.);
#3630=ORIENTED_EDGE('',*,*,#2698,.T.);
#3631=ORIENTED_EDGE('',*,*,#2736,.F.);
#3632=ORIENTED_EDGE('',*,*,#2739,.F.);
#3633=ORIENTED_EDGE('',*,*,#2740,.T.);
#3634=ORIENTED_EDGE('',*,*,#2699,.T.);
#3635=ORIENTED_EDGE('',*,*,#2738,.F.);
#3636=ORIENTED_EDGE('',*,*,#2741,.F.);
#3637=ORIENTED_EDGE('',*,*,#2742,.T.);
#3638=ORIENTED_EDGE('',*,*,#2700,.T.);
#3639=ORIENTED_EDGE('',*,*,#2740,.F.);
#3640=ORIENTED_EDGE('',*,*,#2743,.F.);
#3641=ORIENTED_EDGE('',*,*,#2744,.T.);
#3642=ORIENTED_EDGE('',*,*,#2701,.T.);
#3643=ORIENTED_EDGE('',*,*,#2742,.F.);
#3644=ORIENTED_EDGE('',*,*,#2745,.F.);
#3645=ORIENTED_EDGE('',*,*,#2746,.T.);
#3646=ORIENTED_EDGE('',*,*,#2702,.T.);
#3647=ORIENTED_EDGE('',*,*,#2744,.F.);
#3648=ORIENTED_EDGE('',*,*,#2747,.F.);
#3649=ORIENTED_EDGE('',*,*,#2748,.T.);
#3650=ORIENTED_EDGE('',*,*,#2703,.T.);
#3651=ORIENTED_EDGE('',*,*,#2746,.F.);
#3652=ORIENTED_EDGE('',*,*,#2749,.F.);
#3653=ORIENTED_EDGE('',*,*,#2750,.T.);
#3654=ORIENTED_EDGE('',*,*,#2704,.T.);
#3655=ORIENTED_EDGE('',*,*,#2748,.F.);
#3656=ORIENTED_EDGE('',*,*,#2751,.F.);
#3657=ORIENTED_EDGE('',*,*,#2752,.T.);
#3658=ORIENTED_EDGE('',*,*,#2705,.T.);
#3659=ORIENTED_EDGE('',*,*,#2750,.F.);
#3660=ORIENTED_EDGE('',*,*,#2753,.F.);
#3661=ORIENTED_EDGE('',*,*,#2754,.T.);
#3662=ORIENTED_EDGE('',*,*,#2706,.T.);
#3663=ORIENTED_EDGE('',*,*,#2752,.F.);
#3664=ORIENTED_EDGE('',*,*,#2755,.F.);
#3665=ORIENTED_EDGE('',*,*,#2756,.T.);
#3666=ORIENTED_EDGE('',*,*,#2707,.T.);
#3667=ORIENTED_EDGE('',*,*,#2754,.F.);
#3668=ORIENTED_EDGE('',*,*,#2757,.F.);
#3669=ORIENTED_EDGE('',*,*,#2758,.T.);
#3670=ORIENTED_EDGE('',*,*,#2708,.T.);
#3671=ORIENTED_EDGE('',*,*,#2756,.F.);
#3672=ORIENTED_EDGE('',*,*,#2759,.F.);
#3673=ORIENTED_EDGE('',*,*,#2760,.T.);
#3674=ORIENTED_EDGE('',*,*,#2709,.T.);
#3675=ORIENTED_EDGE('',*,*,#2758,.F.);
#3676=ORIENTED_EDGE('',*,*,#2761,.F.);
#3677=ORIENTED_EDGE('',*,*,#2762,.T.);
#3678=ORIENTED_EDGE('',*,*,#2710,.T.);
#3679=ORIENTED_EDGE('',*,*,#2760,.F.);
#3680=ORIENTED_EDGE('',*,*,#2763,.F.);
#3681=ORIENTED_EDGE('',*,*,#2764,.T.);
#3682=ORIENTED_EDGE('',*,*,#2711,.T.);
#3683=ORIENTED_EDGE('',*,*,#2762,.F.);
#3684=ORIENTED_EDGE('',*,*,#2765,.F.);
#3685=ORIENTED_EDGE('',*,*,#2766,.T.);
#3686=ORIENTED_EDGE('',*,*,#2712,.T.);
#3687=ORIENTED_EDGE('',*,*,#2764,.F.);
#3688=ORIENTED_EDGE('',*,*,#2767,.F.);
#3689=ORIENTED_EDGE('',*,*,#2716,.T.);
#3690=ORIENTED_EDGE('',*,*,#2713,.T.);
#3691=ORIENTED_EDGE('',*,*,#2766,.F.);
#3692=ORIENTED_EDGE('',*,*,#2768,.F.);
#3693=ORIENTED_EDGE('',*,*,#2769,.F.);
#3694=ORIENTED_EDGE('',*,*,#2770,.F.);
#3695=ORIENTED_EDGE('',*,*,#2771,.F.);
#3696=ORIENTED_EDGE('',*,*,#2772,.F.);
#3697=ORIENTED_EDGE('',*,*,#2773,.F.);
#3698=ORIENTED_EDGE('',*,*,#2774,.F.);
#3699=ORIENTED_EDGE('',*,*,#2775,.F.);
#3700=ORIENTED_EDGE('',*,*,#2776,.F.);
#3701=ORIENTED_EDGE('',*,*,#2777,.F.);
#3702=ORIENTED_EDGE('',*,*,#2778,.F.);
#3703=ORIENTED_EDGE('',*,*,#2779,.F.);
#3704=ORIENTED_EDGE('',*,*,#2780,.F.);
#3705=ORIENTED_EDGE('',*,*,#2781,.F.);
#3706=ORIENTED_EDGE('',*,*,#2782,.F.);
#3707=ORIENTED_EDGE('',*,*,#2783,.F.);
#3708=ORIENTED_EDGE('',*,*,#2784,.F.);
#3709=ORIENTED_EDGE('',*,*,#2785,.F.);
#3710=ORIENTED_EDGE('',*,*,#2786,.F.);
#3711=ORIENTED_EDGE('',*,*,#2787,.F.);
#3712=ORIENTED_EDGE('',*,*,#2788,.F.);
#3713=ORIENTED_EDGE('',*,*,#2789,.F.);
#3714=ORIENTED_EDGE('',*,*,#2790,.F.);
#3715=ORIENTED_EDGE('',*,*,#2791,.F.);
#3716=ORIENTED_EDGE('',*,*,#2792,.F.);
#3717=ORIENTED_EDGE('',*,*,#2793,.T.);
#3718=ORIENTED_EDGE('',*,*,#2768,.T.);
#3719=ORIENTED_EDGE('',*,*,#2794,.F.);
#3720=ORIENTED_EDGE('',*,*,#2795,.F.);
#3721=ORIENTED_EDGE('',*,*,#2796,.T.);
#3722=ORIENTED_EDGE('',*,*,#2769,.T.);
#3723=ORIENTED_EDGE('',*,*,#2793,.F.);
#3724=ORIENTED_EDGE('',*,*,#2797,.F.);
#3725=ORIENTED_EDGE('',*,*,#2798,.T.);
#3726=ORIENTED_EDGE('',*,*,#2770,.T.);
#3727=ORIENTED_EDGE('',*,*,#2796,.F.);
#3728=ORIENTED_EDGE('',*,*,#2799,.F.);
#3729=ORIENTED_EDGE('',*,*,#2800,.T.);
#3730=ORIENTED_EDGE('',*,*,#2771,.T.);
#3731=ORIENTED_EDGE('',*,*,#2798,.F.);
#3732=ORIENTED_EDGE('',*,*,#2801,.F.);
#3733=ORIENTED_EDGE('',*,*,#2802,.T.);
#3734=ORIENTED_EDGE('',*,*,#2772,.T.);
#3735=ORIENTED_EDGE('',*,*,#2800,.F.);
#3736=ORIENTED_EDGE('',*,*,#2803,.F.);
#3737=ORIENTED_EDGE('',*,*,#2804,.T.);
#3738=ORIENTED_EDGE('',*,*,#2773,.T.);
#3739=ORIENTED_EDGE('',*,*,#2802,.F.);
#3740=ORIENTED_EDGE('',*,*,#2805,.F.);
#3741=ORIENTED_EDGE('',*,*,#2806,.T.);
#3742=ORIENTED_EDGE('',*,*,#2774,.T.);
#3743=ORIENTED_EDGE('',*,*,#2804,.F.);
#3744=ORIENTED_EDGE('',*,*,#2807,.F.);
#3745=ORIENTED_EDGE('',*,*,#2808,.T.);
#3746=ORIENTED_EDGE('',*,*,#2775,.T.);
#3747=ORIENTED_EDGE('',*,*,#2806,.F.);
#3748=ORIENTED_EDGE('',*,*,#2809,.F.);
#3749=ORIENTED_EDGE('',*,*,#2810,.T.);
#3750=ORIENTED_EDGE('',*,*,#2776,.T.);
#3751=ORIENTED_EDGE('',*,*,#2808,.F.);
#3752=ORIENTED_EDGE('',*,*,#2811,.F.);
#3753=ORIENTED_EDGE('',*,*,#2812,.T.);
#3754=ORIENTED_EDGE('',*,*,#2777,.T.);
#3755=ORIENTED_EDGE('',*,*,#2810,.F.);
#3756=ORIENTED_EDGE('',*,*,#2813,.F.);
#3757=ORIENTED_EDGE('',*,*,#2814,.T.);
#3758=ORIENTED_EDGE('',*,*,#2778,.T.);
#3759=ORIENTED_EDGE('',*,*,#2812,.F.);
#3760=ORIENTED_EDGE('',*,*,#2815,.F.);
#3761=ORIENTED_EDGE('',*,*,#2816,.T.);
#3762=ORIENTED_EDGE('',*,*,#2779,.T.);
#3763=ORIENTED_EDGE('',*,*,#2814,.F.);
#3764=ORIENTED_EDGE('',*,*,#2817,.F.);
#3765=ORIENTED_EDGE('',*,*,#2818,.T.);
#3766=ORIENTED_EDGE('',*,*,#2780,.T.);
#3767=ORIENTED_EDGE('',*,*,#2816,.F.);
#3768=ORIENTED_EDGE('',*,*,#2819,.F.);
#3769=ORIENTED_EDGE('',*,*,#2820,.T.);
#3770=ORIENTED_EDGE('',*,*,#2781,.T.);
#3771=ORIENTED_EDGE('',*,*,#2818,.F.);
#3772=ORIENTED_EDGE('',*,*,#2821,.F.);
#3773=ORIENTED_EDGE('',*,*,#2822,.T.);
#3774=ORIENTED_EDGE('',*,*,#2782,.T.);
#3775=ORIENTED_EDGE('',*,*,#2820,.F.);
#3776=ORIENTED_EDGE('',*,*,#2823,.F.);
#3777=ORIENTED_EDGE('',*,*,#2824,.T.);
#3778=ORIENTED_EDGE('',*,*,#2783,.T.);
#3779=ORIENTED_EDGE('',*,*,#2822,.F.);
#3780=ORIENTED_EDGE('',*,*,#2825,.F.);
#3781=ORIENTED_EDGE('',*,*,#2794,.T.);
#3782=ORIENTED_EDGE('',*,*,#2784,.T.);
#3783=ORIENTED_EDGE('',*,*,#2824,.F.);
#3784=ORIENTED_EDGE('',*,*,#2826,.F.);
#3785=ORIENTED_EDGE('',*,*,#2827,.T.);
#3786=ORIENTED_EDGE('',*,*,#2785,.T.);
#3787=ORIENTED_EDGE('',*,*,#2828,.F.);
#3788=ORIENTED_EDGE('',*,*,#2829,.F.);
#3789=ORIENTED_EDGE('',*,*,#2830,.T.);
#3790=ORIENTED_EDGE('',*,*,#2786,.T.);
#3791=ORIENTED_EDGE('',*,*,#2827,.F.);
#3792=ORIENTED_EDGE('',*,*,#2831,.F.);
#3793=ORIENTED_EDGE('',*,*,#2832,.T.);
#3794=ORIENTED_EDGE('',*,*,#2787,.T.);
#3795=ORIENTED_EDGE('',*,*,#2830,.F.);
#3796=ORIENTED_EDGE('',*,*,#2833,.F.);
#3797=ORIENTED_EDGE('',*,*,#2834,.T.);
#3798=ORIENTED_EDGE('',*,*,#2788,.T.);
#3799=ORIENTED_EDGE('',*,*,#2832,.F.);
#3800=ORIENTED_EDGE('',*,*,#2835,.F.);
#3801=ORIENTED_EDGE('',*,*,#2836,.T.);
#3802=ORIENTED_EDGE('',*,*,#2789,.T.);
#3803=ORIENTED_EDGE('',*,*,#2834,.F.);
#3804=ORIENTED_EDGE('',*,*,#2837,.F.);
#3805=ORIENTED_EDGE('',*,*,#2838,.T.);
#3806=ORIENTED_EDGE('',*,*,#2790,.T.);
#3807=ORIENTED_EDGE('',*,*,#2836,.F.);
#3808=ORIENTED_EDGE('',*,*,#2839,.F.);
#3809=ORIENTED_EDGE('',*,*,#2828,.T.);
#3810=ORIENTED_EDGE('',*,*,#2791,.T.);
#3811=ORIENTED_EDGE('',*,*,#2838,.F.);
#3812=ORIENTED_EDGE('',*,*,#2826,.T.);
#3813=ORIENTED_EDGE('',*,*,#2839,.T.);
#3814=ORIENTED_EDGE('',*,*,#2837,.T.);
#3815=ORIENTED_EDGE('',*,*,#2835,.T.);
#3816=ORIENTED_EDGE('',*,*,#2833,.T.);
#3817=ORIENTED_EDGE('',*,*,#2831,.T.);
#3818=ORIENTED_EDGE('',*,*,#2829,.T.);
#3819=ORIENTED_EDGE('',*,*,#2840,.F.);
#3820=ORIENTED_EDGE('',*,*,#2841,.F.);
#3821=ORIENTED_EDGE('',*,*,#2842,.F.);
#3822=ORIENTED_EDGE('',*,*,#2843,.F.);
#3823=ORIENTED_EDGE('',*,*,#2844,.F.);
#3824=ORIENTED_EDGE('',*,*,#2845,.F.);
#3825=ORIENTED_EDGE('',*,*,#2846,.F.);
#3826=ORIENTED_EDGE('',*,*,#2847,.F.);
#3827=ORIENTED_EDGE('',*,*,#2848,.F.);
#3828=ORIENTED_EDGE('',*,*,#2849,.F.);
#3829=ORIENTED_EDGE('',*,*,#2850,.F.);
#3830=ORIENTED_EDGE('',*,*,#2851,.F.);
#3831=ORIENTED_EDGE('',*,*,#2852,.F.);
#3832=ORIENTED_EDGE('',*,*,#2853,.F.);
#3833=ORIENTED_EDGE('',*,*,#2854,.F.);
#3834=ORIENTED_EDGE('',*,*,#2855,.F.);
#3835=ORIENTED_EDGE('',*,*,#2856,.F.);
#3836=ORIENTED_EDGE('',*,*,#2857,.F.);
#3837=ORIENTED_EDGE('',*,*,#2858,.F.);
#3838=ORIENTED_EDGE('',*,*,#2859,.F.);
#3839=ORIENTED_EDGE('',*,*,#2860,.F.);
#3840=ORIENTED_EDGE('',*,*,#2861,.F.);
#3841=ORIENTED_EDGE('',*,*,#2862,.F.);
#3842=ORIENTED_EDGE('',*,*,#2863,.F.);
#3843=ORIENTED_EDGE('',*,*,#2864,.F.);
#3844=ORIENTED_EDGE('',*,*,#2865,.F.);
#3845=ORIENTED_EDGE('',*,*,#2866,.F.);
#3846=ORIENTED_EDGE('',*,*,#2867,.F.);
#3847=ORIENTED_EDGE('',*,*,#2868,.F.);
#3848=ORIENTED_EDGE('',*,*,#2869,.F.);
#3849=ORIENTED_EDGE('',*,*,#2870,.F.);
#3850=ORIENTED_EDGE('',*,*,#2871,.F.);
#3851=ORIENTED_EDGE('',*,*,#2872,.T.);
#3852=ORIENTED_EDGE('',*,*,#2840,.T.);
#3853=ORIENTED_EDGE('',*,*,#2873,.F.);
#3854=ORIENTED_EDGE('',*,*,#2874,.F.);
#3855=ORIENTED_EDGE('',*,*,#2875,.T.);
#3856=ORIENTED_EDGE('',*,*,#2841,.T.);
#3857=ORIENTED_EDGE('',*,*,#2872,.F.);
#3858=ORIENTED_EDGE('',*,*,#2876,.F.);
#3859=ORIENTED_EDGE('',*,*,#2877,.T.);
#3860=ORIENTED_EDGE('',*,*,#2842,.T.);
#3861=ORIENTED_EDGE('',*,*,#2875,.F.);
#3862=ORIENTED_EDGE('',*,*,#2878,.F.);
#3863=ORIENTED_EDGE('',*,*,#2879,.T.);
#3864=ORIENTED_EDGE('',*,*,#2843,.T.);
#3865=ORIENTED_EDGE('',*,*,#2877,.F.);
#3866=ORIENTED_EDGE('',*,*,#2880,.F.);
#3867=ORIENTED_EDGE('',*,*,#2881,.T.);
#3868=ORIENTED_EDGE('',*,*,#2844,.T.);
#3869=ORIENTED_EDGE('',*,*,#2879,.F.);
#3870=ORIENTED_EDGE('',*,*,#2882,.F.);
#3871=ORIENTED_EDGE('',*,*,#2883,.T.);
#3872=ORIENTED_EDGE('',*,*,#2845,.T.);
#3873=ORIENTED_EDGE('',*,*,#2881,.F.);
#3874=ORIENTED_EDGE('',*,*,#2884,.F.);
#3875=ORIENTED_EDGE('',*,*,#2885,.T.);
#3876=ORIENTED_EDGE('',*,*,#2846,.T.);
#3877=ORIENTED_EDGE('',*,*,#2883,.F.);
#3878=ORIENTED_EDGE('',*,*,#2886,.F.);
#3879=ORIENTED_EDGE('',*,*,#2887,.T.);
#3880=ORIENTED_EDGE('',*,*,#2847,.T.);
#3881=ORIENTED_EDGE('',*,*,#2885,.F.);
#3882=ORIENTED_EDGE('',*,*,#2888,.F.);
#3883=ORIENTED_EDGE('',*,*,#2889,.T.);
#3884=ORIENTED_EDGE('',*,*,#2848,.T.);
#3885=ORIENTED_EDGE('',*,*,#2887,.F.);
#3886=ORIENTED_EDGE('',*,*,#2890,.F.);
#3887=ORIENTED_EDGE('',*,*,#2891,.T.);
#3888=ORIENTED_EDGE('',*,*,#2849,.T.);
#3889=ORIENTED_EDGE('',*,*,#2889,.F.);
#3890=ORIENTED_EDGE('',*,*,#2892,.F.);
#3891=ORIENTED_EDGE('',*,*,#2893,.T.);
#3892=ORIENTED_EDGE('',*,*,#2850,.T.);
#3893=ORIENTED_EDGE('',*,*,#2891,.F.);
#3894=ORIENTED_EDGE('',*,*,#2894,.F.);
#3895=ORIENTED_EDGE('',*,*,#2895,.T.);
#3896=ORIENTED_EDGE('',*,*,#2851,.T.);
#3897=ORIENTED_EDGE('',*,*,#2893,.F.);
#3898=ORIENTED_EDGE('',*,*,#2896,.F.);
#3899=ORIENTED_EDGE('',*,*,#2897,.T.);
#3900=ORIENTED_EDGE('',*,*,#2852,.T.);
#3901=ORIENTED_EDGE('',*,*,#2895,.F.);
#3902=ORIENTED_EDGE('',*,*,#2898,.F.);
#3903=ORIENTED_EDGE('',*,*,#2899,.T.);
#3904=ORIENTED_EDGE('',*,*,#2853,.T.);
#3905=ORIENTED_EDGE('',*,*,#2897,.F.);
#3906=ORIENTED_EDGE('',*,*,#2900,.F.);
#3907=ORIENTED_EDGE('',*,*,#2901,.T.);
#3908=ORIENTED_EDGE('',*,*,#2854,.T.);
#3909=ORIENTED_EDGE('',*,*,#2899,.F.);
#3910=ORIENTED_EDGE('',*,*,#2902,.F.);
#3911=ORIENTED_EDGE('',*,*,#2903,.T.);
#3912=ORIENTED_EDGE('',*,*,#2855,.T.);
#3913=ORIENTED_EDGE('',*,*,#2901,.F.);
#3914=ORIENTED_EDGE('',*,*,#2904,.F.);
#3915=ORIENTED_EDGE('',*,*,#2905,.T.);
#3916=ORIENTED_EDGE('',*,*,#2856,.T.);
#3917=ORIENTED_EDGE('',*,*,#2903,.F.);
#3918=ORIENTED_EDGE('',*,*,#2906,.F.);
#3919=ORIENTED_EDGE('',*,*,#2907,.T.);
#3920=ORIENTED_EDGE('',*,*,#2857,.T.);
#3921=ORIENTED_EDGE('',*,*,#2905,.F.);
#3922=ORIENTED_EDGE('',*,*,#2908,.F.);
#3923=ORIENTED_EDGE('',*,*,#2909,.T.);
#3924=ORIENTED_EDGE('',*,*,#2858,.T.);
#3925=ORIENTED_EDGE('',*,*,#2907,.F.);
#3926=ORIENTED_EDGE('',*,*,#2910,.F.);
#3927=ORIENTED_EDGE('',*,*,#2911,.T.);
#3928=ORIENTED_EDGE('',*,*,#2859,.T.);
#3929=ORIENTED_EDGE('',*,*,#2909,.F.);
#3930=ORIENTED_EDGE('',*,*,#2912,.F.);
#3931=ORIENTED_EDGE('',*,*,#2913,.T.);
#3932=ORIENTED_EDGE('',*,*,#2860,.T.);
#3933=ORIENTED_EDGE('',*,*,#2911,.F.);
#3934=ORIENTED_EDGE('',*,*,#2914,.F.);
#3935=ORIENTED_EDGE('',*,*,#2915,.T.);
#3936=ORIENTED_EDGE('',*,*,#2861,.T.);
#3937=ORIENTED_EDGE('',*,*,#2913,.F.);
#3938=ORIENTED_EDGE('',*,*,#2916,.F.);
#3939=ORIENTED_EDGE('',*,*,#2873,.T.);
#3940=ORIENTED_EDGE('',*,*,#2862,.T.);
#3941=ORIENTED_EDGE('',*,*,#2915,.F.);
#3942=ORIENTED_EDGE('',*,*,#2917,.F.);
#3943=ORIENTED_EDGE('',*,*,#2918,.T.);
#3944=ORIENTED_EDGE('',*,*,#2863,.T.);
#3945=ORIENTED_EDGE('',*,*,#2919,.F.);
#3946=ORIENTED_EDGE('',*,*,#2920,.F.);
#3947=ORIENTED_EDGE('',*,*,#2921,.T.);
#3948=ORIENTED_EDGE('',*,*,#2864,.T.);
#3949=ORIENTED_EDGE('',*,*,#2918,.F.);
#3950=ORIENTED_EDGE('',*,*,#2922,.F.);
#3951=ORIENTED_EDGE('',*,*,#2923,.T.);
#3952=ORIENTED_EDGE('',*,*,#2865,.T.);
#3953=ORIENTED_EDGE('',*,*,#2921,.F.);
#3954=ORIENTED_EDGE('',*,*,#2924,.F.);
#3955=ORIENTED_EDGE('',*,*,#2925,.T.);
#3956=ORIENTED_EDGE('',*,*,#2866,.T.);
#3957=ORIENTED_EDGE('',*,*,#2923,.F.);
#3958=ORIENTED_EDGE('',*,*,#2926,.F.);
#3959=ORIENTED_EDGE('',*,*,#2927,.T.);
#3960=ORIENTED_EDGE('',*,*,#2867,.T.);
#3961=ORIENTED_EDGE('',*,*,#2925,.F.);
#3962=ORIENTED_EDGE('',*,*,#2928,.F.);
#3963=ORIENTED_EDGE('',*,*,#2929,.T.);
#3964=ORIENTED_EDGE('',*,*,#2868,.T.);
#3965=ORIENTED_EDGE('',*,*,#2927,.F.);
#3966=ORIENTED_EDGE('',*,*,#2930,.F.);
#3967=ORIENTED_EDGE('',*,*,#2931,.T.);
#3968=ORIENTED_EDGE('',*,*,#2869,.T.);
#3969=ORIENTED_EDGE('',*,*,#2929,.F.);
#3970=ORIENTED_EDGE('',*,*,#2932,.F.);
#3971=ORIENTED_EDGE('',*,*,#2919,.T.);
#3972=ORIENTED_EDGE('',*,*,#2870,.T.);
#3973=ORIENTED_EDGE('',*,*,#2931,.F.);
#3974=ORIENTED_EDGE('',*,*,#2917,.T.);
#3975=ORIENTED_EDGE('',*,*,#2932,.T.);
#3976=ORIENTED_EDGE('',*,*,#2930,.T.);
#3977=ORIENTED_EDGE('',*,*,#2928,.T.);
#3978=ORIENTED_EDGE('',*,*,#2926,.T.);
#3979=ORIENTED_EDGE('',*,*,#2924,.T.);
#3980=ORIENTED_EDGE('',*,*,#2922,.T.);
#3981=ORIENTED_EDGE('',*,*,#2920,.T.);
#3982=ORIENTED_EDGE('',*,*,#2933,.F.);
#3983=ORIENTED_EDGE('',*,*,#2934,.F.);
#3984=ORIENTED_EDGE('',*,*,#2935,.F.);
#3985=ORIENTED_EDGE('',*,*,#2936,.F.);
#3986=ORIENTED_EDGE('',*,*,#2937,.F.);
#3987=ORIENTED_EDGE('',*,*,#2938,.F.);
#3988=ORIENTED_EDGE('',*,*,#2939,.F.);
#3989=ORIENTED_EDGE('',*,*,#2940,.F.);
#3990=ORIENTED_EDGE('',*,*,#2941,.F.);
#3991=ORIENTED_EDGE('',*,*,#2942,.F.);
#3992=ORIENTED_EDGE('',*,*,#2943,.F.);
#3993=ORIENTED_EDGE('',*,*,#2944,.F.);
#3994=ORIENTED_EDGE('',*,*,#2945,.F.);
#3995=ORIENTED_EDGE('',*,*,#2946,.F.);
#3996=ORIENTED_EDGE('',*,*,#2947,.F.);
#3997=ORIENTED_EDGE('',*,*,#2948,.F.);
#3998=ORIENTED_EDGE('',*,*,#2949,.F.);
#3999=ORIENTED_EDGE('',*,*,#2950,.F.);
#4000=ORIENTED_EDGE('',*,*,#2951,.F.);
#4001=ORIENTED_EDGE('',*,*,#2952,.F.);
#4002=ORIENTED_EDGE('',*,*,#2953,.F.);
#4003=ORIENTED_EDGE('',*,*,#2954,.F.);
#4004=ORIENTED_EDGE('',*,*,#2955,.F.);
#4005=ORIENTED_EDGE('',*,*,#2956,.F.);
#4006=ORIENTED_EDGE('',*,*,#2957,.F.);
#4007=ORIENTED_EDGE('',*,*,#2958,.F.);
#4008=ORIENTED_EDGE('',*,*,#2959,.F.);
#4009=ORIENTED_EDGE('',*,*,#2960,.T.);
#4010=ORIENTED_EDGE('',*,*,#2933,.T.);
#4011=ORIENTED_EDGE('',*,*,#2961,.F.);
#4012=ORIENTED_EDGE('',*,*,#2962,.F.);
#4013=ORIENTED_EDGE('',*,*,#2963,.T.);
#4014=ORIENTED_EDGE('',*,*,#2934,.T.);
#4015=ORIENTED_EDGE('',*,*,#2960,.F.);
#4016=ORIENTED_EDGE('',*,*,#2964,.F.);
#4017=ORIENTED_EDGE('',*,*,#2965,.T.);
#4018=ORIENTED_EDGE('',*,*,#2935,.T.);
#4019=ORIENTED_EDGE('',*,*,#2963,.F.);
#4020=ORIENTED_EDGE('',*,*,#2966,.F.);
#4021=ORIENTED_EDGE('',*,*,#2967,.T.);
#4022=ORIENTED_EDGE('',*,*,#2936,.T.);
#4023=ORIENTED_EDGE('',*,*,#2965,.F.);
#4024=ORIENTED_EDGE('',*,*,#2968,.F.);
#4025=ORIENTED_EDGE('',*,*,#2969,.T.);
#4026=ORIENTED_EDGE('',*,*,#2937,.T.);
#4027=ORIENTED_EDGE('',*,*,#2967,.F.);
#4028=ORIENTED_EDGE('',*,*,#2970,.F.);
#4029=ORIENTED_EDGE('',*,*,#2971,.T.);
#4030=ORIENTED_EDGE('',*,*,#2938,.T.);
#4031=ORIENTED_EDGE('',*,*,#2969,.F.);
#4032=ORIENTED_EDGE('',*,*,#2972,.F.);
#4033=ORIENTED_EDGE('',*,*,#2973,.T.);
#4034=ORIENTED_EDGE('',*,*,#2939,.T.);
#4035=ORIENTED_EDGE('',*,*,#2971,.F.);
#4036=ORIENTED_EDGE('',*,*,#2974,.F.);
#4037=ORIENTED_EDGE('',*,*,#2975,.T.);
#4038=ORIENTED_EDGE('',*,*,#2940,.T.);
#4039=ORIENTED_EDGE('',*,*,#2973,.F.);
#4040=ORIENTED_EDGE('',*,*,#2976,.F.);
#4041=ORIENTED_EDGE('',*,*,#2977,.T.);
#4042=ORIENTED_EDGE('',*,*,#2941,.T.);
#4043=ORIENTED_EDGE('',*,*,#2975,.F.);
#4044=ORIENTED_EDGE('',*,*,#2978,.F.);
#4045=ORIENTED_EDGE('',*,*,#2979,.T.);
#4046=ORIENTED_EDGE('',*,*,#2942,.T.);
#4047=ORIENTED_EDGE('',*,*,#2977,.F.);
#4048=ORIENTED_EDGE('',*,*,#2980,.F.);
#4049=ORIENTED_EDGE('',*,*,#2981,.T.);
#4050=ORIENTED_EDGE('',*,*,#2943,.T.);
#4051=ORIENTED_EDGE('',*,*,#2979,.F.);
#4052=ORIENTED_EDGE('',*,*,#2982,.F.);
#4053=ORIENTED_EDGE('',*,*,#2983,.T.);
#4054=ORIENTED_EDGE('',*,*,#2944,.T.);
#4055=ORIENTED_EDGE('',*,*,#2981,.F.);
#4056=ORIENTED_EDGE('',*,*,#2984,.F.);
#4057=ORIENTED_EDGE('',*,*,#2985,.T.);
#4058=ORIENTED_EDGE('',*,*,#2945,.T.);
#4059=ORIENTED_EDGE('',*,*,#2983,.F.);
#4060=ORIENTED_EDGE('',*,*,#2986,.F.);
#4061=ORIENTED_EDGE('',*,*,#2987,.T.);
#4062=ORIENTED_EDGE('',*,*,#2946,.T.);
#4063=ORIENTED_EDGE('',*,*,#2985,.F.);
#4064=ORIENTED_EDGE('',*,*,#2988,.F.);
#4065=ORIENTED_EDGE('',*,*,#2989,.T.);
#4066=ORIENTED_EDGE('',*,*,#2947,.T.);
#4067=ORIENTED_EDGE('',*,*,#2987,.F.);
#4068=ORIENTED_EDGE('',*,*,#2990,.F.);
#4069=ORIENTED_EDGE('',*,*,#2991,.T.);
#4070=ORIENTED_EDGE('',*,*,#2948,.T.);
#4071=ORIENTED_EDGE('',*,*,#2989,.F.);
#4072=ORIENTED_EDGE('',*,*,#2992,.F.);
#4073=ORIENTED_EDGE('',*,*,#2993,.T.);
#4074=ORIENTED_EDGE('',*,*,#2949,.T.);
#4075=ORIENTED_EDGE('',*,*,#2991,.F.);
#4076=ORIENTED_EDGE('',*,*,#2994,.F.);
#4077=ORIENTED_EDGE('',*,*,#2995,.T.);
#4078=ORIENTED_EDGE('',*,*,#2950,.T.);
#4079=ORIENTED_EDGE('',*,*,#2993,.F.);
#4080=ORIENTED_EDGE('',*,*,#2996,.F.);
#4081=ORIENTED_EDGE('',*,*,#2997,.T.);
#4082=ORIENTED_EDGE('',*,*,#2951,.T.);
#4083=ORIENTED_EDGE('',*,*,#2995,.F.);
#4084=ORIENTED_EDGE('',*,*,#2998,.F.);
#4085=ORIENTED_EDGE('',*,*,#2999,.T.);
#4086=ORIENTED_EDGE('',*,*,#2952,.T.);
#4087=ORIENTED_EDGE('',*,*,#2997,.F.);
#4088=ORIENTED_EDGE('',*,*,#3000,.F.);
#4089=ORIENTED_EDGE('',*,*,#3001,.T.);
#4090=ORIENTED_EDGE('',*,*,#2953,.T.);
#4091=ORIENTED_EDGE('',*,*,#2999,.F.);
#4092=ORIENTED_EDGE('',*,*,#3002,.F.);
#4093=ORIENTED_EDGE('',*,*,#3003,.T.);
#4094=ORIENTED_EDGE('',*,*,#2954,.T.);
#4095=ORIENTED_EDGE('',*,*,#3001,.F.);
#4096=ORIENTED_EDGE('',*,*,#3004,.F.);
#4097=ORIENTED_EDGE('',*,*,#3005,.T.);
#4098=ORIENTED_EDGE('',*,*,#2955,.T.);
#4099=ORIENTED_EDGE('',*,*,#3003,.F.);
#4100=ORIENTED_EDGE('',*,*,#3006,.F.);
#4101=ORIENTED_EDGE('',*,*,#3007,.T.);
#4102=ORIENTED_EDGE('',*,*,#2956,.T.);
#4103=ORIENTED_EDGE('',*,*,#3005,.F.);
#4104=ORIENTED_EDGE('',*,*,#3008,.F.);
#4105=ORIENTED_EDGE('',*,*,#3009,.T.);
#4106=ORIENTED_EDGE('',*,*,#2957,.T.);
#4107=ORIENTED_EDGE('',*,*,#3007,.F.);
#4108=ORIENTED_EDGE('',*,*,#3010,.F.);
#4109=ORIENTED_EDGE('',*,*,#2961,.T.);
#4110=ORIENTED_EDGE('',*,*,#2958,.T.);
#4111=ORIENTED_EDGE('',*,*,#3009,.F.);
#4112=ORIENTED_EDGE('',*,*,#3011,.F.);
#4113=ORIENTED_EDGE('',*,*,#3012,.F.);
#4114=ORIENTED_EDGE('',*,*,#3013,.F.);
#4115=ORIENTED_EDGE('',*,*,#3014,.F.);
#4116=ORIENTED_EDGE('',*,*,#3015,.F.);
#4117=ORIENTED_EDGE('',*,*,#3016,.F.);
#4118=ORIENTED_EDGE('',*,*,#3017,.F.);
#4119=ORIENTED_EDGE('',*,*,#3018,.F.);
#4120=ORIENTED_EDGE('',*,*,#3019,.F.);
#4121=ORIENTED_EDGE('',*,*,#3020,.F.);
#4122=ORIENTED_EDGE('',*,*,#3021,.F.);
#4123=ORIENTED_EDGE('',*,*,#3022,.F.);
#4124=ORIENTED_EDGE('',*,*,#3023,.F.);
#4125=ORIENTED_EDGE('',*,*,#3024,.F.);
#4126=ORIENTED_EDGE('',*,*,#3025,.F.);
#4127=ORIENTED_EDGE('',*,*,#3026,.F.);
#4128=ORIENTED_EDGE('',*,*,#3027,.F.);
#4129=ORIENTED_EDGE('',*,*,#3028,.F.);
#4130=ORIENTED_EDGE('',*,*,#3029,.F.);
#4131=ORIENTED_EDGE('',*,*,#3030,.F.);
#4132=ORIENTED_EDGE('',*,*,#3031,.F.);
#4133=ORIENTED_EDGE('',*,*,#3032,.F.);
#4134=ORIENTED_EDGE('',*,*,#3033,.F.);
#4135=ORIENTED_EDGE('',*,*,#3034,.F.);
#4136=ORIENTED_EDGE('',*,*,#3035,.F.);
#4137=ORIENTED_EDGE('',*,*,#3036,.F.);
#4138=ORIENTED_EDGE('',*,*,#3037,.F.);
#4139=ORIENTED_EDGE('',*,*,#3038,.F.);
#4140=ORIENTED_EDGE('',*,*,#3039,.F.);
#4141=ORIENTED_EDGE('',*,*,#3040,.F.);
#4142=ORIENTED_EDGE('',*,*,#3041,.F.);
#4143=ORIENTED_EDGE('',*,*,#3042,.F.);
#4144=ORIENTED_EDGE('',*,*,#3043,.F.);
#4145=ORIENTED_EDGE('',*,*,#3044,.F.);
#4146=ORIENTED_EDGE('',*,*,#3045,.F.);
#4147=ORIENTED_EDGE('',*,*,#3046,.F.);
#4148=ORIENTED_EDGE('',*,*,#3047,.F.);
#4149=ORIENTED_EDGE('',*,*,#3048,.F.);
#4150=ORIENTED_EDGE('',*,*,#3049,.F.);
#4151=ORIENTED_EDGE('',*,*,#3050,.F.);
#4152=ORIENTED_EDGE('',*,*,#3051,.F.);
#4153=ORIENTED_EDGE('',*,*,#3052,.F.);
#4154=ORIENTED_EDGE('',*,*,#3053,.F.);
#4155=ORIENTED_EDGE('',*,*,#3054,.F.);
#4156=ORIENTED_EDGE('',*,*,#3055,.F.);
#4157=ORIENTED_EDGE('',*,*,#3056,.F.);
#4158=ORIENTED_EDGE('',*,*,#3057,.T.);
#4159=ORIENTED_EDGE('',*,*,#3011,.T.);
#4160=ORIENTED_EDGE('',*,*,#3058,.F.);
#4161=ORIENTED_EDGE('',*,*,#3059,.F.);
#4162=ORIENTED_EDGE('',*,*,#3060,.T.);
#4163=ORIENTED_EDGE('',*,*,#3012,.T.);
#4164=ORIENTED_EDGE('',*,*,#3057,.F.);
#4165=ORIENTED_EDGE('',*,*,#3061,.F.);
#4166=ORIENTED_EDGE('',*,*,#3062,.T.);
#4167=ORIENTED_EDGE('',*,*,#3013,.T.);
#4168=ORIENTED_EDGE('',*,*,#3060,.F.);
#4169=ORIENTED_EDGE('',*,*,#3063,.F.);
#4170=ORIENTED_EDGE('',*,*,#3064,.T.);
#4171=ORIENTED_EDGE('',*,*,#3014,.T.);
#4172=ORIENTED_EDGE('',*,*,#3062,.F.);
#4173=ORIENTED_EDGE('',*,*,#3065,.F.);
#4174=ORIENTED_EDGE('',*,*,#3066,.T.);
#4175=ORIENTED_EDGE('',*,*,#3015,.T.);
#4176=ORIENTED_EDGE('',*,*,#3064,.F.);
#4177=ORIENTED_EDGE('',*,*,#3067,.F.);
#4178=ORIENTED_EDGE('',*,*,#3068,.T.);
#4179=ORIENTED_EDGE('',*,*,#3016,.T.);
#4180=ORIENTED_EDGE('',*,*,#3066,.F.);
#4181=ORIENTED_EDGE('',*,*,#3069,.F.);
#4182=ORIENTED_EDGE('',*,*,#3070,.T.);
#4183=ORIENTED_EDGE('',*,*,#3017,.T.);
#4184=ORIENTED_EDGE('',*,*,#3068,.F.);
#4185=ORIENTED_EDGE('',*,*,#3071,.F.);
#4186=ORIENTED_EDGE('',*,*,#3072,.T.);
#4187=ORIENTED_EDGE('',*,*,#3018,.T.);
#4188=ORIENTED_EDGE('',*,*,#3070,.F.);
#4189=ORIENTED_EDGE('',*,*,#3073,.F.);
#4190=ORIENTED_EDGE('',*,*,#3074,.T.);
#4191=ORIENTED_EDGE('',*,*,#3019,.T.);
#4192=ORIENTED_EDGE('',*,*,#3072,.F.);
#4193=ORIENTED_EDGE('',*,*,#3075,.F.);
#4194=ORIENTED_EDGE('',*,*,#3076,.T.);
#4195=ORIENTED_EDGE('',*,*,#3020,.T.);
#4196=ORIENTED_EDGE('',*,*,#3074,.F.);
#4197=ORIENTED_EDGE('',*,*,#3077,.F.);
#4198=ORIENTED_EDGE('',*,*,#3078,.T.);
#4199=ORIENTED_EDGE('',*,*,#3021,.T.);
#4200=ORIENTED_EDGE('',*,*,#3076,.F.);
#4201=ORIENTED_EDGE('',*,*,#3079,.F.);
#4202=ORIENTED_EDGE('',*,*,#3080,.T.);
#4203=ORIENTED_EDGE('',*,*,#3022,.T.);
#4204=ORIENTED_EDGE('',*,*,#3078,.F.);
#4205=ORIENTED_EDGE('',*,*,#3081,.F.);
#4206=ORIENTED_EDGE('',*,*,#3082,.T.);
#4207=ORIENTED_EDGE('',*,*,#3023,.T.);
#4208=ORIENTED_EDGE('',*,*,#3080,.F.);
#4209=ORIENTED_EDGE('',*,*,#3083,.F.);
#4210=ORIENTED_EDGE('',*,*,#3084,.T.);
#4211=ORIENTED_EDGE('',*,*,#3024,.T.);
#4212=ORIENTED_EDGE('',*,*,#3082,.F.);
#4213=ORIENTED_EDGE('',*,*,#3085,.F.);
#4214=ORIENTED_EDGE('',*,*,#3086,.T.);
#4215=ORIENTED_EDGE('',*,*,#3025,.T.);
#4216=ORIENTED_EDGE('',*,*,#3084,.F.);
#4217=ORIENTED_EDGE('',*,*,#3087,.F.);
#4218=ORIENTED_EDGE('',*,*,#3088,.T.);
#4219=ORIENTED_EDGE('',*,*,#3026,.T.);
#4220=ORIENTED_EDGE('',*,*,#3086,.F.);
#4221=ORIENTED_EDGE('',*,*,#3089,.F.);
#4222=ORIENTED_EDGE('',*,*,#3090,.T.);
#4223=ORIENTED_EDGE('',*,*,#3027,.T.);
#4224=ORIENTED_EDGE('',*,*,#3088,.F.);
#4225=ORIENTED_EDGE('',*,*,#3091,.F.);
#4226=ORIENTED_EDGE('',*,*,#3092,.T.);
#4227=ORIENTED_EDGE('',*,*,#3028,.T.);
#4228=ORIENTED_EDGE('',*,*,#3090,.F.);
#4229=ORIENTED_EDGE('',*,*,#3093,.F.);
#4230=ORIENTED_EDGE('',*,*,#3094,.T.);
#4231=ORIENTED_EDGE('',*,*,#3029,.T.);
#4232=ORIENTED_EDGE('',*,*,#3092,.F.);
#4233=ORIENTED_EDGE('',*,*,#3095,.F.);
#4234=ORIENTED_EDGE('',*,*,#3096,.T.);
#4235=ORIENTED_EDGE('',*,*,#3030,.T.);
#4236=ORIENTED_EDGE('',*,*,#3094,.F.);
#4237=ORIENTED_EDGE('',*,*,#3097,.F.);
#4238=ORIENTED_EDGE('',*,*,#3098,.T.);
#4239=ORIENTED_EDGE('',*,*,#3031,.T.);
#4240=ORIENTED_EDGE('',*,*,#3096,.F.);
#4241=ORIENTED_EDGE('',*,*,#3099,.F.);
#4242=ORIENTED_EDGE('',*,*,#3100,.T.);
#4243=ORIENTED_EDGE('',*,*,#3032,.T.);
#4244=ORIENTED_EDGE('',*,*,#3098,.F.);
#4245=ORIENTED_EDGE('',*,*,#3101,.F.);
#4246=ORIENTED_EDGE('',*,*,#3102,.T.);
#4247=ORIENTED_EDGE('',*,*,#3033,.T.);
#4248=ORIENTED_EDGE('',*,*,#3100,.F.);
#4249=ORIENTED_EDGE('',*,*,#3103,.F.);
#4250=ORIENTED_EDGE('',*,*,#3104,.T.);
#4251=ORIENTED_EDGE('',*,*,#3034,.T.);
#4252=ORIENTED_EDGE('',*,*,#3102,.F.);
#4253=ORIENTED_EDGE('',*,*,#3105,.F.);
#4254=ORIENTED_EDGE('',*,*,#3106,.T.);
#4255=ORIENTED_EDGE('',*,*,#3035,.T.);
#4256=ORIENTED_EDGE('',*,*,#3104,.F.);
#4257=ORIENTED_EDGE('',*,*,#3107,.F.);
#4258=ORIENTED_EDGE('',*,*,#3108,.T.);
#4259=ORIENTED_EDGE('',*,*,#3036,.T.);
#4260=ORIENTED_EDGE('',*,*,#3106,.F.);
#4261=ORIENTED_EDGE('',*,*,#3109,.F.);
#4262=ORIENTED_EDGE('',*,*,#3110,.T.);
#4263=ORIENTED_EDGE('',*,*,#3037,.T.);
#4264=ORIENTED_EDGE('',*,*,#3108,.F.);
#4265=ORIENTED_EDGE('',*,*,#3111,.F.);
#4266=ORIENTED_EDGE('',*,*,#3112,.T.);
#4267=ORIENTED_EDGE('',*,*,#3038,.T.);
#4268=ORIENTED_EDGE('',*,*,#3110,.F.);
#4269=ORIENTED_EDGE('',*,*,#3113,.F.);
#4270=ORIENTED_EDGE('',*,*,#3114,.T.);
#4271=ORIENTED_EDGE('',*,*,#3039,.T.);
#4272=ORIENTED_EDGE('',*,*,#3112,.F.);
#4273=ORIENTED_EDGE('',*,*,#3115,.F.);
#4274=ORIENTED_EDGE('',*,*,#3116,.T.);
#4275=ORIENTED_EDGE('',*,*,#3040,.T.);
#4276=ORIENTED_EDGE('',*,*,#3114,.F.);
#4277=ORIENTED_EDGE('',*,*,#3117,.F.);
#4278=ORIENTED_EDGE('',*,*,#3118,.T.);
#4279=ORIENTED_EDGE('',*,*,#3041,.T.);
#4280=ORIENTED_EDGE('',*,*,#3116,.F.);
#4281=ORIENTED_EDGE('',*,*,#3119,.F.);
#4282=ORIENTED_EDGE('',*,*,#3120,.T.);
#4283=ORIENTED_EDGE('',*,*,#3042,.T.);
#4284=ORIENTED_EDGE('',*,*,#3118,.F.);
#4285=ORIENTED_EDGE('',*,*,#3121,.F.);
#4286=ORIENTED_EDGE('',*,*,#3122,.T.);
#4287=ORIENTED_EDGE('',*,*,#3043,.T.);
#4288=ORIENTED_EDGE('',*,*,#3120,.F.);
#4289=ORIENTED_EDGE('',*,*,#3123,.F.);
#4290=ORIENTED_EDGE('',*,*,#3124,.T.);
#4291=ORIENTED_EDGE('',*,*,#3044,.T.);
#4292=ORIENTED_EDGE('',*,*,#3122,.F.);
#4293=ORIENTED_EDGE('',*,*,#3125,.F.);
#4294=ORIENTED_EDGE('',*,*,#3126,.T.);
#4295=ORIENTED_EDGE('',*,*,#3045,.T.);
#4296=ORIENTED_EDGE('',*,*,#3124,.F.);
#4297=ORIENTED_EDGE('',*,*,#3127,.F.);
#4298=ORIENTED_EDGE('',*,*,#3128,.T.);
#4299=ORIENTED_EDGE('',*,*,#3046,.T.);
#4300=ORIENTED_EDGE('',*,*,#3126,.F.);
#4301=ORIENTED_EDGE('',*,*,#3129,.F.);
#4302=ORIENTED_EDGE('',*,*,#3130,.T.);
#4303=ORIENTED_EDGE('',*,*,#3047,.T.);
#4304=ORIENTED_EDGE('',*,*,#3128,.F.);
#4305=ORIENTED_EDGE('',*,*,#3131,.F.);
#4306=ORIENTED_EDGE('',*,*,#3132,.T.);
#4307=ORIENTED_EDGE('',*,*,#3048,.T.);
#4308=ORIENTED_EDGE('',*,*,#3130,.F.);
#4309=ORIENTED_EDGE('',*,*,#3133,.F.);
#4310=ORIENTED_EDGE('',*,*,#3134,.T.);
#4311=ORIENTED_EDGE('',*,*,#3049,.T.);
#4312=ORIENTED_EDGE('',*,*,#3132,.F.);
#4313=ORIENTED_EDGE('',*,*,#3135,.F.);
#4314=ORIENTED_EDGE('',*,*,#3136,.T.);
#4315=ORIENTED_EDGE('',*,*,#3050,.T.);
#4316=ORIENTED_EDGE('',*,*,#3134,.F.);
#4317=ORIENTED_EDGE('',*,*,#3137,.F.);
#4318=ORIENTED_EDGE('',*,*,#3138,.T.);
#4319=ORIENTED_EDGE('',*,*,#3051,.T.);
#4320=ORIENTED_EDGE('',*,*,#3136,.F.);
#4321=ORIENTED_EDGE('',*,*,#3139,.F.);
#4322=ORIENTED_EDGE('',*,*,#3140,.T.);
#4323=ORIENTED_EDGE('',*,*,#3052,.T.);
#4324=ORIENTED_EDGE('',*,*,#3138,.F.);
#4325=ORIENTED_EDGE('',*,*,#3141,.F.);
#4326=ORIENTED_EDGE('',*,*,#3142,.T.);
#4327=ORIENTED_EDGE('',*,*,#3053,.T.);
#4328=ORIENTED_EDGE('',*,*,#3140,.F.);
#4329=ORIENTED_EDGE('',*,*,#3143,.F.);
#4330=ORIENTED_EDGE('',*,*,#3144,.T.);
#4331=ORIENTED_EDGE('',*,*,#3054,.T.);
#4332=ORIENTED_EDGE('',*,*,#3142,.F.);
#4333=ORIENTED_EDGE('',*,*,#3145,.F.);
#4334=ORIENTED_EDGE('',*,*,#3058,.T.);
#4335=ORIENTED_EDGE('',*,*,#3055,.T.);
#4336=ORIENTED_EDGE('',*,*,#3144,.F.);
#4337=ORIENTED_EDGE('',*,*,#3146,.F.);
#4338=ORIENTED_EDGE('',*,*,#3147,.F.);
#4339=ORIENTED_EDGE('',*,*,#3148,.F.);
#4340=ORIENTED_EDGE('',*,*,#3149,.F.);
#4341=ORIENTED_EDGE('',*,*,#3150,.F.);
#4342=ORIENTED_EDGE('',*,*,#3151,.F.);
#4343=ORIENTED_EDGE('',*,*,#3152,.F.);
#4344=ORIENTED_EDGE('',*,*,#3153,.F.);
#4345=ORIENTED_EDGE('',*,*,#3154,.F.);
#4346=ORIENTED_EDGE('',*,*,#3155,.F.);
#4347=ORIENTED_EDGE('',*,*,#3156,.F.);
#4348=ORIENTED_EDGE('',*,*,#3157,.F.);
#4349=ORIENTED_EDGE('',*,*,#3158,.F.);
#4350=ORIENTED_EDGE('',*,*,#3159,.F.);
#4351=ORIENTED_EDGE('',*,*,#3160,.F.);
#4352=ORIENTED_EDGE('',*,*,#3161,.F.);
#4353=ORIENTED_EDGE('',*,*,#3162,.F.);
#4354=ORIENTED_EDGE('',*,*,#3163,.F.);
#4355=ORIENTED_EDGE('',*,*,#3164,.F.);
#4356=ORIENTED_EDGE('',*,*,#3165,.F.);
#4357=ORIENTED_EDGE('',*,*,#3166,.F.);
#4358=ORIENTED_EDGE('',*,*,#3167,.F.);
#4359=ORIENTED_EDGE('',*,*,#3168,.F.);
#4360=ORIENTED_EDGE('',*,*,#3169,.F.);
#4361=ORIENTED_EDGE('',*,*,#3170,.F.);
#4362=ORIENTED_EDGE('',*,*,#3171,.T.);
#4363=ORIENTED_EDGE('',*,*,#3146,.T.);
#4364=ORIENTED_EDGE('',*,*,#3172,.F.);
#4365=ORIENTED_EDGE('',*,*,#3173,.F.);
#4366=ORIENTED_EDGE('',*,*,#3174,.T.);
#4367=ORIENTED_EDGE('',*,*,#3147,.T.);
#4368=ORIENTED_EDGE('',*,*,#3171,.F.);
#4369=ORIENTED_EDGE('',*,*,#3175,.F.);
#4370=ORIENTED_EDGE('',*,*,#3176,.T.);
#4371=ORIENTED_EDGE('',*,*,#3148,.T.);
#4372=ORIENTED_EDGE('',*,*,#3174,.F.);
#4373=ORIENTED_EDGE('',*,*,#3177,.F.);
#4374=ORIENTED_EDGE('',*,*,#3178,.T.);
#4375=ORIENTED_EDGE('',*,*,#3149,.T.);
#4376=ORIENTED_EDGE('',*,*,#3176,.F.);
#4377=ORIENTED_EDGE('',*,*,#3179,.F.);
#4378=ORIENTED_EDGE('',*,*,#3180,.T.);
#4379=ORIENTED_EDGE('',*,*,#3150,.T.);
#4380=ORIENTED_EDGE('',*,*,#3178,.F.);
#4381=ORIENTED_EDGE('',*,*,#3181,.F.);
#4382=ORIENTED_EDGE('',*,*,#3182,.T.);
#4383=ORIENTED_EDGE('',*,*,#3151,.T.);
#4384=ORIENTED_EDGE('',*,*,#3180,.F.);
#4385=ORIENTED_EDGE('',*,*,#3183,.F.);
#4386=ORIENTED_EDGE('',*,*,#3184,.T.);
#4387=ORIENTED_EDGE('',*,*,#3152,.T.);
#4388=ORIENTED_EDGE('',*,*,#3182,.F.);
#4389=ORIENTED_EDGE('',*,*,#3185,.F.);
#4390=ORIENTED_EDGE('',*,*,#3186,.T.);
#4391=ORIENTED_EDGE('',*,*,#3153,.T.);
#4392=ORIENTED_EDGE('',*,*,#3184,.F.);
#4393=ORIENTED_EDGE('',*,*,#3187,.F.);
#4394=ORIENTED_EDGE('',*,*,#3188,.T.);
#4395=ORIENTED_EDGE('',*,*,#3154,.T.);
#4396=ORIENTED_EDGE('',*,*,#3186,.F.);
#4397=ORIENTED_EDGE('',*,*,#3189,.F.);
#4398=ORIENTED_EDGE('',*,*,#3190,.T.);
#4399=ORIENTED_EDGE('',*,*,#3155,.T.);
#4400=ORIENTED_EDGE('',*,*,#3188,.F.);
#4401=ORIENTED_EDGE('',*,*,#3191,.F.);
#4402=ORIENTED_EDGE('',*,*,#3192,.T.);
#4403=ORIENTED_EDGE('',*,*,#3156,.T.);
#4404=ORIENTED_EDGE('',*,*,#3190,.F.);
#4405=ORIENTED_EDGE('',*,*,#3193,.F.);
#4406=ORIENTED_EDGE('',*,*,#3194,.T.);
#4407=ORIENTED_EDGE('',*,*,#3157,.T.);
#4408=ORIENTED_EDGE('',*,*,#3192,.F.);
#4409=ORIENTED_EDGE('',*,*,#3195,.F.);
#4410=ORIENTED_EDGE('',*,*,#3196,.T.);
#4411=ORIENTED_EDGE('',*,*,#3158,.T.);
#4412=ORIENTED_EDGE('',*,*,#3194,.F.);
#4413=ORIENTED_EDGE('',*,*,#3197,.F.);
#4414=ORIENTED_EDGE('',*,*,#3198,.T.);
#4415=ORIENTED_EDGE('',*,*,#3159,.T.);
#4416=ORIENTED_EDGE('',*,*,#3196,.F.);
#4417=ORIENTED_EDGE('',*,*,#3199,.F.);
#4418=ORIENTED_EDGE('',*,*,#3200,.T.);
#4419=ORIENTED_EDGE('',*,*,#3160,.T.);
#4420=ORIENTED_EDGE('',*,*,#3198,.F.);
#4421=ORIENTED_EDGE('',*,*,#3201,.F.);
#4422=ORIENTED_EDGE('',*,*,#3202,.T.);
#4423=ORIENTED_EDGE('',*,*,#3161,.T.);
#4424=ORIENTED_EDGE('',*,*,#3200,.F.);
#4425=ORIENTED_EDGE('',*,*,#3203,.F.);
#4426=ORIENTED_EDGE('',*,*,#3172,.T.);
#4427=ORIENTED_EDGE('',*,*,#3162,.T.);
#4428=ORIENTED_EDGE('',*,*,#3202,.F.);
#4429=ORIENTED_EDGE('',*,*,#3204,.F.);
#4430=ORIENTED_EDGE('',*,*,#3205,.T.);
#4431=ORIENTED_EDGE('',*,*,#3163,.T.);
#4432=ORIENTED_EDGE('',*,*,#3206,.F.);
#4433=ORIENTED_EDGE('',*,*,#3207,.F.);
#4434=ORIENTED_EDGE('',*,*,#3208,.T.);
#4435=ORIENTED_EDGE('',*,*,#3164,.T.);
#4436=ORIENTED_EDGE('',*,*,#3205,.F.);
#4437=ORIENTED_EDGE('',*,*,#3209,.F.);
#4438=ORIENTED_EDGE('',*,*,#3210,.T.);
#4439=ORIENTED_EDGE('',*,*,#3165,.T.);
#4440=ORIENTED_EDGE('',*,*,#3208,.F.);
#4441=ORIENTED_EDGE('',*,*,#3211,.F.);
#4442=ORIENTED_EDGE('',*,*,#3212,.T.);
#4443=ORIENTED_EDGE('',*,*,#3166,.T.);
#4444=ORIENTED_EDGE('',*,*,#3210,.F.);
#4445=ORIENTED_EDGE('',*,*,#3213,.F.);
#4446=ORIENTED_EDGE('',*,*,#3214,.T.);
#4447=ORIENTED_EDGE('',*,*,#3167,.T.);
#4448=ORIENTED_EDGE('',*,*,#3212,.F.);
#4449=ORIENTED_EDGE('',*,*,#3215,.F.);
#4450=ORIENTED_EDGE('',*,*,#3216,.T.);
#4451=ORIENTED_EDGE('',*,*,#3168,.T.);
#4452=ORIENTED_EDGE('',*,*,#3214,.F.);
#4453=ORIENTED_EDGE('',*,*,#3217,.F.);
#4454=ORIENTED_EDGE('',*,*,#3206,.T.);
#4455=ORIENTED_EDGE('',*,*,#3169,.T.);
#4456=ORIENTED_EDGE('',*,*,#3216,.F.);
#4457=ORIENTED_EDGE('',*,*,#3204,.T.);
#4458=ORIENTED_EDGE('',*,*,#3217,.T.);
#4459=ORIENTED_EDGE('',*,*,#3215,.T.);
#4460=ORIENTED_EDGE('',*,*,#3213,.T.);
#4461=ORIENTED_EDGE('',*,*,#3211,.T.);
#4462=ORIENTED_EDGE('',*,*,#3209,.T.);
#4463=ORIENTED_EDGE('',*,*,#3207,.T.);
#4464=ORIENTED_EDGE('',*,*,#3218,.F.);
#4465=ORIENTED_EDGE('',*,*,#3219,.F.);
#4466=ORIENTED_EDGE('',*,*,#3220,.F.);
#4467=ORIENTED_EDGE('',*,*,#3221,.F.);
#4468=ORIENTED_EDGE('',*,*,#3222,.F.);
#4469=ORIENTED_EDGE('',*,*,#3223,.F.);
#4470=ORIENTED_EDGE('',*,*,#3224,.F.);
#4471=ORIENTED_EDGE('',*,*,#3225,.F.);
#4472=ORIENTED_EDGE('',*,*,#3226,.F.);
#4473=ORIENTED_EDGE('',*,*,#3227,.F.);
#4474=ORIENTED_EDGE('',*,*,#3228,.F.);
#4475=ORIENTED_EDGE('',*,*,#3229,.F.);
#4476=ORIENTED_EDGE('',*,*,#3230,.F.);
#4477=ORIENTED_EDGE('',*,*,#3231,.F.);
#4478=ORIENTED_EDGE('',*,*,#3232,.F.);
#4479=ORIENTED_EDGE('',*,*,#3233,.F.);
#4480=ORIENTED_EDGE('',*,*,#3234,.F.);
#4481=ORIENTED_EDGE('',*,*,#3235,.F.);
#4482=ORIENTED_EDGE('',*,*,#3236,.F.);
#4483=ORIENTED_EDGE('',*,*,#3237,.F.);
#4484=ORIENTED_EDGE('',*,*,#3238,.F.);
#4485=ORIENTED_EDGE('',*,*,#3239,.F.);
#4486=ORIENTED_EDGE('',*,*,#3240,.F.);
#4487=ORIENTED_EDGE('',*,*,#3241,.F.);
#4488=ORIENTED_EDGE('',*,*,#3242,.F.);
#4489=ORIENTED_EDGE('',*,*,#3243,.F.);
#4490=ORIENTED_EDGE('',*,*,#3244,.F.);
#4491=ORIENTED_EDGE('',*,*,#3245,.F.);
#4492=ORIENTED_EDGE('',*,*,#3246,.F.);
#4493=ORIENTED_EDGE('',*,*,#3247,.F.);
#4494=ORIENTED_EDGE('',*,*,#3248,.F.);
#4495=ORIENTED_EDGE('',*,*,#3249,.F.);
#4496=ORIENTED_EDGE('',*,*,#3250,.F.);
#4497=ORIENTED_EDGE('',*,*,#3251,.F.);
#4498=ORIENTED_EDGE('',*,*,#3252,.F.);
#4499=ORIENTED_EDGE('',*,*,#3253,.F.);
#4500=ORIENTED_EDGE('',*,*,#3254,.F.);
#4501=ORIENTED_EDGE('',*,*,#3255,.F.);
#4502=ORIENTED_EDGE('',*,*,#3256,.F.);
#4503=ORIENTED_EDGE('',*,*,#3257,.F.);
#4504=ORIENTED_EDGE('',*,*,#3258,.F.);
#4505=ORIENTED_EDGE('',*,*,#3259,.F.);
#4506=ORIENTED_EDGE('',*,*,#3260,.F.);
#4507=ORIENTED_EDGE('',*,*,#3261,.F.);
#4508=ORIENTED_EDGE('',*,*,#3262,.F.);
#4509=ORIENTED_EDGE('',*,*,#3263,.F.);
#4510=ORIENTED_EDGE('',*,*,#3264,.F.);
#4511=ORIENTED_EDGE('',*,*,#3265,.F.);
#4512=ORIENTED_EDGE('',*,*,#3266,.F.);
#4513=ORIENTED_EDGE('',*,*,#3267,.F.);
#4514=ORIENTED_EDGE('',*,*,#3268,.F.);
#4515=ORIENTED_EDGE('',*,*,#3269,.F.);
#4516=ORIENTED_EDGE('',*,*,#3270,.F.);
#4517=ORIENTED_EDGE('',*,*,#3271,.F.);
#4518=ORIENTED_EDGE('',*,*,#3272,.F.);
#4519=ORIENTED_EDGE('',*,*,#3273,.F.);
#4520=ORIENTED_EDGE('',*,*,#3274,.F.);
#4521=ORIENTED_EDGE('',*,*,#3275,.F.);
#4522=ORIENTED_EDGE('',*,*,#3276,.T.);
#4523=ORIENTED_EDGE('',*,*,#3218,.T.);
#4524=ORIENTED_EDGE('',*,*,#3277,.F.);
#4525=ORIENTED_EDGE('',*,*,#3278,.F.);
#4526=ORIENTED_EDGE('',*,*,#3279,.T.);
#4527=ORIENTED_EDGE('',*,*,#3219,.T.);
#4528=ORIENTED_EDGE('',*,*,#3276,.F.);
#4529=ORIENTED_EDGE('',*,*,#3280,.F.);
#4530=ORIENTED_EDGE('',*,*,#3281,.T.);
#4531=ORIENTED_EDGE('',*,*,#3220,.T.);
#4532=ORIENTED_EDGE('',*,*,#3279,.F.);
#4533=ORIENTED_EDGE('',*,*,#3282,.F.);
#4534=ORIENTED_EDGE('',*,*,#3283,.T.);
#4535=ORIENTED_EDGE('',*,*,#3221,.T.);
#4536=ORIENTED_EDGE('',*,*,#3281,.F.);
#4537=ORIENTED_EDGE('',*,*,#3284,.F.);
#4538=ORIENTED_EDGE('',*,*,#3285,.T.);
#4539=ORIENTED_EDGE('',*,*,#3222,.T.);
#4540=ORIENTED_EDGE('',*,*,#3283,.F.);
#4541=ORIENTED_EDGE('',*,*,#3286,.F.);
#4542=ORIENTED_EDGE('',*,*,#3287,.T.);
#4543=ORIENTED_EDGE('',*,*,#3223,.T.);
#4544=ORIENTED_EDGE('',*,*,#3285,.F.);
#4545=ORIENTED_EDGE('',*,*,#3288,.F.);
#4546=ORIENTED_EDGE('',*,*,#3289,.T.);
#4547=ORIENTED_EDGE('',*,*,#3224,.T.);
#4548=ORIENTED_EDGE('',*,*,#3287,.F.);
#4549=ORIENTED_EDGE('',*,*,#3290,.F.);
#4550=ORIENTED_EDGE('',*,*,#3291,.T.);
#4551=ORIENTED_EDGE('',*,*,#3225,.T.);
#4552=ORIENTED_EDGE('',*,*,#3289,.F.);
#4553=ORIENTED_EDGE('',*,*,#3292,.F.);
#4554=ORIENTED_EDGE('',*,*,#3293,.T.);
#4555=ORIENTED_EDGE('',*,*,#3226,.T.);
#4556=ORIENTED_EDGE('',*,*,#3291,.F.);
#4557=ORIENTED_EDGE('',*,*,#3294,.F.);
#4558=ORIENTED_EDGE('',*,*,#3295,.T.);
#4559=ORIENTED_EDGE('',*,*,#3227,.T.);
#4560=ORIENTED_EDGE('',*,*,#3293,.F.);
#4561=ORIENTED_EDGE('',*,*,#3296,.F.);
#4562=ORIENTED_EDGE('',*,*,#3297,.T.);
#4563=ORIENTED_EDGE('',*,*,#3228,.T.);
#4564=ORIENTED_EDGE('',*,*,#3295,.F.);
#4565=ORIENTED_EDGE('',*,*,#3298,.F.);
#4566=ORIENTED_EDGE('',*,*,#3299,.T.);
#4567=ORIENTED_EDGE('',*,*,#3229,.T.);
#4568=ORIENTED_EDGE('',*,*,#3297,.F.);
#4569=ORIENTED_EDGE('',*,*,#3300,.F.);
#4570=ORIENTED_EDGE('',*,*,#3301,.T.);
#4571=ORIENTED_EDGE('',*,*,#3230,.T.);
#4572=ORIENTED_EDGE('',*,*,#3299,.F.);
#4573=ORIENTED_EDGE('',*,*,#3302,.F.);
#4574=ORIENTED_EDGE('',*,*,#3303,.T.);
#4575=ORIENTED_EDGE('',*,*,#3231,.T.);
#4576=ORIENTED_EDGE('',*,*,#3301,.F.);
#4577=ORIENTED_EDGE('',*,*,#3304,.F.);
#4578=ORIENTED_EDGE('',*,*,#3305,.T.);
#4579=ORIENTED_EDGE('',*,*,#3232,.T.);
#4580=ORIENTED_EDGE('',*,*,#3303,.F.);
#4581=ORIENTED_EDGE('',*,*,#3306,.F.);
#4582=ORIENTED_EDGE('',*,*,#3307,.T.);
#4583=ORIENTED_EDGE('',*,*,#3233,.T.);
#4584=ORIENTED_EDGE('',*,*,#3305,.F.);
#4585=ORIENTED_EDGE('',*,*,#3308,.F.);
#4586=ORIENTED_EDGE('',*,*,#3309,.T.);
#4587=ORIENTED_EDGE('',*,*,#3234,.T.);
#4588=ORIENTED_EDGE('',*,*,#3307,.F.);
#4589=ORIENTED_EDGE('',*,*,#3310,.F.);
#4590=ORIENTED_EDGE('',*,*,#3311,.T.);
#4591=ORIENTED_EDGE('',*,*,#3235,.T.);
#4592=ORIENTED_EDGE('',*,*,#3309,.F.);
#4593=ORIENTED_EDGE('',*,*,#3312,.F.);
#4594=ORIENTED_EDGE('',*,*,#3313,.T.);
#4595=ORIENTED_EDGE('',*,*,#3236,.T.);
#4596=ORIENTED_EDGE('',*,*,#3311,.F.);
#4597=ORIENTED_EDGE('',*,*,#3314,.F.);
#4598=ORIENTED_EDGE('',*,*,#3315,.T.);
#4599=ORIENTED_EDGE('',*,*,#3237,.T.);
#4600=ORIENTED_EDGE('',*,*,#3313,.F.);
#4601=ORIENTED_EDGE('',*,*,#3316,.F.);
#4602=ORIENTED_EDGE('',*,*,#3317,.T.);
#4603=ORIENTED_EDGE('',*,*,#3238,.T.);
#4604=ORIENTED_EDGE('',*,*,#3315,.F.);
#4605=ORIENTED_EDGE('',*,*,#3318,.F.);
#4606=ORIENTED_EDGE('',*,*,#3319,.T.);
#4607=ORIENTED_EDGE('',*,*,#3239,.T.);
#4608=ORIENTED_EDGE('',*,*,#3317,.F.);
#4609=ORIENTED_EDGE('',*,*,#3320,.F.);
#4610=ORIENTED_EDGE('',*,*,#3321,.T.);
#4611=ORIENTED_EDGE('',*,*,#3240,.T.);
#4612=ORIENTED_EDGE('',*,*,#3319,.F.);
#4613=ORIENTED_EDGE('',*,*,#3322,.F.);
#4614=ORIENTED_EDGE('',*,*,#3323,.T.);
#4615=ORIENTED_EDGE('',*,*,#3241,.T.);
#4616=ORIENTED_EDGE('',*,*,#3321,.F.);
#4617=ORIENTED_EDGE('',*,*,#3324,.F.);
#4618=ORIENTED_EDGE('',*,*,#3325,.T.);
#4619=ORIENTED_EDGE('',*,*,#3242,.T.);
#4620=ORIENTED_EDGE('',*,*,#3323,.F.);
#4621=ORIENTED_EDGE('',*,*,#3326,.F.);
#4622=ORIENTED_EDGE('',*,*,#3327,.T.);
#4623=ORIENTED_EDGE('',*,*,#3243,.T.);
#4624=ORIENTED_EDGE('',*,*,#3325,.F.);
#4625=ORIENTED_EDGE('',*,*,#3328,.F.);
#4626=ORIENTED_EDGE('',*,*,#3329,.T.);
#4627=ORIENTED_EDGE('',*,*,#3244,.T.);
#4628=ORIENTED_EDGE('',*,*,#3327,.F.);
#4629=ORIENTED_EDGE('',*,*,#3330,.F.);
#4630=ORIENTED_EDGE('',*,*,#3331,.T.);
#4631=ORIENTED_EDGE('',*,*,#3245,.T.);
#4632=ORIENTED_EDGE('',*,*,#3329,.F.);
#4633=ORIENTED_EDGE('',*,*,#3332,.F.);
#4634=ORIENTED_EDGE('',*,*,#3333,.T.);
#4635=ORIENTED_EDGE('',*,*,#3246,.T.);
#4636=ORIENTED_EDGE('',*,*,#3331,.F.);
#4637=ORIENTED_EDGE('',*,*,#3334,.F.);
#4638=ORIENTED_EDGE('',*,*,#3335,.T.);
#4639=ORIENTED_EDGE('',*,*,#3247,.T.);
#4640=ORIENTED_EDGE('',*,*,#3333,.F.);
#4641=ORIENTED_EDGE('',*,*,#3336,.F.);
#4642=ORIENTED_EDGE('',*,*,#3337,.T.);
#4643=ORIENTED_EDGE('',*,*,#3248,.T.);
#4644=ORIENTED_EDGE('',*,*,#3335,.F.);
#4645=ORIENTED_EDGE('',*,*,#3338,.F.);
#4646=ORIENTED_EDGE('',*,*,#3339,.T.);
#4647=ORIENTED_EDGE('',*,*,#3249,.T.);
#4648=ORIENTED_EDGE('',*,*,#3337,.F.);
#4649=ORIENTED_EDGE('',*,*,#3340,.F.);
#4650=ORIENTED_EDGE('',*,*,#3341,.T.);
#4651=ORIENTED_EDGE('',*,*,#3250,.T.);
#4652=ORIENTED_EDGE('',*,*,#3339,.F.);
#4653=ORIENTED_EDGE('',*,*,#3342,.F.);
#4654=ORIENTED_EDGE('',*,*,#3343,.T.);
#4655=ORIENTED_EDGE('',*,*,#3251,.T.);
#4656=ORIENTED_EDGE('',*,*,#3341,.F.);
#4657=ORIENTED_EDGE('',*,*,#3344,.F.);
#4658=ORIENTED_EDGE('',*,*,#3345,.T.);
#4659=ORIENTED_EDGE('',*,*,#3252,.T.);
#4660=ORIENTED_EDGE('',*,*,#3343,.F.);
#4661=ORIENTED_EDGE('',*,*,#3346,.F.);
#4662=ORIENTED_EDGE('',*,*,#3347,.T.);
#4663=ORIENTED_EDGE('',*,*,#3253,.T.);
#4664=ORIENTED_EDGE('',*,*,#3345,.F.);
#4665=ORIENTED_EDGE('',*,*,#3348,.F.);
#4666=ORIENTED_EDGE('',*,*,#3349,.T.);
#4667=ORIENTED_EDGE('',*,*,#3254,.T.);
#4668=ORIENTED_EDGE('',*,*,#3347,.F.);
#4669=ORIENTED_EDGE('',*,*,#3350,.F.);
#4670=ORIENTED_EDGE('',*,*,#3351,.T.);
#4671=ORIENTED_EDGE('',*,*,#3255,.T.);
#4672=ORIENTED_EDGE('',*,*,#3349,.F.);
#4673=ORIENTED_EDGE('',*,*,#3352,.F.);
#4674=ORIENTED_EDGE('',*,*,#3353,.T.);
#4675=ORIENTED_EDGE('',*,*,#3256,.T.);
#4676=ORIENTED_EDGE('',*,*,#3351,.F.);
#4677=ORIENTED_EDGE('',*,*,#3354,.F.);
#4678=ORIENTED_EDGE('',*,*,#3355,.T.);
#4679=ORIENTED_EDGE('',*,*,#3257,.T.);
#4680=ORIENTED_EDGE('',*,*,#3353,.F.);
#4681=ORIENTED_EDGE('',*,*,#3356,.F.);
#4682=ORIENTED_EDGE('',*,*,#3357,.T.);
#4683=ORIENTED_EDGE('',*,*,#3258,.T.);
#4684=ORIENTED_EDGE('',*,*,#3355,.F.);
#4685=ORIENTED_EDGE('',*,*,#3358,.F.);
#4686=ORIENTED_EDGE('',*,*,#3359,.T.);
#4687=ORIENTED_EDGE('',*,*,#3259,.T.);
#4688=ORIENTED_EDGE('',*,*,#3357,.F.);
#4689=ORIENTED_EDGE('',*,*,#3360,.F.);
#4690=ORIENTED_EDGE('',*,*,#3361,.T.);
#4691=ORIENTED_EDGE('',*,*,#3260,.T.);
#4692=ORIENTED_EDGE('',*,*,#3359,.F.);
#4693=ORIENTED_EDGE('',*,*,#3362,.F.);
#4694=ORIENTED_EDGE('',*,*,#3363,.T.);
#4695=ORIENTED_EDGE('',*,*,#3261,.T.);
#4696=ORIENTED_EDGE('',*,*,#3361,.F.);
#4697=ORIENTED_EDGE('',*,*,#3364,.F.);
#4698=ORIENTED_EDGE('',*,*,#3365,.T.);
#4699=ORIENTED_EDGE('',*,*,#3262,.T.);
#4700=ORIENTED_EDGE('',*,*,#3363,.F.);
#4701=ORIENTED_EDGE('',*,*,#3366,.F.);
#4702=ORIENTED_EDGE('',*,*,#3367,.T.);
#4703=ORIENTED_EDGE('',*,*,#3263,.T.);
#4704=ORIENTED_EDGE('',*,*,#3365,.F.);
#4705=ORIENTED_EDGE('',*,*,#3368,.F.);
#4706=ORIENTED_EDGE('',*,*,#3369,.T.);
#4707=ORIENTED_EDGE('',*,*,#3264,.T.);
#4708=ORIENTED_EDGE('',*,*,#3367,.F.);
#4709=ORIENTED_EDGE('',*,*,#3370,.F.);
#4710=ORIENTED_EDGE('',*,*,#3371,.T.);
#4711=ORIENTED_EDGE('',*,*,#3265,.T.);
#4712=ORIENTED_EDGE('',*,*,#3369,.F.);
#4713=ORIENTED_EDGE('',*,*,#3372,.F.);
#4714=ORIENTED_EDGE('',*,*,#3373,.T.);
#4715=ORIENTED_EDGE('',*,*,#3266,.T.);
#4716=ORIENTED_EDGE('',*,*,#3371,.F.);
#4717=ORIENTED_EDGE('',*,*,#3374,.F.);
#4718=ORIENTED_EDGE('',*,*,#3375,.T.);
#4719=ORIENTED_EDGE('',*,*,#3267,.T.);
#4720=ORIENTED_EDGE('',*,*,#3373,.F.);
#4721=ORIENTED_EDGE('',*,*,#3376,.F.);
#4722=ORIENTED_EDGE('',*,*,#3377,.T.);
#4723=ORIENTED_EDGE('',*,*,#3268,.T.);
#4724=ORIENTED_EDGE('',*,*,#3375,.F.);
#4725=ORIENTED_EDGE('',*,*,#3378,.F.);
#4726=ORIENTED_EDGE('',*,*,#3379,.T.);
#4727=ORIENTED_EDGE('',*,*,#3269,.T.);
#4728=ORIENTED_EDGE('',*,*,#3377,.F.);
#4729=ORIENTED_EDGE('',*,*,#3380,.F.);
#4730=ORIENTED_EDGE('',*,*,#3381,.T.);
#4731=ORIENTED_EDGE('',*,*,#3270,.T.);
#4732=ORIENTED_EDGE('',*,*,#3379,.F.);
#4733=ORIENTED_EDGE('',*,*,#3382,.F.);
#4734=ORIENTED_EDGE('',*,*,#3383,.T.);
#4735=ORIENTED_EDGE('',*,*,#3271,.T.);
#4736=ORIENTED_EDGE('',*,*,#3381,.F.);
#4737=ORIENTED_EDGE('',*,*,#3384,.F.);
#4738=ORIENTED_EDGE('',*,*,#3385,.T.);
#4739=ORIENTED_EDGE('',*,*,#3272,.T.);
#4740=ORIENTED_EDGE('',*,*,#3383,.F.);
#4741=ORIENTED_EDGE('',*,*,#3386,.F.);
#4742=ORIENTED_EDGE('',*,*,#3387,.T.);
#4743=ORIENTED_EDGE('',*,*,#3273,.T.);
#4744=ORIENTED_EDGE('',*,*,#3385,.F.);
#4745=ORIENTED_EDGE('',*,*,#3388,.F.);
#4746=ORIENTED_EDGE('',*,*,#3277,.T.);
#4747=ORIENTED_EDGE('',*,*,#3274,.T.);
#4748=ORIENTED_EDGE('',*,*,#3387,.F.);
#4749=ORIENTED_EDGE('',*,*,#3389,.F.);
#4750=ORIENTED_EDGE('',*,*,#3390,.F.);
#4751=ORIENTED_EDGE('',*,*,#3391,.F.);
#4752=ORIENTED_EDGE('',*,*,#3392,.F.);
#4753=ORIENTED_EDGE('',*,*,#3393,.F.);
#4754=ORIENTED_EDGE('',*,*,#3394,.F.);
#4755=ORIENTED_EDGE('',*,*,#3395,.F.);
#4756=ORIENTED_EDGE('',*,*,#3396,.F.);
#4757=ORIENTED_EDGE('',*,*,#3397,.F.);
#4758=ORIENTED_EDGE('',*,*,#3398,.F.);
#4759=ORIENTED_EDGE('',*,*,#3399,.F.);
#4760=ORIENTED_EDGE('',*,*,#3400,.F.);
#4761=ORIENTED_EDGE('',*,*,#3401,.F.);
#4762=ORIENTED_EDGE('',*,*,#3402,.F.);
#4763=ORIENTED_EDGE('',*,*,#3403,.F.);
#4764=ORIENTED_EDGE('',*,*,#3404,.F.);
#4765=ORIENTED_EDGE('',*,*,#3405,.F.);
#4766=ORIENTED_EDGE('',*,*,#3406,.F.);
#4767=ORIENTED_EDGE('',*,*,#3407,.T.);
#4768=ORIENTED_EDGE('',*,*,#3389,.T.);
#4769=ORIENTED_EDGE('',*,*,#3408,.F.);
#4770=ORIENTED_EDGE('',*,*,#3409,.F.);
#4771=ORIENTED_EDGE('',*,*,#3410,.T.);
#4772=ORIENTED_EDGE('',*,*,#3390,.T.);
#4773=ORIENTED_EDGE('',*,*,#3407,.F.);
#4774=ORIENTED_EDGE('',*,*,#3411,.F.);
#4775=ORIENTED_EDGE('',*,*,#3412,.T.);
#4776=ORIENTED_EDGE('',*,*,#3391,.T.);
#4777=ORIENTED_EDGE('',*,*,#3410,.F.);
#4778=ORIENTED_EDGE('',*,*,#3413,.F.);
#4779=ORIENTED_EDGE('',*,*,#3414,.T.);
#4780=ORIENTED_EDGE('',*,*,#3392,.T.);
#4781=ORIENTED_EDGE('',*,*,#3412,.F.);
#4782=ORIENTED_EDGE('',*,*,#3415,.F.);
#4783=ORIENTED_EDGE('',*,*,#3416,.T.);
#4784=ORIENTED_EDGE('',*,*,#3393,.T.);
#4785=ORIENTED_EDGE('',*,*,#3414,.F.);
#4786=ORIENTED_EDGE('',*,*,#3417,.F.);
#4787=ORIENTED_EDGE('',*,*,#3418,.T.);
#4788=ORIENTED_EDGE('',*,*,#3394,.T.);
#4789=ORIENTED_EDGE('',*,*,#3416,.F.);
#4790=ORIENTED_EDGE('',*,*,#3419,.F.);
#4791=ORIENTED_EDGE('',*,*,#3420,.T.);
#4792=ORIENTED_EDGE('',*,*,#3395,.T.);
#4793=ORIENTED_EDGE('',*,*,#3418,.F.);
#4794=ORIENTED_EDGE('',*,*,#3421,.F.);
#4795=ORIENTED_EDGE('',*,*,#3422,.T.);
#4796=ORIENTED_EDGE('',*,*,#3396,.T.);
#4797=ORIENTED_EDGE('',*,*,#3420,.F.);
#4798=ORIENTED_EDGE('',*,*,#3423,.F.);
#4799=ORIENTED_EDGE('',*,*,#3424,.T.);
#4800=ORIENTED_EDGE('',*,*,#3397,.T.);
#4801=ORIENTED_EDGE('',*,*,#3422,.F.);
#4802=ORIENTED_EDGE('',*,*,#3425,.F.);
#4803=ORIENTED_EDGE('',*,*,#3426,.T.);
#4804=ORIENTED_EDGE('',*,*,#3398,.T.);
#4805=ORIENTED_EDGE('',*,*,#3424,.F.);
#4806=ORIENTED_EDGE('',*,*,#3427,.F.);
#4807=ORIENTED_EDGE('',*,*,#3428,.T.);
#4808=ORIENTED_EDGE('',*,*,#3399,.T.);
#4809=ORIENTED_EDGE('',*,*,#3426,.F.);
#4810=ORIENTED_EDGE('',*,*,#3429,.F.);
#4811=ORIENTED_EDGE('',*,*,#3430,.T.);
#4812=ORIENTED_EDGE('',*,*,#3400,.T.);
#4813=ORIENTED_EDGE('',*,*,#3428,.F.);
#4814=ORIENTED_EDGE('',*,*,#3431,.F.);
#4815=ORIENTED_EDGE('',*,*,#3432,.T.);
#4816=ORIENTED_EDGE('',*,*,#3401,.T.);
#4817=ORIENTED_EDGE('',*,*,#3430,.F.);
#4818=ORIENTED_EDGE('',*,*,#3433,.F.);
#4819=ORIENTED_EDGE('',*,*,#3434,.T.);
#4820=ORIENTED_EDGE('',*,*,#3402,.T.);
#4821=ORIENTED_EDGE('',*,*,#3432,.F.);
#4822=ORIENTED_EDGE('',*,*,#3435,.F.);
#4823=ORIENTED_EDGE('',*,*,#3436,.T.);
#4824=ORIENTED_EDGE('',*,*,#3403,.T.);
#4825=ORIENTED_EDGE('',*,*,#3434,.F.);
#4826=ORIENTED_EDGE('',*,*,#3437,.F.);
#4827=ORIENTED_EDGE('',*,*,#3438,.T.);
#4828=ORIENTED_EDGE('',*,*,#3404,.T.);
#4829=ORIENTED_EDGE('',*,*,#3436,.F.);
#4830=ORIENTED_EDGE('',*,*,#3439,.F.);
#4831=ORIENTED_EDGE('',*,*,#3408,.T.);
#4832=ORIENTED_EDGE('',*,*,#3405,.T.);
#4833=ORIENTED_EDGE('',*,*,#3438,.F.);
#4834=ORIENTED_EDGE('',*,*,#3440,.F.);
#4835=ORIENTED_EDGE('',*,*,#3441,.F.);
#4836=ORIENTED_EDGE('',*,*,#3442,.F.);
#4837=ORIENTED_EDGE('',*,*,#3443,.F.);
#4838=ORIENTED_EDGE('',*,*,#3444,.F.);
#4839=ORIENTED_EDGE('',*,*,#3445,.F.);
#4840=ORIENTED_EDGE('',*,*,#3446,.F.);
#4841=ORIENTED_EDGE('',*,*,#3447,.T.);
#4842=ORIENTED_EDGE('',*,*,#3440,.T.);
#4843=ORIENTED_EDGE('',*,*,#3448,.F.);
#4844=ORIENTED_EDGE('',*,*,#3449,.F.);
#4845=ORIENTED_EDGE('',*,*,#3450,.T.);
#4846=ORIENTED_EDGE('',*,*,#3441,.T.);
#4847=ORIENTED_EDGE('',*,*,#3447,.F.);
#4848=ORIENTED_EDGE('',*,*,#3451,.F.);
#4849=ORIENTED_EDGE('',*,*,#3452,.T.);
#4850=ORIENTED_EDGE('',*,*,#3442,.T.);
#4851=ORIENTED_EDGE('',*,*,#3450,.F.);
#4852=ORIENTED_EDGE('',*,*,#3453,.F.);
#4853=ORIENTED_EDGE('',*,*,#3454,.T.);
#4854=ORIENTED_EDGE('',*,*,#3443,.T.);
#4855=ORIENTED_EDGE('',*,*,#3452,.F.);
#4856=ORIENTED_EDGE('',*,*,#3455,.F.);
#4857=ORIENTED_EDGE('',*,*,#3456,.T.);
#4858=ORIENTED_EDGE('',*,*,#3444,.T.);
#4859=ORIENTED_EDGE('',*,*,#3454,.F.);
#4860=ORIENTED_EDGE('',*,*,#3457,.F.);
#4861=ORIENTED_EDGE('',*,*,#3448,.T.);
#4862=ORIENTED_EDGE('',*,*,#3445,.T.);
#4863=ORIENTED_EDGE('',*,*,#3456,.F.);
#4864=ORIENTED_EDGE('',*,*,#3458,.F.);
#4865=ORIENTED_EDGE('',*,*,#3459,.F.);
#4866=ORIENTED_EDGE('',*,*,#3460,.F.);
#4867=ORIENTED_EDGE('',*,*,#3461,.F.);
#4868=ORIENTED_EDGE('',*,*,#3462,.F.);
#4869=ORIENTED_EDGE('',*,*,#3463,.F.);
#4870=ORIENTED_EDGE('',*,*,#3464,.F.);
#4871=ORIENTED_EDGE('',*,*,#3465,.F.);
#4872=ORIENTED_EDGE('',*,*,#3466,.F.);
#4873=ORIENTED_EDGE('',*,*,#3467,.F.);
#4874=ORIENTED_EDGE('',*,*,#3468,.F.);
#4875=ORIENTED_EDGE('',*,*,#3469,.F.);
#4876=ORIENTED_EDGE('',*,*,#3470,.F.);
#4877=ORIENTED_EDGE('',*,*,#3471,.F.);
#4878=ORIENTED_EDGE('',*,*,#3472,.F.);
#4879=ORIENTED_EDGE('',*,*,#3473,.F.);
#4880=ORIENTED_EDGE('',*,*,#3474,.F.);
#4881=ORIENTED_EDGE('',*,*,#3475,.F.);
#4882=ORIENTED_EDGE('',*,*,#3476,.T.);
#4883=ORIENTED_EDGE('',*,*,#3458,.T.);
#4884=ORIENTED_EDGE('',*,*,#3477,.F.);
#4885=ORIENTED_EDGE('',*,*,#3478,.F.);
#4886=ORIENTED_EDGE('',*,*,#3479,.T.);
#4887=ORIENTED_EDGE('',*,*,#3459,.T.);
#4888=ORIENTED_EDGE('',*,*,#3476,.F.);
#4889=ORIENTED_EDGE('',*,*,#3480,.F.);
#4890=ORIENTED_EDGE('',*,*,#3481,.T.);
#4891=ORIENTED_EDGE('',*,*,#3460,.T.);
#4892=ORIENTED_EDGE('',*,*,#3479,.F.);
#4893=ORIENTED_EDGE('',*,*,#3482,.F.);
#4894=ORIENTED_EDGE('',*,*,#3483,.T.);
#4895=ORIENTED_EDGE('',*,*,#3461,.T.);
#4896=ORIENTED_EDGE('',*,*,#3481,.F.);
#4897=ORIENTED_EDGE('',*,*,#3484,.F.);
#4898=ORIENTED_EDGE('',*,*,#3485,.T.);
#4899=ORIENTED_EDGE('',*,*,#3462,.T.);
#4900=ORIENTED_EDGE('',*,*,#3483,.F.);
#4901=ORIENTED_EDGE('',*,*,#3486,.F.);
#4902=ORIENTED_EDGE('',*,*,#3487,.T.);
#4903=ORIENTED_EDGE('',*,*,#3463,.T.);
#4904=ORIENTED_EDGE('',*,*,#3485,.F.);
#4905=ORIENTED_EDGE('',*,*,#3488,.F.);
#4906=ORIENTED_EDGE('',*,*,#3489,.T.);
#4907=ORIENTED_EDGE('',*,*,#3464,.T.);
#4908=ORIENTED_EDGE('',*,*,#3487,.F.);
#4909=ORIENTED_EDGE('',*,*,#3490,.F.);
#4910=ORIENTED_EDGE('',*,*,#3491,.T.);
#4911=ORIENTED_EDGE('',*,*,#3465,.T.);
#4912=ORIENTED_EDGE('',*,*,#3489,.F.);
#4913=ORIENTED_EDGE('',*,*,#3492,.F.);
#4914=ORIENTED_EDGE('',*,*,#3493,.T.);
#4915=ORIENTED_EDGE('',*,*,#3466,.T.);
#4916=ORIENTED_EDGE('',*,*,#3491,.F.);
#4917=ORIENTED_EDGE('',*,*,#3494,.F.);
#4918=ORIENTED_EDGE('',*,*,#3495,.T.);
#4919=ORIENTED_EDGE('',*,*,#3467,.T.);
#4920=ORIENTED_EDGE('',*,*,#3493,.F.);
#4921=ORIENTED_EDGE('',*,*,#3496,.F.);
#4922=ORIENTED_EDGE('',*,*,#3497,.T.);
#4923=ORIENTED_EDGE('',*,*,#3468,.T.);
#4924=ORIENTED_EDGE('',*,*,#3495,.F.);
#4925=ORIENTED_EDGE('',*,*,#3498,.F.);
#4926=ORIENTED_EDGE('',*,*,#3499,.T.);
#4927=ORIENTED_EDGE('',*,*,#3469,.T.);
#4928=ORIENTED_EDGE('',*,*,#3497,.F.);
#4929=ORIENTED_EDGE('',*,*,#3500,.F.);
#4930=ORIENTED_EDGE('',*,*,#3501,.T.);
#4931=ORIENTED_EDGE('',*,*,#3470,.T.);
#4932=ORIENTED_EDGE('',*,*,#3499,.F.);
#4933=ORIENTED_EDGE('',*,*,#3502,.F.);
#4934=ORIENTED_EDGE('',*,*,#3503,.T.);
#4935=ORIENTED_EDGE('',*,*,#3471,.T.);
#4936=ORIENTED_EDGE('',*,*,#3501,.F.);
#4937=ORIENTED_EDGE('',*,*,#3504,.F.);
#4938=ORIENTED_EDGE('',*,*,#3505,.T.);
#4939=ORIENTED_EDGE('',*,*,#3472,.T.);
#4940=ORIENTED_EDGE('',*,*,#3503,.F.);
#4941=ORIENTED_EDGE('',*,*,#3506,.F.);
#4942=ORIENTED_EDGE('',*,*,#3507,.T.);
#4943=ORIENTED_EDGE('',*,*,#3473,.T.);
#4944=ORIENTED_EDGE('',*,*,#3505,.F.);
#4945=ORIENTED_EDGE('',*,*,#3508,.F.);
#4946=ORIENTED_EDGE('',*,*,#3477,.T.);
#4947=ORIENTED_EDGE('',*,*,#3474,.T.);
#4948=ORIENTED_EDGE('',*,*,#3507,.F.);
#4949=ORIENTED_EDGE('',*,*,#3509,.F.);
#4950=ORIENTED_EDGE('',*,*,#3510,.T.);
#4951=ORIENTED_EDGE('',*,*,#3511,.F.);
#4952=ORIENTED_EDGE('',*,*,#3510,.F.);
#4953=ORIENTED_EDGE('',*,*,#3512,.F.);
#4954=ORIENTED_EDGE('',*,*,#3513,.T.);
#4955=ORIENTED_EDGE('',*,*,#3514,.F.);
#4956=ORIENTED_EDGE('',*,*,#3513,.F.);
#4957=ORIENTED_EDGE('',*,*,#3515,.T.);
#4958=ORIENTED_EDGE('',*,*,#3516,.T.);
#4959=ORIENTED_EDGE('',*,*,#3517,.F.);
#4960=ORIENTED_EDGE('',*,*,#3518,.F.);
#4961=ORIENTED_EDGE('',*,*,#3519,.T.);
#4962=ORIENTED_EDGE('',*,*,#3518,.T.);
#4963=ORIENTED_EDGE('',*,*,#3520,.F.);
#4964=ORIENTED_EDGE('',*,*,#3521,.F.);
#4965=ORIENTED_EDGE('',*,*,#3522,.T.);
#4966=ORIENTED_EDGE('',*,*,#3521,.T.);
#4967=ORIENTED_EDGE('',*,*,#3523,.F.);
#4968=ORIENTED_EDGE('',*,*,#3524,.F.);
#4969=ORIENTED_EDGE('',*,*,#3525,.T.);
#4970=ORIENTED_EDGE('',*,*,#3524,.T.);
#4971=ORIENTED_EDGE('',*,*,#3526,.F.);
#4972=ORIENTED_EDGE('',*,*,#3516,.F.);
#4973=ORIENTED_EDGE('',*,*,#3525,.F.);
#4974=ORIENTED_EDGE('',*,*,#3515,.F.);
#4975=ORIENTED_EDGE('',*,*,#3519,.F.);
#4976=ORIENTED_EDGE('',*,*,#3522,.F.);
#4977=ORIENTED_EDGE('',*,*,#2714,.T.);
#4978=ORIENTED_EDGE('',*,*,#2767,.T.);
#4979=ORIENTED_EDGE('',*,*,#2765,.T.);
#4980=ORIENTED_EDGE('',*,*,#2763,.T.);
#4981=ORIENTED_EDGE('',*,*,#2761,.T.);
#4982=ORIENTED_EDGE('',*,*,#2759,.T.);
#4983=ORIENTED_EDGE('',*,*,#2757,.T.);
#4984=ORIENTED_EDGE('',*,*,#2755,.T.);
#4985=ORIENTED_EDGE('',*,*,#2753,.T.);
#4986=ORIENTED_EDGE('',*,*,#2751,.T.);
#4987=ORIENTED_EDGE('',*,*,#2749,.T.);
#4988=ORIENTED_EDGE('',*,*,#2747,.T.);
#4989=ORIENTED_EDGE('',*,*,#2745,.T.);
#4990=ORIENTED_EDGE('',*,*,#2743,.T.);
#4991=ORIENTED_EDGE('',*,*,#2741,.T.);
#4992=ORIENTED_EDGE('',*,*,#2739,.T.);
#4993=ORIENTED_EDGE('',*,*,#2737,.T.);
#4994=ORIENTED_EDGE('',*,*,#2735,.T.);
#4995=ORIENTED_EDGE('',*,*,#2733,.T.);
#4996=ORIENTED_EDGE('',*,*,#2731,.T.);
#4997=ORIENTED_EDGE('',*,*,#2729,.T.);
#4998=ORIENTED_EDGE('',*,*,#2727,.T.);
#4999=ORIENTED_EDGE('',*,*,#2725,.T.);
#5000=ORIENTED_EDGE('',*,*,#2723,.T.);
#5001=ORIENTED_EDGE('',*,*,#2721,.T.);
#5002=ORIENTED_EDGE('',*,*,#2719,.T.);
#5003=ORIENTED_EDGE('',*,*,#2717,.T.);
#5004=ORIENTED_EDGE('',*,*,#2871,.T.);
#5005=ORIENTED_EDGE('',*,*,#2916,.T.);
#5006=ORIENTED_EDGE('',*,*,#2914,.T.);
#5007=ORIENTED_EDGE('',*,*,#2912,.T.);
#5008=ORIENTED_EDGE('',*,*,#2910,.T.);
#5009=ORIENTED_EDGE('',*,*,#2908,.T.);
#5010=ORIENTED_EDGE('',*,*,#2906,.T.);
#5011=ORIENTED_EDGE('',*,*,#2904,.T.);
#5012=ORIENTED_EDGE('',*,*,#2902,.T.);
#5013=ORIENTED_EDGE('',*,*,#2900,.T.);
#5014=ORIENTED_EDGE('',*,*,#2898,.T.);
#5015=ORIENTED_EDGE('',*,*,#2896,.T.);
#5016=ORIENTED_EDGE('',*,*,#2894,.T.);
#5017=ORIENTED_EDGE('',*,*,#2892,.T.);
#5018=ORIENTED_EDGE('',*,*,#2890,.T.);
#5019=ORIENTED_EDGE('',*,*,#2888,.T.);
#5020=ORIENTED_EDGE('',*,*,#2886,.T.);
#5021=ORIENTED_EDGE('',*,*,#2884,.T.);
#5022=ORIENTED_EDGE('',*,*,#2882,.T.);
#5023=ORIENTED_EDGE('',*,*,#2880,.T.);
#5024=ORIENTED_EDGE('',*,*,#2878,.T.);
#5025=ORIENTED_EDGE('',*,*,#2876,.T.);
#5026=ORIENTED_EDGE('',*,*,#2874,.T.);
#5027=ORIENTED_EDGE('',*,*,#3056,.T.);
#5028=ORIENTED_EDGE('',*,*,#3145,.T.);
#5029=ORIENTED_EDGE('',*,*,#3143,.T.);
#5030=ORIENTED_EDGE('',*,*,#3141,.T.);
#5031=ORIENTED_EDGE('',*,*,#3139,.T.);
#5032=ORIENTED_EDGE('',*,*,#3137,.T.);
#5033=ORIENTED_EDGE('',*,*,#3135,.T.);
#5034=ORIENTED_EDGE('',*,*,#3133,.T.);
#5035=ORIENTED_EDGE('',*,*,#3131,.T.);
#5036=ORIENTED_EDGE('',*,*,#3129,.T.);
#5037=ORIENTED_EDGE('',*,*,#3127,.T.);
#5038=ORIENTED_EDGE('',*,*,#3125,.T.);
#5039=ORIENTED_EDGE('',*,*,#3123,.T.);
#5040=ORIENTED_EDGE('',*,*,#3121,.T.);
#5041=ORIENTED_EDGE('',*,*,#3119,.T.);
#5042=ORIENTED_EDGE('',*,*,#3117,.T.);
#5043=ORIENTED_EDGE('',*,*,#3115,.T.);
#5044=ORIENTED_EDGE('',*,*,#3113,.T.);
#5045=ORIENTED_EDGE('',*,*,#3111,.T.);
#5046=ORIENTED_EDGE('',*,*,#3109,.T.);
#5047=ORIENTED_EDGE('',*,*,#3107,.T.);
#5048=ORIENTED_EDGE('',*,*,#3105,.T.);
#5049=ORIENTED_EDGE('',*,*,#3103,.T.);
#5050=ORIENTED_EDGE('',*,*,#3101,.T.);
#5051=ORIENTED_EDGE('',*,*,#3099,.T.);
#5052=ORIENTED_EDGE('',*,*,#3097,.T.);
#5053=ORIENTED_EDGE('',*,*,#3095,.T.);
#5054=ORIENTED_EDGE('',*,*,#3093,.T.);
#5055=ORIENTED_EDGE('',*,*,#3091,.T.);
#5056=ORIENTED_EDGE('',*,*,#3089,.T.);
#5057=ORIENTED_EDGE('',*,*,#3087,.T.);
#5058=ORIENTED_EDGE('',*,*,#3085,.T.);
#5059=ORIENTED_EDGE('',*,*,#3083,.T.);
#5060=ORIENTED_EDGE('',*,*,#3081,.T.);
#5061=ORIENTED_EDGE('',*,*,#3079,.T.);
#5062=ORIENTED_EDGE('',*,*,#3077,.T.);
#5063=ORIENTED_EDGE('',*,*,#3075,.T.);
#5064=ORIENTED_EDGE('',*,*,#3073,.T.);
#5065=ORIENTED_EDGE('',*,*,#3071,.T.);
#5066=ORIENTED_EDGE('',*,*,#3069,.T.);
#5067=ORIENTED_EDGE('',*,*,#3067,.T.);
#5068=ORIENTED_EDGE('',*,*,#3065,.T.);
#5069=ORIENTED_EDGE('',*,*,#3063,.T.);
#5070=ORIENTED_EDGE('',*,*,#3061,.T.);
#5071=ORIENTED_EDGE('',*,*,#3059,.T.);
#5072=ORIENTED_EDGE('',*,*,#3511,.T.);
#5073=ORIENTED_EDGE('',*,*,#3514,.T.);
#5074=ORIENTED_EDGE('',*,*,#3475,.T.);
#5075=ORIENTED_EDGE('',*,*,#3508,.T.);
#5076=ORIENTED_EDGE('',*,*,#3506,.T.);
#5077=ORIENTED_EDGE('',*,*,#3504,.T.);
#5078=ORIENTED_EDGE('',*,*,#3502,.T.);
#5079=ORIENTED_EDGE('',*,*,#3500,.T.);
#5080=ORIENTED_EDGE('',*,*,#3498,.T.);
#5081=ORIENTED_EDGE('',*,*,#3496,.T.);
#5082=ORIENTED_EDGE('',*,*,#3494,.T.);
#5083=ORIENTED_EDGE('',*,*,#3492,.T.);
#5084=ORIENTED_EDGE('',*,*,#3490,.T.);
#5085=ORIENTED_EDGE('',*,*,#3488,.T.);
#5086=ORIENTED_EDGE('',*,*,#3486,.T.);
#5087=ORIENTED_EDGE('',*,*,#3484,.T.);
#5088=ORIENTED_EDGE('',*,*,#3482,.T.);
#5089=ORIENTED_EDGE('',*,*,#3480,.T.);
#5090=ORIENTED_EDGE('',*,*,#3478,.T.);
#5091=ORIENTED_EDGE('',*,*,#3446,.T.);
#5092=ORIENTED_EDGE('',*,*,#3457,.T.);
#5093=ORIENTED_EDGE('',*,*,#3455,.T.);
#5094=ORIENTED_EDGE('',*,*,#3453,.T.);
#5095=ORIENTED_EDGE('',*,*,#3451,.T.);
#5096=ORIENTED_EDGE('',*,*,#3449,.T.);
#5097=ORIENTED_EDGE('',*,*,#3406,.T.);
#5098=ORIENTED_EDGE('',*,*,#3439,.T.);
#5099=ORIENTED_EDGE('',*,*,#3437,.T.);
#5100=ORIENTED_EDGE('',*,*,#3435,.T.);
#5101=ORIENTED_EDGE('',*,*,#3433,.T.);
#5102=ORIENTED_EDGE('',*,*,#3431,.T.);
#5103=ORIENTED_EDGE('',*,*,#3429,.T.);
#5104=ORIENTED_EDGE('',*,*,#3427,.T.);
#5105=ORIENTED_EDGE('',*,*,#3425,.T.);
#5106=ORIENTED_EDGE('',*,*,#3423,.T.);
#5107=ORIENTED_EDGE('',*,*,#3421,.T.);
#5108=ORIENTED_EDGE('',*,*,#3419,.T.);
#5109=ORIENTED_EDGE('',*,*,#3417,.T.);
#5110=ORIENTED_EDGE('',*,*,#3415,.T.);
#5111=ORIENTED_EDGE('',*,*,#3413,.T.);
#5112=ORIENTED_EDGE('',*,*,#3411,.T.);
#5113=ORIENTED_EDGE('',*,*,#3409,.T.);
#5114=ORIENTED_EDGE('',*,*,#3275,.T.);
#5115=ORIENTED_EDGE('',*,*,#3388,.T.);
#5116=ORIENTED_EDGE('',*,*,#3386,.T.);
#5117=ORIENTED_EDGE('',*,*,#3384,.T.);
#5118=ORIENTED_EDGE('',*,*,#3382,.T.);
#5119=ORIENTED_EDGE('',*,*,#3380,.T.);
#5120=ORIENTED_EDGE('',*,*,#3378,.T.);
#5121=ORIENTED_EDGE('',*,*,#3376,.T.);
#5122=ORIENTED_EDGE('',*,*,#3374,.T.);
#5123=ORIENTED_EDGE('',*,*,#3372,.T.);
#5124=ORIENTED_EDGE('',*,*,#3370,.T.);
#5125=ORIENTED_EDGE('',*,*,#3368,.T.);
#5126=ORIENTED_EDGE('',*,*,#3366,.T.);
#5127=ORIENTED_EDGE('',*,*,#3364,.T.);
#5128=ORIENTED_EDGE('',*,*,#3362,.T.);
#5129=ORIENTED_EDGE('',*,*,#3360,.T.);
#5130=ORIENTED_EDGE('',*,*,#3358,.T.);
#5131=ORIENTED_EDGE('',*,*,#3356,.T.);
#5132=ORIENTED_EDGE('',*,*,#3354,.T.);
#5133=ORIENTED_EDGE('',*,*,#3352,.T.);
#5134=ORIENTED_EDGE('',*,*,#3350,.T.);
#5135=ORIENTED_EDGE('',*,*,#3348,.T.);
#5136=ORIENTED_EDGE('',*,*,#3346,.T.);
#5137=ORIENTED_EDGE('',*,*,#3344,.T.);
#5138=ORIENTED_EDGE('',*,*,#3342,.T.);
#5139=ORIENTED_EDGE('',*,*,#3340,.T.);
#5140=ORIENTED_EDGE('',*,*,#3338,.T.);
#5141=ORIENTED_EDGE('',*,*,#3336,.T.);
#5142=ORIENTED_EDGE('',*,*,#3334,.T.);
#5143=ORIENTED_EDGE('',*,*,#3332,.T.);
#5144=ORIENTED_EDGE('',*,*,#3330,.T.);
#5145=ORIENTED_EDGE('',*,*,#3328,.T.);
#5146=ORIENTED_EDGE('',*,*,#3326,.T.);
#5147=ORIENTED_EDGE('',*,*,#3324,.T.);
#5148=ORIENTED_EDGE('',*,*,#3322,.T.);
#5149=ORIENTED_EDGE('',*,*,#3320,.T.);
#5150=ORIENTED_EDGE('',*,*,#3318,.T.);
#5151=ORIENTED_EDGE('',*,*,#3316,.T.);
#5152=ORIENTED_EDGE('',*,*,#3314,.T.);
#5153=ORIENTED_EDGE('',*,*,#3312,.T.);
#5154=ORIENTED_EDGE('',*,*,#3310,.T.);
#5155=ORIENTED_EDGE('',*,*,#3308,.T.);
#5156=ORIENTED_EDGE('',*,*,#3306,.T.);
#5157=ORIENTED_EDGE('',*,*,#3304,.T.);
#5158=ORIENTED_EDGE('',*,*,#3302,.T.);
#5159=ORIENTED_EDGE('',*,*,#3300,.T.);
#5160=ORIENTED_EDGE('',*,*,#3298,.T.);
#5161=ORIENTED_EDGE('',*,*,#3296,.T.);
#5162=ORIENTED_EDGE('',*,*,#3294,.T.);
#5163=ORIENTED_EDGE('',*,*,#3292,.T.);
#5164=ORIENTED_EDGE('',*,*,#3290,.T.);
#5165=ORIENTED_EDGE('',*,*,#3288,.T.);
#5166=ORIENTED_EDGE('',*,*,#3286,.T.);
#5167=ORIENTED_EDGE('',*,*,#3284,.T.);
#5168=ORIENTED_EDGE('',*,*,#3282,.T.);
#5169=ORIENTED_EDGE('',*,*,#3280,.T.);
#5170=ORIENTED_EDGE('',*,*,#3278,.T.);
#5171=ORIENTED_EDGE('',*,*,#3170,.T.);
#5172=ORIENTED_EDGE('',*,*,#3203,.T.);
#5173=ORIENTED_EDGE('',*,*,#3201,.T.);
#5174=ORIENTED_EDGE('',*,*,#3199,.T.);
#5175=ORIENTED_EDGE('',*,*,#3197,.T.);
#5176=ORIENTED_EDGE('',*,*,#3195,.T.);
#5177=ORIENTED_EDGE('',*,*,#3193,.T.);
#5178=ORIENTED_EDGE('',*,*,#3191,.T.);
#5179=ORIENTED_EDGE('',*,*,#3189,.T.);
#5180=ORIENTED_EDGE('',*,*,#3187,.T.);
#5181=ORIENTED_EDGE('',*,*,#3185,.T.);
#5182=ORIENTED_EDGE('',*,*,#3183,.T.);
#5183=ORIENTED_EDGE('',*,*,#3181,.T.);
#5184=ORIENTED_EDGE('',*,*,#3179,.T.);
#5185=ORIENTED_EDGE('',*,*,#3177,.T.);
#5186=ORIENTED_EDGE('',*,*,#3175,.T.);
#5187=ORIENTED_EDGE('',*,*,#3173,.T.);
#5188=ORIENTED_EDGE('',*,*,#2959,.T.);
#5189=ORIENTED_EDGE('',*,*,#3010,.T.);
#5190=ORIENTED_EDGE('',*,*,#3008,.T.);
#5191=ORIENTED_EDGE('',*,*,#3006,.T.);
#5192=ORIENTED_EDGE('',*,*,#3004,.T.);
#5193=ORIENTED_EDGE('',*,*,#3002,.T.);
#5194=ORIENTED_EDGE('',*,*,#3000,.T.);
#5195=ORIENTED_EDGE('',*,*,#2998,.T.);
#5196=ORIENTED_EDGE('',*,*,#2996,.T.);
#5197=ORIENTED_EDGE('',*,*,#2994,.T.);
#5198=ORIENTED_EDGE('',*,*,#2992,.T.);
#5199=ORIENTED_EDGE('',*,*,#2990,.T.);
#5200=ORIENTED_EDGE('',*,*,#2988,.T.);
#5201=ORIENTED_EDGE('',*,*,#2986,.T.);
#5202=ORIENTED_EDGE('',*,*,#2984,.T.);
#5203=ORIENTED_EDGE('',*,*,#2982,.T.);
#5204=ORIENTED_EDGE('',*,*,#2980,.T.);
#5205=ORIENTED_EDGE('',*,*,#2978,.T.);
#5206=ORIENTED_EDGE('',*,*,#2976,.T.);
#5207=ORIENTED_EDGE('',*,*,#2974,.T.);
#5208=ORIENTED_EDGE('',*,*,#2972,.T.);
#5209=ORIENTED_EDGE('',*,*,#2970,.T.);
#5210=ORIENTED_EDGE('',*,*,#2968,.T.);
#5211=ORIENTED_EDGE('',*,*,#2966,.T.);
#5212=ORIENTED_EDGE('',*,*,#2964,.T.);
#5213=ORIENTED_EDGE('',*,*,#2962,.T.);
#5214=ORIENTED_EDGE('',*,*,#2792,.T.);
#5215=ORIENTED_EDGE('',*,*,#2825,.T.);
#5216=ORIENTED_EDGE('',*,*,#2823,.T.);
#5217=ORIENTED_EDGE('',*,*,#2821,.T.);
#5218=ORIENTED_EDGE('',*,*,#2819,.T.);
#5219=ORIENTED_EDGE('',*,*,#2817,.T.);
#5220=ORIENTED_EDGE('',*,*,#2815,.T.);
#5221=ORIENTED_EDGE('',*,*,#2813,.T.);
#5222=ORIENTED_EDGE('',*,*,#2811,.T.);
#5223=ORIENTED_EDGE('',*,*,#2809,.T.);
#5224=ORIENTED_EDGE('',*,*,#2807,.T.);
#5225=ORIENTED_EDGE('',*,*,#2805,.T.);
#5226=ORIENTED_EDGE('',*,*,#2803,.T.);
#5227=ORIENTED_EDGE('',*,*,#2801,.T.);
#5228=ORIENTED_EDGE('',*,*,#2799,.T.);
#5229=ORIENTED_EDGE('',*,*,#2797,.T.);
#5230=ORIENTED_EDGE('',*,*,#2795,.T.);
#5231=ORIENTED_EDGE('',*,*,#2675,.T.);
#5232=ORIENTED_EDGE('',*,*,#2686,.T.);
#5233=ORIENTED_EDGE('',*,*,#2684,.T.);
#5234=ORIENTED_EDGE('',*,*,#2682,.T.);
#5235=ORIENTED_EDGE('',*,*,#2680,.T.);
#5236=ORIENTED_EDGE('',*,*,#2678,.T.);
#5237=ORIENTED_EDGE('',*,*,#3526,.T.);
#5238=ORIENTED_EDGE('',*,*,#3523,.T.);
#5239=ORIENTED_EDGE('',*,*,#3520,.T.);
#5240=ORIENTED_EDGE('',*,*,#3517,.T.);
#5241=ORIENTED_EDGE('',*,*,#3512,.T.);
#5242=ORIENTED_EDGE('',*,*,#3509,.T.);
#5243=PLANE('',#5592);
#5244=PLANE('',#5593);
#5245=PLANE('',#5594);
#5246=PLANE('',#5595);
#5247=PLANE('',#5596);
#5248=PLANE('',#5597);
#5249=PLANE('',#5598);
#5250=PLANE('',#5599);
#5251=PLANE('',#5600);
#5252=PLANE('',#5601);
#5253=PLANE('',#5602);
#5254=PLANE('',#5603);
#5255=PLANE('',#5604);
#5256=PLANE('',#5605);
#5257=PLANE('',#5606);
#5258=PLANE('',#5607);
#5259=PLANE('',#5608);
#5260=PLANE('',#5609);
#5261=PLANE('',#5610);
#5262=PLANE('',#5611);
#5263=PLANE('',#5612);
#5264=PLANE('',#5613);
#5265=PLANE('',#5614);
#5266=PLANE('',#5615);
#5267=PLANE('',#5616);
#5268=PLANE('',#5617);
#5269=PLANE('',#5618);
#5270=PLANE('',#5625);
#5271=PLANE('',#5626);
#5272=PLANE('',#5627);
#5273=PLANE('',#5628);
#5274=PLANE('',#5629);
#5275=PLANE('',#5630);
#5276=ADVANCED_FACE('',(#936),#5243,.T.);
#5277=ADVANCED_FACE('',(#937),#669,.F.);
#5278=ADVANCED_FACE('',(#938),#670,.F.);
#5279=ADVANCED_FACE('',(#939),#671,.F.);
#5280=ADVANCED_FACE('',(#940),#672,.F.);
#5281=ADVANCED_FACE('',(#941),#673,.F.);
#5282=ADVANCED_FACE('',(#942),#674,.F.);
#5283=ADVANCED_FACE('',(#943),#5244,.T.);
#5284=ADVANCED_FACE('',(#944),#675,.F.);
#5285=ADVANCED_FACE('',(#945),#676,.F.);
#5286=ADVANCED_FACE('',(#946),#5245,.F.);
#5287=ADVANCED_FACE('',(#947),#677,.F.);
#5288=ADVANCED_FACE('',(#948),#678,.F.);
#5289=ADVANCED_FACE('',(#949),#679,.F.);
#5290=ADVANCED_FACE('',(#950),#680,.F.);
#5291=ADVANCED_FACE('',(#951),#681,.F.);
#5292=ADVANCED_FACE('',(#952),#682,.F.);
#5293=ADVANCED_FACE('',(#953),#683,.F.);
#5294=ADVANCED_FACE('',(#954),#684,.F.);
#5295=ADVANCED_FACE('',(#955),#685,.F.);
#5296=ADVANCED_FACE('',(#956),#686,.F.);
#5297=ADVANCED_FACE('',(#957),#687,.F.);
#5298=ADVANCED_FACE('',(#958),#688,.F.);
#5299=ADVANCED_FACE('',(#959),#689,.F.);
#5300=ADVANCED_FACE('',(#960),#690,.F.);
#5301=ADVANCED_FACE('',(#961),#691,.F.);
#5302=ADVANCED_FACE('',(#962),#692,.F.);
#5303=ADVANCED_FACE('',(#963),#5246,.F.);
#5304=ADVANCED_FACE('',(#964),#693,.F.);
#5305=ADVANCED_FACE('',(#965),#694,.F.);
#5306=ADVANCED_FACE('',(#966),#695,.F.);
#5307=ADVANCED_FACE('',(#967),#696,.F.);
#5308=ADVANCED_FACE('',(#968),#697,.F.);
#5309=ADVANCED_FACE('',(#969),#698,.F.);
#5310=ADVANCED_FACE('',(#970),#699,.F.);
#5311=ADVANCED_FACE('',(#971,#21),#5247,.T.);
#5312=ADVANCED_FACE('',(#972),#700,.F.);
#5313=ADVANCED_FACE('',(#973),#701,.F.);
#5314=ADVANCED_FACE('',(#974),#702,.F.);
#5315=ADVANCED_FACE('',(#975),#703,.F.);
#5316=ADVANCED_FACE('',(#976),#704,.F.);
#5317=ADVANCED_FACE('',(#977),#705,.F.);
#5318=ADVANCED_FACE('',(#978),#706,.F.);
#5319=ADVANCED_FACE('',(#979),#707,.F.);
#5320=ADVANCED_FACE('',(#980),#708,.F.);
#5321=ADVANCED_FACE('',(#981),#709,.F.);
#5322=ADVANCED_FACE('',(#982),#5248,.F.);
#5323=ADVANCED_FACE('',(#983),#710,.F.);
#5324=ADVANCED_FACE('',(#984),#711,.F.);
#5325=ADVANCED_FACE('',(#985),#712,.F.);
#5326=ADVANCED_FACE('',(#986),#713,.F.);
#5327=ADVANCED_FACE('',(#987),#714,.F.);
#5328=ADVANCED_FACE('',(#988),#715,.F.);
#5329=ADVANCED_FACE('',(#989),#716,.F.);
#5330=ADVANCED_FACE('',(#990),#717,.F.);
#5331=ADVANCED_FACE('',(#991),#718,.F.);
#5332=ADVANCED_FACE('',(#992),#719,.F.);
#5333=ADVANCED_FACE('',(#993),#720,.F.);
#5334=ADVANCED_FACE('',(#994),#721,.F.);
#5335=ADVANCED_FACE('',(#995),#722,.F.);
#5336=ADVANCED_FACE('',(#996),#5249,.T.);
#5337=ADVANCED_FACE('',(#997,#22),#5250,.T.);
#5338=ADVANCED_FACE('',(#998),#723,.F.);
#5339=ADVANCED_FACE('',(#999),#724,.F.);
#5340=ADVANCED_FACE('',(#1000),#725,.F.);
#5341=ADVANCED_FACE('',(#1001),#726,.F.);
#5342=ADVANCED_FACE('',(#1002),#727,.F.);
#5343=ADVANCED_FACE('',(#1003),#728,.F.);
#5344=ADVANCED_FACE('',(#1004),#729,.F.);
#5345=ADVANCED_FACE('',(#1005),#730,.F.);
#5346=ADVANCED_FACE('',(#1006),#731,.F.);
#5347=ADVANCED_FACE('',(#1007),#732,.F.);
#5348=ADVANCED_FACE('',(#1008),#733,.F.);
#5349=ADVANCED_FACE('',(#1009),#734,.F.);
#5350=ADVANCED_FACE('',(#1010),#735,.F.);
#5351=ADVANCED_FACE('',(#1011),#736,.F.);
#5352=ADVANCED_FACE('',(#1012),#737,.F.);
#5353=ADVANCED_FACE('',(#1013),#738,.F.);
#5354=ADVANCED_FACE('',(#1014),#739,.F.);
#5355=ADVANCED_FACE('',(#1015),#740,.F.);
#5356=ADVANCED_FACE('',(#1016),#5251,.F.);
#5357=ADVANCED_FACE('',(#1017),#741,.F.);
#5358=ADVANCED_FACE('',(#1018),#742,.F.);
#5359=ADVANCED_FACE('',(#1019),#743,.F.);
#5360=ADVANCED_FACE('',(#1020),#744,.F.);
#5361=ADVANCED_FACE('',(#1021),#745,.F.);
#5362=ADVANCED_FACE('',(#1022),#746,.F.);
#5363=ADVANCED_FACE('',(#1023),#747,.F.);
#5364=ADVANCED_FACE('',(#1024),#748,.F.);
#5365=ADVANCED_FACE('',(#1025),#749,.F.);
#5366=ADVANCED_FACE('',(#1026),#750,.F.);
#5367=ADVANCED_FACE('',(#1027),#751,.F.);
#5368=ADVANCED_FACE('',(#1028),#752,.F.);
#5369=ADVANCED_FACE('',(#1029),#5252,.T.);
#5370=ADVANCED_FACE('',(#1030),#5253,.T.);
#5371=ADVANCED_FACE('',(#1031),#753,.F.);
#5372=ADVANCED_FACE('',(#1032),#754,.F.);
#5373=ADVANCED_FACE('',(#1033),#755,.F.);
#5374=ADVANCED_FACE('',(#1034),#756,.F.);
#5375=ADVANCED_FACE('',(#1035),#757,.F.);
#5376=ADVANCED_FACE('',(#1036),#5254,.F.);
#5377=ADVANCED_FACE('',(#1037),#758,.F.);
#5378=ADVANCED_FACE('',(#1038),#759,.F.);
#5379=ADVANCED_FACE('',(#1039),#760,.F.);
#5380=ADVANCED_FACE('',(#1040),#761,.F.);
#5381=ADVANCED_FACE('',(#1041),#762,.F.);
#5382=ADVANCED_FACE('',(#1042),#763,.F.);
#5383=ADVANCED_FACE('',(#1043),#764,.F.);
#5384=ADVANCED_FACE('',(#1044),#765,.F.);
#5385=ADVANCED_FACE('',(#1045),#766,.F.);
#5386=ADVANCED_FACE('',(#1046),#767,.F.);
#5387=ADVANCED_FACE('',(#1047),#768,.F.);
#5388=ADVANCED_FACE('',(#1048),#769,.F.);
#5389=ADVANCED_FACE('',(#1049),#770,.F.);
#5390=ADVANCED_FACE('',(#1050),#771,.F.);
#5391=ADVANCED_FACE('',(#1051),#772,.F.);
#5392=ADVANCED_FACE('',(#1052),#773,.F.);
#5393=ADVANCED_FACE('',(#1053),#774,.F.);
#5394=ADVANCED_FACE('',(#1054),#775,.F.);
#5395=ADVANCED_FACE('',(#1055),#776,.F.);
#5396=ADVANCED_FACE('',(#1056),#777,.F.);
#5397=ADVANCED_FACE('',(#1057),#5255,.T.);
#5398=ADVANCED_FACE('',(#1058),#778,.F.);
#5399=ADVANCED_FACE('',(#1059),#779,.F.);
#5400=ADVANCED_FACE('',(#1060),#780,.F.);
#5401=ADVANCED_FACE('',(#1061),#781,.F.);
#5402=ADVANCED_FACE('',(#1062),#782,.F.);
#5403=ADVANCED_FACE('',(#1063),#783,.F.);
#5404=ADVANCED_FACE('',(#1064),#784,.F.);
#5405=ADVANCED_FACE('',(#1065),#785,.F.);
#5406=ADVANCED_FACE('',(#1066),#786,.F.);
#5407=ADVANCED_FACE('',(#1067),#787,.F.);
#5408=ADVANCED_FACE('',(#1068),#788,.F.);
#5409=ADVANCED_FACE('',(#1069),#789,.F.);
#5410=ADVANCED_FACE('',(#1070),#790,.F.);
#5411=ADVANCED_FACE('',(#1071),#791,.F.);
#5412=ADVANCED_FACE('',(#1072),#792,.F.);
#5413=ADVANCED_FACE('',(#1073),#793,.F.);
#5414=ADVANCED_FACE('',(#1074),#794,.F.);
#5415=ADVANCED_FACE('',(#1075),#795,.F.);
#5416=ADVANCED_FACE('',(#1076),#796,.F.);
#5417=ADVANCED_FACE('',(#1077),#797,.F.);
#5418=ADVANCED_FACE('',(#1078),#798,.F.);
#5419=ADVANCED_FACE('',(#1079),#799,.F.);
#5420=ADVANCED_FACE('',(#1080),#800,.F.);
#5421=ADVANCED_FACE('',(#1081),#801,.F.);
#5422=ADVANCED_FACE('',(#1082),#802,.F.);
#5423=ADVANCED_FACE('',(#1083),#803,.F.);
#5424=ADVANCED_FACE('',(#1084),#804,.F.);
#5425=ADVANCED_FACE('',(#1085),#805,.F.);
#5426=ADVANCED_FACE('',(#1086),#806,.F.);
#5427=ADVANCED_FACE('',(#1087),#807,.F.);
#5428=ADVANCED_FACE('',(#1088),#808,.F.);
#5429=ADVANCED_FACE('',(#1089),#809,.F.);
#5430=ADVANCED_FACE('',(#1090),#810,.F.);
#5431=ADVANCED_FACE('',(#1091),#811,.F.);
#5432=ADVANCED_FACE('',(#1092),#812,.F.);
#5433=ADVANCED_FACE('',(#1093),#813,.F.);
#5434=ADVANCED_FACE('',(#1094),#814,.F.);
#5435=ADVANCED_FACE('',(#1095),#815,.F.);
#5436=ADVANCED_FACE('',(#1096),#816,.F.);
#5437=ADVANCED_FACE('',(#1097),#817,.F.);
#5438=ADVANCED_FACE('',(#1098),#818,.F.);
#5439=ADVANCED_FACE('',(#1099),#819,.F.);
#5440=ADVANCED_FACE('',(#1100),#820,.F.);
#5441=ADVANCED_FACE('',(#1101),#821,.F.);
#5442=ADVANCED_FACE('',(#1102),#822,.F.);
#5443=ADVANCED_FACE('',(#1103,#23),#5256,.T.);
#5444=ADVANCED_FACE('',(#1104),#823,.F.);
#5445=ADVANCED_FACE('',(#1105),#824,.F.);
#5446=ADVANCED_FACE('',(#1106),#825,.F.);
#5447=ADVANCED_FACE('',(#1107),#826,.F.);
#5448=ADVANCED_FACE('',(#1108),#827,.F.);
#5449=ADVANCED_FACE('',(#1109),#828,.F.);
#5450=ADVANCED_FACE('',(#1110),#829,.F.);
#5451=ADVANCED_FACE('',(#1111),#830,.F.);
#5452=ADVANCED_FACE('',(#1112),#831,.F.);
#5453=ADVANCED_FACE('',(#1113),#832,.F.);
#5454=ADVANCED_FACE('',(#1114),#5257,.F.);
#5455=ADVANCED_FACE('',(#1115),#833,.F.);
#5456=ADVANCED_FACE('',(#1116),#834,.F.);
#5457=ADVANCED_FACE('',(#1117),#835,.F.);
#5458=ADVANCED_FACE('',(#1118),#836,.F.);
#5459=ADVANCED_FACE('',(#1119),#837,.F.);
#5460=ADVANCED_FACE('',(#1120),#838,.F.);
#5461=ADVANCED_FACE('',(#1121),#839,.F.);
#5462=ADVANCED_FACE('',(#1122),#840,.F.);
#5463=ADVANCED_FACE('',(#1123),#841,.F.);
#5464=ADVANCED_FACE('',(#1124),#842,.F.);
#5465=ADVANCED_FACE('',(#1125),#843,.F.);
#5466=ADVANCED_FACE('',(#1126),#844,.F.);
#5467=ADVANCED_FACE('',(#1127),#845,.F.);
#5468=ADVANCED_FACE('',(#1128),#5258,.T.);
#5469=ADVANCED_FACE('',(#1129),#5259,.T.);
#5470=ADVANCED_FACE('',(#1130),#846,.F.);
#5471=ADVANCED_FACE('',(#1131),#847,.F.);
#5472=ADVANCED_FACE('',(#1132),#848,.F.);
#5473=ADVANCED_FACE('',(#1133),#849,.F.);
#5474=ADVANCED_FACE('',(#1134),#850,.F.);
#5475=ADVANCED_FACE('',(#1135),#851,.F.);
#5476=ADVANCED_FACE('',(#1136),#852,.F.);
#5477=ADVANCED_FACE('',(#1137),#853,.F.);
#5478=ADVANCED_FACE('',(#1138),#854,.F.);
#5479=ADVANCED_FACE('',(#1139),#855,.F.);
#5480=ADVANCED_FACE('',(#1140),#5260,.F.);
#5481=ADVANCED_FACE('',(#1141),#856,.F.);
#5482=ADVANCED_FACE('',(#1142),#857,.F.);
#5483=ADVANCED_FACE('',(#1143),#5261,.F.);
#5484=ADVANCED_FACE('',(#1144),#858,.F.);
#5485=ADVANCED_FACE('',(#1145),#859,.F.);
#5486=ADVANCED_FACE('',(#1146),#860,.F.);
#5487=ADVANCED_FACE('',(#1147),#861,.F.);
#5488=ADVANCED_FACE('',(#1148),#862,.F.);
#5489=ADVANCED_FACE('',(#1149),#863,.F.);
#5490=ADVANCED_FACE('',(#1150),#864,.F.);
#5491=ADVANCED_FACE('',(#1151),#865,.F.);
#5492=ADVANCED_FACE('',(#1152),#5262,.F.);
#5493=ADVANCED_FACE('',(#1153),#866,.F.);
#5494=ADVANCED_FACE('',(#1154),#867,.F.);
#5495=ADVANCED_FACE('',(#1155),#868,.F.);
#5496=ADVANCED_FACE('',(#1156),#5263,.F.);
#5497=ADVANCED_FACE('',(#1157),#869,.F.);
#5498=ADVANCED_FACE('',(#1158),#870,.F.);
#5499=ADVANCED_FACE('',(#1159),#871,.F.);
#5500=ADVANCED_FACE('',(#1160),#872,.F.);
#5501=ADVANCED_FACE('',(#1161),#5264,.F.);
#5502=ADVANCED_FACE('',(#1162),#873,.F.);
#5503=ADVANCED_FACE('',(#1163),#874,.F.);
#5504=ADVANCED_FACE('',(#1164),#875,.F.);
#5505=ADVANCED_FACE('',(#1165),#876,.F.);
#5506=ADVANCED_FACE('',(#1166),#877,.F.);
#5507=ADVANCED_FACE('',(#1167),#878,.F.);
#5508=ADVANCED_FACE('',(#1168),#879,.F.);
#5509=ADVANCED_FACE('',(#1169),#880,.F.);
#5510=ADVANCED_FACE('',(#1170),#881,.F.);
#5511=ADVANCED_FACE('',(#1171),#882,.F.);
#5512=ADVANCED_FACE('',(#1172),#883,.F.);
#5513=ADVANCED_FACE('',(#1173),#884,.F.);
#5514=ADVANCED_FACE('',(#1174),#885,.F.);
#5515=ADVANCED_FACE('',(#1175),#886,.F.);
#5516=ADVANCED_FACE('',(#1176),#887,.F.);
#5517=ADVANCED_FACE('',(#1177),#888,.F.);
#5518=ADVANCED_FACE('',(#1178),#889,.F.);
#5519=ADVANCED_FACE('',(#1179),#890,.F.);
#5520=ADVANCED_FACE('',(#1180),#891,.F.);
#5521=ADVANCED_FACE('',(#1181),#892,.F.);
#5522=ADVANCED_FACE('',(#1182),#893,.F.);
#5523=ADVANCED_FACE('',(#1183),#894,.F.);
#5524=ADVANCED_FACE('',(#1184),#895,.F.);
#5525=ADVANCED_FACE('',(#1185),#896,.F.);
#5526=ADVANCED_FACE('',(#1186),#897,.F.);
#5527=ADVANCED_FACE('',(#1187),#5265,.T.);
#5528=ADVANCED_FACE('',(#1188),#898,.F.);
#5529=ADVANCED_FACE('',(#1189),#899,.F.);
#5530=ADVANCED_FACE('',(#1190),#900,.F.);
#5531=ADVANCED_FACE('',(#1191),#901,.F.);
#5532=ADVANCED_FACE('',(#1192),#902,.F.);
#5533=ADVANCED_FACE('',(#1193),#903,.F.);
#5534=ADVANCED_FACE('',(#1194),#904,.F.);
#5535=ADVANCED_FACE('',(#1195),#905,.F.);
#5536=ADVANCED_FACE('',(#1196),#906,.F.);
#5537=ADVANCED_FACE('',(#1197),#907,.F.);
#5538=ADVANCED_FACE('',(#1198),#5266,.F.);
#5539=ADVANCED_FACE('',(#1199),#908,.F.);
#5540=ADVANCED_FACE('',(#1200),#909,.F.);
#5541=ADVANCED_FACE('',(#1201),#910,.F.);
#5542=ADVANCED_FACE('',(#1202),#911,.F.);
#5543=ADVANCED_FACE('',(#1203),#912,.F.);
#5544=ADVANCED_FACE('',(#1204),#913,.F.);
#5545=ADVANCED_FACE('',(#1205),#5267,.T.);
#5546=ADVANCED_FACE('',(#1206),#914,.F.);
#5547=ADVANCED_FACE('',(#1207),#915,.F.);
#5548=ADVANCED_FACE('',(#1208),#916,.F.);
#5549=ADVANCED_FACE('',(#1209),#917,.F.);
#5550=ADVANCED_FACE('',(#1210),#918,.F.);
#5551=ADVANCED_FACE('',(#1211),#919,.F.);
#5552=ADVANCED_FACE('',(#1212),#5268,.T.);
#5553=ADVANCED_FACE('',(#1213),#920,.F.);
#5554=ADVANCED_FACE('',(#1214),#921,.F.);
#5555=ADVANCED_FACE('',(#1215),#922,.F.);
#5556=ADVANCED_FACE('',(#1216),#923,.F.);
#5557=ADVANCED_FACE('',(#1217),#924,.F.);
#5558=ADVANCED_FACE('',(#1218),#925,.F.);
#5559=ADVANCED_FACE('',(#1219),#926,.F.);
#5560=ADVANCED_FACE('',(#1220),#927,.F.);
#5561=ADVANCED_FACE('',(#1221),#928,.F.);
#5562=ADVANCED_FACE('',(#1222),#929,.F.);
#5563=ADVANCED_FACE('',(#1223),#5269,.F.);
#5564=ADVANCED_FACE('',(#1224),#930,.F.);
#5565=ADVANCED_FACE('',(#1225),#931,.F.);
#5566=ADVANCED_FACE('',(#1226),#932,.F.);
#5567=ADVANCED_FACE('',(#1227),#933,.F.);
#5568=ADVANCED_FACE('',(#1228),#934,.F.);
#5569=ADVANCED_FACE('',(#1229),#935,.F.);
#5570=ADVANCED_FACE('',(#1230),#19,.F.);
#5571=ADVANCED_FACE('',(#1231),#20,.F.);
#5572=ADVANCED_FACE('',(#1232),#5270,.T.);
#5573=ADVANCED_FACE('',(#1233),#5271,.T.);
#5574=ADVANCED_FACE('',(#1234),#5272,.T.);
#5575=ADVANCED_FACE('',(#1235),#5273,.T.);
#5576=ADVANCED_FACE('',(#1236,#24,#25,#26,#27,#28,#29,#30,#31,#32,#33,#34,
#35,#36),#5274,.T.);
#5577=ADVANCED_FACE('',(#1237,#37,#38),#5275,.F.);
#5578=CLOSED_SHELL('',(#5276,#5277,#5278,#5279,#5280,#5281,#5282,#5283,
#5284,#5285,#5286,#5287,#5288,#5289,#5290,#5291,#5292,#5293,#5294,#5295,
#5296,#5297,#5298,#5299,#5300,#5301,#5302,#5303,#5304,#5305,#5306,#5307,
#5308,#5309,#5310,#5311,#5312,#5313,#5314,#5315,#5316,#5317,#5318,#5319,
#5320,#5321,#5322,#5323,#5324,#5325,#5326,#5327,#5328,#5329,#5330,#5331,
#5332,#5333,#5334,#5335,#5336,#5337,#5338,#5339,#5340,#5341,#5342,#5343,
#5344,#5345,#5346,#5347,#5348,#5349,#5350,#5351,#5352,#5353,#5354,#5355,
#5356,#5357,#5358,#5359,#5360,#5361,#5362,#5363,#5364,#5365,#5366,#5367,
#5368,#5369,#5370,#5371,#5372,#5373,#5374,#5375,#5376,#5377,#5378,#5379,
#5380,#5381,#5382,#5383,#5384,#5385,#5386,#5387,#5388,#5389,#5390,#5391,
#5392,#5393,#5394,#5395,#5396,#5397,#5398,#5399,#5400,#5401,#5402,#5403,
#5404,#5405,#5406,#5407,#5408,#5409,#5410,#5411,#5412,#5413,#5414,#5415,
#5416,#5417,#5418,#5419,#5420,#5421,#5422,#5423,#5424,#5425,#5426,#5427,
#5428,#5429,#5430,#5431,#5432,#5433,#5434,#5435,#5436,#5437,#5438,#5439,
#5440,#5441,#5442,#5443,#5444,#5445,#5446,#5447,#5448,#5449,#5450,#5451,
#5452,#5453,#5454,#5455,#5456,#5457,#5458,#5459,#5460,#5461,#5462,#5463,
#5464,#5465,#5466,#5467,#5468,#5469,#5470,#5471,#5472,#5473,#5474,#5475,
#5476,#5477,#5478,#5479,#5480,#5481,#5482,#5483,#5484,#5485,#5486,#5487,
#5488,#5489,#5490,#5491,#5492,#5493,#5494,#5495,#5496,#5497,#5498,#5499,
#5500,#5501,#5502,#5503,#5504,#5505,#5506,#5507,#5508,#5509,#5510,#5511,
#5512,#5513,#5514,#5515,#5516,#5517,#5518,#5519,#5520,#5521,#5522,#5523,
#5524,#5525,#5526,#5527,#5528,#5529,#5530,#5531,#5532,#5533,#5534,#5535,
#5536,#5537,#5538,#5539,#5540,#5541,#5542,#5543,#5544,#5545,#5546,#5547,
#5548,#5549,#5550,#5551,#5552,#5553,#5554,#5555,#5556,#5557,#5558,#5559,
#5560,#5561,#5562,#5563,#5564,#5565,#5566,#5567,#5568,#5569,#5570,#5571,
#5572,#5573,#5574,#5575,#5576,#5577));
#5579=DERIVED_UNIT_ELEMENT(#5581,1.);
#5580=DERIVED_UNIT_ELEMENT(#12323,-3.);
#5581=(
MASS_UNIT()
NAMED_UNIT(*)
SI_UNIT(.KILO.,.GRAM.)
);
#5582=DERIVED_UNIT((#5579,#5580));
#5583=MEASURE_REPRESENTATION_ITEM('density measure',
POSITIVE_RATIO_MEASURE(7850.),#5582);
#5584=PROPERTY_DEFINITION_REPRESENTATION(#5589,#5586);
#5585=PROPERTY_DEFINITION_REPRESENTATION(#5590,#5587);
#5586=REPRESENTATION('material name',(#5588),#12320);
#5587=REPRESENTATION('density',(#5583),#12320);
#5588=DESCRIPTIVE_REPRESENTATION_ITEM('Steel','Steel');
#5589=PROPERTY_DEFINITION('material property','material name',#12330);
#5590=PROPERTY_DEFINITION('material property','density of part',#12330);
#5591=AXIS2_PLACEMENT_3D('',#6026,#5631,#5632);
#5592=AXIS2_PLACEMENT_3D('',#6027,#5633,#5634);
#5593=AXIS2_PLACEMENT_3D('',#6166,#5641,#5642);
#5594=AXIS2_PLACEMENT_3D('',#6361,#5647,#5648);
#5595=AXIS2_PLACEMENT_3D('',#6637,#5667,#5668);
#5596=AXIS2_PLACEMENT_3D('',#6758,#5677,#5678);
#5597=AXIS2_PLACEMENT_3D('',#7075,#5690,#5691);
#5598=AXIS2_PLACEMENT_3D('',#7298,#5706,#5707);
#5599=AXIS2_PLACEMENT_3D('',#7299,#5708,#5709);
#5600=AXIS2_PLACEMENT_3D('',#7790,#5730,#5731);
#5601=AXIS2_PLACEMENT_3D('',#7996,#5745,#5746);
#5602=AXIS2_PLACEMENT_3D('',#7997,#5747,#5748);
#5603=AXIS2_PLACEMENT_3D('',#8241,#5755,#5756);
#5604=AXIS2_PLACEMENT_3D('',#8583,#5778,#5779);
#5605=AXIS2_PLACEMENT_3D('',#9619,#5825,#5826);
#5606=AXIS2_PLACEMENT_3D('',#9936,#5838,#5839);
#5607=AXIS2_PLACEMENT_3D('',#10159,#5854,#5855);
#5608=AXIS2_PLACEMENT_3D('',#10160,#5856,#5857);
#5609=AXIS2_PLACEMENT_3D('',#10659,#5873,#5874);
#5610=AXIS2_PLACEMENT_3D('',#10697,#5879,#5880);
#5611=AXIS2_PLACEMENT_3D('',#10837,#5891,#5892);
#5612=AXIS2_PLACEMENT_3D('',#10892,#5898,#5899);
#5613=AXIS2_PLACEMENT_3D('',#10964,#5906,#5907);
#5614=AXIS2_PLACEMENT_3D('',#11391,#5934,#5935);
#5615=AXIS2_PLACEMENT_3D('',#11662,#5948,#5949);
#5616=AXIS2_PLACEMENT_3D('',#11766,#5957,#5958);
#5617=AXIS2_PLACEMENT_3D('',#11905,#5965,#5966);
#5618=AXIS2_PLACEMENT_3D('',#12176,#5979,#5980);
#5619=AXIS2_PLACEMENT_3D('',#12280,#5988,#5989);
#5620=AXIS2_PLACEMENT_3D('',#12282,#5990,#5991);
#5621=AXIS2_PLACEMENT_3D('',#12285,#5993,#5994);
#5622=AXIS2_PLACEMENT_3D('',#12286,#5995,#5996);
#5623=AXIS2_PLACEMENT_3D('',#12288,#5997,#5998);
#5624=AXIS2_PLACEMENT_3D('',#12291,#6000,#6001);
#5625=AXIS2_PLACEMENT_3D('',#12292,#6002,#6003);
#5626=AXIS2_PLACEMENT_3D('',#12301,#6008,#6009);
#5627=AXIS2_PLACEMENT_3D('',#12307,#6013,#6014);
#5628=AXIS2_PLACEMENT_3D('',#12313,#6018,#6019);
#5629=AXIS2_PLACEMENT_3D('',#12316,#6022,#6023);
#5630=AXIS2_PLACEMENT_3D('',#12317,#6024,#6025);
#5631=DIRECTION('axis',(0.,0.,1.));
#5632=DIRECTION('refdir',(1.,0.,0.));
#5633=DIRECTION('center_axis',(0.,0.,1.));
#5634=DIRECTION('ref_axis',(1.,0.,0.));
#5635=DIRECTION('',(0.,0.,1.));
#5636=DIRECTION('',(0.,0.,1.));
#5637=DIRECTION('',(0.,0.,1.));
#5638=DIRECTION('',(0.,0.,1.));
#5639=DIRECTION('',(0.,0.,1.));
#5640=DIRECTION('',(0.,0.,1.));
#5641=DIRECTION('center_axis',(0.,0.,1.));
#5642=DIRECTION('ref_axis',(1.,0.,0.));
#5643=DIRECTION('',(-8.96791305128882E-14,-1.,0.));
#5644=DIRECTION('',(0.,0.,1.));
#5645=DIRECTION('',(0.,0.,1.));
#5646=DIRECTION('',(0.,0.,1.));
#5647=DIRECTION('center_axis',(0.535541567907342,-0.844508868540376,0.));
#5648=DIRECTION('ref_axis',(0.,0.,-1.));
#5649=DIRECTION('',(0.844508868540376,0.535541567907342,0.));
#5650=DIRECTION('',(0.,0.,1.));
#5651=DIRECTION('',(0.,0.,1.));
#5652=DIRECTION('',(0.,0.,1.));
#5653=DIRECTION('',(0.,0.,1.));
#5654=DIRECTION('',(0.,0.,1.));
#5655=DIRECTION('',(0.,0.,1.));
#5656=DIRECTION('',(0.,0.,1.));
#5657=DIRECTION('',(0.,0.,1.));
#5658=DIRECTION('',(0.,0.,1.));
#5659=DIRECTION('',(0.,0.,1.));
#5660=DIRECTION('',(0.,0.,1.));
#5661=DIRECTION('',(0.,0.,1.));
#5662=DIRECTION('',(0.,0.,1.));
#5663=DIRECTION('',(0.,0.,1.));
#5664=DIRECTION('',(0.,0.,1.));
#5665=DIRECTION('',(0.,0.,1.));
#5666=DIRECTION('',(0.,0.,1.));
#5667=DIRECTION('center_axis',(-1.,8.96791305128882E-14,0.));
#5668=DIRECTION('ref_axis',(0.,0.,1.));
#5669=DIRECTION('',(-8.96791305128882E-14,-1.,0.));
#5670=DIRECTION('',(0.,0.,1.));
#5671=DIRECTION('',(0.,0.,1.));
#5672=DIRECTION('',(0.,0.,1.));
#5673=DIRECTION('',(0.,0.,1.));
#5674=DIRECTION('',(0.,0.,1.));
#5675=DIRECTION('',(0.,0.,1.));
#5676=DIRECTION('',(0.,0.,1.));
#5677=DIRECTION('center_axis',(0.,0.,1.));
#5678=DIRECTION('ref_axis',(1.,0.,0.));
#5679=DIRECTION('',(0.,0.,1.));
#5680=DIRECTION('',(0.,0.,1.));
#5681=DIRECTION('',(0.,0.,1.));
#5682=DIRECTION('',(0.,0.,1.));
#5683=DIRECTION('',(0.,0.,1.));
#5684=DIRECTION('',(0.,0.,1.));
#5685=DIRECTION('',(0.,0.,1.));
#5686=DIRECTION('',(0.,0.,1.));
#5687=DIRECTION('',(0.,0.,1.));
#5688=DIRECTION('',(0.,0.,1.));
#5689=DIRECTION('',(0.,0.,1.));
#5690=DIRECTION('center_axis',(0.630588480222238,-0.776117367806576,0.));
#5691=DIRECTION('ref_axis',(0.,0.,-1.));
#5692=DIRECTION('',(0.776117367806576,0.630588480222238,0.));
#5693=DIRECTION('',(0.,0.,1.));
#5694=DIRECTION('',(0.,0.,1.));
#5695=DIRECTION('',(0.,0.,1.));
#5696=DIRECTION('',(0.,0.,1.));
#5697=DIRECTION('',(0.,0.,1.));
#5698=DIRECTION('',(0.,0.,1.));
#5699=DIRECTION('',(0.,0.,1.));
#5700=DIRECTION('',(0.,0.,1.));
#5701=DIRECTION('',(0.,0.,1.));
#5702=DIRECTION('',(0.,0.,1.));
#5703=DIRECTION('',(0.,0.,1.));
#5704=DIRECTION('',(0.,0.,1.));
#5705=DIRECTION('',(0.,0.,1.));
#5706=DIRECTION('center_axis',(0.,0.,1.));
#5707=DIRECTION('ref_axis',(1.,0.,0.));
#5708=DIRECTION('center_axis',(0.,0.,1.));
#5709=DIRECTION('ref_axis',(1.,0.,0.));
#5710=DIRECTION('',(0.0712614153256056,-0.997457673631213,0.));
#5711=DIRECTION('',(0.,0.,1.));
#5712=DIRECTION('',(0.,0.,1.));
#5713=DIRECTION('',(0.,0.,1.));
#5714=DIRECTION('',(0.,0.,1.));
#5715=DIRECTION('',(0.,0.,1.));
#5716=DIRECTION('',(0.,0.,1.));
#5717=DIRECTION('',(0.,0.,1.));
#5718=DIRECTION('',(0.,0.,1.));
#5719=DIRECTION('',(0.,0.,1.));
#5720=DIRECTION('',(0.,0.,1.));
#5721=DIRECTION('',(0.,0.,1.));
#5722=DIRECTION('',(0.,0.,1.));
#5723=DIRECTION('',(0.,0.,1.));
#5724=DIRECTION('',(0.,0.,1.));
#5725=DIRECTION('',(0.,0.,1.));
#5726=DIRECTION('',(0.,0.,1.));
#5727=DIRECTION('',(0.,0.,1.));
#5728=DIRECTION('',(0.,0.,1.));
#5729=DIRECTION('',(0.,0.,1.));
#5730=DIRECTION('center_axis',(-0.997457673631213,-0.0712614153256056,0.));
#5731=DIRECTION('ref_axis',(0.,0.,1.));
#5732=DIRECTION('',(0.0712614153256056,-0.997457673631213,0.));
#5733=DIRECTION('',(0.,0.,1.));
#5734=DIRECTION('',(0.,0.,1.));
#5735=DIRECTION('',(0.,0.,1.));
#5736=DIRECTION('',(0.,0.,1.));
#5737=DIRECTION('',(0.,0.,1.));
#5738=DIRECTION('',(0.,0.,1.));
#5739=DIRECTION('',(0.,0.,1.));
#5740=DIRECTION('',(0.,0.,1.));
#5741=DIRECTION('',(0.,0.,1.));
#5742=DIRECTION('',(0.,0.,1.));
#5743=DIRECTION('',(0.,0.,1.));
#5744=DIRECTION('',(0.,0.,1.));
#5745=DIRECTION('center_axis',(0.,0.,1.));
#5746=DIRECTION('ref_axis',(1.,0.,0.));
#5747=DIRECTION('center_axis',(0.,0.,1.));
#5748=DIRECTION('ref_axis',(1.,0.,0.));
#5749=DIRECTION('',(0.,0.,1.));
#5750=DIRECTION('',(0.,0.,1.));
#5751=DIRECTION('',(0.,0.,1.));
#5752=DIRECTION('',(0.,0.,1.));
#5753=DIRECTION('',(0.,0.,1.));
#5754=DIRECTION('',(0.,0.,1.));
#5755=DIRECTION('center_axis',(-1.,8.02733575139998E-14,0.));
#5756=DIRECTION('ref_axis',(0.,0.,1.));
#5757=DIRECTION('',(-8.02733575139998E-14,-1.,0.));
#5758=DIRECTION('',(0.,0.,1.));
#5759=DIRECTION('',(0.,0.,1.));
#5760=DIRECTION('',(0.,0.,1.));
#5761=DIRECTION('',(0.,0.,1.));
#5762=DIRECTION('',(0.,0.,1.));
#5763=DIRECTION('',(0.,0.,1.));
#5764=DIRECTION('',(0.,0.,1.));
#5765=DIRECTION('',(0.,0.,1.));
#5766=DIRECTION('',(0.,0.,1.));
#5767=DIRECTION('',(0.,0.,1.));
#5768=DIRECTION('',(0.,0.,1.));
#5769=DIRECTION('',(0.,0.,1.));
#5770=DIRECTION('',(0.,0.,1.));
#5771=DIRECTION('',(0.,0.,1.));
#5772=DIRECTION('',(0.,0.,1.));
#5773=DIRECTION('',(0.,0.,1.));
#5774=DIRECTION('',(0.,0.,1.));
#5775=DIRECTION('',(0.,0.,1.));
#5776=DIRECTION('',(0.,0.,1.));
#5777=DIRECTION('',(0.,0.,1.));
#5778=DIRECTION('center_axis',(0.,0.,1.));
#5779=DIRECTION('ref_axis',(1.,0.,0.));
#5780=DIRECTION('',(0.,0.,1.));
#5781=DIRECTION('',(0.,0.,1.));
#5782=DIRECTION('',(0.,0.,1.));
#5783=DIRECTION('',(0.,0.,1.));
#5784=DIRECTION('',(0.,0.,1.));
#5785=DIRECTION('',(0.,0.,1.));
#5786=DIRECTION('',(0.,0.,1.));
#5787=DIRECTION('',(0.,0.,1.));
#5788=DIRECTION('',(0.,0.,1.));
#5789=DIRECTION('',(0.,0.,1.));
#5790=DIRECTION('',(0.,0.,1.));
#5791=DIRECTION('',(0.,0.,1.));
#5792=DIRECTION('',(0.,0.,1.));
#5793=DIRECTION('',(0.,0.,1.));
#5794=DIRECTION('',(0.,0.,1.));
#5795=DIRECTION('',(0.,0.,1.));
#5796=DIRECTION('',(0.,0.,1.));
#5797=DIRECTION('',(0.,0.,1.));
#5798=DIRECTION('',(0.,0.,1.));
#5799=DIRECTION('',(0.,0.,1.));
#5800=DIRECTION('',(0.,0.,1.));
#5801=DIRECTION('',(0.,0.,1.));
#5802=DIRECTION('',(0.,0.,1.));
#5803=DIRECTION('',(0.,0.,1.));
#5804=DIRECTION('',(0.,0.,1.));
#5805=DIRECTION('',(0.,0.,1.));
#5806=DIRECTION('',(0.,0.,1.));
#5807=DIRECTION('',(0.,0.,1.));
#5808=DIRECTION('',(0.,0.,1.));
#5809=DIRECTION('',(0.,0.,1.));
#5810=DIRECTION('',(0.,0.,1.));
#5811=DIRECTION('',(0.,0.,1.));
#5812=DIRECTION('',(0.,0.,1.));
#5813=DIRECTION('',(0.,0.,1.));
#5814=DIRECTION('',(0.,0.,1.));
#5815=DIRECTION('',(0.,0.,1.));
#5816=DIRECTION('',(0.,0.,1.));
#5817=DIRECTION('',(0.,0.,1.));
#5818=DIRECTION('',(0.,0.,1.));
#5819=DIRECTION('',(0.,0.,1.));
#5820=DIRECTION('',(0.,0.,1.));
#5821=DIRECTION('',(0.,0.,1.));
#5822=DIRECTION('',(0.,0.,1.));
#5823=DIRECTION('',(0.,0.,1.));
#5824=DIRECTION('',(0.,0.,1.));
#5825=DIRECTION('center_axis',(0.,0.,1.));
#5826=DIRECTION('ref_axis',(1.,0.,0.));
#5827=DIRECTION('',(0.,0.,1.));
#5828=DIRECTION('',(0.,0.,1.));
#5829=DIRECTION('',(0.,0.,1.));
#5830=DIRECTION('',(0.,0.,1.));
#5831=DIRECTION('',(0.,0.,1.));
#5832=DIRECTION('',(0.,0.,1.));
#5833=DIRECTION('',(0.,0.,1.));
#5834=DIRECTION('',(0.,0.,1.));
#5835=DIRECTION('',(0.,0.,1.));
#5836=DIRECTION('',(0.,0.,1.));
#5837=DIRECTION('',(0.,0.,1.));
#5838=DIRECTION('center_axis',(0.63058848022223,-0.776117367806583,0.));
#5839=DIRECTION('ref_axis',(0.,0.,-1.));
#5840=DIRECTION('',(0.776117367806583,0.63058848022223,0.));
#5841=DIRECTION('',(0.,0.,1.));
#5842=DIRECTION('',(0.,0.,1.));
#5843=DIRECTION('',(0.,0.,1.));
#5844=DIRECTION('',(0.,0.,1.));
#5845=DIRECTION('',(0.,0.,1.));
#5846=DIRECTION('',(0.,0.,1.));
#5847=DIRECTION('',(0.,0.,1.));
#5848=DIRECTION('',(0.,0.,1.));
#5849=DIRECTION('',(0.,0.,1.));
#5850=DIRECTION('',(0.,0.,1.));
#5851=DIRECTION('',(0.,0.,1.));
#5852=DIRECTION('',(0.,0.,1.));
#5853=DIRECTION('',(0.,0.,1.));
#5854=DIRECTION('center_axis',(0.,0.,1.));
#5855=DIRECTION('ref_axis',(1.,0.,0.));
#5856=DIRECTION('center_axis',(0.,0.,1.));
#5857=DIRECTION('ref_axis',(1.,0.,0.));
#5858=DIRECTION('',(0.992277876713669,0.124034734589196,0.));
#5859=DIRECTION('',(-1.,9.47072388435155E-15,0.));
#5860=DIRECTION('',(-9.02645738198998E-14,-1.,0.));
#5861=DIRECTION('',(9.02704998814989E-14,1.,0.));
#5862=DIRECTION('',(0.,0.,1.));
#5863=DIRECTION('',(0.,0.,1.));
#5864=DIRECTION('',(0.,0.,1.));
#5865=DIRECTION('',(0.,0.,1.));
#5866=DIRECTION('',(0.,0.,1.));
#5867=DIRECTION('',(0.,0.,1.));
#5868=DIRECTION('',(0.,0.,1.));
#5869=DIRECTION('',(0.,0.,1.));
#5870=DIRECTION('',(0.,0.,1.));
#5871=DIRECTION('',(0.,0.,1.));
#5872=DIRECTION('',(0.,0.,1.));
#5873=DIRECTION('center_axis',(0.660625638221005,-0.750715502787234,0.));
#5874=DIRECTION('ref_axis',(0.,0.,-1.));
#5875=DIRECTION('',(0.750715502787234,0.660625638221005,0.));
#5876=DIRECTION('',(0.,0.,1.));
#5877=DIRECTION('',(0.,0.,1.));
#5878=DIRECTION('',(0.,0.,1.));
#5879=DIRECTION('center_axis',(0.124034734589196,-0.992277876713669,0.));
#5880=DIRECTION('ref_axis',(0.,0.,-1.));
#5881=DIRECTION('',(0.992277876713669,0.124034734589196,0.));
#5882=DIRECTION('',(0.,0.,1.));
#5883=DIRECTION('',(0.,0.,1.));
#5884=DIRECTION('',(0.,0.,1.));
#5885=DIRECTION('',(0.,0.,1.));
#5886=DIRECTION('',(0.,0.,1.));
#5887=DIRECTION('',(0.,0.,1.));
#5888=DIRECTION('',(0.,0.,1.));
#5889=DIRECTION('',(0.,0.,1.));
#5890=DIRECTION('',(0.,0.,1.));
#5891=DIRECTION('center_axis',(9.47072388435155E-15,1.,0.));
#5892=DIRECTION('ref_axis',(0.,0.,1.));
#5893=DIRECTION('',(-1.,9.47072388435155E-15,0.));
#5894=DIRECTION('',(0.,0.,1.));
#5895=DIRECTION('',(0.,0.,1.));
#5896=DIRECTION('',(0.,0.,1.));
#5897=DIRECTION('',(0.,0.,1.));
#5898=DIRECTION('center_axis',(-1.,9.02645738198998E-14,0.));
#5899=DIRECTION('ref_axis',(0.,0.,1.));
#5900=DIRECTION('',(-9.02645738198998E-14,-1.,0.));
#5901=DIRECTION('',(0.,0.,1.));
#5902=DIRECTION('',(0.,0.,1.));
#5903=DIRECTION('',(0.,0.,1.));
#5904=DIRECTION('',(0.,0.,1.));
#5905=DIRECTION('',(0.,0.,1.));
#5906=DIRECTION('center_axis',(1.,-9.02704998814989E-14,0.));
#5907=DIRECTION('ref_axis',(0.,0.,-1.));
#5908=DIRECTION('',(9.02704998814989E-14,1.,0.));
#5909=DIRECTION('',(0.,0.,1.));
#5910=DIRECTION('',(0.,0.,1.));
#5911=DIRECTION('',(0.,0.,1.));
#5912=DIRECTION('',(0.,0.,1.));
#5913=DIRECTION('',(0.,0.,1.));
#5914=DIRECTION('',(0.,0.,1.));
#5915=DIRECTION('',(0.,0.,1.));
#5916=DIRECTION('',(0.,0.,1.));
#5917=DIRECTION('',(0.,0.,1.));
#5918=DIRECTION('',(0.,0.,1.));
#5919=DIRECTION('',(0.,0.,1.));
#5920=DIRECTION('',(0.,0.,1.));
#5921=DIRECTION('',(0.,0.,1.));
#5922=DIRECTION('',(0.,0.,1.));
#5923=DIRECTION('',(0.,0.,1.));
#5924=DIRECTION('',(0.,0.,1.));
#5925=DIRECTION('',(0.,0.,1.));
#5926=DIRECTION('',(0.,0.,1.));
#5927=DIRECTION('',(0.,0.,1.));
#5928=DIRECTION('',(0.,0.,1.));
#5929=DIRECTION('',(0.,0.,1.));
#5930=DIRECTION('',(0.,0.,1.));
#5931=DIRECTION('',(0.,0.,1.));
#5932=DIRECTION('',(0.,0.,1.));
#5933=DIRECTION('',(0.,0.,1.));
#5934=DIRECTION('center_axis',(0.,0.,1.));
#5935=DIRECTION('ref_axis',(1.,0.,0.));
#5936=DIRECTION('',(-1.,9.48528888655693E-15,0.));
#5937=DIRECTION('',(0.,0.,1.));
#5938=DIRECTION('',(0.,0.,1.));
#5939=DIRECTION('',(0.,0.,1.));
#5940=DIRECTION('',(0.,0.,1.));
#5941=DIRECTION('',(0.,0.,1.));
#5942=DIRECTION('',(0.,0.,1.));
#5943=DIRECTION('',(0.,0.,1.));
#5944=DIRECTION('',(0.,0.,1.));
#5945=DIRECTION('',(0.,0.,1.));
#5946=DIRECTION('',(0.,0.,1.));
#5947=DIRECTION('',(0.,0.,1.));
#5948=DIRECTION('center_axis',(9.48528888655693E-15,1.,0.));
#5949=DIRECTION('ref_axis',(0.,0.,1.));
#5950=DIRECTION('',(-1.,9.48528888655693E-15,0.));
#5951=DIRECTION('',(0.,0.,1.));
#5952=DIRECTION('',(0.,0.,1.));
#5953=DIRECTION('',(0.,0.,1.));
#5954=DIRECTION('',(0.,0.,1.));
#5955=DIRECTION('',(0.,0.,1.));
#5956=DIRECTION('',(0.,0.,1.));
#5957=DIRECTION('center_axis',(0.,0.,1.));
#5958=DIRECTION('ref_axis',(1.,0.,0.));
#5959=DIRECTION('',(0.,0.,1.));
#5960=DIRECTION('',(0.,0.,1.));
#5961=DIRECTION('',(0.,0.,1.));
#5962=DIRECTION('',(0.,0.,1.));
#5963=DIRECTION('',(0.,0.,1.));
#5964=DIRECTION('',(0.,0.,1.));
#5965=DIRECTION('center_axis',(0.,0.,1.));
#5966=DIRECTION('ref_axis',(1.,0.,0.));
#5967=DIRECTION('',(-1.,9.48528888655693E-15,0.));
#5968=DIRECTION('',(0.,0.,1.));
#5969=DIRECTION('',(0.,0.,1.));
#5970=DIRECTION('',(0.,0.,1.));
#5971=DIRECTION('',(0.,0.,1.));
#5972=DIRECTION('',(0.,0.,1.));
#5973=DIRECTION('',(0.,0.,1.));
#5974=DIRECTION('',(0.,0.,1.));
#5975=DIRECTION('',(0.,0.,1.));
#5976=DIRECTION('',(0.,0.,1.));
#5977=DIRECTION('',(0.,0.,1.));
#5978=DIRECTION('',(0.,0.,1.));
#5979=DIRECTION('center_axis',(9.48528888655693E-15,1.,0.));
#5980=DIRECTION('ref_axis',(0.,0.,1.));
#5981=DIRECTION('',(-1.,9.48528888655693E-15,0.));
#5982=DIRECTION('',(0.,0.,1.));
#5983=DIRECTION('',(0.,0.,1.));
#5984=DIRECTION('',(0.,0.,1.));
#5985=DIRECTION('',(0.,0.,1.));
#5986=DIRECTION('',(0.,0.,1.));
#5987=DIRECTION('',(0.,0.,1.));
#5988=DIRECTION('center_axis',(0.,0.,-1.));
#5989=DIRECTION('ref_axis',(1.,0.,0.));
#5990=DIRECTION('center_axis',(0.,0.,1.));
#5991=DIRECTION('ref_axis',(1.,0.,0.));
#5992=DIRECTION('',(0.,0.,1.));
#5993=DIRECTION('center_axis',(0.,0.,-1.));
#5994=DIRECTION('ref_axis',(1.,0.,0.));
#5995=DIRECTION('center_axis',(0.,0.,-1.));
#5996=DIRECTION('ref_axis',(1.,0.,0.));
#5997=DIRECTION('center_axis',(0.,0.,1.));
#5998=DIRECTION('ref_axis',(1.,0.,0.));
#5999=DIRECTION('',(0.,0.,1.));
#6000=DIRECTION('center_axis',(0.,0.,-1.));
#6001=DIRECTION('ref_axis',(1.,0.,0.));
#6002=DIRECTION('center_axis',(-1.,-4.73695157173424E-14,0.));
#6003=DIRECTION('ref_axis',(-4.73695157173424E-14,1.,0.));
#6004=DIRECTION('',(-4.73695157173424E-14,1.,0.));
#6005=DIRECTION('',(0.,0.,-1.));
#6006=DIRECTION('',(-4.73695157173424E-14,1.,0.));
#6007=DIRECTION('',(0.,0.,-1.));
#6008=DIRECTION('center_axis',(-6.20491312651634E-14,-1.,0.));
#6009=DIRECTION('ref_axis',(-1.,6.20491312651634E-14,0.));
#6010=DIRECTION('',(-1.,6.20491312651634E-14,0.));
#6011=DIRECTION('',(-1.,6.20491312651634E-14,0.));
#6012=DIRECTION('',(0.,0.,-1.));
#6013=DIRECTION('center_axis',(1.,-9.47390314346287E-14,0.));
#6014=DIRECTION('ref_axis',(-9.47390314346288E-14,-1.,0.));
#6015=DIRECTION('',(-9.47390314346288E-14,-1.,0.));
#6016=DIRECTION('',(-9.47390314346288E-14,-1.,0.));
#6017=DIRECTION('',(0.,0.,-1.));
#6018=DIRECTION('center_axis',(-6.12781430536163E-14,1.,0.));
#6019=DIRECTION('ref_axis',(1.,6.12781430536163E-14,0.));
#6020=DIRECTION('',(1.,6.12781430536163E-14,0.));
#6021=DIRECTION('',(1.,6.12781430536163E-14,0.));
#6022=DIRECTION('center_axis',(0.,0.,1.));
#6023=DIRECTION('ref_axis',(1.,0.,0.));
#6024=DIRECTION('center_axis',(0.,0.,1.));
#6025=DIRECTION('ref_axis',(1.,0.,0.));
#6026=CARTESIAN_POINT('',(0.,0.,0.));
#6027=CARTESIAN_POINT('Origin',(1.08801856413265E-11,8.65973959207622E-14,
0.32));
#6028=CARTESIAN_POINT('',(-18.8445384055238,3.90756261348791,0.32));
#6029=CARTESIAN_POINT('',(-18.2363445311647,3.6869747638709,0.32));
#6030=CARTESIAN_POINT('Ctrl Pts',(-18.8445384055238,3.90756261348791,0.32));
#6031=CARTESIAN_POINT('Ctrl Pts',(-18.7315044025875,3.8988366849587,0.32));
#6032=CARTESIAN_POINT('Ctrl Pts',(-18.5082092898102,3.88159888797375,0.32));
#6033=CARTESIAN_POINT('Ctrl Pts',(-18.3262127692074,3.75131016063533,0.32));
#6034=CARTESIAN_POINT('Ctrl Pts',(-18.2363445311647,3.6869747638709,0.32));
#6035=CARTESIAN_POINT('',(-19.4495803862673,3.69327735900946,0.32));
#6036=CARTESIAN_POINT('Ctrl Pts',(-19.4495803862673,3.69327735900946,0.32));
#6037=CARTESIAN_POINT('Ctrl Pts',(-19.3603364640221,3.75577164029583,0.32));
#6038=CARTESIAN_POINT('Ctrl Pts',(-19.1786283124984,3.88301526706245,0.32));
#6039=CARTESIAN_POINT('Ctrl Pts',(-18.9572097317448,3.89928405726929,0.32));
#6040=CARTESIAN_POINT('Ctrl Pts',(-18.8445384055238,3.90756261348791,0.32));
#6041=CARTESIAN_POINT('',(-19.7205884009463,3.11974775791235,0.32));
#6042=CARTESIAN_POINT('Ctrl Pts',(-19.7205884009463,3.11974775791235,0.32));
#6043=CARTESIAN_POINT('Ctrl Pts',(-19.709044544032,3.23051409276812,0.32));
#6044=CARTESIAN_POINT('Ctrl Pts',(-19.685826426373,3.45329802143477,0.32));
#6045=CARTESIAN_POINT('Ctrl Pts',(-19.5286233749734,3.61298528697669,0.32));
#6046=CARTESIAN_POINT('Ctrl Pts',(-19.4495803862673,3.69327735900946,0.32));
#6047=CARTESIAN_POINT('',(-18.844538405524,2.34453749656744,0.32));
#6048=CARTESIAN_POINT('Ctrl Pts',(-18.844538405524,2.34453749656744,0.32));
#6049=CARTESIAN_POINT('Ctrl Pts',(-19.099870296351,2.37004937184027,0.32));
#6050=CARTESIAN_POINT('Ctrl Pts',(-19.5867782474571,2.41869952234725,0.32));
#6051=CARTESIAN_POINT('Ctrl Pts',(-19.677459775007,2.89379145841898,0.32));
#6052=CARTESIAN_POINT('Ctrl Pts',(-19.7205884009463,3.11974775791235,0.32));
#6053=CARTESIAN_POINT('',(-17.9810924082858,3.11974775791234,0.32));
#6054=CARTESIAN_POINT('Ctrl Pts',(-17.9810924082858,3.11974775791234,0.32));
#6055=CARTESIAN_POINT('Ctrl Pts',(-18.0228788693213,2.89375952681584,0.32));
#6056=CARTESIAN_POINT('Ctrl Pts',(-18.1102098137382,2.42145904575814,0.32));
#6057=CARTESIAN_POINT('Ctrl Pts',(-18.5928393750919,2.37090318567066,0.32));
#6058=CARTESIAN_POINT('Ctrl Pts',(-18.844538405524,2.34453749656744,0.32));
#6059=CARTESIAN_POINT('Ctrl Pts',(-18.2363445311647,3.6869747638709,0.32));
#6060=CARTESIAN_POINT('Ctrl Pts',(-18.1618971288154,3.60774938654615,0.32));
#6061=CARTESIAN_POINT('Ctrl Pts',(-18.0118329119063,3.44805416774221,0.32));
#6062=CARTESIAN_POINT('Ctrl Pts',(-17.9913923388852,3.22975029002282,0.32));
#6063=CARTESIAN_POINT('Ctrl Pts',(-17.9810924082858,3.11974775791234,0.32));
#6064=CARTESIAN_POINT('Ctrl Pts',(-18.8445384055238,3.90756261348791,0.));
#6065=CARTESIAN_POINT('Ctrl Pts',(-18.8445384055238,3.90756261348791,0.32));
#6066=CARTESIAN_POINT('Ctrl Pts',(-18.7315044025875,3.8988366849587,0.));
#6067=CARTESIAN_POINT('Ctrl Pts',(-18.7315044025875,3.8988366849587,0.32));
#6068=CARTESIAN_POINT('Ctrl Pts',(-18.5082092898102,3.88159888797375,0.));
#6069=CARTESIAN_POINT('Ctrl Pts',(-18.5082092898102,3.88159888797375,0.32));
#6070=CARTESIAN_POINT('Ctrl Pts',(-18.3262127692074,3.75131016063533,0.));
#6071=CARTESIAN_POINT('Ctrl Pts',(-18.3262127692074,3.75131016063533,0.32));
#6072=CARTESIAN_POINT('Ctrl Pts',(-18.2363445311647,3.6869747638709,0.));
#6073=CARTESIAN_POINT('Ctrl Pts',(-18.2363445311647,3.6869747638709,0.32));
#6074=CARTESIAN_POINT('',(-18.8445384055238,3.90756261348791,0.));
#6075=CARTESIAN_POINT('',(-18.2363445311647,3.6869747638709,0.));
#6076=CARTESIAN_POINT('Ctrl Pts',(-18.8445384055238,3.90756261348791,0.));
#6077=CARTESIAN_POINT('Ctrl Pts',(-18.7315044025875,3.8988366849587,0.));
#6078=CARTESIAN_POINT('Ctrl Pts',(-18.5082092898102,3.88159888797375,0.));
#6079=CARTESIAN_POINT('Ctrl Pts',(-18.3262127692074,3.75131016063533,0.));
#6080=CARTESIAN_POINT('Ctrl Pts',(-18.2363445311647,3.6869747638709,0.));
#6081=CARTESIAN_POINT('',(-18.8445384055238,3.90756261348791,0.));
#6082=CARTESIAN_POINT('',(-18.2363445311647,3.6869747638709,0.));
#6083=CARTESIAN_POINT('Ctrl Pts',(-19.4495803862673,3.69327735900946,0.));
#6084=CARTESIAN_POINT('Ctrl Pts',(-19.4495803862673,3.69327735900946,0.32));
#6085=CARTESIAN_POINT('Ctrl Pts',(-19.3603364640221,3.75577164029583,0.));
#6086=CARTESIAN_POINT('Ctrl Pts',(-19.3603364640221,3.75577164029583,0.32));
#6087=CARTESIAN_POINT('Ctrl Pts',(-19.1786283124984,3.88301526706245,0.));
#6088=CARTESIAN_POINT('Ctrl Pts',(-19.1786283124984,3.88301526706245,0.32));
#6089=CARTESIAN_POINT('Ctrl Pts',(-18.9572097317448,3.89928405726929,0.));
#6090=CARTESIAN_POINT('Ctrl Pts',(-18.9572097317448,3.89928405726929,0.32));
#6091=CARTESIAN_POINT('Ctrl Pts',(-18.8445384055238,3.90756261348791,0.));
#6092=CARTESIAN_POINT('Ctrl Pts',(-18.8445384055238,3.90756261348791,0.32));
#6093=CARTESIAN_POINT('',(-19.4495803862673,3.69327735900946,0.));
#6094=CARTESIAN_POINT('Ctrl Pts',(-19.4495803862673,3.69327735900946,0.));
#6095=CARTESIAN_POINT('Ctrl Pts',(-19.3603364640221,3.75577164029583,0.));
#6096=CARTESIAN_POINT('Ctrl Pts',(-19.1786283124984,3.88301526706245,0.));
#6097=CARTESIAN_POINT('Ctrl Pts',(-18.9572097317448,3.89928405726929,0.));
#6098=CARTESIAN_POINT('Ctrl Pts',(-18.8445384055238,3.90756261348791,0.));
#6099=CARTESIAN_POINT('',(-19.4495803862673,3.69327735900946,0.));
#6100=CARTESIAN_POINT('Ctrl Pts',(-19.7205884009463,3.11974775791235,0.));
#6101=CARTESIAN_POINT('Ctrl Pts',(-19.7205884009463,3.11974775791235,0.32));
#6102=CARTESIAN_POINT('Ctrl Pts',(-19.709044544032,3.23051409276812,0.));
#6103=CARTESIAN_POINT('Ctrl Pts',(-19.709044544032,3.23051409276812,0.32));
#6104=CARTESIAN_POINT('Ctrl Pts',(-19.685826426373,3.45329802143477,0.));
#6105=CARTESIAN_POINT('Ctrl Pts',(-19.685826426373,3.45329802143477,0.32));
#6106=CARTESIAN_POINT('Ctrl Pts',(-19.5286233749734,3.61298528697669,0.));
#6107=CARTESIAN_POINT('Ctrl Pts',(-19.5286233749734,3.61298528697669,0.32));
#6108=CARTESIAN_POINT('Ctrl Pts',(-19.4495803862673,3.69327735900946,0.));
#6109=CARTESIAN_POINT('Ctrl Pts',(-19.4495803862673,3.69327735900946,0.32));
#6110=CARTESIAN_POINT('',(-19.7205884009463,3.11974775791235,0.));
#6111=CARTESIAN_POINT('Ctrl Pts',(-19.7205884009463,3.11974775791235,0.));
#6112=CARTESIAN_POINT('Ctrl Pts',(-19.709044544032,3.23051409276812,0.));
#6113=CARTESIAN_POINT('Ctrl Pts',(-19.685826426373,3.45329802143477,0.));
#6114=CARTESIAN_POINT('Ctrl Pts',(-19.5286233749734,3.61298528697669,0.));
#6115=CARTESIAN_POINT('Ctrl Pts',(-19.4495803862673,3.69327735900946,0.));
#6116=CARTESIAN_POINT('',(-19.7205884009463,3.11974775791235,0.));
#6117=CARTESIAN_POINT('Ctrl Pts',(-18.844538405524,2.34453749656744,0.));
#6118=CARTESIAN_POINT('Ctrl Pts',(-18.844538405524,2.34453749656744,0.32));
#6119=CARTESIAN_POINT('Ctrl Pts',(-19.099870296351,2.37004937184027,0.));
#6120=CARTESIAN_POINT('Ctrl Pts',(-19.099870296351,2.37004937184027,0.32));
#6121=CARTESIAN_POINT('Ctrl Pts',(-19.5867782474571,2.41869952234725,0.));
#6122=CARTESIAN_POINT('Ctrl Pts',(-19.5867782474571,2.41869952234725,0.32));
#6123=CARTESIAN_POINT('Ctrl Pts',(-19.677459775007,2.89379145841898,0.));
#6124=CARTESIAN_POINT('Ctrl Pts',(-19.677459775007,2.89379145841898,0.32));
#6125=CARTESIAN_POINT('Ctrl Pts',(-19.7205884009463,3.11974775791235,0.));
#6126=CARTESIAN_POINT('Ctrl Pts',(-19.7205884009463,3.11974775791235,0.32));
#6127=CARTESIAN_POINT('',(-18.844538405524,2.34453749656744,0.));
#6128=CARTESIAN_POINT('Ctrl Pts',(-18.844538405524,2.34453749656744,0.));
#6129=CARTESIAN_POINT('Ctrl Pts',(-19.099870296351,2.37004937184027,0.));
#6130=CARTESIAN_POINT('Ctrl Pts',(-19.5867782474571,2.41869952234725,0.));
#6131=CARTESIAN_POINT('Ctrl Pts',(-19.677459775007,2.89379145841898,0.));
#6132=CARTESIAN_POINT('Ctrl Pts',(-19.7205884009463,3.11974775791235,0.));
#6133=CARTESIAN_POINT('',(-18.844538405524,2.34453749656744,0.));
#6134=CARTESIAN_POINT('Ctrl Pts',(-17.9810924082858,3.11974775791234,0.));
#6135=CARTESIAN_POINT('Ctrl Pts',(-17.9810924082858,3.11974775791234,0.32));
#6136=CARTESIAN_POINT('Ctrl Pts',(-18.0228788693213,2.89375952681584,0.));
#6137=CARTESIAN_POINT('Ctrl Pts',(-18.0228788693213,2.89375952681584,0.32));
#6138=CARTESIAN_POINT('Ctrl Pts',(-18.1102098137382,2.42145904575814,0.));
#6139=CARTESIAN_POINT('Ctrl Pts',(-18.1102098137382,2.42145904575814,0.32));
#6140=CARTESIAN_POINT('Ctrl Pts',(-18.5928393750919,2.37090318567066,0.));
#6141=CARTESIAN_POINT('Ctrl Pts',(-18.5928393750919,2.37090318567066,0.32));
#6142=CARTESIAN_POINT('Ctrl Pts',(-18.844538405524,2.34453749656744,0.));
#6143=CARTESIAN_POINT('Ctrl Pts',(-18.844538405524,2.34453749656744,0.32));
#6144=CARTESIAN_POINT('',(-17.9810924082858,3.11974775791234,0.));
#6145=CARTESIAN_POINT('Ctrl Pts',(-17.9810924082858,3.11974775791234,0.));
#6146=CARTESIAN_POINT('Ctrl Pts',(-18.0228788693213,2.89375952681584,0.));
#6147=CARTESIAN_POINT('Ctrl Pts',(-18.1102098137382,2.42145904575814,0.));
#6148=CARTESIAN_POINT('Ctrl Pts',(-18.5928393750919,2.37090318567066,0.));
#6149=CARTESIAN_POINT('Ctrl Pts',(-18.844538405524,2.34453749656744,0.));
#6150=CARTESIAN_POINT('',(-17.9810924082858,3.11974775791234,0.));
#6151=CARTESIAN_POINT('Ctrl Pts',(-18.2363445311647,3.6869747638709,0.));
#6152=CARTESIAN_POINT('Ctrl Pts',(-18.2363445311647,3.6869747638709,0.32));
#6153=CARTESIAN_POINT('Ctrl Pts',(-18.1618971288154,3.60774938654615,0.));
#6154=CARTESIAN_POINT('Ctrl Pts',(-18.1618971288154,3.60774938654615,0.32));
#6155=CARTESIAN_POINT('Ctrl Pts',(-18.0118329119063,3.44805416774221,0.));
#6156=CARTESIAN_POINT('Ctrl Pts',(-18.0118329119063,3.44805416774221,0.32));
#6157=CARTESIAN_POINT('Ctrl Pts',(-17.9913923388852,3.22975029002282,0.));
#6158=CARTESIAN_POINT('Ctrl Pts',(-17.9913923388852,3.22975029002282,0.32));
#6159=CARTESIAN_POINT('Ctrl Pts',(-17.9810924082858,3.11974775791234,0.));
#6160=CARTESIAN_POINT('Ctrl Pts',(-17.9810924082858,3.11974775791234,0.32));
#6161=CARTESIAN_POINT('Ctrl Pts',(-18.2363445311647,3.6869747638709,0.));
#6162=CARTESIAN_POINT('Ctrl Pts',(-18.1618971288154,3.60774938654615,0.));
#6163=CARTESIAN_POINT('Ctrl Pts',(-18.0118329119063,3.44805416774221,0.));
#6164=CARTESIAN_POINT('Ctrl Pts',(-17.9913923388852,3.22975029002282,0.));
#6165=CARTESIAN_POINT('Ctrl Pts',(-17.9810924082858,3.11974775791234,0.));
#6166=CARTESIAN_POINT('Origin',(1.08801856413265E-11,8.65973959207622E-14,
0.32));
#6167=CARTESIAN_POINT('',(-14.2941183596714,1.55672204494538,0.32));
#6168=CARTESIAN_POINT('',(-13.6638659983738,1.63235259056153,0.32));
#6169=CARTESIAN_POINT('Ctrl Pts',(-14.2941183596714,1.55672204494538,0.32));
#6170=CARTESIAN_POINT('Ctrl Pts',(-14.201025506234,1.57872269539531,0.32));
#6171=CARTESIAN_POINT('Ctrl Pts',(-13.9939653598939,1.62765725625074,0.32));
#6172=CARTESIAN_POINT('Ctrl Pts',(-13.7810538958012,1.63068570955617,0.32));
#6173=CARTESIAN_POINT('Ctrl Pts',(-13.6638659983738,1.63235259056153,0.32));
#6174=CARTESIAN_POINT('',(-14.8739499598606,1.30462121963563,0.32));
#6175=CARTESIAN_POINT('Ctrl Pts',(-14.8739499598606,1.30462121963563,0.32));
#6176=CARTESIAN_POINT('Ctrl Pts',(-14.7798392539143,1.35740155381208,0.32));
#6177=CARTESIAN_POINT('Ctrl Pts',(-14.5950542619318,1.46103496649933,0.32));
#6178=CARTESIAN_POINT('Ctrl Pts',(-14.3931789114756,1.52522425847259,0.32));
#6179=CARTESIAN_POINT('Ctrl Pts',(-14.2941183596714,1.55672204494538,0.32));
#6180=CARTESIAN_POINT('',(-15.3907568007573,0.976890444756184,0.32));
#6181=CARTESIAN_POINT('Ctrl Pts',(-15.3907568007573,0.976890444756184,0.32));
#6182=CARTESIAN_POINT('Ctrl Pts',(-15.3046225319836,1.03151215073247,0.32));
#6183=CARTESIAN_POINT('Ctrl Pts',(-15.1323536211802,1.14075579938394,0.32));
#6184=CARTESIAN_POINT('Ctrl Pts',(-14.9600846380526,1.24999933398552,0.32));
#6185=CARTESIAN_POINT('Ctrl Pts',(-14.8739499598606,1.30462121963563,0.32));
#6186=CARTESIAN_POINT('',(-15.42226977645,0.964285254479085,0.32));
#6187=CARTESIAN_POINT('Ctrl Pts',(-15.42226977645,0.964285254479085,0.32));
#6188=CARTESIAN_POINT('Ctrl Pts',(-15.4174418449333,0.965066853226902,0.32));
#6189=CARTESIAN_POINT('Ctrl Pts',(-15.4060526569834,0.966910660457725,0.32));
#6190=CARTESIAN_POINT('Ctrl Pts',(-15.3963477506482,0.973242628438489,0.32));
#6191=CARTESIAN_POINT('Ctrl Pts',(-15.3907568007573,0.976890444756184,0.32));
#6192=CARTESIAN_POINT('',(-15.535715296851,1.33613419532839,0.32));
#6193=CARTESIAN_POINT('Ctrl Pts',(-15.535715296851,1.33613419532839,0.32));
#6194=CARTESIAN_POINT('Ctrl Pts',(-15.5357394522185,1.23696413866624,0.32));
#6195=CARTESIAN_POINT('Ctrl Pts',(-15.5357735284516,1.09706388862591,0.32));
#6196=CARTESIAN_POINT('Ctrl Pts',(-15.4478636336132,0.994225387177318,0.32));
#6197=CARTESIAN_POINT('Ctrl Pts',(-15.42226977645,0.964285254479085,0.32));
#6198=CARTESIAN_POINT('',(-15.6680674105747,1.70798254013125,0.32));
#6199=CARTESIAN_POINT('Ctrl Pts',(-15.6680674105747,1.70798254013125,0.32));
#6200=CARTESIAN_POINT('Ctrl Pts',(-15.6370700681365,1.67853255108771,0.32));
#6201=CARTESIAN_POINT('Ctrl Pts',(-15.5358408309744,1.58235656660588,0.32));
#6202=CARTESIAN_POINT('Ctrl Pts',(-15.535766716664,1.43698891072671,0.32));
#6203=CARTESIAN_POINT('Ctrl Pts',(-15.535715296851,1.33613419532839,0.32));
#6204=CARTESIAN_POINT('',(-16.2983197718723,1.5819324254996,0.32));
#6205=CARTESIAN_POINT('Ctrl Pts',(-16.2983197718723,1.5819324254996,0.32));
#6206=CARTESIAN_POINT('Ctrl Pts',(-16.131711462819,1.61044329906035,0.32));
#6207=CARTESIAN_POINT('Ctrl Pts',(-15.9203758384588,1.64660814161383,0.32));
#6208=CARTESIAN_POINT('Ctrl Pts',(-15.7121389135545,1.69726208180243,0.32));
#6209=CARTESIAN_POINT('Ctrl Pts',(-15.6680674105747,1.70798254013125,0.32));
#6210=CARTESIAN_POINT('',(-16.9537825137241,1.50630187988346,0.32));
#6211=CARTESIAN_POINT('Ctrl Pts',(-16.9537825137241,1.50630187988346,0.32));
#6212=CARTESIAN_POINT('Ctrl Pts',(-16.8602830118499,1.51670165470966,0.32));
#6213=CARTESIAN_POINT('Ctrl Pts',(-16.6416923030316,1.54101509066645,0.32));
#6214=CARTESIAN_POINT('Ctrl Pts',(-16.4232983709321,1.56703958836018,0.32));
#6215=CARTESIAN_POINT('Ctrl Pts',(-16.2983197718723,1.5819324254996,0.32));
#6216=CARTESIAN_POINT('',(-17.0357150584324,1.39915895462101,0.32));
#6217=CARTESIAN_POINT('Ctrl Pts',(-17.0357150584324,1.39915895462101,0.32));
#6218=CARTESIAN_POINT('Ctrl Pts',(-17.0316804821663,1.42275550662131,0.32));
#6219=CARTESIAN_POINT('Ctrl Pts',(-17.0231964951947,1.47237480404896,0.32));
#6220=CARTESIAN_POINT('Ctrl Pts',(-16.9776626510225,1.49463012137175,0.32));
#6221=CARTESIAN_POINT('Ctrl Pts',(-16.9537825137241,1.50630187988346,0.32));
#6222=CARTESIAN_POINT('',(-17.0231098681553,1.3235290050513,0.32));
#6223=CARTESIAN_POINT('Ctrl Pts',(-17.0231098681553,1.3235290050513,0.32));
#6224=CARTESIAN_POINT('Ctrl Pts',(-17.0267469753361,1.3381587289747,0.32));
#6225=CARTESIAN_POINT('Ctrl Pts',(-17.0329370151099,1.36305724542277,0.32));
#6226=CARTESIAN_POINT('Ctrl Pts',(-17.0349038746559,1.38861731886975,0.32));
#6227=CARTESIAN_POINT('Ctrl Pts',(-17.0357150584324,1.39915895462101,0.32));
#6228=CARTESIAN_POINT('',(-16.7331940680609,-1.17857205867703,0.32));
#6229=CARTESIAN_POINT('Ctrl Pts',(-16.7331940680609,-1.17857205867703,0.32));
#6230=CARTESIAN_POINT('Ctrl Pts',(-16.7387466300389,-0.708299714736781,
0.32));
#6231=CARTESIAN_POINT('Ctrl Pts',(-16.7487212073527,0.136493710673616,0.32));
#6232=CARTESIAN_POINT('Ctrl Pts',(-16.9388294487827,0.95892271218357,0.32));
#6233=CARTESIAN_POINT('Ctrl Pts',(-17.0231098681553,1.3235290050513,0.32));
#6234=CARTESIAN_POINT('',(-16.748949959861,-2.72268939018185,0.32));
#6235=CARTESIAN_POINT('Ctrl Pts',(-16.748949959861,-2.72268939018185,0.32));
#6236=CARTESIAN_POINT('Ctrl Pts',(-16.7443973258737,-2.42280048490293,0.32));
#6237=CARTESIAN_POINT('Ctrl Pts',(-16.7365839164618,-1.90811935710802,0.32));
#6238=CARTESIAN_POINT('Ctrl Pts',(-16.7341922033207,-1.39338605509478,0.32));
#6239=CARTESIAN_POINT('Ctrl Pts',(-16.7331940680609,-1.17857205867703,0.32));
#6240=CARTESIAN_POINT('',(-16.764707043754,-4.26050531864102,0.32));
#6241=CARTESIAN_POINT('Ctrl Pts',(-16.764707043754,-4.26050531864102,0.32));
#6242=CARTESIAN_POINT('Ctrl Pts',(-16.76370411884,-4.04726670438109,0.32));
#6243=CARTESIAN_POINT('Ctrl Pts',(-16.7612930538462,-3.53463395292658,0.32));
#6244=CARTESIAN_POINT('Ctrl Pts',(-16.7535008559282,-3.0220531738334,0.32));
#6245=CARTESIAN_POINT('Ctrl Pts',(-16.748949959861,-2.72268939018185,0.32));
#6246=CARTESIAN_POINT('',(-16.6197485476602,-4.41806781291897,0.32));
#6247=CARTESIAN_POINT('Ctrl Pts',(-16.6197485476602,-4.41806781291897,0.32));
#6248=CARTESIAN_POINT('Ctrl Pts',(-16.6620151367774,-4.41067038602066,0.32));
#6249=CARTESIAN_POINT('Ctrl Pts',(-16.749461261418,-4.39536571327367,0.32));
#6250=CARTESIAN_POINT('Ctrl Pts',(-16.7595134985246,-4.3064461266451,0.32));
#6251=CARTESIAN_POINT('Ctrl Pts',(-16.764707043754,-4.26050531864102,0.32));
#6252=CARTESIAN_POINT('',(-16.0273117571939,-4.42437040805753,0.32));
#6253=CARTESIAN_POINT('Ctrl Pts',(-16.0273117571939,-4.42437040805753,0.32));
#6254=CARTESIAN_POINT('Ctrl Pts',(-16.1428556949985,-4.42255066753395,0.32));
#6255=CARTESIAN_POINT('Ctrl Pts',(-16.3403245100863,-4.41944066443223,0.32));
#6256=CARTESIAN_POINT('Ctrl Pts',(-16.5378147724416,-4.41847036564233,0.32));
#6257=CARTESIAN_POINT('Ctrl Pts',(-16.6197485476602,-4.41806781291897,0.32));
#6258=CARTESIAN_POINT('',(-15.4348749667276,-4.43067300319609,0.32));
#6259=CARTESIAN_POINT('Ctrl Pts',(-15.4348749667276,-4.43067300319609,0.32));
#6260=CARTESIAN_POINT('Ctrl Pts',(-15.5168087419462,-4.43027045047273,0.32));
#6261=CARTESIAN_POINT('Ctrl Pts',(-15.7142990043015,-4.42930015168283,0.32));
#6262=CARTESIAN_POINT('Ctrl Pts',(-15.9117678193893,-4.4261901485811,0.32));
#6263=CARTESIAN_POINT('Ctrl Pts',(-16.0273117571939,-4.42437040805753,0.32));
#6264=CARTESIAN_POINT('',(-15.2899164706338,-4.26050531864103,0.32));
#6265=CARTESIAN_POINT('Ctrl Pts',(-15.2899164706338,-4.26050531864103,0.32));
#6266=CARTESIAN_POINT('Ctrl Pts',(-15.294255853628,-4.3100762630907,0.32));
#6267=CARTESIAN_POINT('Ctrl Pts',(-15.302413703273,-4.40326746380534,0.32));
#6268=CARTESIAN_POINT('Ctrl Pts',(-15.3926417036323,-4.42193516297644,0.32));
#6269=CARTESIAN_POINT('Ctrl Pts',(-15.4348749667276,-4.43067300319609,0.32));
#6270=CARTESIAN_POINT('',(-15.3182775527108,-3.18907606601652,0.32));
#6271=CARTESIAN_POINT('Ctrl Pts',(-15.3182775527108,-3.18907606601652,0.32));
#6272=CARTESIAN_POINT('Ctrl Pts',(-15.3100888958616,-3.39808256037411,0.32));
#6273=CARTESIAN_POINT('Ctrl Pts',(-15.2961008316411,-3.75511257389529,0.32));
#6274=CARTESIAN_POINT('Ctrl Pts',(-15.2917290129107,-4.11238238157466,0.32));
#6275=CARTESIAN_POINT('Ctrl Pts',(-15.2899164706338,-4.26050531864103,0.32));
#6276=CARTESIAN_POINT('',(-15.3466398268806,-2.11764740943846,0.32));
#6277=CARTESIAN_POINT('Ctrl Pts',(-15.3466398268806,-2.11764740943846,0.32));
#6278=CARTESIAN_POINT('Ctrl Pts',(-15.3448273472723,-2.26577054728504,0.32));
#6279=CARTESIAN_POINT('Ctrl Pts',(-15.340455687824,-2.62304017510054,0.32));
#6280=CARTESIAN_POINT('Ctrl Pts',(-15.3264667248889,-2.98006997303213,0.32));
#6281=CARTESIAN_POINT('Ctrl Pts',(-15.3182775527108,-3.18907606601652,0.32));
#6282=CARTESIAN_POINT('',(-15.3466398268805,-1.42437028884825,0.32));
#6283=CARTESIAN_POINT('',(-15.3466398268805,-1.42437028884825,0.32));
#6284=CARTESIAN_POINT('',(-15.2142865210638,-0.296219468116132,0.32));
#6285=CARTESIAN_POINT('Ctrl Pts',(-15.2142865210638,-0.296219468116132,
0.32));
#6286=CARTESIAN_POINT('Ctrl Pts',(-15.2523480297066,-0.43469920097561,0.32));
#6287=CARTESIAN_POINT('Ctrl Pts',(-15.3534979314928,-0.802714339565488,
0.32));
#6288=CARTESIAN_POINT('Ctrl Pts',(-15.349274211268,-1.18557534187744,0.32));
#6289=CARTESIAN_POINT('Ctrl Pts',(-15.3466398268805,-1.42437028884825,0.32));
#6290=CARTESIAN_POINT('',(-14.1995806246862,0.151260018349312,0.32));
#6291=CARTESIAN_POINT('Ctrl Pts',(-14.1995806246862,0.151260018349312,0.32));
#6292=CARTESIAN_POINT('Ctrl Pts',(-14.4322389605304,0.145947563021375,0.32));
#6293=CARTESIAN_POINT('Ctrl Pts',(-14.8393460846068,0.136651792884911,0.32));
#6294=CARTESIAN_POINT('Ctrl Pts',(-15.1018159857037,-0.16637147698767,0.32));
#6295=CARTESIAN_POINT('Ctrl Pts',(-15.2142865210638,-0.296219468116132,
0.32));
#6296=CARTESIAN_POINT('',(-13.7930674105748,0.122898936272282,0.32));
#6297=CARTESIAN_POINT('Ctrl Pts',(-13.7930674105748,0.122898936272282,0.32));
#6298=CARTESIAN_POINT('Ctrl Pts',(-13.8715135522784,0.131098587171096,0.32));
#6299=CARTESIAN_POINT('Ctrl Pts',(-14.0067099326648,0.145230105916038,0.32));
#6300=CARTESIAN_POINT('Ctrl Pts',(-14.142557177958,0.149477236388972,0.32));
#6301=CARTESIAN_POINT('Ctrl Pts',(-14.1995806246862,0.151260018349312,0.32));
#6302=CARTESIAN_POINT('',(-13.392857983695,0.0945372581488035,0.32));
#6303=CARTESIAN_POINT('Ctrl Pts',(-13.392857983695,0.0945372581488035,0.32));
#6304=CARTESIAN_POINT('Ctrl Pts',(-13.4483048254339,0.0963495996114905,
0.32));
#6305=CARTESIAN_POINT('Ctrl Pts',(-13.5820471831167,0.100721116771785,0.32));
#6306=CARTESIAN_POINT('Ctrl Pts',(-13.7151476630277,0.114709720871269,0.32));
#6307=CARTESIAN_POINT('Ctrl Pts',(-13.7930674105748,0.122898936272282,0.32));
#6308=CARTESIAN_POINT('',(-13.2668072730169,0.239495158196105,0.32));
#6309=CARTESIAN_POINT('Ctrl Pts',(-13.2668072730169,0.239495158196105,0.32));
#6310=CARTESIAN_POINT('Ctrl Pts',(-13.2743451919503,0.197391655096962,0.32));
#6311=CARTESIAN_POINT('Ctrl Pts',(-13.2878833600264,0.121773396718191,0.32));
#6312=CARTESIAN_POINT('Ctrl Pts',(-13.3606202702398,0.102901477996817,0.32));
#6313=CARTESIAN_POINT('Ctrl Pts',(-13.392857983695,0.0945372581488035,0.32));
#6314=CARTESIAN_POINT('',(-13.1722695380314,1.49999928474487,0.32));
#6315=CARTESIAN_POINT('Ctrl Pts',(-13.1722695380314,1.49999928474487,0.32));
#6316=CARTESIAN_POINT('Ctrl Pts',(-13.1754160990022,1.2790470047687,0.32));
#6317=CARTESIAN_POINT('Ctrl Pts',(-13.1814276134498,0.856916991833623,0.32));
#6318=CARTESIAN_POINT('Ctrl Pts',(-13.2392502813612,0.438773164267373,0.32));
#6319=CARTESIAN_POINT('Ctrl Pts',(-13.2668072730169,0.239495158196105,0.32));
#6320=CARTESIAN_POINT('Ctrl Pts',(-13.6638659983738,1.63235259056153,0.32));
#6321=CARTESIAN_POINT('Ctrl Pts',(-13.5315380607476,1.6446284507983,0.32));
#6322=CARTESIAN_POINT('Ctrl Pts',(-13.3427365679487,1.66214327631188,0.32));
#6323=CARTESIAN_POINT('Ctrl Pts',(-13.2115188595534,1.5373322614558,0.32));
#6324=CARTESIAN_POINT('Ctrl Pts',(-13.1722695380314,1.49999928474487,0.32));
#6325=CARTESIAN_POINT('Ctrl Pts',(-14.2941183596714,1.55672204494538,0.));
#6326=CARTESIAN_POINT('Ctrl Pts',(-14.2941183596714,1.55672204494538,0.32));
#6327=CARTESIAN_POINT('Ctrl Pts',(-14.201025506234,1.57872269539531,0.));
#6328=CARTESIAN_POINT('Ctrl Pts',(-14.201025506234,1.57872269539531,0.32));
#6329=CARTESIAN_POINT('Ctrl Pts',(-13.9939653598939,1.62765725625074,0.));
#6330=CARTESIAN_POINT('Ctrl Pts',(-13.9939653598939,1.62765725625074,0.32));
#6331=CARTESIAN_POINT('Ctrl Pts',(-13.7810538958012,1.63068570955617,0.));
#6332=CARTESIAN_POINT('Ctrl Pts',(-13.7810538958012,1.63068570955617,0.32));
#6333=CARTESIAN_POINT('Ctrl Pts',(-13.6638659983738,1.63235259056153,0.));
#6334=CARTESIAN_POINT('Ctrl Pts',(-13.6638659983738,1.63235259056153,0.32));
#6335=CARTESIAN_POINT('',(-14.2941183596714,1.55672204494538,0.));
#6336=CARTESIAN_POINT('',(-13.6638659983738,1.63235259056153,0.));
#6337=CARTESIAN_POINT('Ctrl Pts',(-14.2941183596714,1.55672204494538,0.));
#6338=CARTESIAN_POINT('Ctrl Pts',(-14.201025506234,1.57872269539531,0.));
#6339=CARTESIAN_POINT('Ctrl Pts',(-13.9939653598939,1.62765725625074,0.));
#6340=CARTESIAN_POINT('Ctrl Pts',(-13.7810538958012,1.63068570955617,0.));
#6341=CARTESIAN_POINT('Ctrl Pts',(-13.6638659983738,1.63235259056153,0.));
#6342=CARTESIAN_POINT('',(-14.2941183596714,1.55672204494538,0.));
#6343=CARTESIAN_POINT('',(-13.6638659983738,1.63235259056153,0.));
#6344=CARTESIAN_POINT('Ctrl Pts',(-14.8739499598606,1.30462121963563,0.));
#6345=CARTESIAN_POINT('Ctrl Pts',(-14.8739499598606,1.30462121963563,0.32));
#6346=CARTESIAN_POINT('Ctrl Pts',(-14.7798392539143,1.35740155381208,0.));
#6347=CARTESIAN_POINT('Ctrl Pts',(-14.7798392539143,1.35740155381208,0.32));
#6348=CARTESIAN_POINT('Ctrl Pts',(-14.5950542619318,1.46103496649933,0.));
#6349=CARTESIAN_POINT('Ctrl Pts',(-14.5950542619318,1.46103496649933,0.32));
#6350=CARTESIAN_POINT('Ctrl Pts',(-14.3931789114756,1.52522425847259,0.));
#6351=CARTESIAN_POINT('Ctrl Pts',(-14.3931789114756,1.52522425847259,0.32));
#6352=CARTESIAN_POINT('Ctrl Pts',(-14.2941183596714,1.55672204494538,0.));
#6353=CARTESIAN_POINT('Ctrl Pts',(-14.2941183596714,1.55672204494538,0.32));
#6354=CARTESIAN_POINT('',(-14.8739499598606,1.30462121963563,0.));
#6355=CARTESIAN_POINT('Ctrl Pts',(-14.8739499598606,1.30462121963563,0.));
#6356=CARTESIAN_POINT('Ctrl Pts',(-14.7798392539143,1.35740155381208,0.));
#6357=CARTESIAN_POINT('Ctrl Pts',(-14.5950542619318,1.46103496649933,0.));
#6358=CARTESIAN_POINT('Ctrl Pts',(-14.3931789114756,1.52522425847259,0.));
#6359=CARTESIAN_POINT('Ctrl Pts',(-14.2941183596714,1.55672204494538,0.));
#6360=CARTESIAN_POINT('',(-14.8739499598606,1.30462121963563,0.));
#6361=CARTESIAN_POINT('Origin',(-15.1323534164711,1.14075588922086,0.));
#6362=CARTESIAN_POINT('',(-15.3907568007573,0.976890444756184,0.));
#6363=CARTESIAN_POINT('',(-9.9941568929486,4.39912051383311,0.));
#6364=CARTESIAN_POINT('',(-15.3907568007573,0.976890444756184,0.));
#6365=CARTESIAN_POINT('Ctrl Pts',(-15.42226977645,0.964285254479085,0.));
#6366=CARTESIAN_POINT('Ctrl Pts',(-15.42226977645,0.964285254479085,0.32));
#6367=CARTESIAN_POINT('Ctrl Pts',(-15.4174418449333,0.965066853226902,0.));
#6368=CARTESIAN_POINT('Ctrl Pts',(-15.4174418449333,0.965066853226902,0.32));
#6369=CARTESIAN_POINT('Ctrl Pts',(-15.4060526569834,0.966910660457725,0.));
#6370=CARTESIAN_POINT('Ctrl Pts',(-15.4060526569834,0.966910660457725,0.32));
#6371=CARTESIAN_POINT('Ctrl Pts',(-15.3963477506482,0.973242628438489,0.));
#6372=CARTESIAN_POINT('Ctrl Pts',(-15.3963477506482,0.973242628438489,0.32));
#6373=CARTESIAN_POINT('Ctrl Pts',(-15.3907568007573,0.976890444756184,0.));
#6374=CARTESIAN_POINT('Ctrl Pts',(-15.3907568007573,0.976890444756184,0.32));
#6375=CARTESIAN_POINT('',(-15.42226977645,0.964285254479085,0.));
#6376=CARTESIAN_POINT('Ctrl Pts',(-15.42226977645,0.964285254479085,0.));
#6377=CARTESIAN_POINT('Ctrl Pts',(-15.4174418449333,0.965066853226902,0.));
#6378=CARTESIAN_POINT('Ctrl Pts',(-15.4060526569834,0.966910660457725,0.));
#6379=CARTESIAN_POINT('Ctrl Pts',(-15.3963477506482,0.973242628438489,0.));
#6380=CARTESIAN_POINT('Ctrl Pts',(-15.3907568007573,0.976890444756184,0.));
#6381=CARTESIAN_POINT('',(-15.42226977645,0.964285254479085,0.));
#6382=CARTESIAN_POINT('Ctrl Pts',(-15.535715296851,1.33613419532839,0.));
#6383=CARTESIAN_POINT('Ctrl Pts',(-15.535715296851,1.33613419532839,0.32));
#6384=CARTESIAN_POINT('Ctrl Pts',(-15.5357394522185,1.23696413866624,0.));
#6385=CARTESIAN_POINT('Ctrl Pts',(-15.5357394522185,1.23696413866624,0.32));
#6386=CARTESIAN_POINT('Ctrl Pts',(-15.5357735284516,1.09706388862591,0.));
#6387=CARTESIAN_POINT('Ctrl Pts',(-15.5357735284516,1.09706388862591,0.32));
#6388=CARTESIAN_POINT('Ctrl Pts',(-15.4478636336132,0.994225387177318,0.));
#6389=CARTESIAN_POINT('Ctrl Pts',(-15.4478636336132,0.994225387177318,0.32));
#6390=CARTESIAN_POINT('Ctrl Pts',(-15.42226977645,0.964285254479085,0.));
#6391=CARTESIAN_POINT('Ctrl Pts',(-15.42226977645,0.964285254479085,0.32));
#6392=CARTESIAN_POINT('',(-15.535715296851,1.33613419532839,0.));
#6393=CARTESIAN_POINT('Ctrl Pts',(-15.535715296851,1.33613419532839,0.));
#6394=CARTESIAN_POINT('Ctrl Pts',(-15.5357394522185,1.23696413866624,0.));
#6395=CARTESIAN_POINT('Ctrl Pts',(-15.5357735284516,1.09706388862591,0.));
#6396=CARTESIAN_POINT('Ctrl Pts',(-15.4478636336132,0.994225387177318,0.));
#6397=CARTESIAN_POINT('Ctrl Pts',(-15.42226977645,0.964285254479085,0.));
#6398=CARTESIAN_POINT('',(-15.535715296851,1.33613419532839,0.));
#6399=CARTESIAN_POINT('Ctrl Pts',(-15.6680674105747,1.70798254013125,0.));
#6400=CARTESIAN_POINT('Ctrl Pts',(-15.6680674105747,1.70798254013125,0.32));
#6401=CARTESIAN_POINT('Ctrl Pts',(-15.6370700681365,1.67853255108771,0.));
#6402=CARTESIAN_POINT('Ctrl Pts',(-15.6370700681365,1.67853255108771,0.32));
#6403=CARTESIAN_POINT('Ctrl Pts',(-15.5358408309744,1.58235656660588,0.));
#6404=CARTESIAN_POINT('Ctrl Pts',(-15.5358408309744,1.58235656660588,0.32));
#6405=CARTESIAN_POINT('Ctrl Pts',(-15.535766716664,1.43698891072671,0.));
#6406=CARTESIAN_POINT('Ctrl Pts',(-15.535766716664,1.43698891072671,0.32));
#6407=CARTESIAN_POINT('Ctrl Pts',(-15.535715296851,1.33613419532839,0.));
#6408=CARTESIAN_POINT('Ctrl Pts',(-15.535715296851,1.33613419532839,0.32));
#6409=CARTESIAN_POINT('',(-15.6680674105747,1.70798254013125,0.));
#6410=CARTESIAN_POINT('Ctrl Pts',(-15.6680674105747,1.70798254013125,0.));
#6411=CARTESIAN_POINT('Ctrl Pts',(-15.6370700681365,1.67853255108771,0.));
#6412=CARTESIAN_POINT('Ctrl Pts',(-15.5358408309744,1.58235656660588,0.));
#6413=CARTESIAN_POINT('Ctrl Pts',(-15.535766716664,1.43698891072671,0.));
#6414=CARTESIAN_POINT('Ctrl Pts',(-15.535715296851,1.33613419532839,0.));
#6415=CARTESIAN_POINT('',(-15.6680674105747,1.70798254013125,0.));
#6416=CARTESIAN_POINT('Ctrl Pts',(-16.2983197718723,1.5819324254996,0.));
#6417=CARTESIAN_POINT('Ctrl Pts',(-16.2983197718723,1.5819324254996,0.32));
#6418=CARTESIAN_POINT('Ctrl Pts',(-16.131711462819,1.61044329906035,0.));
#6419=CARTESIAN_POINT('Ctrl Pts',(-16.131711462819,1.61044329906035,0.32));
#6420=CARTESIAN_POINT('Ctrl Pts',(-15.9203758384588,1.64660814161383,0.));
#6421=CARTESIAN_POINT('Ctrl Pts',(-15.9203758384588,1.64660814161383,0.32));
#6422=CARTESIAN_POINT('Ctrl Pts',(-15.7121389135545,1.69726208180243,0.));
#6423=CARTESIAN_POINT('Ctrl Pts',(-15.7121389135545,1.69726208180243,0.32));
#6424=CARTESIAN_POINT('Ctrl Pts',(-15.6680674105747,1.70798254013125,0.));
#6425=CARTESIAN_POINT('Ctrl Pts',(-15.6680674105747,1.70798254013125,0.32));
#6426=CARTESIAN_POINT('',(-16.2983197718723,1.5819324254996,0.));
#6427=CARTESIAN_POINT('Ctrl Pts',(-16.2983197718723,1.5819324254996,0.));
#6428=CARTESIAN_POINT('Ctrl Pts',(-16.131711462819,1.61044329906035,0.));
#6429=CARTESIAN_POINT('Ctrl Pts',(-15.9203758384588,1.64660814161383,0.));
#6430=CARTESIAN_POINT('Ctrl Pts',(-15.7121389135545,1.69726208180243,0.));
#6431=CARTESIAN_POINT('Ctrl Pts',(-15.6680674105747,1.70798254013125,0.));
#6432=CARTESIAN_POINT('',(-16.2983197718723,1.5819324254996,0.));
#6433=CARTESIAN_POINT('Ctrl Pts',(-16.9537825137241,1.50630187988346,0.));
#6434=CARTESIAN_POINT('Ctrl Pts',(-16.9537825137241,1.50630187988346,0.32));
#6435=CARTESIAN_POINT('Ctrl Pts',(-16.8602830118499,1.51670165470966,0.));
#6436=CARTESIAN_POINT('Ctrl Pts',(-16.8602830118499,1.51670165470966,0.32));
#6437=CARTESIAN_POINT('Ctrl Pts',(-16.6416923030316,1.54101509066645,0.));
#6438=CARTESIAN_POINT('Ctrl Pts',(-16.6416923030316,1.54101509066645,0.32));
#6439=CARTESIAN_POINT('Ctrl Pts',(-16.4232983709321,1.56703958836018,0.));
#6440=CARTESIAN_POINT('Ctrl Pts',(-16.4232983709321,1.56703958836018,0.32));
#6441=CARTESIAN_POINT('Ctrl Pts',(-16.2983197718723,1.5819324254996,0.));
#6442=CARTESIAN_POINT('Ctrl Pts',(-16.2983197718723,1.5819324254996,0.32));
#6443=CARTESIAN_POINT('',(-16.9537825137241,1.50630187988346,0.));
#6444=CARTESIAN_POINT('Ctrl Pts',(-16.9537825137241,1.50630187988346,0.));
#6445=CARTESIAN_POINT('Ctrl Pts',(-16.8602830118499,1.51670165470966,0.));
#6446=CARTESIAN_POINT('Ctrl Pts',(-16.6416923030316,1.54101509066645,0.));
#6447=CARTESIAN_POINT('Ctrl Pts',(-16.4232983709321,1.56703958836018,0.));
#6448=CARTESIAN_POINT('Ctrl Pts',(-16.2983197718723,1.5819324254996,0.));
#6449=CARTESIAN_POINT('',(-16.9537825137241,1.50630187988346,0.));
#6450=CARTESIAN_POINT('Ctrl Pts',(-17.0357150584324,1.39915895462101,0.));
#6451=CARTESIAN_POINT('Ctrl Pts',(-17.0357150584324,1.39915895462101,0.32));
#6452=CARTESIAN_POINT('Ctrl Pts',(-17.0316804821663,1.42275550662131,0.));
#6453=CARTESIAN_POINT('Ctrl Pts',(-17.0316804821663,1.42275550662131,0.32));
#6454=CARTESIAN_POINT('Ctrl Pts',(-17.0231964951947,1.47237480404896,0.));
#6455=CARTESIAN_POINT('Ctrl Pts',(-17.0231964951947,1.47237480404896,0.32));
#6456=CARTESIAN_POINT('Ctrl Pts',(-16.9776626510225,1.49463012137175,0.));
#6457=CARTESIAN_POINT('Ctrl Pts',(-16.9776626510225,1.49463012137175,0.32));
#6458=CARTESIAN_POINT('Ctrl Pts',(-16.9537825137241,1.50630187988346,0.));
#6459=CARTESIAN_POINT('Ctrl Pts',(-16.9537825137241,1.50630187988346,0.32));
#6460=CARTESIAN_POINT('',(-17.0357150584324,1.39915895462101,0.));
#6461=CARTESIAN_POINT('Ctrl Pts',(-17.0357150584324,1.39915895462101,0.));
#6462=CARTESIAN_POINT('Ctrl Pts',(-17.0316804821663,1.42275550662131,0.));
#6463=CARTESIAN_POINT('Ctrl Pts',(-17.0231964951947,1.47237480404896,0.));
#6464=CARTESIAN_POINT('Ctrl Pts',(-16.9776626510225,1.49463012137175,0.));
#6465=CARTESIAN_POINT('Ctrl Pts',(-16.9537825137241,1.50630187988346,0.));
#6466=CARTESIAN_POINT('',(-17.0357150584324,1.39915895462101,0.));
#6467=CARTESIAN_POINT('Ctrl Pts',(-17.0231098681553,1.3235290050513,0.));
#6468=CARTESIAN_POINT('Ctrl Pts',(-17.0231098681553,1.3235290050513,0.32));
#6469=CARTESIAN_POINT('Ctrl Pts',(-17.0267469753361,1.3381587289747,0.));
#6470=CARTESIAN_POINT('Ctrl Pts',(-17.0267469753361,1.3381587289747,0.32));
#6471=CARTESIAN_POINT('Ctrl Pts',(-17.0329370151099,1.36305724542277,0.));
#6472=CARTESIAN_POINT('Ctrl Pts',(-17.0329370151099,1.36305724542277,0.32));
#6473=CARTESIAN_POINT('Ctrl Pts',(-17.0349038746559,1.38861731886975,0.));
#6474=CARTESIAN_POINT('Ctrl Pts',(-17.0349038746559,1.38861731886975,0.32));
#6475=CARTESIAN_POINT('Ctrl Pts',(-17.0357150584324,1.39915895462101,0.));
#6476=CARTESIAN_POINT('Ctrl Pts',(-17.0357150584324,1.39915895462101,0.32));
#6477=CARTESIAN_POINT('',(-17.0231098681553,1.3235290050513,0.));
#6478=CARTESIAN_POINT('Ctrl Pts',(-17.0231098681553,1.3235290050513,0.));
#6479=CARTESIAN_POINT('Ctrl Pts',(-17.0267469753361,1.3381587289747,0.));
#6480=CARTESIAN_POINT('Ctrl Pts',(-17.0329370151099,1.36305724542277,0.));
#6481=CARTESIAN_POINT('Ctrl Pts',(-17.0349038746559,1.38861731886975,0.));
#6482=CARTESIAN_POINT('Ctrl Pts',(-17.0357150584324,1.39915895462101,0.));
#6483=CARTESIAN_POINT('',(-17.0231098681553,1.3235290050513,0.));
#6484=CARTESIAN_POINT('Ctrl Pts',(-16.7331940680609,-1.17857205867703,0.));
#6485=CARTESIAN_POINT('Ctrl Pts',(-16.7331940680609,-1.17857205867703,0.32));
#6486=CARTESIAN_POINT('Ctrl Pts',(-16.7387466300389,-0.708299714736781,
0.));
#6487=CARTESIAN_POINT('Ctrl Pts',(-16.7387466300389,-0.708299714736781,
0.32));
#6488=CARTESIAN_POINT('Ctrl Pts',(-16.7487212073527,0.136493710673616,0.));
#6489=CARTESIAN_POINT('Ctrl Pts',(-16.7487212073527,0.136493710673616,0.32));
#6490=CARTESIAN_POINT('Ctrl Pts',(-16.9388294487827,0.95892271218357,0.));
#6491=CARTESIAN_POINT('Ctrl Pts',(-16.9388294487827,0.95892271218357,0.32));
#6492=CARTESIAN_POINT('Ctrl Pts',(-17.0231098681553,1.3235290050513,0.));
#6493=CARTESIAN_POINT('Ctrl Pts',(-17.0231098681553,1.3235290050513,0.32));
#6494=CARTESIAN_POINT('',(-16.7331940680609,-1.17857205867703,0.));
#6495=CARTESIAN_POINT('Ctrl Pts',(-16.7331940680609,-1.17857205867703,0.));
#6496=CARTESIAN_POINT('Ctrl Pts',(-16.7387466300389,-0.708299714736781,
0.));
#6497=CARTESIAN_POINT('Ctrl Pts',(-16.7487212073527,0.136493710673616,0.));
#6498=CARTESIAN_POINT('Ctrl Pts',(-16.9388294487827,0.95892271218357,0.));
#6499=CARTESIAN_POINT('Ctrl Pts',(-17.0231098681553,1.3235290050513,0.));
#6500=CARTESIAN_POINT('',(-16.7331940680609,-1.17857205867703,0.));
#6501=CARTESIAN_POINT('Ctrl Pts',(-16.748949959861,-2.72268939018185,0.));
#6502=CARTESIAN_POINT('Ctrl Pts',(-16.748949959861,-2.72268939018185,0.32));
#6503=CARTESIAN_POINT('Ctrl Pts',(-16.7443973258737,-2.42280048490293,0.));
#6504=CARTESIAN_POINT('Ctrl Pts',(-16.7443973258737,-2.42280048490293,0.32));
#6505=CARTESIAN_POINT('Ctrl Pts',(-16.7365839164618,-1.90811935710802,0.));
#6506=CARTESIAN_POINT('Ctrl Pts',(-16.7365839164618,-1.90811935710802,0.32));
#6507=CARTESIAN_POINT('Ctrl Pts',(-16.7341922033207,-1.39338605509478,0.));
#6508=CARTESIAN_POINT('Ctrl Pts',(-16.7341922033207,-1.39338605509478,0.32));
#6509=CARTESIAN_POINT('Ctrl Pts',(-16.7331940680609,-1.17857205867703,0.));
#6510=CARTESIAN_POINT('Ctrl Pts',(-16.7331940680609,-1.17857205867703,0.32));
#6511=CARTESIAN_POINT('',(-16.748949959861,-2.72268939018185,0.));
#6512=CARTESIAN_POINT('Ctrl Pts',(-16.748949959861,-2.72268939018185,0.));
#6513=CARTESIAN_POINT('Ctrl Pts',(-16.7443973258737,-2.42280048490293,0.));
#6514=CARTESIAN_POINT('Ctrl Pts',(-16.7365839164618,-1.90811935710802,0.));
#6515=CARTESIAN_POINT('Ctrl Pts',(-16.7341922033207,-1.39338605509478,0.));
#6516=CARTESIAN_POINT('Ctrl Pts',(-16.7331940680609,-1.17857205867703,0.));
#6517=CARTESIAN_POINT('',(-16.748949959861,-2.72268939018185,0.));
#6518=CARTESIAN_POINT('Ctrl Pts',(-16.764707043754,-4.26050531864102,0.));
#6519=CARTESIAN_POINT('Ctrl Pts',(-16.764707043754,-4.26050531864102,0.32));
#6520=CARTESIAN_POINT('Ctrl Pts',(-16.76370411884,-4.04726670438109,0.));
#6521=CARTESIAN_POINT('Ctrl Pts',(-16.76370411884,-4.04726670438109,0.32));
#6522=CARTESIAN_POINT('Ctrl Pts',(-16.7612930538462,-3.53463395292658,0.));
#6523=CARTESIAN_POINT('Ctrl Pts',(-16.7612930538462,-3.53463395292658,0.32));
#6524=CARTESIAN_POINT('Ctrl Pts',(-16.7535008559282,-3.0220531738334,0.));
#6525=CARTESIAN_POINT('Ctrl Pts',(-16.7535008559282,-3.0220531738334,0.32));
#6526=CARTESIAN_POINT('Ctrl Pts',(-16.748949959861,-2.72268939018185,0.));
#6527=CARTESIAN_POINT('Ctrl Pts',(-16.748949959861,-2.72268939018185,0.32));
#6528=CARTESIAN_POINT('',(-16.764707043754,-4.26050531864102,0.));
#6529=CARTESIAN_POINT('Ctrl Pts',(-16.764707043754,-4.26050531864102,0.));
#6530=CARTESIAN_POINT('Ctrl Pts',(-16.76370411884,-4.04726670438109,0.));
#6531=CARTESIAN_POINT('Ctrl Pts',(-16.7612930538462,-3.53463395292658,0.));
#6532=CARTESIAN_POINT('Ctrl Pts',(-16.7535008559282,-3.0220531738334,0.));
#6533=CARTESIAN_POINT('Ctrl Pts',(-16.748949959861,-2.72268939018185,0.));
#6534=CARTESIAN_POINT('',(-16.764707043754,-4.26050531864102,0.));
#6535=CARTESIAN_POINT('Ctrl Pts',(-16.6197485476602,-4.41806781291897,0.));
#6536=CARTESIAN_POINT('Ctrl Pts',(-16.6197485476602,-4.41806781291897,0.32));
#6537=CARTESIAN_POINT('Ctrl Pts',(-16.6620151367774,-4.41067038602066,0.));
#6538=CARTESIAN_POINT('Ctrl Pts',(-16.6620151367774,-4.41067038602066,0.32));
#6539=CARTESIAN_POINT('Ctrl Pts',(-16.749461261418,-4.39536571327367,0.));
#6540=CARTESIAN_POINT('Ctrl Pts',(-16.749461261418,-4.39536571327367,0.32));
#6541=CARTESIAN_POINT('Ctrl Pts',(-16.7595134985246,-4.3064461266451,0.));
#6542=CARTESIAN_POINT('Ctrl Pts',(-16.7595134985246,-4.3064461266451,0.32));
#6543=CARTESIAN_POINT('Ctrl Pts',(-16.764707043754,-4.26050531864102,0.));
#6544=CARTESIAN_POINT('Ctrl Pts',(-16.764707043754,-4.26050531864102,0.32));
#6545=CARTESIAN_POINT('',(-16.6197485476602,-4.41806781291897,0.));
#6546=CARTESIAN_POINT('Ctrl Pts',(-16.6197485476602,-4.41806781291897,0.));
#6547=CARTESIAN_POINT('Ctrl Pts',(-16.6620151367774,-4.41067038602066,0.));
#6548=CARTESIAN_POINT('Ctrl Pts',(-16.749461261418,-4.39536571327367,0.));
#6549=CARTESIAN_POINT('Ctrl Pts',(-16.7595134985246,-4.3064461266451,0.));
#6550=CARTESIAN_POINT('Ctrl Pts',(-16.764707043754,-4.26050531864102,0.));
#6551=CARTESIAN_POINT('',(-16.6197485476602,-4.41806781291897,0.));
#6552=CARTESIAN_POINT('Ctrl Pts',(-16.0273117571939,-4.42437040805753,0.));
#6553=CARTESIAN_POINT('Ctrl Pts',(-16.0273117571939,-4.42437040805753,0.32));
#6554=CARTESIAN_POINT('Ctrl Pts',(-16.1428556949985,-4.42255066753395,0.));
#6555=CARTESIAN_POINT('Ctrl Pts',(-16.1428556949985,-4.42255066753395,0.32));
#6556=CARTESIAN_POINT('Ctrl Pts',(-16.3403245100863,-4.41944066443223,0.));
#6557=CARTESIAN_POINT('Ctrl Pts',(-16.3403245100863,-4.41944066443223,0.32));
#6558=CARTESIAN_POINT('Ctrl Pts',(-16.5378147724416,-4.41847036564233,0.));
#6559=CARTESIAN_POINT('Ctrl Pts',(-16.5378147724416,-4.41847036564233,0.32));
#6560=CARTESIAN_POINT('Ctrl Pts',(-16.6197485476602,-4.41806781291897,0.));
#6561=CARTESIAN_POINT('Ctrl Pts',(-16.6197485476602,-4.41806781291897,0.32));
#6562=CARTESIAN_POINT('',(-16.0273117571939,-4.42437040805753,0.));
#6563=CARTESIAN_POINT('Ctrl Pts',(-16.0273117571939,-4.42437040805753,0.));
#6564=CARTESIAN_POINT('Ctrl Pts',(-16.1428556949985,-4.42255066753395,0.));
#6565=CARTESIAN_POINT('Ctrl Pts',(-16.3403245100863,-4.41944066443223,0.));
#6566=CARTESIAN_POINT('Ctrl Pts',(-16.5378147724416,-4.41847036564233,0.));
#6567=CARTESIAN_POINT('Ctrl Pts',(-16.6197485476602,-4.41806781291897,0.));
#6568=CARTESIAN_POINT('',(-16.0273117571939,-4.42437040805753,0.));
#6569=CARTESIAN_POINT('Ctrl Pts',(-15.4348749667276,-4.43067300319609,0.));
#6570=CARTESIAN_POINT('Ctrl Pts',(-15.4348749667276,-4.43067300319609,0.32));
#6571=CARTESIAN_POINT('Ctrl Pts',(-15.5168087419462,-4.43027045047273,0.));
#6572=CARTESIAN_POINT('Ctrl Pts',(-15.5168087419462,-4.43027045047273,0.32));
#6573=CARTESIAN_POINT('Ctrl Pts',(-15.7142990043015,-4.42930015168283,0.));
#6574=CARTESIAN_POINT('Ctrl Pts',(-15.7142990043015,-4.42930015168283,0.32));
#6575=CARTESIAN_POINT('Ctrl Pts',(-15.9117678193893,-4.4261901485811,0.));
#6576=CARTESIAN_POINT('Ctrl Pts',(-15.9117678193893,-4.4261901485811,0.32));
#6577=CARTESIAN_POINT('Ctrl Pts',(-16.0273117571939,-4.42437040805753,0.));
#6578=CARTESIAN_POINT('Ctrl Pts',(-16.0273117571939,-4.42437040805753,0.32));
#6579=CARTESIAN_POINT('',(-15.4348749667276,-4.43067300319609,0.));
#6580=CARTESIAN_POINT('Ctrl Pts',(-15.4348749667276,-4.43067300319609,0.));
#6581=CARTESIAN_POINT('Ctrl Pts',(-15.5168087419462,-4.43027045047273,0.));
#6582=CARTESIAN_POINT('Ctrl Pts',(-15.7142990043015,-4.42930015168283,0.));
#6583=CARTESIAN_POINT('Ctrl Pts',(-15.9117678193893,-4.4261901485811,0.));
#6584=CARTESIAN_POINT('Ctrl Pts',(-16.0273117571939,-4.42437040805753,0.));
#6585=CARTESIAN_POINT('',(-15.4348749667276,-4.43067300319609,0.));
#6586=CARTESIAN_POINT('Ctrl Pts',(-15.2899164706338,-4.26050531864103,0.));
#6587=CARTESIAN_POINT('Ctrl Pts',(-15.2899164706338,-4.26050531864103,0.32));
#6588=CARTESIAN_POINT('Ctrl Pts',(-15.294255853628,-4.3100762630907,0.));
#6589=CARTESIAN_POINT('Ctrl Pts',(-15.294255853628,-4.3100762630907,0.32));
#6590=CARTESIAN_POINT('Ctrl Pts',(-15.302413703273,-4.40326746380534,0.));
#6591=CARTESIAN_POINT('Ctrl Pts',(-15.302413703273,-4.40326746380534,0.32));
#6592=CARTESIAN_POINT('Ctrl Pts',(-15.3926417036323,-4.42193516297644,0.));
#6593=CARTESIAN_POINT('Ctrl Pts',(-15.3926417036323,-4.42193516297644,0.32));
#6594=CARTESIAN_POINT('Ctrl Pts',(-15.4348749667276,-4.43067300319609,0.));
#6595=CARTESIAN_POINT('Ctrl Pts',(-15.4348749667276,-4.43067300319609,0.32));
#6596=CARTESIAN_POINT('',(-15.2899164706338,-4.26050531864103,0.));
#6597=CARTESIAN_POINT('Ctrl Pts',(-15.2899164706338,-4.26050531864103,0.));
#6598=CARTESIAN_POINT('Ctrl Pts',(-15.294255853628,-4.3100762630907,0.));
#6599=CARTESIAN_POINT('Ctrl Pts',(-15.302413703273,-4.40326746380534,0.));
#6600=CARTESIAN_POINT('Ctrl Pts',(-15.3926417036323,-4.42193516297644,0.));
#6601=CARTESIAN_POINT('Ctrl Pts',(-15.4348749667276,-4.43067300319609,0.));
#6602=CARTESIAN_POINT('',(-15.2899164706338,-4.26050531864103,0.));
#6603=CARTESIAN_POINT('Ctrl Pts',(-15.3182775527108,-3.18907606601652,0.));
#6604=CARTESIAN_POINT('Ctrl Pts',(-15.3182775527108,-3.18907606601652,0.32));
#6605=CARTESIAN_POINT('Ctrl Pts',(-15.3100888958616,-3.39808256037411,0.));
#6606=CARTESIAN_POINT('Ctrl Pts',(-15.3100888958616,-3.39808256037411,0.32));
#6607=CARTESIAN_POINT('Ctrl Pts',(-15.2961008316411,-3.75511257389529,0.));
#6608=CARTESIAN_POINT('Ctrl Pts',(-15.2961008316411,-3.75511257389529,0.32));
#6609=CARTESIAN_POINT('Ctrl Pts',(-15.2917290129107,-4.11238238157466,0.));
#6610=CARTESIAN_POINT('Ctrl Pts',(-15.2917290129107,-4.11238238157466,0.32));
#6611=CARTESIAN_POINT('Ctrl Pts',(-15.2899164706338,-4.26050531864103,0.));
#6612=CARTESIAN_POINT('Ctrl Pts',(-15.2899164706338,-4.26050531864103,0.32));
#6613=CARTESIAN_POINT('',(-15.3182775527108,-3.18907606601652,0.));
#6614=CARTESIAN_POINT('Ctrl Pts',(-15.3182775527108,-3.18907606601652,0.));
#6615=CARTESIAN_POINT('Ctrl Pts',(-15.3100888958616,-3.39808256037411,0.));
#6616=CARTESIAN_POINT('Ctrl Pts',(-15.2961008316411,-3.75511257389529,0.));
#6617=CARTESIAN_POINT('Ctrl Pts',(-15.2917290129107,-4.11238238157466,0.));
#6618=CARTESIAN_POINT('Ctrl Pts',(-15.2899164706338,-4.26050531864103,0.));
#6619=CARTESIAN_POINT('',(-15.3182775527108,-3.18907606601652,0.));
#6620=CARTESIAN_POINT('Ctrl Pts',(-15.3466398268806,-2.11764740943846,0.));
#6621=CARTESIAN_POINT('Ctrl Pts',(-15.3466398268806,-2.11764740943846,0.32));
#6622=CARTESIAN_POINT('Ctrl Pts',(-15.3448273472723,-2.26577054728504,0.));
#6623=CARTESIAN_POINT('Ctrl Pts',(-15.3448273472723,-2.26577054728504,0.32));
#6624=CARTESIAN_POINT('Ctrl Pts',(-15.340455687824,-2.62304017510054,0.));
#6625=CARTESIAN_POINT('Ctrl Pts',(-15.340455687824,-2.62304017510054,0.32));
#6626=CARTESIAN_POINT('Ctrl Pts',(-15.3264667248889,-2.98006997303213,0.));
#6627=CARTESIAN_POINT('Ctrl Pts',(-15.3264667248889,-2.98006997303213,0.32));
#6628=CARTESIAN_POINT('Ctrl Pts',(-15.3182775527108,-3.18907606601652,0.));
#6629=CARTESIAN_POINT('Ctrl Pts',(-15.3182775527108,-3.18907606601652,0.32));
#6630=CARTESIAN_POINT('',(-15.3466398268806,-2.11764740943846,0.));
#6631=CARTESIAN_POINT('Ctrl Pts',(-15.3466398268806,-2.11764740943846,0.));
#6632=CARTESIAN_POINT('Ctrl Pts',(-15.3448273472723,-2.26577054728504,0.));
#6633=CARTESIAN_POINT('Ctrl Pts',(-15.340455687824,-2.62304017510054,0.));
#6634=CARTESIAN_POINT('Ctrl Pts',(-15.3264667248889,-2.98006997303213,0.));
#6635=CARTESIAN_POINT('Ctrl Pts',(-15.3182775527108,-3.18907606601652,0.));
#6636=CARTESIAN_POINT('',(-15.3466398268806,-2.11764740943846,0.));
#6637=CARTESIAN_POINT('Origin',(-15.3466398268806,-1.77100884914335,0.));
#6638=CARTESIAN_POINT('',(-15.3466398268805,-1.42437028884825,0.));
#6639=CARTESIAN_POINT('',(-15.3466398268805,-0.885504424570945,0.));
#6640=CARTESIAN_POINT('',(-15.3466398268805,-1.42437028884825,0.));
#6641=CARTESIAN_POINT('Ctrl Pts',(-15.2142865210638,-0.296219468116132,
0.));
#6642=CARTESIAN_POINT('Ctrl Pts',(-15.2142865210638,-0.296219468116132,
0.32));
#6643=CARTESIAN_POINT('Ctrl Pts',(-15.2523480297066,-0.43469920097561,0.));
#6644=CARTESIAN_POINT('Ctrl Pts',(-15.2523480297066,-0.43469920097561,0.32));
#6645=CARTESIAN_POINT('Ctrl Pts',(-15.3534979314928,-0.802714339565488,
0.));
#6646=CARTESIAN_POINT('Ctrl Pts',(-15.3534979314928,-0.802714339565488,
0.32));
#6647=CARTESIAN_POINT('Ctrl Pts',(-15.349274211268,-1.18557534187744,0.));
#6648=CARTESIAN_POINT('Ctrl Pts',(-15.349274211268,-1.18557534187744,0.32));
#6649=CARTESIAN_POINT('Ctrl Pts',(-15.3466398268805,-1.42437028884825,0.));
#6650=CARTESIAN_POINT('Ctrl Pts',(-15.3466398268805,-1.42437028884825,0.32));
#6651=CARTESIAN_POINT('',(-15.2142865210638,-0.296219468116132,0.));
#6652=CARTESIAN_POINT('Ctrl Pts',(-15.2142865210638,-0.296219468116132,
0.));
#6653=CARTESIAN_POINT('Ctrl Pts',(-15.2523480297066,-0.43469920097561,0.));
#6654=CARTESIAN_POINT('Ctrl Pts',(-15.3534979314928,-0.802714339565488,
0.));
#6655=CARTESIAN_POINT('Ctrl Pts',(-15.349274211268,-1.18557534187744,0.));
#6656=CARTESIAN_POINT('Ctrl Pts',(-15.3466398268805,-1.42437028884825,0.));
#6657=CARTESIAN_POINT('',(-15.2142865210638,-0.296219468116132,0.));
#6658=CARTESIAN_POINT('Ctrl Pts',(-14.1995806246862,0.151260018349312,0.));
#6659=CARTESIAN_POINT('Ctrl Pts',(-14.1995806246862,0.151260018349312,0.32));
#6660=CARTESIAN_POINT('Ctrl Pts',(-14.4322389605304,0.145947563021375,0.));
#6661=CARTESIAN_POINT('Ctrl Pts',(-14.4322389605304,0.145947563021375,0.32));
#6662=CARTESIAN_POINT('Ctrl Pts',(-14.8393460846068,0.136651792884911,0.));
#6663=CARTESIAN_POINT('Ctrl Pts',(-14.8393460846068,0.136651792884911,0.32));
#6664=CARTESIAN_POINT('Ctrl Pts',(-15.1018159857037,-0.16637147698767,0.));
#6665=CARTESIAN_POINT('Ctrl Pts',(-15.1018159857037,-0.16637147698767,0.32));
#6666=CARTESIAN_POINT('Ctrl Pts',(-15.2142865210638,-0.296219468116132,
0.));
#6667=CARTESIAN_POINT('Ctrl Pts',(-15.2142865210638,-0.296219468116132,
0.32));
#6668=CARTESIAN_POINT('',(-14.1995806246862,0.151260018349312,0.));
#6669=CARTESIAN_POINT('Ctrl Pts',(-14.1995806246862,0.151260018349312,0.));
#6670=CARTESIAN_POINT('Ctrl Pts',(-14.4322389605304,0.145947563021375,0.));
#6671=CARTESIAN_POINT('Ctrl Pts',(-14.8393460846068,0.136651792884911,0.));
#6672=CARTESIAN_POINT('Ctrl Pts',(-15.1018159857037,-0.16637147698767,0.));
#6673=CARTESIAN_POINT('Ctrl Pts',(-15.2142865210638,-0.296219468116132,
0.));
#6674=CARTESIAN_POINT('',(-14.1995806246862,0.151260018349312,0.));
#6675=CARTESIAN_POINT('Ctrl Pts',(-13.7930674105748,0.122898936272282,0.));
#6676=CARTESIAN_POINT('Ctrl Pts',(-13.7930674105748,0.122898936272282,0.32));
#6677=CARTESIAN_POINT('Ctrl Pts',(-13.8715135522784,0.131098587171096,0.));
#6678=CARTESIAN_POINT('Ctrl Pts',(-13.8715135522784,0.131098587171096,0.32));
#6679=CARTESIAN_POINT('Ctrl Pts',(-14.0067099326648,0.145230105916038,0.));
#6680=CARTESIAN_POINT('Ctrl Pts',(-14.0067099326648,0.145230105916038,0.32));
#6681=CARTESIAN_POINT('Ctrl Pts',(-14.142557177958,0.149477236388972,0.));
#6682=CARTESIAN_POINT('Ctrl Pts',(-14.142557177958,0.149477236388972,0.32));
#6683=CARTESIAN_POINT('Ctrl Pts',(-14.1995806246862,0.151260018349312,0.));
#6684=CARTESIAN_POINT('Ctrl Pts',(-14.1995806246862,0.151260018349312,0.32));
#6685=CARTESIAN_POINT('',(-13.7930674105748,0.122898936272282,0.));
#6686=CARTESIAN_POINT('Ctrl Pts',(-13.7930674105748,0.122898936272282,0.));
#6687=CARTESIAN_POINT('Ctrl Pts',(-13.8715135522784,0.131098587171096,0.));
#6688=CARTESIAN_POINT('Ctrl Pts',(-14.0067099326648,0.145230105916038,0.));
#6689=CARTESIAN_POINT('Ctrl Pts',(-14.142557177958,0.149477236388972,0.));
#6690=CARTESIAN_POINT('Ctrl Pts',(-14.1995806246862,0.151260018349312,0.));
#6691=CARTESIAN_POINT('',(-13.7930674105748,0.122898936272282,0.));
#6692=CARTESIAN_POINT('Ctrl Pts',(-13.392857983695,0.0945372581488035,0.));
#6693=CARTESIAN_POINT('Ctrl Pts',(-13.392857983695,0.0945372581488035,0.32));
#6694=CARTESIAN_POINT('Ctrl Pts',(-13.4483048254339,0.0963495996114905,
0.));
#6695=CARTESIAN_POINT('Ctrl Pts',(-13.4483048254339,0.0963495996114905,
0.32));
#6696=CARTESIAN_POINT('Ctrl Pts',(-13.5820471831167,0.100721116771785,0.));
#6697=CARTESIAN_POINT('Ctrl Pts',(-13.5820471831167,0.100721116771785,0.32));
#6698=CARTESIAN_POINT('Ctrl Pts',(-13.7151476630277,0.114709720871269,0.));
#6699=CARTESIAN_POINT('Ctrl Pts',(-13.7151476630277,0.114709720871269,0.32));
#6700=CARTESIAN_POINT('Ctrl Pts',(-13.7930674105748,0.122898936272282,0.));
#6701=CARTESIAN_POINT('Ctrl Pts',(-13.7930674105748,0.122898936272282,0.32));
#6702=CARTESIAN_POINT('',(-13.392857983695,0.0945372581488035,0.));
#6703=CARTESIAN_POINT('Ctrl Pts',(-13.392857983695,0.0945372581488035,0.));
#6704=CARTESIAN_POINT('Ctrl Pts',(-13.4483048254339,0.0963495996114905,
0.));
#6705=CARTESIAN_POINT('Ctrl Pts',(-13.5820471831167,0.100721116771785,0.));
#6706=CARTESIAN_POINT('Ctrl Pts',(-13.7151476630277,0.114709720871269,0.));
#6707=CARTESIAN_POINT('Ctrl Pts',(-13.7930674105748,0.122898936272282,0.));
#6708=CARTESIAN_POINT('',(-13.392857983695,0.0945372581488035,0.));
#6709=CARTESIAN_POINT('Ctrl Pts',(-13.2668072730169,0.239495158196105,0.));
#6710=CARTESIAN_POINT('Ctrl Pts',(-13.2668072730169,0.239495158196105,0.32));
#6711=CARTESIAN_POINT('Ctrl Pts',(-13.2743451919503,0.197391655096962,0.));
#6712=CARTESIAN_POINT('Ctrl Pts',(-13.2743451919503,0.197391655096962,0.32));
#6713=CARTESIAN_POINT('Ctrl Pts',(-13.2878833600264,0.121773396718191,0.));
#6714=CARTESIAN_POINT('Ctrl Pts',(-13.2878833600264,0.121773396718191,0.32));
#6715=CARTESIAN_POINT('Ctrl Pts',(-13.3606202702398,0.102901477996817,0.));
#6716=CARTESIAN_POINT('Ctrl Pts',(-13.3606202702398,0.102901477996817,0.32));
#6717=CARTESIAN_POINT('Ctrl Pts',(-13.392857983695,0.0945372581488035,0.));
#6718=CARTESIAN_POINT('Ctrl Pts',(-13.392857983695,0.0945372581488035,0.32));
#6719=CARTESIAN_POINT('',(-13.2668072730169,0.239495158196105,0.));
#6720=CARTESIAN_POINT('Ctrl Pts',(-13.2668072730169,0.239495158196105,0.));
#6721=CARTESIAN_POINT('Ctrl Pts',(-13.2743451919503,0.197391655096962,0.));
#6722=CARTESIAN_POINT('Ctrl Pts',(-13.2878833600264,0.121773396718191,0.));
#6723=CARTESIAN_POINT('Ctrl Pts',(-13.3606202702398,0.102901477996817,0.));
#6724=CARTESIAN_POINT('Ctrl Pts',(-13.392857983695,0.0945372581488035,0.));
#6725=CARTESIAN_POINT('',(-13.2668072730169,0.239495158196105,0.));
#6726=CARTESIAN_POINT('Ctrl Pts',(-13.1722695380314,1.49999928474487,0.));
#6727=CARTESIAN_POINT('Ctrl Pts',(-13.1722695380314,1.49999928474487,0.32));
#6728=CARTESIAN_POINT('Ctrl Pts',(-13.1754160990022,1.2790470047687,0.));
#6729=CARTESIAN_POINT('Ctrl Pts',(-13.1754160990022,1.2790470047687,0.32));
#6730=CARTESIAN_POINT('Ctrl Pts',(-13.1814276134498,0.856916991833623,0.));
#6731=CARTESIAN_POINT('Ctrl Pts',(-13.1814276134498,0.856916991833623,0.32));
#6732=CARTESIAN_POINT('Ctrl Pts',(-13.2392502813612,0.438773164267373,0.));
#6733=CARTESIAN_POINT('Ctrl Pts',(-13.2392502813612,0.438773164267373,0.32));
#6734=CARTESIAN_POINT('Ctrl Pts',(-13.2668072730169,0.239495158196105,0.));
#6735=CARTESIAN_POINT('Ctrl Pts',(-13.2668072730169,0.239495158196105,0.32));
#6736=CARTESIAN_POINT('',(-13.1722695380314,1.49999928474487,0.));
#6737=CARTESIAN_POINT('Ctrl Pts',(-13.1722695380314,1.49999928474487,0.));
#6738=CARTESIAN_POINT('Ctrl Pts',(-13.1754160990022,1.2790470047687,0.));
#6739=CARTESIAN_POINT('Ctrl Pts',(-13.1814276134498,0.856916991833623,0.));
#6740=CARTESIAN_POINT('Ctrl Pts',(-13.2392502813612,0.438773164267373,0.));
#6741=CARTESIAN_POINT('Ctrl Pts',(-13.2668072730169,0.239495158196105,0.));
#6742=CARTESIAN_POINT('',(-13.1722695380314,1.49999928474487,0.));
#6743=CARTESIAN_POINT('Ctrl Pts',(-13.6638659983738,1.63235259056153,0.));
#6744=CARTESIAN_POINT('Ctrl Pts',(-13.6638659983738,1.63235259056153,0.32));
#6745=CARTESIAN_POINT('Ctrl Pts',(-13.5315380607476,1.6446284507983,0.));
#6746=CARTESIAN_POINT('Ctrl Pts',(-13.5315380607476,1.6446284507983,0.32));
#6747=CARTESIAN_POINT('Ctrl Pts',(-13.3427365679487,1.66214327631188,0.));
#6748=CARTESIAN_POINT('Ctrl Pts',(-13.3427365679487,1.66214327631188,0.32));
#6749=CARTESIAN_POINT('Ctrl Pts',(-13.2115188595534,1.5373322614558,0.));
#6750=CARTESIAN_POINT('Ctrl Pts',(-13.2115188595534,1.5373322614558,0.32));
#6751=CARTESIAN_POINT('Ctrl Pts',(-13.1722695380314,1.49999928474487,0.));
#6752=CARTESIAN_POINT('Ctrl Pts',(-13.1722695380314,1.49999928474487,0.32));
#6753=CARTESIAN_POINT('Ctrl Pts',(-13.6638659983738,1.63235259056153,0.));
#6754=CARTESIAN_POINT('Ctrl Pts',(-13.5315380607476,1.6446284507983,0.));
#6755=CARTESIAN_POINT('Ctrl Pts',(-13.3427365679487,1.66214327631188,0.));
#6756=CARTESIAN_POINT('Ctrl Pts',(-13.2115188595534,1.5373322614558,0.));
#6757=CARTESIAN_POINT('Ctrl Pts',(-13.1722695380314,1.49999928474487,0.));
#6758=CARTESIAN_POINT('Origin',(1.08801856413265E-11,8.65973959207622E-14,
0.32));
#6759=CARTESIAN_POINT('',(27.0504169911282,1.89075601100943,0.32));
#6760=CARTESIAN_POINT('',(29.0294151753322,1.02100801467915,0.32));
#6761=CARTESIAN_POINT('Ctrl Pts',(27.0504169911282,1.89075601100943,0.32));
#6762=CARTESIAN_POINT('Ctrl Pts',(27.4288664061535,1.85476630091464,0.32));
#6763=CARTESIAN_POINT('Ctrl Pts',(28.1844661635862,1.78291041968443,0.32));
#6764=CARTESIAN_POINT('Ctrl Pts',(28.7480885092461,1.27468422531849,0.32));
#6765=CARTESIAN_POINT('Ctrl Pts',(29.0294151753322,1.02100801467915,0.32));
#6766=CARTESIAN_POINT('',(24.9012642353908,0.888654708862543,0.32));
#6767=CARTESIAN_POINT('Ctrl Pts',(24.9012642353908,0.888654708862543,0.32));
#6768=CARTESIAN_POINT('Ctrl Pts',(25.2070529449648,1.18092040950536,0.32));
#6769=CARTESIAN_POINT('Ctrl Pts',(25.810925426741,1.75808761175785,0.32));
#6770=CARTESIAN_POINT('Ctrl Pts',(26.6407825776013,1.8469109833526,0.32));
#6771=CARTESIAN_POINT('Ctrl Pts',(27.0504169911282,1.89075601100943,0.32));
#6772=CARTESIAN_POINT('',(24.0693264454736,-1.37395012378668,0.32));
#6773=CARTESIAN_POINT('Ctrl Pts',(24.0693264454736,-1.37395012378668,0.32));
#6774=CARTESIAN_POINT('Ctrl Pts',(24.1032515840809,-0.955955848500974,0.32));
#6775=CARTESIAN_POINT('Ctrl Pts',(24.1707444459215,-0.124371040592071,0.32));
#6776=CARTESIAN_POINT('Ctrl Pts',(24.6586188351942,0.552173696398142,0.32));
#6777=CARTESIAN_POINT('Ctrl Pts',(24.9012642353908,0.888654708862543,0.32));
#6778=CARTESIAN_POINT('',(24.9390774220359,-3.7027310132978,0.32));
#6779=CARTESIAN_POINT('Ctrl Pts',(24.9390774220359,-3.7027310132978,0.32));
#6780=CARTESIAN_POINT('Ctrl Pts',(24.6855509245131,-3.37705684160272,0.32));
#6781=CARTESIAN_POINT('Ctrl Pts',(24.1536714537618,-2.69381699183909,0.32));
#6782=CARTESIAN_POINT('Ctrl Pts',(24.0983029250116,-1.82738650456605,0.32));
#6783=CARTESIAN_POINT('Ctrl Pts',(24.0693264454736,-1.37395012378668,0.32));
#6784=CARTESIAN_POINT('',(27.2710113972555,-4.57563030719735,0.32));
#6785=CARTESIAN_POINT('Ctrl Pts',(27.2710113972555,-4.57563030719735,0.32));
#6786=CARTESIAN_POINT('Ctrl Pts',(26.8160690626639,-4.54675882110934,0.32));
#6787=CARTESIAN_POINT('Ctrl Pts',(25.9477984861195,-4.4916567565942,0.32));
#6788=CARTESIAN_POINT('Ctrl Pts',(25.2643999005064,-3.95716733596104,0.32));
#6789=CARTESIAN_POINT('Ctrl Pts',(24.9390774220359,-3.7027310132978,0.32));
#6790=CARTESIAN_POINT('',(29.6470623463523,-3.59243738651256,0.32));
#6791=CARTESIAN_POINT('Ctrl Pts',(29.6470623463523,-3.59243738651256,0.32));
#6792=CARTESIAN_POINT('Ctrl Pts',(29.3117897370307,-3.8791696925277,0.32));
#6793=CARTESIAN_POINT('Ctrl Pts',(28.6275882077721,-4.46431347346589,0.32));
#6794=CARTESIAN_POINT('Ctrl Pts',(27.7291809165778,-4.53803421989301,0.32));
#6795=CARTESIAN_POINT('Ctrl Pts',(27.2710113972555,-4.57563030719735,0.32));
#6796=CARTESIAN_POINT('',(29.7479038685691,-3.44748008251171,0.32));
#6797=CARTESIAN_POINT('Ctrl Pts',(29.7479038685691,-3.44748008251171,0.32));
#6798=CARTESIAN_POINT('Ctrl Pts',(29.7402863706975,-3.4663596818291,0.32));
#6799=CARTESIAN_POINT('Ctrl Pts',(29.7179184039357,-3.52179760345704,0.32));
#6800=CARTESIAN_POINT('Ctrl Pts',(29.6752197849595,-3.56436589308705,0.32));
#6801=CARTESIAN_POINT('Ctrl Pts',(29.6470623463523,-3.59243738651256,0.32));
#6802=CARTESIAN_POINT('',(29.5273094624412,-2.99054729938488,0.32));
#6803=CARTESIAN_POINT('Ctrl Pts',(29.5273094624412,-2.99054729938488,0.32));
#6804=CARTESIAN_POINT('Ctrl Pts',(29.5851436223456,-3.09828058443971,0.32));
#6805=CARTESIAN_POINT('Ctrl Pts',(29.6652649930369,-3.24753041329413,0.32));
#6806=CARTESIAN_POINT('Ctrl Pts',(29.7299191449103,-3.40396497508322,0.32));
#6807=CARTESIAN_POINT('Ctrl Pts',(29.7479038685691,-3.44748008251171,0.32));
#6808=CARTESIAN_POINT('',(29.2909698933495,-2.55252170562725,0.32));
#6809=CARTESIAN_POINT('Ctrl Pts',(29.2909698933495,-2.55252170562725,0.32));
#6810=CARTESIAN_POINT('Ctrl Pts',(29.3135001266255,-2.59100821755696,0.32));
#6811=CARTESIAN_POINT('Ctrl Pts',(29.397340272944,-2.73422532285457,0.32));
#6812=CARTESIAN_POINT('Ctrl Pts',(29.4724117948732,-2.88227949597418,0.32));
#6813=CARTESIAN_POINT('Ctrl Pts',(29.5273094624412,-2.99054729938488,0.32));
#6814=CARTESIAN_POINT('',(29.224794432534,-2.53991651535014,0.32));
#6815=CARTESIAN_POINT('Ctrl Pts',(29.224794432534,-2.53991651535014,0.32));
#6816=CARTESIAN_POINT('Ctrl Pts',(29.2389890155238,-2.53974032089433,0.32));
#6817=CARTESIAN_POINT('Ctrl Pts',(29.2620621059826,-2.53945391934099,0.32));
#6818=CARTESIAN_POINT('Ctrl Pts',(29.2829371806624,-2.54889051201972,0.32));
#6819=CARTESIAN_POINT('Ctrl Pts',(29.2909698933495,-2.55252170562725,0.32));
#6820=CARTESIAN_POINT('',(29.0231113881004,-2.7037822008131,0.32));
#6821=CARTESIAN_POINT('Ctrl Pts',(29.0231113881004,-2.7037822008131,0.32));
#6822=CARTESIAN_POINT('Ctrl Pts',(29.0567252531486,-2.67647138249638,0.32));
#6823=CARTESIAN_POINT('Ctrl Pts',(29.1239530804823,-2.62184966685887,0.32));
#6824=CARTESIAN_POINT('Ctrl Pts',(29.1911806161045,-2.56722759218792,0.32));
#6825=CARTESIAN_POINT('Ctrl Pts',(29.224794432534,-2.53991651535014,0.32));
#6826=CARTESIAN_POINT('',(27.1953754872215,-3.34663856029489,0.32));
#6827=CARTESIAN_POINT('Ctrl Pts',(27.1953754872215,-3.34663856029489,0.32));
#6828=CARTESIAN_POINT('Ctrl Pts',(27.5224602620921,-3.31830936080588,0.32));
#6829=CARTESIAN_POINT('Ctrl Pts',(28.186406648299,-3.26080417844972,0.32));
#6830=CARTESIAN_POINT('Ctrl Pts',(28.7414852344784,-2.89127003204246,0.32));
#6831=CARTESIAN_POINT('Ctrl Pts',(29.0231113881004,-2.7037822008131,0.32));
#6832=CARTESIAN_POINT('',(26.1113434285057,-2.97479021549202,0.32));
#6833=CARTESIAN_POINT('Ctrl Pts',(26.1113434285057,-2.97479021549202,0.32));
#6834=CARTESIAN_POINT('Ctrl Pts',(26.2804624776227,-3.08323235386469,0.32));
#6835=CARTESIAN_POINT('Ctrl Pts',(26.6117869389135,-3.29568348379451,0.32));
#6836=CARTESIAN_POINT('Ctrl Pts',(27.0035710471909,-3.32989147034049,0.32));
#6837=CARTESIAN_POINT('Ctrl Pts',(27.1953754872215,-3.34663856029489,0.32));
#6838=CARTESIAN_POINT('',(25.5000000447167,-2.02941226959205,0.32));
#6839=CARTESIAN_POINT('Ctrl Pts',(25.5000000447167,-2.02941226959205,0.32));
#6840=CARTESIAN_POINT('Ctrl Pts',(25.5496496291252,-2.21010424905384,0.32));
#6841=CARTESIAN_POINT('Ctrl Pts',(25.6536152863514,-2.58847117042995,0.32));
#6842=CARTESIAN_POINT('Ctrl Pts',(25.9542691086011,-2.84222069292845,0.32));
#6843=CARTESIAN_POINT('Ctrl Pts',(26.1113434285057,-2.97479021549202,0.32));
#6844=CARTESIAN_POINT('',(29.4012623280419,-1.65756332874279,0.32));
#6845=CARTESIAN_POINT('Ctrl Pts',(29.4012623280419,-1.65756332874279,0.32));
#6846=CARTESIAN_POINT('Ctrl Pts',(29.0312497185959,-1.70783298530087,0.32));
#6847=CARTESIAN_POINT('Ctrl Pts',(27.73630860638,-1.88376278691354,0.32));
#6848=CARTESIAN_POINT('Ctrl Pts',(26.431777981451,-1.9687261117053,0.32));
#6849=CARTESIAN_POINT('Ctrl Pts',(25.5000000447167,-2.02941226959205,0.32));
#6850=CARTESIAN_POINT('',(29.804618880166,-1.03361356258373,0.32));
#6851=CARTESIAN_POINT('Ctrl Pts',(29.804618880166,-1.03361356258373,0.32));
#6852=CARTESIAN_POINT('Ctrl Pts',(29.7895089263628,-1.17552163053492,0.32));
#6853=CARTESIAN_POINT('Ctrl Pts',(29.7600071996946,-1.45259283056728,0.32));
#6854=CARTESIAN_POINT('Ctrl Pts',(29.5188873696585,-1.59035773144186,0.32));
#6855=CARTESIAN_POINT('Ctrl Pts',(29.4012623280419,-1.65756332874279,0.32));
#6856=CARTESIAN_POINT('Ctrl Pts',(29.0294151753322,1.02100801467915,0.32));
#6857=CARTESIAN_POINT('Ctrl Pts',(29.2555043044776,0.721322723052802,0.32));
#6858=CARTESIAN_POINT('Ctrl Pts',(29.7145665262738,0.112827319785441,0.32));
#6859=CARTESIAN_POINT('Ctrl Pts',(29.7743028327783,-0.647665226810774,0.32));
#6860=CARTESIAN_POINT('Ctrl Pts',(29.804618880166,-1.03361356258373,0.32));
#6861=CARTESIAN_POINT('',(25.7079868763818,-0.964286208152541,0.32));
#6862=CARTESIAN_POINT('',(27.9390793293848,-0.775210738181858,0.32));
#6863=CARTESIAN_POINT('Ctrl Pts',(25.7079868763818,-0.964286208152541,0.32));
#6864=CARTESIAN_POINT('Ctrl Pts',(26.0498247122815,-0.954049241961588,0.32));
#6865=CARTESIAN_POINT('Ctrl Pts',(26.7968444765475,-0.931678353582189,0.32));
#6866=CARTESIAN_POINT('Ctrl Pts',(27.5374023284922,-0.830233960713285,0.32));
#6867=CARTESIAN_POINT('Ctrl Pts',(27.9390793293848,-0.775210738181858,0.32));
#6868=CARTESIAN_POINT('',(25.4810982197656,-0.831932902335888,0.32));
#6869=CARTESIAN_POINT('Ctrl Pts',(25.4810982197656,-0.831932902335888,0.32));
#6870=CARTESIAN_POINT('Ctrl Pts',(25.4963301005194,-0.870150727224785,0.32));
#6871=CARTESIAN_POINT('Ctrl Pts',(25.5346572298978,-0.966316101859571,0.32));
#6872=CARTESIAN_POINT('Ctrl Pts',(25.642813703188,-0.965049462545641,0.32));
#6873=CARTESIAN_POINT('Ctrl Pts',(25.7079868763818,-0.964286208152541,0.32));
#6874=CARTESIAN_POINT('',(25.931728407754,0.214284777641525,0.32));
#6875=CARTESIAN_POINT('Ctrl Pts',(25.931728407754,0.214284777641525,0.32));
#6876=CARTESIAN_POINT('Ctrl Pts',(25.80033244327,0.0573006058126613,0.32));
#6877=CARTESIAN_POINT('Ctrl Pts',(25.5455023990231,-0.247155346166437,0.32));
#6878=CARTESIAN_POINT('Ctrl Pts',(25.5021144094991,-0.641109943112101,0.32));
#6879=CARTESIAN_POINT('Ctrl Pts',(25.4810982197656,-0.831932902335888,0.32));
#6880=CARTESIAN_POINT('',(26.9621830433742,0.680672049522618,0.32));
#6881=CARTESIAN_POINT('Ctrl Pts',(26.9621830433742,0.680672049522618,0.32));
#6882=CARTESIAN_POINT('Ctrl Pts',(26.7720767847059,0.658897741888106,0.32));
#6883=CARTESIAN_POINT('Ctrl Pts',(26.3794686178972,0.613929359133114,0.32));
#6884=CARTESIAN_POINT('Ctrl Pts',(26.0840838302579,0.35027439323818,0.32));
#6885=CARTESIAN_POINT('Ctrl Pts',(25.931728407754,0.214284777641525,0.32));
#6886=CARTESIAN_POINT('',(27.8918056935206,0.277310729027004,0.32));
#6887=CARTESIAN_POINT('Ctrl Pts',(27.8918056935206,0.277310729027004,0.32));
#6888=CARTESIAN_POINT('Ctrl Pts',(27.7526876451193,0.394924713917516,0.32));
#6889=CARTESIAN_POINT('Ctrl Pts',(27.4827852257324,0.623107177950639,0.32));
#6890=CARTESIAN_POINT('Ctrl Pts',(27.1321078589394,0.661882846333739,0.32));
#6891=CARTESIAN_POINT('Ctrl Pts',(26.9621830433742,0.680672049522618,0.32));
#6892=CARTESIAN_POINT('',(28.3046226948633,-0.649160027503761,0.32));
#6893=CARTESIAN_POINT('Ctrl Pts',(28.3046226948633,-0.649160027503761,0.32));
#6894=CARTESIAN_POINT('Ctrl Pts',(28.2855952068869,-0.478026155662147,0.32));
#6895=CARTESIAN_POINT('Ctrl Pts',(28.246456607901,-0.126012269686395,0.32));
#6896=CARTESIAN_POINT('Ctrl Pts',(28.0121847453217,0.140410926471826,0.32));
#6897=CARTESIAN_POINT('Ctrl Pts',(27.8918056935206,0.277310729027004,0.32));
#6898=CARTESIAN_POINT('Ctrl Pts',(27.9390793293848,-0.775210738181858,0.32));
#6899=CARTESIAN_POINT('Ctrl Pts',(28.0365059436001,-0.769601029710412,0.32));
#6900=CARTESIAN_POINT('Ctrl Pts',(28.1738524403156,-0.761692781924587,0.32));
#6901=CARTESIAN_POINT('Ctrl Pts',(28.2751736068909,-0.674502082515995,0.32));
#6902=CARTESIAN_POINT('Ctrl Pts',(28.3046226948633,-0.649160027503761,0.32));
#6903=CARTESIAN_POINT('Ctrl Pts',(27.0504169911282,1.89075601100943,0.));
#6904=CARTESIAN_POINT('Ctrl Pts',(27.0504169911282,1.89075601100943,0.32));
#6905=CARTESIAN_POINT('Ctrl Pts',(27.4288664061535,1.85476630091464,0.));
#6906=CARTESIAN_POINT('Ctrl Pts',(27.4288664061535,1.85476630091464,0.32));
#6907=CARTESIAN_POINT('Ctrl Pts',(28.1844661635862,1.78291041968443,0.));
#6908=CARTESIAN_POINT('Ctrl Pts',(28.1844661635862,1.78291041968443,0.32));
#6909=CARTESIAN_POINT('Ctrl Pts',(28.7480885092461,1.27468422531849,0.));
#6910=CARTESIAN_POINT('Ctrl Pts',(28.7480885092461,1.27468422531849,0.32));
#6911=CARTESIAN_POINT('Ctrl Pts',(29.0294151753322,1.02100801467915,0.));
#6912=CARTESIAN_POINT('Ctrl Pts',(29.0294151753322,1.02100801467915,0.32));
#6913=CARTESIAN_POINT('',(27.0504169911282,1.89075601100943,0.));
#6914=CARTESIAN_POINT('',(29.0294151753322,1.02100801467915,0.));
#6915=CARTESIAN_POINT('Ctrl Pts',(27.0504169911282,1.89075601100943,0.));
#6916=CARTESIAN_POINT('Ctrl Pts',(27.4288664061535,1.85476630091464,0.));
#6917=CARTESIAN_POINT('Ctrl Pts',(28.1844661635862,1.78291041968443,0.));
#6918=CARTESIAN_POINT('Ctrl Pts',(28.7480885092461,1.27468422531849,0.));
#6919=CARTESIAN_POINT('Ctrl Pts',(29.0294151753322,1.02100801467915,0.));
#6920=CARTESIAN_POINT('',(27.0504169911282,1.89075601100943,0.));
#6921=CARTESIAN_POINT('',(29.0294151753322,1.02100801467915,0.));
#6922=CARTESIAN_POINT('Ctrl Pts',(24.9012642353908,0.888654708862543,0.));
#6923=CARTESIAN_POINT('Ctrl Pts',(24.9012642353908,0.888654708862543,0.32));
#6924=CARTESIAN_POINT('Ctrl Pts',(25.2070529449648,1.18092040950536,0.));
#6925=CARTESIAN_POINT('Ctrl Pts',(25.2070529449648,1.18092040950536,0.32));
#6926=CARTESIAN_POINT('Ctrl Pts',(25.810925426741,1.75808761175785,0.));
#6927=CARTESIAN_POINT('Ctrl Pts',(25.810925426741,1.75808761175785,0.32));
#6928=CARTESIAN_POINT('Ctrl Pts',(26.6407825776013,1.8469109833526,0.));
#6929=CARTESIAN_POINT('Ctrl Pts',(26.6407825776013,1.8469109833526,0.32));
#6930=CARTESIAN_POINT('Ctrl Pts',(27.0504169911282,1.89075601100943,0.));
#6931=CARTESIAN_POINT('Ctrl Pts',(27.0504169911282,1.89075601100943,0.32));
#6932=CARTESIAN_POINT('',(24.9012642353908,0.888654708862543,0.));
#6933=CARTESIAN_POINT('Ctrl Pts',(24.9012642353908,0.888654708862543,0.));
#6934=CARTESIAN_POINT('Ctrl Pts',(25.2070529449648,1.18092040950536,0.));
#6935=CARTESIAN_POINT('Ctrl Pts',(25.810925426741,1.75808761175785,0.));
#6936=CARTESIAN_POINT('Ctrl Pts',(26.6407825776013,1.8469109833526,0.));
#6937=CARTESIAN_POINT('Ctrl Pts',(27.0504169911282,1.89075601100943,0.));
#6938=CARTESIAN_POINT('',(24.9012642353908,0.888654708862543,0.));
#6939=CARTESIAN_POINT('Ctrl Pts',(24.0693264454736,-1.37395012378668,0.));
#6940=CARTESIAN_POINT('Ctrl Pts',(24.0693264454736,-1.37395012378668,0.32));
#6941=CARTESIAN_POINT('Ctrl Pts',(24.1032515840809,-0.955955848500974,0.));
#6942=CARTESIAN_POINT('Ctrl Pts',(24.1032515840809,-0.955955848500974,0.32));
#6943=CARTESIAN_POINT('Ctrl Pts',(24.1707444459215,-0.124371040592071,0.));
#6944=CARTESIAN_POINT('Ctrl Pts',(24.1707444459215,-0.124371040592071,0.32));
#6945=CARTESIAN_POINT('Ctrl Pts',(24.6586188351942,0.552173696398142,0.));
#6946=CARTESIAN_POINT('Ctrl Pts',(24.6586188351942,0.552173696398142,0.32));
#6947=CARTESIAN_POINT('Ctrl Pts',(24.9012642353908,0.888654708862543,0.));
#6948=CARTESIAN_POINT('Ctrl Pts',(24.9012642353908,0.888654708862543,0.32));
#6949=CARTESIAN_POINT('',(24.0693264454736,-1.37395012378668,0.));
#6950=CARTESIAN_POINT('Ctrl Pts',(24.0693264454736,-1.37395012378668,0.));
#6951=CARTESIAN_POINT('Ctrl Pts',(24.1032515840809,-0.955955848500974,0.));
#6952=CARTESIAN_POINT('Ctrl Pts',(24.1707444459215,-0.124371040592071,0.));
#6953=CARTESIAN_POINT('Ctrl Pts',(24.6586188351942,0.552173696398142,0.));
#6954=CARTESIAN_POINT('Ctrl Pts',(24.9012642353908,0.888654708862543,0.));
#6955=CARTESIAN_POINT('',(24.0693264454736,-1.37395012378668,0.));
#6956=CARTESIAN_POINT('Ctrl Pts',(24.9390774220359,-3.7027310132978,0.));
#6957=CARTESIAN_POINT('Ctrl Pts',(24.9390774220359,-3.7027310132978,0.32));
#6958=CARTESIAN_POINT('Ctrl Pts',(24.6855509245131,-3.37705684160272,0.));
#6959=CARTESIAN_POINT('Ctrl Pts',(24.6855509245131,-3.37705684160272,0.32));
#6960=CARTESIAN_POINT('Ctrl Pts',(24.1536714537618,-2.69381699183909,0.));
#6961=CARTESIAN_POINT('Ctrl Pts',(24.1536714537618,-2.69381699183909,0.32));
#6962=CARTESIAN_POINT('Ctrl Pts',(24.0983029250116,-1.82738650456605,0.));
#6963=CARTESIAN_POINT('Ctrl Pts',(24.0983029250116,-1.82738650456605,0.32));
#6964=CARTESIAN_POINT('Ctrl Pts',(24.0693264454736,-1.37395012378668,0.));
#6965=CARTESIAN_POINT('Ctrl Pts',(24.0693264454736,-1.37395012378668,0.32));
#6966=CARTESIAN_POINT('',(24.9390774220359,-3.7027310132978,0.));
#6967=CARTESIAN_POINT('Ctrl Pts',(24.9390774220359,-3.7027310132978,0.));
#6968=CARTESIAN_POINT('Ctrl Pts',(24.6855509245131,-3.37705684160272,0.));
#6969=CARTESIAN_POINT('Ctrl Pts',(24.1536714537618,-2.69381699183909,0.));
#6970=CARTESIAN_POINT('Ctrl Pts',(24.0983029250116,-1.82738650456605,0.));
#6971=CARTESIAN_POINT('Ctrl Pts',(24.0693264454736,-1.37395012378668,0.));
#6972=CARTESIAN_POINT('',(24.9390774220359,-3.7027310132978,0.));
#6973=CARTESIAN_POINT('Ctrl Pts',(27.2710113972555,-4.57563030719735,0.));
#6974=CARTESIAN_POINT('Ctrl Pts',(27.2710113972555,-4.57563030719735,0.32));
#6975=CARTESIAN_POINT('Ctrl Pts',(26.8160690626639,-4.54675882110934,0.));
#6976=CARTESIAN_POINT('Ctrl Pts',(26.8160690626639,-4.54675882110934,0.32));
#6977=CARTESIAN_POINT('Ctrl Pts',(25.9477984861195,-4.4916567565942,0.));
#6978=CARTESIAN_POINT('Ctrl Pts',(25.9477984861195,-4.4916567565942,0.32));
#6979=CARTESIAN_POINT('Ctrl Pts',(25.2643999005064,-3.95716733596104,0.));
#6980=CARTESIAN_POINT('Ctrl Pts',(25.2643999005064,-3.95716733596104,0.32));
#6981=CARTESIAN_POINT('Ctrl Pts',(24.9390774220359,-3.7027310132978,0.));
#6982=CARTESIAN_POINT('Ctrl Pts',(24.9390774220359,-3.7027310132978,0.32));
#6983=CARTESIAN_POINT('',(27.2710113972555,-4.57563030719735,0.));
#6984=CARTESIAN_POINT('Ctrl Pts',(27.2710113972555,-4.57563030719735,0.));
#6985=CARTESIAN_POINT('Ctrl Pts',(26.8160690626639,-4.54675882110934,0.));
#6986=CARTESIAN_POINT('Ctrl Pts',(25.9477984861195,-4.4916567565942,0.));
#6987=CARTESIAN_POINT('Ctrl Pts',(25.2643999005064,-3.95716733596104,0.));
#6988=CARTESIAN_POINT('Ctrl Pts',(24.9390774220359,-3.7027310132978,0.));
#6989=CARTESIAN_POINT('',(27.2710113972555,-4.57563030719735,0.));
#6990=CARTESIAN_POINT('Ctrl Pts',(29.6470623463523,-3.59243738651256,0.));
#6991=CARTESIAN_POINT('Ctrl Pts',(29.6470623463523,-3.59243738651256,0.32));
#6992=CARTESIAN_POINT('Ctrl Pts',(29.3117897370307,-3.8791696925277,0.));
#6993=CARTESIAN_POINT('Ctrl Pts',(29.3117897370307,-3.8791696925277,0.32));
#6994=CARTESIAN_POINT('Ctrl Pts',(28.6275882077721,-4.46431347346589,0.));
#6995=CARTESIAN_POINT('Ctrl Pts',(28.6275882077721,-4.46431347346589,0.32));
#6996=CARTESIAN_POINT('Ctrl Pts',(27.7291809165778,-4.53803421989301,0.));
#6997=CARTESIAN_POINT('Ctrl Pts',(27.7291809165778,-4.53803421989301,0.32));
#6998=CARTESIAN_POINT('Ctrl Pts',(27.2710113972555,-4.57563030719735,0.));
#6999=CARTESIAN_POINT('Ctrl Pts',(27.2710113972555,-4.57563030719735,0.32));
#7000=CARTESIAN_POINT('',(29.6470623463523,-3.59243738651256,0.));
#7001=CARTESIAN_POINT('Ctrl Pts',(29.6470623463523,-3.59243738651256,0.));
#7002=CARTESIAN_POINT('Ctrl Pts',(29.3117897370307,-3.8791696925277,0.));
#7003=CARTESIAN_POINT('Ctrl Pts',(28.6275882077721,-4.46431347346589,0.));
#7004=CARTESIAN_POINT('Ctrl Pts',(27.7291809165778,-4.53803421989301,0.));
#7005=CARTESIAN_POINT('Ctrl Pts',(27.2710113972555,-4.57563030719735,0.));
#7006=CARTESIAN_POINT('',(29.6470623463523,-3.59243738651256,0.));
#7007=CARTESIAN_POINT('Ctrl Pts',(29.7479038685691,-3.44748008251171,0.));
#7008=CARTESIAN_POINT('Ctrl Pts',(29.7479038685691,-3.44748008251171,0.32));
#7009=CARTESIAN_POINT('Ctrl Pts',(29.7402863706975,-3.4663596818291,0.));
#7010=CARTESIAN_POINT('Ctrl Pts',(29.7402863706975,-3.4663596818291,0.32));
#7011=CARTESIAN_POINT('Ctrl Pts',(29.7179184039357,-3.52179760345704,0.));
#7012=CARTESIAN_POINT('Ctrl Pts',(29.7179184039357,-3.52179760345704,0.32));
#7013=CARTESIAN_POINT('Ctrl Pts',(29.6752197849595,-3.56436589308705,0.));
#7014=CARTESIAN_POINT('Ctrl Pts',(29.6752197849595,-3.56436589308705,0.32));
#7015=CARTESIAN_POINT('Ctrl Pts',(29.6470623463523,-3.59243738651256,0.));
#7016=CARTESIAN_POINT('Ctrl Pts',(29.6470623463523,-3.59243738651256,0.32));
#7017=CARTESIAN_POINT('',(29.7479038685691,-3.44748008251171,0.));
#7018=CARTESIAN_POINT('Ctrl Pts',(29.7479038685691,-3.44748008251171,0.));
#7019=CARTESIAN_POINT('Ctrl Pts',(29.7402863706975,-3.4663596818291,0.));
#7020=CARTESIAN_POINT('Ctrl Pts',(29.7179184039357,-3.52179760345704,0.));
#7021=CARTESIAN_POINT('Ctrl Pts',(29.6752197849595,-3.56436589308705,0.));
#7022=CARTESIAN_POINT('Ctrl Pts',(29.6470623463523,-3.59243738651256,0.));
#7023=CARTESIAN_POINT('',(29.7479038685691,-3.44748008251171,0.));
#7024=CARTESIAN_POINT('Ctrl Pts',(29.5273094624412,-2.99054729938488,0.));
#7025=CARTESIAN_POINT('Ctrl Pts',(29.5273094624412,-2.99054729938488,0.32));
#7026=CARTESIAN_POINT('Ctrl Pts',(29.5851436223456,-3.09828058443971,0.));
#7027=CARTESIAN_POINT('Ctrl Pts',(29.5851436223456,-3.09828058443971,0.32));
#7028=CARTESIAN_POINT('Ctrl Pts',(29.6652649930369,-3.24753041329413,0.));
#7029=CARTESIAN_POINT('Ctrl Pts',(29.6652649930369,-3.24753041329413,0.32));
#7030=CARTESIAN_POINT('Ctrl Pts',(29.7299191449103,-3.40396497508322,0.));
#7031=CARTESIAN_POINT('Ctrl Pts',(29.7299191449103,-3.40396497508322,0.32));
#7032=CARTESIAN_POINT('Ctrl Pts',(29.7479038685691,-3.44748008251171,0.));
#7033=CARTESIAN_POINT('Ctrl Pts',(29.7479038685691,-3.44748008251171,0.32));
#7034=CARTESIAN_POINT('',(29.5273094624412,-2.99054729938488,0.));
#7035=CARTESIAN_POINT('Ctrl Pts',(29.5273094624412,-2.99054729938488,0.));
#7036=CARTESIAN_POINT('Ctrl Pts',(29.5851436223456,-3.09828058443971,0.));
#7037=CARTESIAN_POINT('Ctrl Pts',(29.6652649930369,-3.24753041329413,0.));
#7038=CARTESIAN_POINT('Ctrl Pts',(29.7299191449103,-3.40396497508322,0.));
#7039=CARTESIAN_POINT('Ctrl Pts',(29.7479038685691,-3.44748008251171,0.));
#7040=CARTESIAN_POINT('',(29.5273094624412,-2.99054729938488,0.));
#7041=CARTESIAN_POINT('Ctrl Pts',(29.2909698933495,-2.55252170562725,0.));
#7042=CARTESIAN_POINT('Ctrl Pts',(29.2909698933495,-2.55252170562725,0.32));
#7043=CARTESIAN_POINT('Ctrl Pts',(29.3135001266255,-2.59100821755696,0.));
#7044=CARTESIAN_POINT('Ctrl Pts',(29.3135001266255,-2.59100821755696,0.32));
#7045=CARTESIAN_POINT('Ctrl Pts',(29.397340272944,-2.73422532285457,0.));
#7046=CARTESIAN_POINT('Ctrl Pts',(29.397340272944,-2.73422532285457,0.32));
#7047=CARTESIAN_POINT('Ctrl Pts',(29.4724117948732,-2.88227949597418,0.));
#7048=CARTESIAN_POINT('Ctrl Pts',(29.4724117948732,-2.88227949597418,0.32));
#7049=CARTESIAN_POINT('Ctrl Pts',(29.5273094624412,-2.99054729938488,0.));
#7050=CARTESIAN_POINT('Ctrl Pts',(29.5273094624412,-2.99054729938488,0.32));
#7051=CARTESIAN_POINT('',(29.2909698933495,-2.55252170562725,0.));
#7052=CARTESIAN_POINT('Ctrl Pts',(29.2909698933495,-2.55252170562725,0.));
#7053=CARTESIAN_POINT('Ctrl Pts',(29.3135001266255,-2.59100821755696,0.));
#7054=CARTESIAN_POINT('Ctrl Pts',(29.397340272944,-2.73422532285457,0.));
#7055=CARTESIAN_POINT('Ctrl Pts',(29.4724117948732,-2.88227949597418,0.));
#7056=CARTESIAN_POINT('Ctrl Pts',(29.5273094624412,-2.99054729938488,0.));
#7057=CARTESIAN_POINT('',(29.2909698933495,-2.55252170562725,0.));
#7058=CARTESIAN_POINT('Ctrl Pts',(29.224794432534,-2.53991651535014,0.));
#7059=CARTESIAN_POINT('Ctrl Pts',(29.224794432534,-2.53991651535014,0.32));
#7060=CARTESIAN_POINT('Ctrl Pts',(29.2389890155238,-2.53974032089433,0.));
#7061=CARTESIAN_POINT('Ctrl Pts',(29.2389890155238,-2.53974032089433,0.32));
#7062=CARTESIAN_POINT('Ctrl Pts',(29.2620621059826,-2.53945391934099,0.));
#7063=CARTESIAN_POINT('Ctrl Pts',(29.2620621059826,-2.53945391934099,0.32));
#7064=CARTESIAN_POINT('Ctrl Pts',(29.2829371806624,-2.54889051201972,0.));
#7065=CARTESIAN_POINT('Ctrl Pts',(29.2829371806624,-2.54889051201972,0.32));
#7066=CARTESIAN_POINT('Ctrl Pts',(29.2909698933495,-2.55252170562725,0.));
#7067=CARTESIAN_POINT('Ctrl Pts',(29.2909698933495,-2.55252170562725,0.32));
#7068=CARTESIAN_POINT('',(29.224794432534,-2.53991651535014,0.));
#7069=CARTESIAN_POINT('Ctrl Pts',(29.224794432534,-2.53991651535014,0.));
#7070=CARTESIAN_POINT('Ctrl Pts',(29.2389890155238,-2.53974032089433,0.));
#7071=CARTESIAN_POINT('Ctrl Pts',(29.2620621059826,-2.53945391934099,0.));
#7072=CARTESIAN_POINT('Ctrl Pts',(29.2829371806624,-2.54889051201972,0.));
#7073=CARTESIAN_POINT('Ctrl Pts',(29.2909698933495,-2.55252170562725,0.));
#7074=CARTESIAN_POINT('',(29.224794432534,-2.53991651535014,0.));
#7075=CARTESIAN_POINT('Origin',(29.123953056173,-2.62184953759834,0.));
#7076=CARTESIAN_POINT('',(29.0231113881004,-2.7037822008131,0.));
#7077=CARTESIAN_POINT('',(20.9940081146659,-9.22735772181033,0.));
#7078=CARTESIAN_POINT('',(29.0231113881004,-2.7037822008131,0.));
#7079=CARTESIAN_POINT('Ctrl Pts',(27.1953754872215,-3.34663856029489,0.));
#7080=CARTESIAN_POINT('Ctrl Pts',(27.1953754872215,-3.34663856029489,0.32));
#7081=CARTESIAN_POINT('Ctrl Pts',(27.5224602620921,-3.31830936080588,0.));
#7082=CARTESIAN_POINT('Ctrl Pts',(27.5224602620921,-3.31830936080588,0.32));
#7083=CARTESIAN_POINT('Ctrl Pts',(28.186406648299,-3.26080417844972,0.));
#7084=CARTESIAN_POINT('Ctrl Pts',(28.186406648299,-3.26080417844972,0.32));
#7085=CARTESIAN_POINT('Ctrl Pts',(28.7414852344784,-2.89127003204246,0.));
#7086=CARTESIAN_POINT('Ctrl Pts',(28.7414852344784,-2.89127003204246,0.32));
#7087=CARTESIAN_POINT('Ctrl Pts',(29.0231113881004,-2.7037822008131,0.));
#7088=CARTESIAN_POINT('Ctrl Pts',(29.0231113881004,-2.7037822008131,0.32));
#7089=CARTESIAN_POINT('',(27.1953754872215,-3.34663856029489,0.));
#7090=CARTESIAN_POINT('Ctrl Pts',(27.1953754872215,-3.34663856029489,0.));
#7091=CARTESIAN_POINT('Ctrl Pts',(27.5224602620921,-3.31830936080588,0.));
#7092=CARTESIAN_POINT('Ctrl Pts',(28.186406648299,-3.26080417844972,0.));
#7093=CARTESIAN_POINT('Ctrl Pts',(28.7414852344784,-2.89127003204246,0.));
#7094=CARTESIAN_POINT('Ctrl Pts',(29.0231113881004,-2.7037822008131,0.));
#7095=CARTESIAN_POINT('',(27.1953754872215,-3.34663856029489,0.));
#7096=CARTESIAN_POINT('Ctrl Pts',(26.1113434285057,-2.97479021549202,0.));
#7097=CARTESIAN_POINT('Ctrl Pts',(26.1113434285057,-2.97479021549202,0.32));
#7098=CARTESIAN_POINT('Ctrl Pts',(26.2804624776227,-3.08323235386469,0.));
#7099=CARTESIAN_POINT('Ctrl Pts',(26.2804624776227,-3.08323235386469,0.32));
#7100=CARTESIAN_POINT('Ctrl Pts',(26.6117869389135,-3.29568348379451,0.));
#7101=CARTESIAN_POINT('Ctrl Pts',(26.6117869389135,-3.29568348379451,0.32));
#7102=CARTESIAN_POINT('Ctrl Pts',(27.0035710471909,-3.32989147034049,0.));
#7103=CARTESIAN_POINT('Ctrl Pts',(27.0035710471909,-3.32989147034049,0.32));
#7104=CARTESIAN_POINT('Ctrl Pts',(27.1953754872215,-3.34663856029489,0.));
#7105=CARTESIAN_POINT('Ctrl Pts',(27.1953754872215,-3.34663856029489,0.32));
#7106=CARTESIAN_POINT('',(26.1113434285057,-2.97479021549202,0.));
#7107=CARTESIAN_POINT('Ctrl Pts',(26.1113434285057,-2.97479021549202,0.));
#7108=CARTESIAN_POINT('Ctrl Pts',(26.2804624776227,-3.08323235386469,0.));
#7109=CARTESIAN_POINT('Ctrl Pts',(26.6117869389135,-3.29568348379451,0.));
#7110=CARTESIAN_POINT('Ctrl Pts',(27.0035710471909,-3.32989147034049,0.));
#7111=CARTESIAN_POINT('Ctrl Pts',(27.1953754872215,-3.34663856029489,0.));
#7112=CARTESIAN_POINT('',(26.1113434285057,-2.97479021549202,0.));
#7113=CARTESIAN_POINT('Ctrl Pts',(25.5000000447167,-2.02941226959205,0.));
#7114=CARTESIAN_POINT('Ctrl Pts',(25.5000000447167,-2.02941226959205,0.32));
#7115=CARTESIAN_POINT('Ctrl Pts',(25.5496496291252,-2.21010424905384,0.));
#7116=CARTESIAN_POINT('Ctrl Pts',(25.5496496291252,-2.21010424905384,0.32));
#7117=CARTESIAN_POINT('Ctrl Pts',(25.6536152863514,-2.58847117042995,0.));
#7118=CARTESIAN_POINT('Ctrl Pts',(25.6536152863514,-2.58847117042995,0.32));
#7119=CARTESIAN_POINT('Ctrl Pts',(25.9542691086011,-2.84222069292845,0.));
#7120=CARTESIAN_POINT('Ctrl Pts',(25.9542691086011,-2.84222069292845,0.32));
#7121=CARTESIAN_POINT('Ctrl Pts',(26.1113434285057,-2.97479021549202,0.));
#7122=CARTESIAN_POINT('Ctrl Pts',(26.1113434285057,-2.97479021549202,0.32));
#7123=CARTESIAN_POINT('',(25.5000000447167,-2.02941226959205,0.));
#7124=CARTESIAN_POINT('Ctrl Pts',(25.5000000447167,-2.02941226959205,0.));
#7125=CARTESIAN_POINT('Ctrl Pts',(25.5496496291252,-2.21010424905384,0.));
#7126=CARTESIAN_POINT('Ctrl Pts',(25.6536152863514,-2.58847117042995,0.));
#7127=CARTESIAN_POINT('Ctrl Pts',(25.9542691086011,-2.84222069292845,0.));
#7128=CARTESIAN_POINT('Ctrl Pts',(26.1113434285057,-2.97479021549202,0.));
#7129=CARTESIAN_POINT('',(25.5000000447167,-2.02941226959205,0.));
#7130=CARTESIAN_POINT('Ctrl Pts',(29.4012623280419,-1.65756332874279,0.));
#7131=CARTESIAN_POINT('Ctrl Pts',(29.4012623280419,-1.65756332874279,0.32));
#7132=CARTESIAN_POINT('Ctrl Pts',(29.0312497185959,-1.70783298530087,0.));
#7133=CARTESIAN_POINT('Ctrl Pts',(29.0312497185959,-1.70783298530087,0.32));
#7134=CARTESIAN_POINT('Ctrl Pts',(27.73630860638,-1.88376278691354,0.));
#7135=CARTESIAN_POINT('Ctrl Pts',(27.73630860638,-1.88376278691354,0.32));
#7136=CARTESIAN_POINT('Ctrl Pts',(26.431777981451,-1.9687261117053,0.));
#7137=CARTESIAN_POINT('Ctrl Pts',(26.431777981451,-1.9687261117053,0.32));
#7138=CARTESIAN_POINT('Ctrl Pts',(25.5000000447167,-2.02941226959205,0.));
#7139=CARTESIAN_POINT('Ctrl Pts',(25.5000000447167,-2.02941226959205,0.32));
#7140=CARTESIAN_POINT('',(29.4012623280419,-1.65756332874279,0.));
#7141=CARTESIAN_POINT('Ctrl Pts',(29.4012623280419,-1.65756332874279,0.));
#7142=CARTESIAN_POINT('Ctrl Pts',(29.0312497185959,-1.70783298530087,0.));
#7143=CARTESIAN_POINT('Ctrl Pts',(27.73630860638,-1.88376278691354,0.));
#7144=CARTESIAN_POINT('Ctrl Pts',(26.431777981451,-1.9687261117053,0.));
#7145=CARTESIAN_POINT('Ctrl Pts',(25.5000000447167,-2.02941226959205,0.));
#7146=CARTESIAN_POINT('',(29.4012623280419,-1.65756332874279,0.));
#7147=CARTESIAN_POINT('Ctrl Pts',(29.804618880166,-1.03361356258373,0.));
#7148=CARTESIAN_POINT('Ctrl Pts',(29.804618880166,-1.03361356258373,0.32));
#7149=CARTESIAN_POINT('Ctrl Pts',(29.7895089263628,-1.17552163053492,0.));
#7150=CARTESIAN_POINT('Ctrl Pts',(29.7895089263628,-1.17552163053492,0.32));
#7151=CARTESIAN_POINT('Ctrl Pts',(29.7600071996946,-1.45259283056728,0.));
#7152=CARTESIAN_POINT('Ctrl Pts',(29.7600071996946,-1.45259283056728,0.32));
#7153=CARTESIAN_POINT('Ctrl Pts',(29.5188873696585,-1.59035773144186,0.));
#7154=CARTESIAN_POINT('Ctrl Pts',(29.5188873696585,-1.59035773144186,0.32));
#7155=CARTESIAN_POINT('Ctrl Pts',(29.4012623280419,-1.65756332874279,0.));
#7156=CARTESIAN_POINT('Ctrl Pts',(29.4012623280419,-1.65756332874279,0.32));
#7157=CARTESIAN_POINT('',(29.804618880166,-1.03361356258373,0.));
#7158=CARTESIAN_POINT('Ctrl Pts',(29.804618880166,-1.03361356258373,0.));
#7159=CARTESIAN_POINT('Ctrl Pts',(29.7895089263628,-1.17552163053492,0.));
#7160=CARTESIAN_POINT('Ctrl Pts',(29.7600071996946,-1.45259283056728,0.));
#7161=CARTESIAN_POINT('Ctrl Pts',(29.5188873696585,-1.59035773144186,0.));
#7162=CARTESIAN_POINT('Ctrl Pts',(29.4012623280419,-1.65756332874279,0.));
#7163=CARTESIAN_POINT('',(29.804618880166,-1.03361356258373,0.));
#7164=CARTESIAN_POINT('Ctrl Pts',(29.0294151753322,1.02100801467915,0.));
#7165=CARTESIAN_POINT('Ctrl Pts',(29.0294151753322,1.02100801467915,0.32));
#7166=CARTESIAN_POINT('Ctrl Pts',(29.2555043044776,0.721322723052802,0.));
#7167=CARTESIAN_POINT('Ctrl Pts',(29.2555043044776,0.721322723052802,0.32));
#7168=CARTESIAN_POINT('Ctrl Pts',(29.7145665262738,0.112827319785441,0.));
#7169=CARTESIAN_POINT('Ctrl Pts',(29.7145665262738,0.112827319785441,0.32));
#7170=CARTESIAN_POINT('Ctrl Pts',(29.7743028327783,-0.647665226810774,0.));
#7171=CARTESIAN_POINT('Ctrl Pts',(29.7743028327783,-0.647665226810774,0.32));
#7172=CARTESIAN_POINT('Ctrl Pts',(29.804618880166,-1.03361356258373,0.));
#7173=CARTESIAN_POINT('Ctrl Pts',(29.804618880166,-1.03361356258373,0.32));
#7174=CARTESIAN_POINT('Ctrl Pts',(29.0294151753322,1.02100801467915,0.));
#7175=CARTESIAN_POINT('Ctrl Pts',(29.2555043044776,0.721322723052802,0.));
#7176=CARTESIAN_POINT('Ctrl Pts',(29.7145665262738,0.112827319785441,0.));
#7177=CARTESIAN_POINT('Ctrl Pts',(29.7743028327783,-0.647665226810774,0.));
#7178=CARTESIAN_POINT('Ctrl Pts',(29.804618880166,-1.03361356258373,0.));
#7179=CARTESIAN_POINT('Ctrl Pts',(25.7079868763818,-0.964286208152541,0.));
#7180=CARTESIAN_POINT('Ctrl Pts',(25.7079868763818,-0.964286208152541,0.32));
#7181=CARTESIAN_POINT('Ctrl Pts',(26.0498247122815,-0.954049241961588,0.));
#7182=CARTESIAN_POINT('Ctrl Pts',(26.0498247122815,-0.954049241961588,0.32));
#7183=CARTESIAN_POINT('Ctrl Pts',(26.7968444765475,-0.931678353582189,0.));
#7184=CARTESIAN_POINT('Ctrl Pts',(26.7968444765475,-0.931678353582189,0.32));
#7185=CARTESIAN_POINT('Ctrl Pts',(27.5374023284922,-0.830233960713285,0.));
#7186=CARTESIAN_POINT('Ctrl Pts',(27.5374023284922,-0.830233960713285,0.32));
#7187=CARTESIAN_POINT('Ctrl Pts',(27.9390793293848,-0.775210738181858,0.));
#7188=CARTESIAN_POINT('Ctrl Pts',(27.9390793293848,-0.775210738181858,0.32));
#7189=CARTESIAN_POINT('',(25.7079868763818,-0.964286208152541,0.));
#7190=CARTESIAN_POINT('',(27.9390793293848,-0.775210738181858,0.));
#7191=CARTESIAN_POINT('Ctrl Pts',(25.7079868763818,-0.964286208152541,0.));
#7192=CARTESIAN_POINT('Ctrl Pts',(26.0498247122815,-0.954049241961588,0.));
#7193=CARTESIAN_POINT('Ctrl Pts',(26.7968444765475,-0.931678353582189,0.));
#7194=CARTESIAN_POINT('Ctrl Pts',(27.5374023284922,-0.830233960713285,0.));
#7195=CARTESIAN_POINT('Ctrl Pts',(27.9390793293848,-0.775210738181858,0.));
#7196=CARTESIAN_POINT('',(25.7079868763818,-0.964286208152541,0.));
#7197=CARTESIAN_POINT('',(27.9390793293848,-0.775210738181858,0.));
#7198=CARTESIAN_POINT('Ctrl Pts',(25.4810982197656,-0.831932902335888,0.));
#7199=CARTESIAN_POINT('Ctrl Pts',(25.4810982197656,-0.831932902335888,0.32));
#7200=CARTESIAN_POINT('Ctrl Pts',(25.4963301005194,-0.870150727224785,0.));
#7201=CARTESIAN_POINT('Ctrl Pts',(25.4963301005194,-0.870150727224785,0.32));
#7202=CARTESIAN_POINT('Ctrl Pts',(25.5346572298978,-0.966316101859571,0.));
#7203=CARTESIAN_POINT('Ctrl Pts',(25.5346572298978,-0.966316101859571,0.32));
#7204=CARTESIAN_POINT('Ctrl Pts',(25.642813703188,-0.965049462545641,0.));
#7205=CARTESIAN_POINT('Ctrl Pts',(25.642813703188,-0.965049462545641,0.32));
#7206=CARTESIAN_POINT('Ctrl Pts',(25.7079868763818,-0.964286208152541,0.));
#7207=CARTESIAN_POINT('Ctrl Pts',(25.7079868763818,-0.964286208152541,0.32));
#7208=CARTESIAN_POINT('',(25.4810982197656,-0.831932902335888,0.));
#7209=CARTESIAN_POINT('Ctrl Pts',(25.4810982197656,-0.831932902335888,0.));
#7210=CARTESIAN_POINT('Ctrl Pts',(25.4963301005194,-0.870150727224785,0.));
#7211=CARTESIAN_POINT('Ctrl Pts',(25.5346572298978,-0.966316101859571,0.));
#7212=CARTESIAN_POINT('Ctrl Pts',(25.642813703188,-0.965049462545641,0.));
#7213=CARTESIAN_POINT('Ctrl Pts',(25.7079868763818,-0.964286208152541,0.));
#7214=CARTESIAN_POINT('',(25.4810982197656,-0.831932902335888,0.));
#7215=CARTESIAN_POINT('Ctrl Pts',(25.931728407754,0.214284777641525,0.));
#7216=CARTESIAN_POINT('Ctrl Pts',(25.931728407754,0.214284777641525,0.32));
#7217=CARTESIAN_POINT('Ctrl Pts',(25.80033244327,0.0573006058126612,0.));
#7218=CARTESIAN_POINT('Ctrl Pts',(25.80033244327,0.0573006058126612,0.32));
#7219=CARTESIAN_POINT('Ctrl Pts',(25.5455023990231,-0.247155346166437,0.));
#7220=CARTESIAN_POINT('Ctrl Pts',(25.5455023990231,-0.247155346166437,0.32));
#7221=CARTESIAN_POINT('Ctrl Pts',(25.5021144094991,-0.641109943112101,0.));
#7222=CARTESIAN_POINT('Ctrl Pts',(25.5021144094991,-0.641109943112101,0.32));
#7223=CARTESIAN_POINT('Ctrl Pts',(25.4810982197656,-0.831932902335888,0.));
#7224=CARTESIAN_POINT('Ctrl Pts',(25.4810982197656,-0.831932902335888,0.32));
#7225=CARTESIAN_POINT('',(25.931728407754,0.214284777641525,0.));
#7226=CARTESIAN_POINT('Ctrl Pts',(25.931728407754,0.214284777641525,0.));
#7227=CARTESIAN_POINT('Ctrl Pts',(25.80033244327,0.0573006058126613,0.));
#7228=CARTESIAN_POINT('Ctrl Pts',(25.5455023990231,-0.247155346166437,0.));
#7229=CARTESIAN_POINT('Ctrl Pts',(25.5021144094991,-0.641109943112101,0.));
#7230=CARTESIAN_POINT('Ctrl Pts',(25.4810982197656,-0.831932902335888,0.));
#7231=CARTESIAN_POINT('',(25.931728407754,0.214284777641525,0.));
#7232=CARTESIAN_POINT('Ctrl Pts',(26.9621830433742,0.680672049522618,0.));
#7233=CARTESIAN_POINT('Ctrl Pts',(26.9621830433742,0.680672049522618,0.32));
#7234=CARTESIAN_POINT('Ctrl Pts',(26.7720767847059,0.658897741888106,0.));
#7235=CARTESIAN_POINT('Ctrl Pts',(26.7720767847059,0.658897741888106,0.32));
#7236=CARTESIAN_POINT('Ctrl Pts',(26.3794686178972,0.613929359133114,0.));
#7237=CARTESIAN_POINT('Ctrl Pts',(26.3794686178972,0.613929359133114,0.32));
#7238=CARTESIAN_POINT('Ctrl Pts',(26.0840838302579,0.35027439323818,0.));
#7239=CARTESIAN_POINT('Ctrl Pts',(26.0840838302579,0.35027439323818,0.32));
#7240=CARTESIAN_POINT('Ctrl Pts',(25.931728407754,0.214284777641525,0.));
#7241=CARTESIAN_POINT('Ctrl Pts',(25.931728407754,0.214284777641525,0.32));
#7242=CARTESIAN_POINT('',(26.9621830433742,0.680672049522618,0.));
#7243=CARTESIAN_POINT('Ctrl Pts',(26.9621830433742,0.680672049522618,0.));
#7244=CARTESIAN_POINT('Ctrl Pts',(26.7720767847059,0.658897741888106,0.));
#7245=CARTESIAN_POINT('Ctrl Pts',(26.3794686178972,0.613929359133114,0.));
#7246=CARTESIAN_POINT('Ctrl Pts',(26.0840838302579,0.35027439323818,0.));
#7247=CARTESIAN_POINT('Ctrl Pts',(25.931728407754,0.214284777641525,0.));
#7248=CARTESIAN_POINT('',(26.9621830433742,0.680672049522618,0.));
#7249=CARTESIAN_POINT('Ctrl Pts',(27.8918056935206,0.277310729027004,0.));
#7250=CARTESIAN_POINT('Ctrl Pts',(27.8918056935206,0.277310729027004,0.32));
#7251=CARTESIAN_POINT('Ctrl Pts',(27.7526876451193,0.394924713917516,0.));
#7252=CARTESIAN_POINT('Ctrl Pts',(27.7526876451193,0.394924713917516,0.32));
#7253=CARTESIAN_POINT('Ctrl Pts',(27.4827852257324,0.623107177950639,0.));
#7254=CARTESIAN_POINT('Ctrl Pts',(27.4827852257324,0.623107177950639,0.32));
#7255=CARTESIAN_POINT('Ctrl Pts',(27.1321078589394,0.661882846333739,0.));
#7256=CARTESIAN_POINT('Ctrl Pts',(27.1321078589394,0.661882846333739,0.32));
#7257=CARTESIAN_POINT('Ctrl Pts',(26.9621830433742,0.680672049522618,0.));
#7258=CARTESIAN_POINT('Ctrl Pts',(26.9621830433742,0.680672049522618,0.32));
#7259=CARTESIAN_POINT('',(27.8918056935206,0.277310729027004,0.));
#7260=CARTESIAN_POINT('Ctrl Pts',(27.8918056935206,0.277310729027004,0.));
#7261=CARTESIAN_POINT('Ctrl Pts',(27.7526876451193,0.394924713917516,0.));
#7262=CARTESIAN_POINT('Ctrl Pts',(27.4827852257324,0.623107177950639,0.));
#7263=CARTESIAN_POINT('Ctrl Pts',(27.1321078589394,0.661882846333739,0.));
#7264=CARTESIAN_POINT('Ctrl Pts',(26.9621830433742,0.680672049522618,0.));
#7265=CARTESIAN_POINT('',(27.8918056935206,0.277310729027004,0.));
#7266=CARTESIAN_POINT('Ctrl Pts',(28.3046226948633,-0.649160027503761,0.));
#7267=CARTESIAN_POINT('Ctrl Pts',(28.3046226948633,-0.649160027503761,0.32));
#7268=CARTESIAN_POINT('Ctrl Pts',(28.2855952068869,-0.478026155662147,0.));
#7269=CARTESIAN_POINT('Ctrl Pts',(28.2855952068869,-0.478026155662147,0.32));
#7270=CARTESIAN_POINT('Ctrl Pts',(28.246456607901,-0.126012269686395,0.));
#7271=CARTESIAN_POINT('Ctrl Pts',(28.246456607901,-0.126012269686395,0.32));
#7272=CARTESIAN_POINT('Ctrl Pts',(28.0121847453217,0.140410926471826,0.));
#7273=CARTESIAN_POINT('Ctrl Pts',(28.0121847453217,0.140410926471826,0.32));
#7274=CARTESIAN_POINT('Ctrl Pts',(27.8918056935206,0.277310729027004,0.));
#7275=CARTESIAN_POINT('Ctrl Pts',(27.8918056935206,0.277310729027004,0.32));
#7276=CARTESIAN_POINT('',(28.3046226948633,-0.649160027503761,0.));
#7277=CARTESIAN_POINT('Ctrl Pts',(28.3046226948633,-0.649160027503761,0.));
#7278=CARTESIAN_POINT('Ctrl Pts',(28.2855952068869,-0.478026155662147,0.));
#7279=CARTESIAN_POINT('Ctrl Pts',(28.246456607901,-0.126012269686395,0.));
#7280=CARTESIAN_POINT('Ctrl Pts',(28.0121847453217,0.140410926471826,0.));
#7281=CARTESIAN_POINT('Ctrl Pts',(27.8918056935206,0.277310729027004,0.));
#7282=CARTESIAN_POINT('',(28.3046226948633,-0.649160027503761,0.));
#7283=CARTESIAN_POINT('Ctrl Pts',(27.9390793293848,-0.775210738181858,0.));
#7284=CARTESIAN_POINT('Ctrl Pts',(27.9390793293848,-0.775210738181858,0.32));
#7285=CARTESIAN_POINT('Ctrl Pts',(28.0365059436001,-0.769601029710412,0.));
#7286=CARTESIAN_POINT('Ctrl Pts',(28.0365059436001,-0.769601029710412,0.32));
#7287=CARTESIAN_POINT('Ctrl Pts',(28.1738524403156,-0.761692781924587,0.));
#7288=CARTESIAN_POINT('Ctrl Pts',(28.1738524403156,-0.761692781924587,0.32));
#7289=CARTESIAN_POINT('Ctrl Pts',(28.2751736068909,-0.674502082515995,0.));
#7290=CARTESIAN_POINT('Ctrl Pts',(28.2751736068909,-0.674502082515995,0.32));
#7291=CARTESIAN_POINT('Ctrl Pts',(28.3046226948633,-0.649160027503761,0.));
#7292=CARTESIAN_POINT('Ctrl Pts',(28.3046226948633,-0.649160027503761,0.32));
#7293=CARTESIAN_POINT('Ctrl Pts',(27.9390793293848,-0.775210738181858,0.));
#7294=CARTESIAN_POINT('Ctrl Pts',(28.0365059436001,-0.769601029710412,0.));
#7295=CARTESIAN_POINT('Ctrl Pts',(28.1738524403156,-0.761692781924587,0.));
#7296=CARTESIAN_POINT('Ctrl Pts',(28.2751736068909,-0.674502082515995,0.));
#7297=CARTESIAN_POINT('Ctrl Pts',(28.3046226948633,-0.649160027503761,0.));
#7298=CARTESIAN_POINT('Origin',(1.08801856413265E-11,8.65973959207622E-14,
0.));
#7299=CARTESIAN_POINT('Origin',(1.08801856413265E-11,8.65973959207622E-14,
0.32));
#7300=CARTESIAN_POINT('',(-4.66386504469947,1.58193242549949,0.32));
#7301=CARTESIAN_POINT('',(-4.02731128035621,1.48739469051413,0.32));
#7302=CARTESIAN_POINT('Ctrl Pts',(-4.66386504469947,1.58193242549949,0.32));
#7303=CARTESIAN_POINT('Ctrl Pts',(-4.5822819122497,1.5753242571456,0.32));
#7304=CARTESIAN_POINT('Ctrl Pts',(-4.36813508464755,1.55797853571088,0.32));
#7305=CARTESIAN_POINT('Ctrl Pts',(-4.1576242069262,1.51438220523681,0.32));
#7306=CARTESIAN_POINT('Ctrl Pts',(-4.02731128035621,1.48739469051413,0.32));
#7307=CARTESIAN_POINT('',(-4.84033532439311,1.18487370014243,0.32));
#7308=CARTESIAN_POINT('Ctrl Pts',(-4.84033532439311,1.18487370014243,0.32));
#7309=CARTESIAN_POINT('Ctrl Pts',(-4.82983214997618,1.29311882919825,0.32));
#7310=CARTESIAN_POINT('Ctrl Pts',(-4.81458022930248,1.45030427201197,0.32));
#7311=CARTESIAN_POINT('Ctrl Pts',(-4.69964925985643,1.55068003260013,0.32));
#7312=CARTESIAN_POINT('Ctrl Pts',(-4.66386504469947,1.58193242549949,0.32));
#7313=CARTESIAN_POINT('',(-4.94748063384138,0.787814378738931,0.32));
#7314=CARTESIAN_POINT('Ctrl Pts',(-4.94748063384138,0.787814378738931,0.32));
#7315=CARTESIAN_POINT('Ctrl Pts',(-4.93120850866024,0.82056087748849,0.32));
#7316=CARTESIAN_POINT('Ctrl Pts',(-4.86965868781448,0.944425530010767,0.32));
#7317=CARTESIAN_POINT('Ctrl Pts',(-4.85276371707906,1.08296232537713,0.32));
#7318=CARTESIAN_POINT('Ctrl Pts',(-4.84033532439311,1.18487370014243,0.32));
#7319=CARTESIAN_POINT('',(-4.98529382048689,0.806722164154582,0.32));
#7320=CARTESIAN_POINT('Ctrl Pts',(-4.98529382048689,0.806722164154582,0.32));
#7321=CARTESIAN_POINT('Ctrl Pts',(-4.97935898370373,0.801223343978159,0.32));
#7322=CARTESIAN_POINT('Ctrl Pts',(-4.96853030325028,0.791190217754638,0.32));
#7323=CARTESIAN_POINT('Ctrl Pts',(-4.95403262196922,0.788865153300886,0.32));
#7324=CARTESIAN_POINT('Ctrl Pts',(-4.94748063384138,0.787814378738931,0.32));
#7325=CARTESIAN_POINT('',(-5.31932778655131,1.17226850986534,0.32));
#7326=CARTESIAN_POINT('Ctrl Pts',(-5.31932778655131,1.17226850986534,0.32));
#7327=CARTESIAN_POINT('Ctrl Pts',(-5.27389657007141,1.12055975045223,0.32));
#7328=CARTESIAN_POINT('Ctrl Pts',(-5.16493502354134,0.996542239336337,0.32));
#7329=CARTESIAN_POINT('Ctrl Pts',(-5.0514573126288,0.876634627660281,0.32));
#7330=CARTESIAN_POINT('Ctrl Pts',(-4.98529382048689,0.806722164154582,0.32));
#7331=CARTESIAN_POINT('',(-7.00210042296483,1.84033584594781,0.32));
#7332=CARTESIAN_POINT('Ctrl Pts',(-7.00210042296483,1.84033584594781,0.32));
#7333=CARTESIAN_POINT('Ctrl Pts',(-6.69034533898047,1.81196869387052,0.32));
#7334=CARTESIAN_POINT('Ctrl Pts',(-6.0638260825647,1.75496058738206,0.32));
#7335=CARTESIAN_POINT('Ctrl Pts',(-5.56828722091451,1.36712011772432,0.32));
#7336=CARTESIAN_POINT('Ctrl Pts',(-5.31932778655131,1.17226850986534,0.32));
#7337=CARTESIAN_POINT('',(-9.20798249541364,0.888654708862875,0.32));
#7338=CARTESIAN_POINT('Ctrl Pts',(-9.20798249541364,0.888654708862875,0.32));
#7339=CARTESIAN_POINT('Ctrl Pts',(-8.90177480940613,1.16619212573278,0.32));
#7340=CARTESIAN_POINT('Ctrl Pts',(-8.27583362284244,1.73352635008371,0.32));
#7341=CARTESIAN_POINT('Ctrl Pts',(-7.43275081502704,1.80422345500577,0.32));
#7342=CARTESIAN_POINT('Ctrl Pts',(-7.00210042296483,1.84033584594781,0.32));
#7343=CARTESIAN_POINT('',(-10.0084037333594,-1.4243702888483,0.32));
#7344=CARTESIAN_POINT('Ctrl Pts',(-10.0084037333594,-1.4243702888483,0.32));
#7345=CARTESIAN_POINT('Ctrl Pts',(-9.98055073761325,-0.984663978421803,
0.32));
#7346=CARTESIAN_POINT('Ctrl Pts',(-9.92692820482104,-0.138142251830158,
0.32));
#7347=CARTESIAN_POINT('Ctrl Pts',(-9.4413420504727,0.555371014770278,0.32));
#7348=CARTESIAN_POINT('Ctrl Pts',(-9.20798249541364,0.888654708862875,0.32));
#7349=CARTESIAN_POINT('',(-9.21428628264549,-3.59873998165074,0.32));
#7350=CARTESIAN_POINT('Ctrl Pts',(-9.21428628264549,-3.59873998165074,0.32));
#7351=CARTESIAN_POINT('Ctrl Pts',(-9.44590327263723,-3.27418979306884,0.32));
#7352=CARTESIAN_POINT('Ctrl Pts',(-9.91085228290524,-2.62268625281117,0.32));
#7353=CARTESIAN_POINT('Ctrl Pts',(-9.97580671866232,-1.82478999462609,0.32));
#7354=CARTESIAN_POINT('Ctrl Pts',(-10.0084037333594,-1.4243702888483,0.32));
#7355=CARTESIAN_POINT('',(-7.1533627062906,-4.57563030719702,0.32));
#7356=CARTESIAN_POINT('Ctrl Pts',(-7.1533627062906,-4.57563030719702,0.32));
#7357=CARTESIAN_POINT('Ctrl Pts',(-7.5469059242399,-4.53257100356566,0.32));
#7358=CARTESIAN_POINT('Ctrl Pts',(-8.34580813147709,-4.44515958051423,0.32));
#7359=CARTESIAN_POINT('Ctrl Pts',(-8.92195316870636,-3.88364810133341,0.32));
#7360=CARTESIAN_POINT('Ctrl Pts',(-9.21428628264549,-3.59873998165074,0.32));
#7361=CARTESIAN_POINT('',(-6.15756459532866,-4.32353007793372,0.32));
#7362=CARTESIAN_POINT('Ctrl Pts',(-6.15756459532866,-4.32353007793372,0.32));
#7363=CARTESIAN_POINT('Ctrl Pts',(-6.32091590085081,-4.39704037108898,0.32));
#7364=CARTESIAN_POINT('Ctrl Pts',(-6.63819674129187,-4.53982103340946,0.32));
#7365=CARTESIAN_POINT('Ctrl Pts',(-6.98507426964968,-4.56393254936286,0.32));
#7366=CARTESIAN_POINT('Ctrl Pts',(-7.1533627062906,-4.57563030719702,0.32));
#7367=CARTESIAN_POINT('',(-5.46428628264552,-3.86344540119118,0.32));
#7368=CARTESIAN_POINT('Ctrl Pts',(-5.46428628264552,-3.86344540119118,0.32));
#7369=CARTESIAN_POINT('Ctrl Pts',(-5.58157045345181,-3.95595074832468,0.32));
#7370=CARTESIAN_POINT('Ctrl Pts',(-5.80014409811046,-4.12834597211646,0.32));
#7371=CARTESIAN_POINT('Ctrl Pts',(-6.04438201186669,-4.26172209120926,0.32));
#7372=CARTESIAN_POINT('Ctrl Pts',(-6.15756459532866,-4.32353007793372,0.32));
#7373=CARTESIAN_POINT('',(-5.1239485293496,-3.61764776706643,0.32));
#7374=CARTESIAN_POINT('Ctrl Pts',(-5.1239485293496,-3.61764776706643,0.32));
#7375=CARTESIAN_POINT('Ctrl Pts',(-5.15903184384697,-3.63751592953505,0.32));
#7376=CARTESIAN_POINT('Ctrl Pts',(-5.28117275610985,-3.7066860043604,0.32));
#7377=CARTESIAN_POINT('Ctrl Pts',(-5.3880839055999,-3.79821024959566,0.32));
#7378=CARTESIAN_POINT('Ctrl Pts',(-5.46428628264552,-3.86344540119118,0.32));
#7379=CARTESIAN_POINT('',(-5.00420041381008,-4.05882465839333,0.32));
#7380=CARTESIAN_POINT('Ctrl Pts',(-5.00420041381008,-4.05882465839333,0.32));
#7381=CARTESIAN_POINT('Ctrl Pts',(-5.01303319030958,-3.94447572854137,0.32));
#7382=CARTESIAN_POINT('Ctrl Pts',(-5.02514024858573,-3.78773801898729,0.32));
#7383=CARTESIAN_POINT('Ctrl Pts',(-5.10291485140103,-3.6538554973643,0.32));
#7384=CARTESIAN_POINT('Ctrl Pts',(-5.1239485293496,-3.61764776706643,0.32));
#7385=CARTESIAN_POINT('',(-4.82142873107087,-4.50000035762734,0.32));
#7386=CARTESIAN_POINT('Ctrl Pts',(-4.82142873107087,-4.50000035762734,0.32));
#7387=CARTESIAN_POINT('Ctrl Pts',(-4.86028000904489,-4.46521928823027,0.32));
#7388=CARTESIAN_POINT('Ctrl Pts',(-4.98559374782388,-4.35303389634192,0.32));
#7389=CARTESIAN_POINT('Ctrl Pts',(-4.99660381829225,-4.17894228612754,0.32));
#7390=CARTESIAN_POINT('Ctrl Pts',(-5.00420041381008,-4.05882465839333,0.32));
#7391=CARTESIAN_POINT('',(-4.30147118865143,-4.45903408527322,0.32));
#7392=CARTESIAN_POINT('Ctrl Pts',(-4.30147118865143,-4.45903408527322,0.32));
#7393=CARTESIAN_POINT('Ctrl Pts',(-4.4029815032727,-4.47085595045563,0.32));
#7394=CARTESIAN_POINT('Ctrl Pts',(-4.5758207109975,-4.49098476021826,0.32));
#7395=CARTESIAN_POINT('Ctrl Pts',(-4.7496791939702,-4.49736662872632,0.32));
#7396=CARTESIAN_POINT('Ctrl Pts',(-4.82142873107087,-4.50000035762734,0.32));
#7397=CARTESIAN_POINT('',(-3.77836175261627,-4.4180678129191,0.32));
#7398=CARTESIAN_POINT('Ctrl Pts',(-3.77836175261627,-4.4180678129191,0.32));
#7399=CARTESIAN_POINT('Ctrl Pts',(-3.85089977595641,-4.42068467846938,0.32));
#7400=CARTESIAN_POINT('Ctrl Pts',(-4.02581134990672,-4.42699474939686,0.32));
#7401=CARTESIAN_POINT('Ctrl Pts',(-4.19969769287644,-4.44720517603024,0.32));
#7402=CARTESIAN_POINT('Ctrl Pts',(-4.30147118865143,-4.45903408527322,0.32));
#7403=CARTESIAN_POINT('',(-3.61134476958403,-4.23529493808695,0.32));
#7404=CARTESIAN_POINT('Ctrl Pts',(-3.61134476958402,-4.23529493808695,0.32));
#7405=CARTESIAN_POINT('Ctrl Pts',(-3.61607358738791,-4.28859636103516,0.32));
#7406=CARTESIAN_POINT('Ctrl Pts',(-3.62532834381308,-4.39291243049649,0.32));
#7407=CARTESIAN_POINT('Ctrl Pts',(-3.72810160151983,-4.40980613116388,0.32));
#7408=CARTESIAN_POINT('Ctrl Pts',(-3.77836175261627,-4.4180678129191,0.32));
#7409=CARTESIAN_POINT('',(-3.61764855681546,-4.14705979824014,0.32));
#7410=CARTESIAN_POINT('',(-3.61764855681546,-4.14705979824014,0.32));
#7411=CARTESIAN_POINT('',(-3.77520985900027,-1.31722736358591,0.32));
#7412=CARTESIAN_POINT('Ctrl Pts',(-3.77520985900027,-1.31722736358591,0.32));
#7413=CARTESIAN_POINT('Ctrl Pts',(-3.76218323759109,-1.56355657005993,0.32));
#7414=CARTESIAN_POINT('Ctrl Pts',(-3.71229228220233,-2.50697843403516,0.32));
#7415=CARTESIAN_POINT('Ctrl Pts',(-3.65786487016231,-3.45015119930686,0.32));
#7416=CARTESIAN_POINT('Ctrl Pts',(-3.61764855681546,-4.14705979824014,0.32));
#7417=CARTESIAN_POINT('',(-3.52941222487528,1.17226850986532,0.32));
#7418=CARTESIAN_POINT('Ctrl Pts',(-3.52941222487528,1.17226850986532,0.32));
#7419=CARTESIAN_POINT('Ctrl Pts',(-3.60094642854899,0.725224790862308,0.32));
#7420=CARTESIAN_POINT('Ctrl Pts',(-3.73296955193175,-0.0998365789496303,
0.32));
#7421=CARTESIAN_POINT('Ctrl Pts',(-3.76193759560459,-0.934712834916669,
0.32));
#7422=CARTESIAN_POINT('Ctrl Pts',(-3.77520985900027,-1.31722736358591,0.32));
#7423=CARTESIAN_POINT('',(-3.51050324736673,1.28571403026632,0.32));
#7424=CARTESIAN_POINT('Ctrl Pts',(-3.51050324736673,1.28571403026632,0.32));
#7425=CARTESIAN_POINT('Ctrl Pts',(-3.51188865882465,1.27202901812591,0.32));
#7426=CARTESIAN_POINT('Ctrl Pts',(-3.51575520628682,1.233835491821,0.32));
#7427=CARTESIAN_POINT('Ctrl Pts',(-3.52407406951361,1.19633336067448,0.32));
#7428=CARTESIAN_POINT('Ctrl Pts',(-3.52941222487528,1.17226850986532,0.32));
#7429=CARTESIAN_POINT('Ctrl Pts',(-4.02731128035621,1.48739469051413,0.32));
#7430=CARTESIAN_POINT('Ctrl Pts',(-3.89059222604697,1.46721587297991,0.32));
#7431=CARTESIAN_POINT('Ctrl Pts',(-3.6994436537015,1.43900362280912,0.32));
#7432=CARTESIAN_POINT('Ctrl Pts',(-3.55237968364973,1.31968887968838,0.32));
#7433=CARTESIAN_POINT('Ctrl Pts',(-3.51050324736673,1.28571403026632,0.32));
#7434=CARTESIAN_POINT('',(-6.81932874022603,-3.25840342044776,0.32));
#7435=CARTESIAN_POINT('',(-5.58403439818496,-2.65966463088936,0.32));
#7436=CARTESIAN_POINT('Ctrl Pts',(-6.81932874022603,-3.25840342044776,0.32));
#7437=CARTESIAN_POINT('Ctrl Pts',(-6.58224736026501,-3.23192014584631,0.32));
#7438=CARTESIAN_POINT('Ctrl Pts',(-6.10049461620479,-3.17810575429417,0.32));
#7439=CARTESIAN_POINT('Ctrl Pts',(-5.75798653527201,-2.83428396888184,0.32));
#7440=CARTESIAN_POINT('Ctrl Pts',(-5.58403439818496,-2.65966463088936,0.32));
#7441=CARTESIAN_POINT('',(-8.07983346282119,-2.67226922511999,0.32));
#7442=CARTESIAN_POINT('Ctrl Pts',(-8.07983346282119,-2.67226922511999,0.32));
#7443=CARTESIAN_POINT('Ctrl Pts',(-7.90206948258501,-2.84322320659169,0.32));
#7444=CARTESIAN_POINT('Ctrl Pts',(-7.54878096595917,-3.1829775170272,0.32));
#7445=CARTESIAN_POINT('Ctrl Pts',(-7.06144977526875,-3.23336792509799,0.32));
#7446=CARTESIAN_POINT('Ctrl Pts',(-6.81932874022603,-3.25840342044776,0.32));
#7447=CARTESIAN_POINT('',(-8.56512732802493,-1.34873974323216,0.32));
#7448=CARTESIAN_POINT('Ctrl Pts',(-8.56512732802493,-1.34873974323216,0.32));
#7449=CARTESIAN_POINT('Ctrl Pts',(-8.54553165361455,-1.59381199533216,0.32));
#7450=CARTESIAN_POINT('Ctrl Pts',(-8.50663751517314,-2.08023945384715,0.32));
#7451=CARTESIAN_POINT('Ctrl Pts',(-8.22137486675676,-2.47593387043944,0.32));
#7452=CARTESIAN_POINT('Ctrl Pts',(-8.07983346282119,-2.67226922511999,0.32));
#7453=CARTESIAN_POINT('',(-8.07983346282095,-0.0126056671136987,0.32));
#7454=CARTESIAN_POINT('Ctrl Pts',(-8.07983346282095,-0.0126056671136987,
0.32));
#7455=CARTESIAN_POINT('Ctrl Pts',(-8.22137574737936,-0.211110089233465,
0.32));
#7456=CARTESIAN_POINT('Ctrl Pts',(-8.50677943841727,-0.611371360535383,
0.32));
#7457=CARTESIAN_POINT('Ctrl Pts',(-8.54557295588376,-1.10162239490414,0.32));
#7458=CARTESIAN_POINT('Ctrl Pts',(-8.56512732802493,-1.34873974323216,0.32));
#7459=CARTESIAN_POINT('',(-6.81932874022568,0.579831719399045,0.32));
#7460=CARTESIAN_POINT('Ctrl Pts',(-6.81932874022568,0.579831719399045,0.32));
#7461=CARTESIAN_POINT('Ctrl Pts',(-7.06159622386336,0.554354345266856,0.32));
#7462=CARTESIAN_POINT('Ctrl Pts',(-7.5501002708098,0.50298219997411,0.32));
#7463=CARTESIAN_POINT('Ctrl Pts',(-7.90230185663125,0.160185359683227,0.32));
#7464=CARTESIAN_POINT('Ctrl Pts',(-8.07983346282095,-0.0126056671136987,
0.32));
#7465=CARTESIAN_POINT('',(-5.57773061095328,-0.0189076662058252,0.32));
#7466=CARTESIAN_POINT('Ctrl Pts',(-5.57773061095328,-0.0189076662058252,
0.32));
#7467=CARTESIAN_POINT('Ctrl Pts',(-5.75008936024523,0.155723298879803,0.32));
#7468=CARTESIAN_POINT('Ctrl Pts',(-6.09292893570041,0.503082549148384,0.32));
#7469=CARTESIAN_POINT('Ctrl Pts',(-6.57808128851748,0.554342255293543,0.32));
#7470=CARTESIAN_POINT('Ctrl Pts',(-6.81932874022568,0.579831719399045,0.32));
#7471=CARTESIAN_POINT('',(-5.11764712630374,-1.3487397432322,0.32));
#7472=CARTESIAN_POINT('Ctrl Pts',(-5.11764712630374,-1.3487397432322,0.32));
#7473=CARTESIAN_POINT('Ctrl Pts',(-5.13523853528879,-1.10145642728825,0.32));
#7474=CARTESIAN_POINT('Ctrl Pts',(-5.16973237659953,-0.616574774760478,
0.32));
#7475=CARTESIAN_POINT('Ctrl Pts',(-5.44355429704486,-0.215459422605422,
0.32));
#7476=CARTESIAN_POINT('Ctrl Pts',(-5.57773061095328,-0.0189076662058252,
0.32));
#7477=CARTESIAN_POINT('Ctrl Pts',(-5.58403439818496,-2.65966463088936,0.32));
#7478=CARTESIAN_POINT('Ctrl Pts',(-5.44800670259507,-2.46387641694856,0.32));
#7479=CARTESIAN_POINT('Ctrl Pts',(-5.17387071600169,-2.06930533376392,0.32));
#7480=CARTESIAN_POINT('Ctrl Pts',(-5.13648290962263,-1.59014050407325,0.32));
#7481=CARTESIAN_POINT('Ctrl Pts',(-5.11764712630374,-1.3487397432322,0.32));
#7482=CARTESIAN_POINT('Ctrl Pts',(-4.66386504469947,1.58193242549949,0.));
#7483=CARTESIAN_POINT('Ctrl Pts',(-4.66386504469947,1.58193242549949,0.32));
#7484=CARTESIAN_POINT('Ctrl Pts',(-4.5822819122497,1.5753242571456,0.));
#7485=CARTESIAN_POINT('Ctrl Pts',(-4.5822819122497,1.5753242571456,0.32));
#7486=CARTESIAN_POINT('Ctrl Pts',(-4.36813508464755,1.55797853571088,0.));
#7487=CARTESIAN_POINT('Ctrl Pts',(-4.36813508464755,1.55797853571088,0.32));
#7488=CARTESIAN_POINT('Ctrl Pts',(-4.1576242069262,1.51438220523681,0.));
#7489=CARTESIAN_POINT('Ctrl Pts',(-4.1576242069262,1.51438220523681,0.32));
#7490=CARTESIAN_POINT('Ctrl Pts',(-4.02731128035621,1.48739469051413,0.));
#7491=CARTESIAN_POINT('Ctrl Pts',(-4.02731128035621,1.48739469051413,0.32));
#7492=CARTESIAN_POINT('',(-4.66386504469947,1.58193242549949,0.));
#7493=CARTESIAN_POINT('',(-4.02731128035621,1.48739469051413,0.));
#7494=CARTESIAN_POINT('Ctrl Pts',(-4.66386504469947,1.58193242549949,0.));
#7495=CARTESIAN_POINT('Ctrl Pts',(-4.5822819122497,1.5753242571456,0.));
#7496=CARTESIAN_POINT('Ctrl Pts',(-4.36813508464755,1.55797853571088,0.));
#7497=CARTESIAN_POINT('Ctrl Pts',(-4.1576242069262,1.51438220523681,0.));
#7498=CARTESIAN_POINT('Ctrl Pts',(-4.02731128035621,1.48739469051413,0.));
#7499=CARTESIAN_POINT('',(-4.66386504469947,1.58193242549949,0.));
#7500=CARTESIAN_POINT('',(-4.02731128035621,1.48739469051413,0.));
#7501=CARTESIAN_POINT('Ctrl Pts',(-4.84033532439311,1.18487370014243,0.));
#7502=CARTESIAN_POINT('Ctrl Pts',(-4.84033532439311,1.18487370014243,0.32));
#7503=CARTESIAN_POINT('Ctrl Pts',(-4.82983214997618,1.29311882919825,0.));
#7504=CARTESIAN_POINT('Ctrl Pts',(-4.82983214997618,1.29311882919825,0.32));
#7505=CARTESIAN_POINT('Ctrl Pts',(-4.81458022930248,1.45030427201197,0.));
#7506=CARTESIAN_POINT('Ctrl Pts',(-4.81458022930248,1.45030427201197,0.32));
#7507=CARTESIAN_POINT('Ctrl Pts',(-4.69964925985643,1.55068003260013,0.));
#7508=CARTESIAN_POINT('Ctrl Pts',(-4.69964925985643,1.55068003260013,0.32));
#7509=CARTESIAN_POINT('Ctrl Pts',(-4.66386504469947,1.58193242549949,0.));
#7510=CARTESIAN_POINT('Ctrl Pts',(-4.66386504469947,1.58193242549949,0.32));
#7511=CARTESIAN_POINT('',(-4.84033532439311,1.18487370014243,0.));
#7512=CARTESIAN_POINT('Ctrl Pts',(-4.84033532439311,1.18487370014243,0.));
#7513=CARTESIAN_POINT('Ctrl Pts',(-4.82983214997618,1.29311882919825,0.));
#7514=CARTESIAN_POINT('Ctrl Pts',(-4.81458022930248,1.45030427201197,0.));
#7515=CARTESIAN_POINT('Ctrl Pts',(-4.69964925985643,1.55068003260013,0.));
#7516=CARTESIAN_POINT('Ctrl Pts',(-4.66386504469947,1.58193242549949,0.));
#7517=CARTESIAN_POINT('',(-4.84033532439311,1.18487370014243,0.));
#7518=CARTESIAN_POINT('Ctrl Pts',(-4.94748063384138,0.787814378738931,0.));
#7519=CARTESIAN_POINT('Ctrl Pts',(-4.94748063384138,0.787814378738931,0.32));
#7520=CARTESIAN_POINT('Ctrl Pts',(-4.93120850866024,0.82056087748849,0.));
#7521=CARTESIAN_POINT('Ctrl Pts',(-4.93120850866024,0.82056087748849,0.32));
#7522=CARTESIAN_POINT('Ctrl Pts',(-4.86965868781448,0.944425530010767,0.));
#7523=CARTESIAN_POINT('Ctrl Pts',(-4.86965868781448,0.944425530010767,0.32));
#7524=CARTESIAN_POINT('Ctrl Pts',(-4.85276371707906,1.08296232537713,0.));
#7525=CARTESIAN_POINT('Ctrl Pts',(-4.85276371707906,1.08296232537713,0.32));
#7526=CARTESIAN_POINT('Ctrl Pts',(-4.84033532439311,1.18487370014243,0.));
#7527=CARTESIAN_POINT('Ctrl Pts',(-4.84033532439311,1.18487370014243,0.32));
#7528=CARTESIAN_POINT('',(-4.94748063384138,0.787814378738931,0.));
#7529=CARTESIAN_POINT('Ctrl Pts',(-4.94748063384138,0.787814378738931,0.));
#7530=CARTESIAN_POINT('Ctrl Pts',(-4.93120850866024,0.82056087748849,0.));
#7531=CARTESIAN_POINT('Ctrl Pts',(-4.86965868781448,0.944425530010767,0.));
#7532=CARTESIAN_POINT('Ctrl Pts',(-4.85276371707906,1.08296232537713,0.));
#7533=CARTESIAN_POINT('Ctrl Pts',(-4.84033532439311,1.18487370014243,0.));
#7534=CARTESIAN_POINT('',(-4.94748063384138,0.787814378738931,0.));
#7535=CARTESIAN_POINT('Ctrl Pts',(-4.98529382048689,0.806722164154582,0.));
#7536=CARTESIAN_POINT('Ctrl Pts',(-4.98529382048689,0.806722164154582,0.32));
#7537=CARTESIAN_POINT('Ctrl Pts',(-4.97935898370373,0.801223343978159,0.));
#7538=CARTESIAN_POINT('Ctrl Pts',(-4.97935898370373,0.801223343978159,0.32));
#7539=CARTESIAN_POINT('Ctrl Pts',(-4.96853030325028,0.791190217754638,0.));
#7540=CARTESIAN_POINT('Ctrl Pts',(-4.96853030325028,0.791190217754638,0.32));
#7541=CARTESIAN_POINT('Ctrl Pts',(-4.95403262196922,0.788865153300886,0.));
#7542=CARTESIAN_POINT('Ctrl Pts',(-4.95403262196922,0.788865153300886,0.32));
#7543=CARTESIAN_POINT('Ctrl Pts',(-4.94748063384138,0.787814378738931,0.));
#7544=CARTESIAN_POINT('Ctrl Pts',(-4.94748063384138,0.787814378738931,0.32));
#7545=CARTESIAN_POINT('',(-4.98529382048689,0.806722164154582,0.));
#7546=CARTESIAN_POINT('Ctrl Pts',(-4.98529382048689,0.806722164154582,0.));
#7547=CARTESIAN_POINT('Ctrl Pts',(-4.97935898370373,0.801223343978159,0.));
#7548=CARTESIAN_POINT('Ctrl Pts',(-4.96853030325028,0.791190217754638,0.));
#7549=CARTESIAN_POINT('Ctrl Pts',(-4.95403262196922,0.788865153300886,0.));
#7550=CARTESIAN_POINT('Ctrl Pts',(-4.94748063384138,0.787814378738931,0.));
#7551=CARTESIAN_POINT('',(-4.98529382048689,0.806722164154582,0.));
#7552=CARTESIAN_POINT('Ctrl Pts',(-5.31932778655131,1.17226850986534,0.));
#7553=CARTESIAN_POINT('Ctrl Pts',(-5.31932778655131,1.17226850986534,0.32));
#7554=CARTESIAN_POINT('Ctrl Pts',(-5.27389657007141,1.12055975045223,0.));
#7555=CARTESIAN_POINT('Ctrl Pts',(-5.27389657007141,1.12055975045223,0.32));
#7556=CARTESIAN_POINT('Ctrl Pts',(-5.16493502354134,0.996542239336337,0.));
#7557=CARTESIAN_POINT('Ctrl Pts',(-5.16493502354134,0.996542239336337,0.32));
#7558=CARTESIAN_POINT('Ctrl Pts',(-5.0514573126288,0.876634627660281,0.));
#7559=CARTESIAN_POINT('Ctrl Pts',(-5.0514573126288,0.876634627660281,0.32));
#7560=CARTESIAN_POINT('Ctrl Pts',(-4.98529382048689,0.806722164154582,0.));
#7561=CARTESIAN_POINT('Ctrl Pts',(-4.98529382048689,0.806722164154582,0.32));
#7562=CARTESIAN_POINT('',(-5.31932778655131,1.17226850986534,0.));
#7563=CARTESIAN_POINT('Ctrl Pts',(-5.31932778655131,1.17226850986534,0.));
#7564=CARTESIAN_POINT('Ctrl Pts',(-5.27389657007141,1.12055975045223,0.));
#7565=CARTESIAN_POINT('Ctrl Pts',(-5.16493502354134,0.996542239336337,0.));
#7566=CARTESIAN_POINT('Ctrl Pts',(-5.0514573126288,0.876634627660281,0.));
#7567=CARTESIAN_POINT('Ctrl Pts',(-4.98529382048689,0.806722164154582,0.));
#7568=CARTESIAN_POINT('',(-5.31932778655131,1.17226850986534,0.));
#7569=CARTESIAN_POINT('Ctrl Pts',(-7.00210042296483,1.84033584594781,0.));
#7570=CARTESIAN_POINT('Ctrl Pts',(-7.00210042296483,1.84033584594781,0.32));
#7571=CARTESIAN_POINT('Ctrl Pts',(-6.69034533898047,1.81196869387052,0.));
#7572=CARTESIAN_POINT('Ctrl Pts',(-6.69034533898047,1.81196869387052,0.32));
#7573=CARTESIAN_POINT('Ctrl Pts',(-6.0638260825647,1.75496058738206,0.));
#7574=CARTESIAN_POINT('Ctrl Pts',(-6.0638260825647,1.75496058738206,0.32));
#7575=CARTESIAN_POINT('Ctrl Pts',(-5.56828722091451,1.36712011772432,0.));
#7576=CARTESIAN_POINT('Ctrl Pts',(-5.56828722091451,1.36712011772432,0.32));
#7577=CARTESIAN_POINT('Ctrl Pts',(-5.31932778655131,1.17226850986534,0.));
#7578=CARTESIAN_POINT('Ctrl Pts',(-5.31932778655131,1.17226850986534,0.32));
#7579=CARTESIAN_POINT('',(-7.00210042296483,1.84033584594781,0.));
#7580=CARTESIAN_POINT('Ctrl Pts',(-7.00210042296483,1.84033584594781,0.));
#7581=CARTESIAN_POINT('Ctrl Pts',(-6.69034533898047,1.81196869387052,0.));
#7582=CARTESIAN_POINT('Ctrl Pts',(-6.0638260825647,1.75496058738206,0.));
#7583=CARTESIAN_POINT('Ctrl Pts',(-5.56828722091451,1.36712011772432,0.));
#7584=CARTESIAN_POINT('Ctrl Pts',(-5.31932778655131,1.17226850986534,0.));
#7585=CARTESIAN_POINT('',(-7.00210042296483,1.84033584594781,0.));
#7586=CARTESIAN_POINT('Ctrl Pts',(-9.20798249541364,0.888654708862875,0.));
#7587=CARTESIAN_POINT('Ctrl Pts',(-9.20798249541364,0.888654708862875,0.32));
#7588=CARTESIAN_POINT('Ctrl Pts',(-8.90177480940613,1.16619212573278,0.));
#7589=CARTESIAN_POINT('Ctrl Pts',(-8.90177480940613,1.16619212573278,0.32));
#7590=CARTESIAN_POINT('Ctrl Pts',(-8.27583362284244,1.73352635008371,0.));
#7591=CARTESIAN_POINT('Ctrl Pts',(-8.27583362284244,1.73352635008371,0.32));
#7592=CARTESIAN_POINT('Ctrl Pts',(-7.43275081502704,1.80422345500577,0.));
#7593=CARTESIAN_POINT('Ctrl Pts',(-7.43275081502704,1.80422345500577,0.32));
#7594=CARTESIAN_POINT('Ctrl Pts',(-7.00210042296483,1.84033584594781,0.));
#7595=CARTESIAN_POINT('Ctrl Pts',(-7.00210042296483,1.84033584594781,0.32));
#7596=CARTESIAN_POINT('',(-9.20798249541364,0.888654708862875,0.));
#7597=CARTESIAN_POINT('Ctrl Pts',(-9.20798249541364,0.888654708862875,0.));
#7598=CARTESIAN_POINT('Ctrl Pts',(-8.90177480940613,1.16619212573278,0.));
#7599=CARTESIAN_POINT('Ctrl Pts',(-8.27583362284244,1.73352635008371,0.));
#7600=CARTESIAN_POINT('Ctrl Pts',(-7.43275081502704,1.80422345500577,0.));
#7601=CARTESIAN_POINT('Ctrl Pts',(-7.00210042296483,1.84033584594781,0.));
#7602=CARTESIAN_POINT('',(-9.20798249541364,0.888654708862875,0.));
#7603=CARTESIAN_POINT('Ctrl Pts',(-10.0084037333594,-1.4243702888483,0.));
#7604=CARTESIAN_POINT('Ctrl Pts',(-10.0084037333594,-1.4243702888483,0.32));
#7605=CARTESIAN_POINT('Ctrl Pts',(-9.98055073761325,-0.984663978421803,
0.));
#7606=CARTESIAN_POINT('Ctrl Pts',(-9.98055073761325,-0.984663978421803,
0.32));
#7607=CARTESIAN_POINT('Ctrl Pts',(-9.92692820482104,-0.138142251830158,
0.));
#7608=CARTESIAN_POINT('Ctrl Pts',(-9.92692820482104,-0.138142251830158,
0.32));
#7609=CARTESIAN_POINT('Ctrl Pts',(-9.4413420504727,0.555371014770278,0.));
#7610=CARTESIAN_POINT('Ctrl Pts',(-9.4413420504727,0.555371014770278,0.32));
#7611=CARTESIAN_POINT('Ctrl Pts',(-9.20798249541364,0.888654708862875,0.));
#7612=CARTESIAN_POINT('Ctrl Pts',(-9.20798249541364,0.888654708862875,0.32));
#7613=CARTESIAN_POINT('',(-10.0084037333594,-1.4243702888483,0.));
#7614=CARTESIAN_POINT('Ctrl Pts',(-10.0084037333594,-1.4243702888483,0.));
#7615=CARTESIAN_POINT('Ctrl Pts',(-9.98055073761325,-0.984663978421803,
0.));
#7616=CARTESIAN_POINT('Ctrl Pts',(-9.92692820482104,-0.138142251830158,
0.));
#7617=CARTESIAN_POINT('Ctrl Pts',(-9.4413420504727,0.555371014770278,0.));
#7618=CARTESIAN_POINT('Ctrl Pts',(-9.20798249541364,0.888654708862875,0.));
#7619=CARTESIAN_POINT('',(-10.0084037333594,-1.4243702888483,0.));
#7620=CARTESIAN_POINT('Ctrl Pts',(-9.21428628264549,-3.59873998165074,0.));
#7621=CARTESIAN_POINT('Ctrl Pts',(-9.21428628264549,-3.59873998165074,0.32));
#7622=CARTESIAN_POINT('Ctrl Pts',(-9.44590327263723,-3.27418979306884,0.));
#7623=CARTESIAN_POINT('Ctrl Pts',(-9.44590327263723,-3.27418979306884,0.32));
#7624=CARTESIAN_POINT('Ctrl Pts',(-9.91085228290524,-2.62268625281117,0.));
#7625=CARTESIAN_POINT('Ctrl Pts',(-9.91085228290524,-2.62268625281117,0.32));
#7626=CARTESIAN_POINT('Ctrl Pts',(-9.97580671866232,-1.82478999462609,0.));
#7627=CARTESIAN_POINT('Ctrl Pts',(-9.97580671866232,-1.82478999462609,0.32));
#7628=CARTESIAN_POINT('Ctrl Pts',(-10.0084037333594,-1.4243702888483,0.));
#7629=CARTESIAN_POINT('Ctrl Pts',(-10.0084037333594,-1.4243702888483,0.32));
#7630=CARTESIAN_POINT('',(-9.21428628264549,-3.59873998165074,0.));
#7631=CARTESIAN_POINT('Ctrl Pts',(-9.21428628264549,-3.59873998165074,0.));
#7632=CARTESIAN_POINT('Ctrl Pts',(-9.44590327263723,-3.27418979306884,0.));
#7633=CARTESIAN_POINT('Ctrl Pts',(-9.91085228290524,-2.62268625281117,0.));
#7634=CARTESIAN_POINT('Ctrl Pts',(-9.97580671866232,-1.82478999462609,0.));
#7635=CARTESIAN_POINT('Ctrl Pts',(-10.0084037333594,-1.4243702888483,0.));
#7636=CARTESIAN_POINT('',(-9.21428628264549,-3.59873998165074,0.));
#7637=CARTESIAN_POINT('Ctrl Pts',(-7.1533627062906,-4.57563030719702,0.));
#7638=CARTESIAN_POINT('Ctrl Pts',(-7.1533627062906,-4.57563030719702,0.32));
#7639=CARTESIAN_POINT('Ctrl Pts',(-7.5469059242399,-4.53257100356566,0.));
#7640=CARTESIAN_POINT('Ctrl Pts',(-7.5469059242399,-4.53257100356566,0.32));
#7641=CARTESIAN_POINT('Ctrl Pts',(-8.34580813147709,-4.44515958051423,0.));
#7642=CARTESIAN_POINT('Ctrl Pts',(-8.34580813147709,-4.44515958051423,0.32));
#7643=CARTESIAN_POINT('Ctrl Pts',(-8.92195316870636,-3.88364810133341,0.));
#7644=CARTESIAN_POINT('Ctrl Pts',(-8.92195316870636,-3.88364810133341,0.32));
#7645=CARTESIAN_POINT('Ctrl Pts',(-9.21428628264549,-3.59873998165074,0.));
#7646=CARTESIAN_POINT('Ctrl Pts',(-9.21428628264549,-3.59873998165074,0.32));
#7647=CARTESIAN_POINT('',(-7.1533627062906,-4.57563030719702,0.));
#7648=CARTESIAN_POINT('Ctrl Pts',(-7.1533627062906,-4.57563030719702,0.));
#7649=CARTESIAN_POINT('Ctrl Pts',(-7.5469059242399,-4.53257100356566,0.));
#7650=CARTESIAN_POINT('Ctrl Pts',(-8.34580813147709,-4.44515958051423,0.));
#7651=CARTESIAN_POINT('Ctrl Pts',(-8.92195316870636,-3.88364810133341,0.));
#7652=CARTESIAN_POINT('Ctrl Pts',(-9.21428628264549,-3.59873998165074,0.));
#7653=CARTESIAN_POINT('',(-7.1533627062906,-4.57563030719702,0.));
#7654=CARTESIAN_POINT('Ctrl Pts',(-6.15756459532866,-4.32353007793372,0.));
#7655=CARTESIAN_POINT('Ctrl Pts',(-6.15756459532866,-4.32353007793372,0.32));
#7656=CARTESIAN_POINT('Ctrl Pts',(-6.32091590085081,-4.39704037108898,0.));
#7657=CARTESIAN_POINT('Ctrl Pts',(-6.32091590085081,-4.39704037108898,0.32));
#7658=CARTESIAN_POINT('Ctrl Pts',(-6.63819674129187,-4.53982103340946,0.));
#7659=CARTESIAN_POINT('Ctrl Pts',(-6.63819674129187,-4.53982103340946,0.32));
#7660=CARTESIAN_POINT('Ctrl Pts',(-6.98507426964968,-4.56393254936286,0.));
#7661=CARTESIAN_POINT('Ctrl Pts',(-6.98507426964968,-4.56393254936286,0.32));
#7662=CARTESIAN_POINT('Ctrl Pts',(-7.1533627062906,-4.57563030719702,0.));
#7663=CARTESIAN_POINT('Ctrl Pts',(-7.1533627062906,-4.57563030719702,0.32));
#7664=CARTESIAN_POINT('',(-6.15756459532866,-4.32353007793372,0.));
#7665=CARTESIAN_POINT('Ctrl Pts',(-6.15756459532866,-4.32353007793372,0.));
#7666=CARTESIAN_POINT('Ctrl Pts',(-6.32091590085081,-4.39704037108898,0.));
#7667=CARTESIAN_POINT('Ctrl Pts',(-6.63819674129187,-4.53982103340946,0.));
#7668=CARTESIAN_POINT('Ctrl Pts',(-6.98507426964968,-4.56393254936286,0.));
#7669=CARTESIAN_POINT('Ctrl Pts',(-7.1533627062906,-4.57563030719702,0.));
#7670=CARTESIAN_POINT('',(-6.15756459532866,-4.32353007793372,0.));
#7671=CARTESIAN_POINT('Ctrl Pts',(-5.46428628264552,-3.86344540119118,0.));
#7672=CARTESIAN_POINT('Ctrl Pts',(-5.46428628264552,-3.86344540119118,0.32));
#7673=CARTESIAN_POINT('Ctrl Pts',(-5.58157045345181,-3.95595074832468,0.));
#7674=CARTESIAN_POINT('Ctrl Pts',(-5.58157045345181,-3.95595074832468,0.32));
#7675=CARTESIAN_POINT('Ctrl Pts',(-5.80014409811046,-4.12834597211646,0.));
#7676=CARTESIAN_POINT('Ctrl Pts',(-5.80014409811046,-4.12834597211646,0.32));
#7677=CARTESIAN_POINT('Ctrl Pts',(-6.04438201186669,-4.26172209120926,0.));
#7678=CARTESIAN_POINT('Ctrl Pts',(-6.04438201186669,-4.26172209120926,0.32));
#7679=CARTESIAN_POINT('Ctrl Pts',(-6.15756459532866,-4.32353007793372,0.));
#7680=CARTESIAN_POINT('Ctrl Pts',(-6.15756459532866,-4.32353007793372,0.32));
#7681=CARTESIAN_POINT('',(-5.46428628264552,-3.86344540119118,0.));
#7682=CARTESIAN_POINT('Ctrl Pts',(-5.46428628264552,-3.86344540119118,0.));
#7683=CARTESIAN_POINT('Ctrl Pts',(-5.58157045345181,-3.95595074832468,0.));
#7684=CARTESIAN_POINT('Ctrl Pts',(-5.80014409811046,-4.12834597211646,0.));
#7685=CARTESIAN_POINT('Ctrl Pts',(-6.04438201186669,-4.26172209120926,0.));
#7686=CARTESIAN_POINT('Ctrl Pts',(-6.15756459532866,-4.32353007793372,0.));
#7687=CARTESIAN_POINT('',(-5.46428628264552,-3.86344540119118,0.));
#7688=CARTESIAN_POINT('Ctrl Pts',(-5.1239485293496,-3.61764776706643,0.));
#7689=CARTESIAN_POINT('Ctrl Pts',(-5.1239485293496,-3.61764776706643,0.32));
#7690=CARTESIAN_POINT('Ctrl Pts',(-5.15903184384697,-3.63751592953505,0.));
#7691=CARTESIAN_POINT('Ctrl Pts',(-5.15903184384697,-3.63751592953505,0.32));
#7692=CARTESIAN_POINT('Ctrl Pts',(-5.28117275610985,-3.7066860043604,0.));
#7693=CARTESIAN_POINT('Ctrl Pts',(-5.28117275610985,-3.7066860043604,0.32));
#7694=CARTESIAN_POINT('Ctrl Pts',(-5.3880839055999,-3.79821024959566,0.));
#7695=CARTESIAN_POINT('Ctrl Pts',(-5.3880839055999,-3.79821024959566,0.32));
#7696=CARTESIAN_POINT('Ctrl Pts',(-5.46428628264552,-3.86344540119118,0.));
#7697=CARTESIAN_POINT('Ctrl Pts',(-5.46428628264552,-3.86344540119118,0.32));
#7698=CARTESIAN_POINT('',(-5.1239485293496,-3.61764776706643,0.));
#7699=CARTESIAN_POINT('Ctrl Pts',(-5.1239485293496,-3.61764776706643,0.));
#7700=CARTESIAN_POINT('Ctrl Pts',(-5.15903184384697,-3.63751592953505,0.));
#7701=CARTESIAN_POINT('Ctrl Pts',(-5.28117275610985,-3.7066860043604,0.));
#7702=CARTESIAN_POINT('Ctrl Pts',(-5.3880839055999,-3.79821024959566,0.));
#7703=CARTESIAN_POINT('Ctrl Pts',(-5.46428628264552,-3.86344540119118,0.));
#7704=CARTESIAN_POINT('',(-5.1239485293496,-3.61764776706643,0.));
#7705=CARTESIAN_POINT('Ctrl Pts',(-5.00420041381008,-4.05882465839333,0.));
#7706=CARTESIAN_POINT('Ctrl Pts',(-5.00420041381008,-4.05882465839333,0.32));
#7707=CARTESIAN_POINT('Ctrl Pts',(-5.01303319030958,-3.94447572854137,0.));
#7708=CARTESIAN_POINT('Ctrl Pts',(-5.01303319030958,-3.94447572854137,0.32));
#7709=CARTESIAN_POINT('Ctrl Pts',(-5.02514024858573,-3.78773801898729,0.));
#7710=CARTESIAN_POINT('Ctrl Pts',(-5.02514024858573,-3.78773801898729,0.32));
#7711=CARTESIAN_POINT('Ctrl Pts',(-5.10291485140103,-3.6538554973643,0.));
#7712=CARTESIAN_POINT('Ctrl Pts',(-5.10291485140103,-3.6538554973643,0.32));
#7713=CARTESIAN_POINT('Ctrl Pts',(-5.1239485293496,-3.61764776706643,0.));
#7714=CARTESIAN_POINT('Ctrl Pts',(-5.1239485293496,-3.61764776706643,0.32));
#7715=CARTESIAN_POINT('',(-5.00420041381008,-4.05882465839333,0.));
#7716=CARTESIAN_POINT('Ctrl Pts',(-5.00420041381008,-4.05882465839333,0.));
#7717=CARTESIAN_POINT('Ctrl Pts',(-5.01303319030958,-3.94447572854137,0.));
#7718=CARTESIAN_POINT('Ctrl Pts',(-5.02514024858573,-3.78773801898729,0.));
#7719=CARTESIAN_POINT('Ctrl Pts',(-5.10291485140103,-3.6538554973643,0.));
#7720=CARTESIAN_POINT('Ctrl Pts',(-5.1239485293496,-3.61764776706643,0.));
#7721=CARTESIAN_POINT('',(-5.00420041381008,-4.05882465839333,0.));
#7722=CARTESIAN_POINT('Ctrl Pts',(-4.82142873107087,-4.50000035762734,0.));
#7723=CARTESIAN_POINT('Ctrl Pts',(-4.82142873107087,-4.50000035762734,0.32));
#7724=CARTESIAN_POINT('Ctrl Pts',(-4.86028000904489,-4.46521928823027,0.));
#7725=CARTESIAN_POINT('Ctrl Pts',(-4.86028000904489,-4.46521928823027,0.32));
#7726=CARTESIAN_POINT('Ctrl Pts',(-4.98559374782388,-4.35303389634192,0.));
#7727=CARTESIAN_POINT('Ctrl Pts',(-4.98559374782388,-4.35303389634192,0.32));
#7728=CARTESIAN_POINT('Ctrl Pts',(-4.99660381829225,-4.17894228612754,0.));
#7729=CARTESIAN_POINT('Ctrl Pts',(-4.99660381829225,-4.17894228612754,0.32));
#7730=CARTESIAN_POINT('Ctrl Pts',(-5.00420041381008,-4.05882465839333,0.));
#7731=CARTESIAN_POINT('Ctrl Pts',(-5.00420041381008,-4.05882465839333,0.32));
#7732=CARTESIAN_POINT('',(-4.82142873107087,-4.50000035762734,0.));
#7733=CARTESIAN_POINT('Ctrl Pts',(-4.82142873107087,-4.50000035762734,0.));
#7734=CARTESIAN_POINT('Ctrl Pts',(-4.86028000904489,-4.46521928823027,0.));
#7735=CARTESIAN_POINT('Ctrl Pts',(-4.98559374782388,-4.35303389634192,0.));
#7736=CARTESIAN_POINT('Ctrl Pts',(-4.99660381829225,-4.17894228612754,0.));
#7737=CARTESIAN_POINT('Ctrl Pts',(-5.00420041381008,-4.05882465839333,0.));
#7738=CARTESIAN_POINT('',(-4.82142873107087,-4.50000035762734,0.));
#7739=CARTESIAN_POINT('Ctrl Pts',(-4.30147118865143,-4.45903408527322,0.));
#7740=CARTESIAN_POINT('Ctrl Pts',(-4.30147118865143,-4.45903408527322,0.32));
#7741=CARTESIAN_POINT('Ctrl Pts',(-4.4029815032727,-4.47085595045563,0.));
#7742=CARTESIAN_POINT('Ctrl Pts',(-4.4029815032727,-4.47085595045563,0.32));
#7743=CARTESIAN_POINT('Ctrl Pts',(-4.5758207109975,-4.49098476021826,0.));
#7744=CARTESIAN_POINT('Ctrl Pts',(-4.5758207109975,-4.49098476021826,0.32));
#7745=CARTESIAN_POINT('Ctrl Pts',(-4.7496791939702,-4.49736662872632,0.));
#7746=CARTESIAN_POINT('Ctrl Pts',(-4.7496791939702,-4.49736662872632,0.32));
#7747=CARTESIAN_POINT('Ctrl Pts',(-4.82142873107087,-4.50000035762734,0.));
#7748=CARTESIAN_POINT('Ctrl Pts',(-4.82142873107087,-4.50000035762734,0.32));
#7749=CARTESIAN_POINT('',(-4.30147118865143,-4.45903408527322,0.));
#7750=CARTESIAN_POINT('Ctrl Pts',(-4.30147118865143,-4.45903408527322,0.));
#7751=CARTESIAN_POINT('Ctrl Pts',(-4.4029815032727,-4.47085595045563,0.));
#7752=CARTESIAN_POINT('Ctrl Pts',(-4.5758207109975,-4.49098476021826,0.));
#7753=CARTESIAN_POINT('Ctrl Pts',(-4.7496791939702,-4.49736662872632,0.));
#7754=CARTESIAN_POINT('Ctrl Pts',(-4.82142873107087,-4.50000035762734,0.));
#7755=CARTESIAN_POINT('',(-4.30147118865143,-4.45903408527322,0.));
#7756=CARTESIAN_POINT('Ctrl Pts',(-3.77836175261627,-4.4180678129191,0.));
#7757=CARTESIAN_POINT('Ctrl Pts',(-3.77836175261627,-4.4180678129191,0.32));
#7758=CARTESIAN_POINT('Ctrl Pts',(-3.85089977595641,-4.42068467846938,0.));
#7759=CARTESIAN_POINT('Ctrl Pts',(-3.85089977595641,-4.42068467846938,0.32));
#7760=CARTESIAN_POINT('Ctrl Pts',(-4.02581134990672,-4.42699474939686,0.));
#7761=CARTESIAN_POINT('Ctrl Pts',(-4.02581134990672,-4.42699474939686,0.32));
#7762=CARTESIAN_POINT('Ctrl Pts',(-4.19969769287644,-4.44720517603024,0.));
#7763=CARTESIAN_POINT('Ctrl Pts',(-4.19969769287644,-4.44720517603024,0.32));
#7764=CARTESIAN_POINT('Ctrl Pts',(-4.30147118865143,-4.45903408527322,0.));
#7765=CARTESIAN_POINT('Ctrl Pts',(-4.30147118865143,-4.45903408527322,0.32));
#7766=CARTESIAN_POINT('',(-3.77836175261627,-4.4180678129191,0.));
#7767=CARTESIAN_POINT('Ctrl Pts',(-3.77836175261627,-4.4180678129191,0.));
#7768=CARTESIAN_POINT('Ctrl Pts',(-3.85089977595641,-4.42068467846938,0.));
#7769=CARTESIAN_POINT('Ctrl Pts',(-4.02581134990672,-4.42699474939686,0.));
#7770=CARTESIAN_POINT('Ctrl Pts',(-4.19969769287644,-4.44720517603024,0.));
#7771=CARTESIAN_POINT('Ctrl Pts',(-4.30147118865143,-4.45903408527322,0.));
#7772=CARTESIAN_POINT('',(-3.77836175261627,-4.4180678129191,0.));
#7773=CARTESIAN_POINT('Ctrl Pts',(-3.61134476958402,-4.23529493808695,0.));
#7774=CARTESIAN_POINT('Ctrl Pts',(-3.61134476958402,-4.23529493808695,0.32));
#7775=CARTESIAN_POINT('Ctrl Pts',(-3.61607358738791,-4.28859636103516,0.));
#7776=CARTESIAN_POINT('Ctrl Pts',(-3.61607358738791,-4.28859636103516,0.32));
#7777=CARTESIAN_POINT('Ctrl Pts',(-3.62532834381308,-4.39291243049649,0.));
#7778=CARTESIAN_POINT('Ctrl Pts',(-3.62532834381308,-4.39291243049649,0.32));
#7779=CARTESIAN_POINT('Ctrl Pts',(-3.72810160151983,-4.40980613116388,0.));
#7780=CARTESIAN_POINT('Ctrl Pts',(-3.72810160151983,-4.40980613116388,0.32));
#7781=CARTESIAN_POINT('Ctrl Pts',(-3.77836175261627,-4.4180678129191,0.));
#7782=CARTESIAN_POINT('Ctrl Pts',(-3.77836175261627,-4.4180678129191,0.32));
#7783=CARTESIAN_POINT('',(-3.61134476958403,-4.23529493808695,0.));
#7784=CARTESIAN_POINT('Ctrl Pts',(-3.61134476958402,-4.23529493808695,0.));
#7785=CARTESIAN_POINT('Ctrl Pts',(-3.61607358738791,-4.28859636103516,0.));
#7786=CARTESIAN_POINT('Ctrl Pts',(-3.62532834381308,-4.39291243049649,0.));
#7787=CARTESIAN_POINT('Ctrl Pts',(-3.72810160151983,-4.40980613116388,0.));
#7788=CARTESIAN_POINT('Ctrl Pts',(-3.77836175261627,-4.4180678129191,0.));
#7789=CARTESIAN_POINT('',(-3.61134476958403,-4.23529493808695,0.));
#7790=CARTESIAN_POINT('Origin',(-3.61449666319975,-4.19117736816355,0.));
#7791=CARTESIAN_POINT('',(-3.61764855681546,-4.14705979824014,0.));
#7792=CARTESIAN_POINT('',(-3.75427407227113,-2.23469013532517,0.));
#7793=CARTESIAN_POINT('',(-3.61764855681546,-4.14705979824014,0.));
#7794=CARTESIAN_POINT('Ctrl Pts',(-3.77520985900027,-1.31722736358591,0.));
#7795=CARTESIAN_POINT('Ctrl Pts',(-3.77520985900027,-1.31722736358591,0.32));
#7796=CARTESIAN_POINT('Ctrl Pts',(-3.76218323759109,-1.56355657005993,0.));
#7797=CARTESIAN_POINT('Ctrl Pts',(-3.76218323759109,-1.56355657005993,0.32));
#7798=CARTESIAN_POINT('Ctrl Pts',(-3.71229228220233,-2.50697843403516,0.));
#7799=CARTESIAN_POINT('Ctrl Pts',(-3.71229228220233,-2.50697843403516,0.32));
#7800=CARTESIAN_POINT('Ctrl Pts',(-3.65786487016231,-3.45015119930686,0.));
#7801=CARTESIAN_POINT('Ctrl Pts',(-3.65786487016231,-3.45015119930686,0.32));
#7802=CARTESIAN_POINT('Ctrl Pts',(-3.61764855681546,-4.14705979824014,0.));
#7803=CARTESIAN_POINT('Ctrl Pts',(-3.61764855681546,-4.14705979824014,0.32));
#7804=CARTESIAN_POINT('',(-3.77520985900027,-1.31722736358591,0.));
#7805=CARTESIAN_POINT('Ctrl Pts',(-3.77520985900027,-1.31722736358591,0.));
#7806=CARTESIAN_POINT('Ctrl Pts',(-3.76218323759109,-1.56355657005993,0.));
#7807=CARTESIAN_POINT('Ctrl Pts',(-3.71229228220233,-2.50697843403516,0.));
#7808=CARTESIAN_POINT('Ctrl Pts',(-3.65786487016231,-3.45015119930686,0.));
#7809=CARTESIAN_POINT('Ctrl Pts',(-3.61764855681546,-4.14705979824014,0.));
#7810=CARTESIAN_POINT('',(-3.77520985900027,-1.31722736358591,0.));
#7811=CARTESIAN_POINT('Ctrl Pts',(-3.52941222487528,1.17226850986532,0.));
#7812=CARTESIAN_POINT('Ctrl Pts',(-3.52941222487528,1.17226850986532,0.32));
#7813=CARTESIAN_POINT('Ctrl Pts',(-3.60094642854899,0.725224790862308,0.));
#7814=CARTESIAN_POINT('Ctrl Pts',(-3.60094642854899,0.725224790862308,0.32));
#7815=CARTESIAN_POINT('Ctrl Pts',(-3.73296955193175,-0.0998365789496303,
0.));
#7816=CARTESIAN_POINT('Ctrl Pts',(-3.73296955193175,-0.0998365789496303,
0.32));
#7817=CARTESIAN_POINT('Ctrl Pts',(-3.76193759560459,-0.934712834916669,
0.));
#7818=CARTESIAN_POINT('Ctrl Pts',(-3.76193759560459,-0.934712834916669,
0.32));
#7819=CARTESIAN_POINT('Ctrl Pts',(-3.77520985900027,-1.31722736358591,0.));
#7820=CARTESIAN_POINT('Ctrl Pts',(-3.77520985900027,-1.31722736358591,0.32));
#7821=CARTESIAN_POINT('',(-3.52941222487528,1.17226850986532,0.));
#7822=CARTESIAN_POINT('Ctrl Pts',(-3.52941222487528,1.17226850986532,0.));
#7823=CARTESIAN_POINT('Ctrl Pts',(-3.60094642854899,0.725224790862308,0.));
#7824=CARTESIAN_POINT('Ctrl Pts',(-3.73296955193175,-0.0998365789496303,
0.));
#7825=CARTESIAN_POINT('Ctrl Pts',(-3.76193759560459,-0.934712834916669,
0.));
#7826=CARTESIAN_POINT('Ctrl Pts',(-3.77520985900027,-1.31722736358591,0.));
#7827=CARTESIAN_POINT('',(-3.52941222487528,1.17226850986532,0.));
#7828=CARTESIAN_POINT('Ctrl Pts',(-3.51050324736673,1.28571403026632,0.));
#7829=CARTESIAN_POINT('Ctrl Pts',(-3.51050324736673,1.28571403026632,0.32));
#7830=CARTESIAN_POINT('Ctrl Pts',(-3.51188865882465,1.27202901812591,0.));
#7831=CARTESIAN_POINT('Ctrl Pts',(-3.51188865882465,1.27202901812591,0.32));
#7832=CARTESIAN_POINT('Ctrl Pts',(-3.51575520628682,1.233835491821,0.));
#7833=CARTESIAN_POINT('Ctrl Pts',(-3.51575520628682,1.233835491821,0.32));
#7834=CARTESIAN_POINT('Ctrl Pts',(-3.52407406951361,1.19633336067448,0.));
#7835=CARTESIAN_POINT('Ctrl Pts',(-3.52407406951361,1.19633336067448,0.32));
#7836=CARTESIAN_POINT('Ctrl Pts',(-3.52941222487528,1.17226850986532,0.));
#7837=CARTESIAN_POINT('Ctrl Pts',(-3.52941222487528,1.17226850986532,0.32));
#7838=CARTESIAN_POINT('',(-3.51050324736673,1.28571403026632,0.));
#7839=CARTESIAN_POINT('Ctrl Pts',(-3.51050324736673,1.28571403026632,0.));
#7840=CARTESIAN_POINT('Ctrl Pts',(-3.51188865882465,1.27202901812591,0.));
#7841=CARTESIAN_POINT('Ctrl Pts',(-3.51575520628682,1.233835491821,0.));
#7842=CARTESIAN_POINT('Ctrl Pts',(-3.52407406951361,1.19633336067448,0.));
#7843=CARTESIAN_POINT('Ctrl Pts',(-3.52941222487528,1.17226850986532,0.));
#7844=CARTESIAN_POINT('',(-3.51050324736673,1.28571403026632,0.));
#7845=CARTESIAN_POINT('Ctrl Pts',(-4.02731128035621,1.48739469051413,0.));
#7846=CARTESIAN_POINT('Ctrl Pts',(-4.02731128035621,1.48739469051413,0.32));
#7847=CARTESIAN_POINT('Ctrl Pts',(-3.89059222604697,1.46721587297991,0.));
#7848=CARTESIAN_POINT('Ctrl Pts',(-3.89059222604697,1.46721587297991,0.32));
#7849=CARTESIAN_POINT('Ctrl Pts',(-3.6994436537015,1.43900362280912,0.));
#7850=CARTESIAN_POINT('Ctrl Pts',(-3.6994436537015,1.43900362280912,0.32));
#7851=CARTESIAN_POINT('Ctrl Pts',(-3.55237968364973,1.31968887968838,0.));
#7852=CARTESIAN_POINT('Ctrl Pts',(-3.55237968364973,1.31968887968838,0.32));
#7853=CARTESIAN_POINT('Ctrl Pts',(-3.51050324736673,1.28571403026632,0.));
#7854=CARTESIAN_POINT('Ctrl Pts',(-3.51050324736673,1.28571403026632,0.32));
#7855=CARTESIAN_POINT('Ctrl Pts',(-4.02731128035621,1.48739469051413,0.));
#7856=CARTESIAN_POINT('Ctrl Pts',(-3.89059222604697,1.46721587297991,0.));
#7857=CARTESIAN_POINT('Ctrl Pts',(-3.6994436537015,1.43900362280912,0.));
#7858=CARTESIAN_POINT('Ctrl Pts',(-3.55237968364973,1.31968887968838,0.));
#7859=CARTESIAN_POINT('Ctrl Pts',(-3.51050324736673,1.28571403026632,0.));
#7860=CARTESIAN_POINT('Ctrl Pts',(-6.81932874022603,-3.25840342044776,0.));
#7861=CARTESIAN_POINT('Ctrl Pts',(-6.81932874022603,-3.25840342044776,0.32));
#7862=CARTESIAN_POINT('Ctrl Pts',(-6.58224736026501,-3.23192014584631,0.));
#7863=CARTESIAN_POINT('Ctrl Pts',(-6.58224736026501,-3.23192014584631,0.32));
#7864=CARTESIAN_POINT('Ctrl Pts',(-6.10049461620479,-3.17810575429417,0.));
#7865=CARTESIAN_POINT('Ctrl Pts',(-6.10049461620479,-3.17810575429417,0.32));
#7866=CARTESIAN_POINT('Ctrl Pts',(-5.75798653527201,-2.83428396888184,0.));
#7867=CARTESIAN_POINT('Ctrl Pts',(-5.75798653527201,-2.83428396888184,0.32));
#7868=CARTESIAN_POINT('Ctrl Pts',(-5.58403439818496,-2.65966463088936,0.));
#7869=CARTESIAN_POINT('Ctrl Pts',(-5.58403439818496,-2.65966463088936,0.32));
#7870=CARTESIAN_POINT('',(-6.81932874022603,-3.25840342044776,0.));
#7871=CARTESIAN_POINT('',(-5.58403439818496,-2.65966463088936,0.));
#7872=CARTESIAN_POINT('Ctrl Pts',(-6.81932874022603,-3.25840342044776,0.));
#7873=CARTESIAN_POINT('Ctrl Pts',(-6.58224736026501,-3.23192014584631,0.));
#7874=CARTESIAN_POINT('Ctrl Pts',(-6.10049461620479,-3.17810575429417,0.));
#7875=CARTESIAN_POINT('Ctrl Pts',(-5.75798653527201,-2.83428396888184,0.));
#7876=CARTESIAN_POINT('Ctrl Pts',(-5.58403439818496,-2.65966463088936,0.));
#7877=CARTESIAN_POINT('',(-6.81932874022603,-3.25840342044776,0.));
#7878=CARTESIAN_POINT('',(-5.58403439818496,-2.65966463088936,0.));
#7879=CARTESIAN_POINT('Ctrl Pts',(-8.07983346282119,-2.67226922511999,0.));
#7880=CARTESIAN_POINT('Ctrl Pts',(-8.07983346282119,-2.67226922511999,0.32));
#7881=CARTESIAN_POINT('Ctrl Pts',(-7.90206948258501,-2.84322320659169,0.));
#7882=CARTESIAN_POINT('Ctrl Pts',(-7.90206948258501,-2.84322320659169,0.32));
#7883=CARTESIAN_POINT('Ctrl Pts',(-7.54878096595917,-3.1829775170272,0.));
#7884=CARTESIAN_POINT('Ctrl Pts',(-7.54878096595917,-3.1829775170272,0.32));
#7885=CARTESIAN_POINT('Ctrl Pts',(-7.06144977526875,-3.23336792509799,0.));
#7886=CARTESIAN_POINT('Ctrl Pts',(-7.06144977526875,-3.23336792509799,0.32));
#7887=CARTESIAN_POINT('Ctrl Pts',(-6.81932874022603,-3.25840342044776,0.));
#7888=CARTESIAN_POINT('Ctrl Pts',(-6.81932874022603,-3.25840342044776,0.32));
#7889=CARTESIAN_POINT('',(-8.07983346282119,-2.67226922511999,0.));
#7890=CARTESIAN_POINT('Ctrl Pts',(-8.07983346282119,-2.67226922511999,0.));
#7891=CARTESIAN_POINT('Ctrl Pts',(-7.90206948258501,-2.84322320659169,0.));
#7892=CARTESIAN_POINT('Ctrl Pts',(-7.54878096595917,-3.1829775170272,0.));
#7893=CARTESIAN_POINT('Ctrl Pts',(-7.06144977526875,-3.23336792509799,0.));
#7894=CARTESIAN_POINT('Ctrl Pts',(-6.81932874022603,-3.25840342044776,0.));
#7895=CARTESIAN_POINT('',(-8.07983346282119,-2.67226922511999,0.));
#7896=CARTESIAN_POINT('Ctrl Pts',(-8.56512732802493,-1.34873974323216,0.));
#7897=CARTESIAN_POINT('Ctrl Pts',(-8.56512732802493,-1.34873974323216,0.32));
#7898=CARTESIAN_POINT('Ctrl Pts',(-8.54553165361455,-1.59381199533216,0.));
#7899=CARTESIAN_POINT('Ctrl Pts',(-8.54553165361455,-1.59381199533216,0.32));
#7900=CARTESIAN_POINT('Ctrl Pts',(-8.50663751517314,-2.08023945384715,0.));
#7901=CARTESIAN_POINT('Ctrl Pts',(-8.50663751517314,-2.08023945384715,0.32));
#7902=CARTESIAN_POINT('Ctrl Pts',(-8.22137486675676,-2.47593387043944,0.));
#7903=CARTESIAN_POINT('Ctrl Pts',(-8.22137486675676,-2.47593387043944,0.32));
#7904=CARTESIAN_POINT('Ctrl Pts',(-8.07983346282119,-2.67226922511999,0.));
#7905=CARTESIAN_POINT('Ctrl Pts',(-8.07983346282119,-2.67226922511999,0.32));
#7906=CARTESIAN_POINT('',(-8.56512732802493,-1.34873974323216,0.));
#7907=CARTESIAN_POINT('Ctrl Pts',(-8.56512732802493,-1.34873974323216,0.));
#7908=CARTESIAN_POINT('Ctrl Pts',(-8.54553165361455,-1.59381199533216,0.));
#7909=CARTESIAN_POINT('Ctrl Pts',(-8.50663751517314,-2.08023945384715,0.));
#7910=CARTESIAN_POINT('Ctrl Pts',(-8.22137486675676,-2.47593387043944,0.));
#7911=CARTESIAN_POINT('Ctrl Pts',(-8.07983346282119,-2.67226922511999,0.));
#7912=CARTESIAN_POINT('',(-8.56512732802493,-1.34873974323216,0.));
#7913=CARTESIAN_POINT('Ctrl Pts',(-8.07983346282095,-0.0126056671136987,
0.));
#7914=CARTESIAN_POINT('Ctrl Pts',(-8.07983346282095,-0.0126056671136987,
0.32));
#7915=CARTESIAN_POINT('Ctrl Pts',(-8.22137574737936,-0.211110089233465,
0.));
#7916=CARTESIAN_POINT('Ctrl Pts',(-8.22137574737936,-0.211110089233465,
0.32));
#7917=CARTESIAN_POINT('Ctrl Pts',(-8.50677943841727,-0.611371360535383,
0.));
#7918=CARTESIAN_POINT('Ctrl Pts',(-8.50677943841727,-0.611371360535383,
0.32));
#7919=CARTESIAN_POINT('Ctrl Pts',(-8.54557295588376,-1.10162239490414,0.));
#7920=CARTESIAN_POINT('Ctrl Pts',(-8.54557295588376,-1.10162239490414,0.32));
#7921=CARTESIAN_POINT('Ctrl Pts',(-8.56512732802493,-1.34873974323216,0.));
#7922=CARTESIAN_POINT('Ctrl Pts',(-8.56512732802493,-1.34873974323216,0.32));
#7923=CARTESIAN_POINT('',(-8.07983346282095,-0.0126056671136987,0.));
#7924=CARTESIAN_POINT('Ctrl Pts',(-8.07983346282095,-0.0126056671136987,
0.));
#7925=CARTESIAN_POINT('Ctrl Pts',(-8.22137574737936,-0.211110089233465,
0.));
#7926=CARTESIAN_POINT('Ctrl Pts',(-8.50677943841727,-0.611371360535383,
0.));
#7927=CARTESIAN_POINT('Ctrl Pts',(-8.54557295588376,-1.10162239490414,0.));
#7928=CARTESIAN_POINT('Ctrl Pts',(-8.56512732802493,-1.34873974323216,0.));
#7929=CARTESIAN_POINT('',(-8.07983346282095,-0.0126056671136987,0.));
#7930=CARTESIAN_POINT('Ctrl Pts',(-6.81932874022568,0.579831719399045,0.));
#7931=CARTESIAN_POINT('Ctrl Pts',(-6.81932874022568,0.579831719399045,0.32));
#7932=CARTESIAN_POINT('Ctrl Pts',(-7.06159622386336,0.554354345266856,0.));
#7933=CARTESIAN_POINT('Ctrl Pts',(-7.06159622386336,0.554354345266856,0.32));
#7934=CARTESIAN_POINT('Ctrl Pts',(-7.5501002708098,0.50298219997411,0.));
#7935=CARTESIAN_POINT('Ctrl Pts',(-7.5501002708098,0.50298219997411,0.32));
#7936=CARTESIAN_POINT('Ctrl Pts',(-7.90230185663125,0.160185359683227,0.));
#7937=CARTESIAN_POINT('Ctrl Pts',(-7.90230185663125,0.160185359683227,0.32));
#7938=CARTESIAN_POINT('Ctrl Pts',(-8.07983346282095,-0.0126056671136987,
0.));
#7939=CARTESIAN_POINT('Ctrl Pts',(-8.07983346282095,-0.0126056671136987,
0.32));
#7940=CARTESIAN_POINT('',(-6.81932874022568,0.579831719399045,0.));
#7941=CARTESIAN_POINT('Ctrl Pts',(-6.81932874022568,0.579831719399045,0.));
#7942=CARTESIAN_POINT('Ctrl Pts',(-7.06159622386336,0.554354345266856,0.));
#7943=CARTESIAN_POINT('Ctrl Pts',(-7.5501002708098,0.50298219997411,0.));
#7944=CARTESIAN_POINT('Ctrl Pts',(-7.90230185663125,0.160185359683227,0.));
#7945=CARTESIAN_POINT('Ctrl Pts',(-8.07983346282095,-0.0126056671136987,
0.));
#7946=CARTESIAN_POINT('',(-6.81932874022568,0.579831719399045,0.));
#7947=CARTESIAN_POINT('Ctrl Pts',(-5.57773061095328,-0.0189076662058252,
0.));
#7948=CARTESIAN_POINT('Ctrl Pts',(-5.57773061095328,-0.0189076662058252,
0.32));
#7949=CARTESIAN_POINT('Ctrl Pts',(-5.75008936024523,0.155723298879803,0.));
#7950=CARTESIAN_POINT('Ctrl Pts',(-5.75008936024523,0.155723298879803,0.32));
#7951=CARTESIAN_POINT('Ctrl Pts',(-6.09292893570041,0.503082549148384,0.));
#7952=CARTESIAN_POINT('Ctrl Pts',(-6.09292893570041,0.503082549148384,0.32));
#7953=CARTESIAN_POINT('Ctrl Pts',(-6.57808128851748,0.554342255293543,0.));
#7954=CARTESIAN_POINT('Ctrl Pts',(-6.57808128851748,0.554342255293543,0.32));
#7955=CARTESIAN_POINT('Ctrl Pts',(-6.81932874022568,0.579831719399045,0.));
#7956=CARTESIAN_POINT('Ctrl Pts',(-6.81932874022568,0.579831719399045,0.32));
#7957=CARTESIAN_POINT('',(-5.57773061095328,-0.0189076662058252,0.));
#7958=CARTESIAN_POINT('Ctrl Pts',(-5.57773061095328,-0.0189076662058252,
0.));
#7959=CARTESIAN_POINT('Ctrl Pts',(-5.75008936024523,0.155723298879803,0.));
#7960=CARTESIAN_POINT('Ctrl Pts',(-6.09292893570041,0.503082549148384,0.));
#7961=CARTESIAN_POINT('Ctrl Pts',(-6.57808128851748,0.554342255293543,0.));
#7962=CARTESIAN_POINT('Ctrl Pts',(-6.81932874022568,0.579831719399045,0.));
#7963=CARTESIAN_POINT('',(-5.57773061095328,-0.0189076662058252,0.));
#7964=CARTESIAN_POINT('Ctrl Pts',(-5.11764712630374,-1.3487397432322,0.));
#7965=CARTESIAN_POINT('Ctrl Pts',(-5.11764712630374,-1.3487397432322,0.32));
#7966=CARTESIAN_POINT('Ctrl Pts',(-5.13523853528879,-1.10145642728825,0.));
#7967=CARTESIAN_POINT('Ctrl Pts',(-5.13523853528879,-1.10145642728825,0.32));
#7968=CARTESIAN_POINT('Ctrl Pts',(-5.16973237659953,-0.616574774760478,
0.));
#7969=CARTESIAN_POINT('Ctrl Pts',(-5.16973237659953,-0.616574774760478,
0.32));
#7970=CARTESIAN_POINT('Ctrl Pts',(-5.44355429704486,-0.215459422605422,
0.));
#7971=CARTESIAN_POINT('Ctrl Pts',(-5.44355429704486,-0.215459422605422,
0.32));
#7972=CARTESIAN_POINT('Ctrl Pts',(-5.57773061095328,-0.0189076662058252,
0.));
#7973=CARTESIAN_POINT('Ctrl Pts',(-5.57773061095328,-0.0189076662058252,
0.32));
#7974=CARTESIAN_POINT('',(-5.11764712630374,-1.3487397432322,0.));
#7975=CARTESIAN_POINT('Ctrl Pts',(-5.11764712630374,-1.3487397432322,0.));
#7976=CARTESIAN_POINT('Ctrl Pts',(-5.13523853528879,-1.10145642728825,0.));
#7977=CARTESIAN_POINT('Ctrl Pts',(-5.16973237659953,-0.616574774760478,
0.));
#7978=CARTESIAN_POINT('Ctrl Pts',(-5.44355429704486,-0.215459422605422,
0.));
#7979=CARTESIAN_POINT('Ctrl Pts',(-5.57773061095328,-0.0189076662058252,
0.));
#7980=CARTESIAN_POINT('',(-5.11764712630374,-1.3487397432322,0.));
#7981=CARTESIAN_POINT('Ctrl Pts',(-5.58403439818496,-2.65966463088936,0.));
#7982=CARTESIAN_POINT('Ctrl Pts',(-5.58403439818496,-2.65966463088936,0.32));
#7983=CARTESIAN_POINT('Ctrl Pts',(-5.44800670259507,-2.46387641694856,0.));
#7984=CARTESIAN_POINT('Ctrl Pts',(-5.44800670259507,-2.46387641694856,0.32));
#7985=CARTESIAN_POINT('Ctrl Pts',(-5.17387071600169,-2.06930533376392,0.));
#7986=CARTESIAN_POINT('Ctrl Pts',(-5.17387071600169,-2.06930533376392,0.32));
#7987=CARTESIAN_POINT('Ctrl Pts',(-5.13648290962263,-1.59014050407325,0.));
#7988=CARTESIAN_POINT('Ctrl Pts',(-5.13648290962263,-1.59014050407325,0.32));
#7989=CARTESIAN_POINT('Ctrl Pts',(-5.11764712630374,-1.3487397432322,0.));
#7990=CARTESIAN_POINT('Ctrl Pts',(-5.11764712630374,-1.3487397432322,0.32));
#7991=CARTESIAN_POINT('Ctrl Pts',(-5.58403439818496,-2.65966463088936,0.));
#7992=CARTESIAN_POINT('Ctrl Pts',(-5.44800670259507,-2.46387641694856,0.));
#7993=CARTESIAN_POINT('Ctrl Pts',(-5.17387071600169,-2.06930533376392,0.));
#7994=CARTESIAN_POINT('Ctrl Pts',(-5.13648290962263,-1.59014050407325,0.));
#7995=CARTESIAN_POINT('Ctrl Pts',(-5.11764712630374,-1.3487397432322,0.));
#7996=CARTESIAN_POINT('Origin',(1.08801856413265E-11,8.65973959207622E-14,
0.));
#7997=CARTESIAN_POINT('Origin',(1.08801856413265E-11,8.65973959207622E-14,
0.32));
#7998=CARTESIAN_POINT('',(17.1050339192283,-2.96848762035338,0.32));
#7999=CARTESIAN_POINT('',(17.3949509114158,-2.93067324161498,0.32));
#8000=CARTESIAN_POINT('Ctrl Pts',(17.1050339192283,-2.96848762035338,0.32));
#8001=CARTESIAN_POINT('Ctrl Pts',(17.1605253226488,-2.95755129987338,0.32));
#8002=CARTESIAN_POINT('Ctrl Pts',(17.256390209314,-2.938658118971,0.32));
#8003=CARTESIAN_POINT('Ctrl Pts',(17.3538892179415,-2.93303951561222,0.32));
#8004=CARTESIAN_POINT('Ctrl Pts',(17.3949509114158,-2.93067324161498,0.32));
#8005=CARTESIAN_POINT('',(16.815126463784,-3.01260578632323,0.32));
#8006=CARTESIAN_POINT('Ctrl Pts',(16.815126463784,-3.01260578632323,0.32));
#8007=CARTESIAN_POINT('Ctrl Pts',(16.8487522005289,-3.00797959236367,0.32));
#8008=CARTESIAN_POINT('Ctrl Pts',(16.9455946797643,-2.99465610458802,0.32));
#8009=CARTESIAN_POINT('Ctrl Pts',(17.0420620439725,-2.97882308438594,0.32));
#8010=CARTESIAN_POINT('Ctrl Pts',(17.1050339192283,-2.96848762035338,0.32));
#8011=CARTESIAN_POINT('',(13.3046226948631,-3.1260513067242,0.32));
#8012=CARTESIAN_POINT('Ctrl Pts',(13.3046226948631,-3.1260513067242,0.32));
#8013=CARTESIAN_POINT('Ctrl Pts',(13.9850814822604,-3.12526690483183,0.32));
#8014=CARTESIAN_POINT('Ctrl Pts',(15.1565574508313,-3.12391648070089,0.32));
#8015=CARTESIAN_POINT('Ctrl Pts',(16.3252682760092,-3.04548138848508,0.32));
#8016=CARTESIAN_POINT('Ctrl Pts',(16.815126463784,-3.01260578632323,0.32));
#8017=CARTESIAN_POINT('',(13.1911735981835,-1.72689127922023,0.32));
#8018=CARTESIAN_POINT('Ctrl Pts',(13.1911735981835,-1.72689127922023,0.32));
#8019=CARTESIAN_POINT('Ctrl Pts',(13.1733544098474,-2.08032520067505,0.32));
#8020=CARTESIAN_POINT('Ctrl Pts',(13.1494245220701,-2.55496152627729,0.32));
#8021=CARTESIAN_POINT('Ctrl Pts',(13.2730530926828,-3.00988320465525,0.32));
#8022=CARTESIAN_POINT('Ctrl Pts',(13.3046226948631,-3.1260513067242,0.32));
#8023=CARTESIAN_POINT('',(13.1974773854151,-0.731092572211867,0.32));
#8024=CARTESIAN_POINT('Ctrl Pts',(13.1974773854151,-0.731092572211867,0.32));
#8025=CARTESIAN_POINT('Ctrl Pts',(13.1956559302262,-0.925419142989995,0.32));
#8026=CARTESIAN_POINT('Ctrl Pts',(13.192544724507,-1.25734602326189,0.32));
#8027=CARTESIAN_POINT('Ctrl Pts',(13.1915754224241,-1.58928567522221,0.32));
#8028=CARTESIAN_POINT('Ctrl Pts',(13.1911735981835,-1.72689127922023,0.32));
#8029=CARTESIAN_POINT('',(13.1974773854152,0.264705538750047,0.32));
#8030=CARTESIAN_POINT('Ctrl Pts',(13.1974773854152,0.264705538750047,0.32));
#8031=CARTESIAN_POINT('Ctrl Pts',(13.1974773854151,0.127100666364387,0.32));
#8032=CARTESIAN_POINT('Ctrl Pts',(13.1974773854151,-0.204832037289584,0.32));
#8033=CARTESIAN_POINT('Ctrl Pts',(13.1974773854151,-0.536764740943555,0.32));
#8034=CARTESIAN_POINT('Ctrl Pts',(13.1974773854151,-0.731092572211867,0.32));
#8035=CARTESIAN_POINT('',(13.2478981465237,2.28151214122807,0.32));
#8036=CARTESIAN_POINT('Ctrl Pts',(13.2478981465237,2.28151214122807,0.32));
#8037=CARTESIAN_POINT('Ctrl Pts',(13.2333319426973,1.88975163015699,0.32));
#8038=CARTESIAN_POINT('Ctrl Pts',(13.2083432176674,1.21767565172244,0.32));
#8039=CARTESIAN_POINT('Ctrl Pts',(13.2006755040664,0.545191324064338,0.32));
#8040=CARTESIAN_POINT('Ctrl Pts',(13.1974773854152,0.264705538750047,0.32));
#8041=CARTESIAN_POINT('',(13.2983189076323,4.29201614856755,0.32));
#8042=CARTESIAN_POINT('Ctrl Pts',(13.2983189076323,4.29201614856755,0.32));
#8043=CARTESIAN_POINT('Ctrl Pts',(13.2951102419796,4.0131060978139,0.32));
#8044=CARTESIAN_POINT('Ctrl Pts',(13.2873979530952,3.34272310470715,0.32));
#8045=CARTESIAN_POINT('Ctrl Pts',(13.2624604849583,2.67274730266324,0.32));
#8046=CARTESIAN_POINT('Ctrl Pts',(13.2478981465237,2.28151214122807,0.32));
#8047=CARTESIAN_POINT('',(13.1470566243071,4.4117642641071,0.32));
#8048=CARTESIAN_POINT('Ctrl Pts',(13.1470566243071,4.4117642641071,0.32));
#8049=CARTESIAN_POINT('Ctrl Pts',(13.1910569817042,4.40890543038116,0.32));
#8050=CARTESIAN_POINT('Ctrl Pts',(13.2716004151441,4.40367228461729,0.32));
#8051=CARTESIAN_POINT('Ctrl Pts',(13.2899799802268,4.32686438760333,0.32));
#8052=CARTESIAN_POINT('Ctrl Pts',(13.2983189076323,4.29201614856755,0.32));
#8053=CARTESIAN_POINT('',(12.7941112965483,4.39285647869146,0.32));
#8054=CARTESIAN_POINT('Ctrl Pts',(12.7941112965483,4.39285647869146,0.32));
#8055=CARTESIAN_POINT('Ctrl Pts',(12.8634036653933,4.39830941854949,0.32));
#8056=CARTESIAN_POINT('Ctrl Pts',(12.9809037894136,4.4075560516243,0.32));
#8057=CARTESIAN_POINT('Ctrl Pts',(13.0987194225692,4.41054001045012,0.32));
#8058=CARTESIAN_POINT('Ctrl Pts',(13.1470566243071,4.4117642641071,0.32));
#8059=CARTESIAN_POINT('',(12.4411755055327,4.37394928932226,0.32));
#8060=CARTESIAN_POINT('Ctrl Pts',(12.4411755055327,4.37394928932226,0.32));
#8061=CARTESIAN_POINT('Ctrl Pts',(12.489511117531,4.37517344626396,0.32));
#8062=CARTESIAN_POINT('Ctrl Pts',(12.6073235713331,4.37815718697146,0.32));
#8063=CARTESIAN_POINT('Ctrl Pts',(12.7248205173092,4.38740362906567,0.32));
#8064=CARTESIAN_POINT('Ctrl Pts',(12.7941112965483,4.39285647869146,0.32));
#8065=CARTESIAN_POINT('',(12.0882301777739,4.39285647869146,0.32));
#8066=CARTESIAN_POINT('Ctrl Pts',(12.0882301777739,4.39285647869146,0.32));
#8067=CARTESIAN_POINT('Ctrl Pts',(12.1564695542646,4.38739087934929,0.32));
#8068=CARTESIAN_POINT('Ctrl Pts',(12.2739608749843,4.37798046972568,0.32));
#8069=CARTESIAN_POINT('Ctrl Pts',(12.391784331259,4.375140002917,0.32));
#8070=CARTESIAN_POINT('Ctrl Pts',(12.4411755055327,4.37394928932226,0.32));
#8071=CARTESIAN_POINT('',(11.7415886372466,4.41176426410712,0.32));
#8072=CARTESIAN_POINT('Ctrl Pts',(11.7415886372466,4.41176426410712,0.32));
#8073=CARTESIAN_POINT('Ctrl Pts',(11.7894022079716,4.41055069606302,0.32));
#8074=CARTESIAN_POINT('Ctrl Pts',(11.9051222059183,4.407613578223,0.32));
#8075=CARTESIAN_POINT('Ctrl Pts',(12.02051547847,4.39831376461544,0.32));
#8076=CARTESIAN_POINT('Ctrl Pts',(12.0882301777739,4.39285647869146,0.32));
#8077=CARTESIAN_POINT('',(11.5840321034331,4.27310895919837,0.32));
#8078=CARTESIAN_POINT('Ctrl Pts',(11.5840321034331,4.27310895919837,0.32));
#8079=CARTESIAN_POINT('Ctrl Pts',(11.5918372232164,4.31352158288571,0.32));
#8080=CARTESIAN_POINT('Ctrl Pts',(11.6082861129537,4.39868911515692,0.32));
#8081=CARTESIAN_POINT('Ctrl Pts',(11.6956693776524,4.40726021467474,0.32));
#8082=CARTESIAN_POINT('Ctrl Pts',(11.7415886372466,4.41176426410712,0.32));
#8083=CARTESIAN_POINT('',(11.6502075642483,2.08298277854956,0.32));
#8084=CARTESIAN_POINT('Ctrl Pts',(11.6502075642483,2.08298277854956,0.32));
#8085=CARTESIAN_POINT('Ctrl Pts',(11.6310910932194,2.50859232791041,0.32));
#8086=CARTESIAN_POINT('Ctrl Pts',(11.5983145946251,3.23832904423172,0.32));
#8087=CARTESIAN_POINT('Ctrl Pts',(11.5882335207121,3.96871232724772,0.32));
#8088=CARTESIAN_POINT('Ctrl Pts',(11.5840321034331,4.27310895919837,0.32));
#8089=CARTESIAN_POINT('',(11.7163830250636,-0.107142806052795,0.32));
#8090=CARTESIAN_POINT('Ctrl Pts',(11.7163830250636,-0.107142806052795,0.32));
#8091=CARTESIAN_POINT('Ctrl Pts',(11.712181605677,0.197253627163434,0.32));
#8092=CARTESIAN_POINT('Ctrl Pts',(11.70210052287,0.927636711314782,0.32));
#8093=CARTESIAN_POINT('Ctrl Pts',(11.6693240345083,1.65737322918203,0.32));
#8094=CARTESIAN_POINT('Ctrl Pts',(11.6502075642483,2.08298277854956,0.32));
#8095=CARTESIAN_POINT('',(11.6691093891991,-2.18697535991632,0.32));
#8096=CARTESIAN_POINT('Ctrl Pts',(11.6691093891991,-2.18697535991632,0.32));
#8097=CARTESIAN_POINT('Ctrl Pts',(11.6827672876725,-1.78260300831666,0.32));
#8098=CARTESIAN_POINT('Ctrl Pts',(11.7061775783229,-1.08948947401863,0.32));
#8099=CARTESIAN_POINT('Ctrl Pts',(11.713381834856,-0.396028660363247,0.32));
#8100=CARTESIAN_POINT('Ctrl Pts',(11.7163830250636,-0.107142806052795,0.32));
#8101=CARTESIAN_POINT('',(11.6218452900778,-4.26050531864129,0.32));
#8102=CARTESIAN_POINT('Ctrl Pts',(11.6218452900778,-4.26050531864129,0.32));
#8103=CARTESIAN_POINT('Ctrl Pts',(11.6248565282178,-3.97319537911969,0.32));
#8104=CARTESIAN_POINT('Ctrl Pts',(11.6321025284589,-3.28183594678413,0.32));
#8105=CARTESIAN_POINT('Ctrl Pts',(11.6554591413607,-2.59082259419511,0.32));
#8106=CARTESIAN_POINT('Ctrl Pts',(11.6691093891991,-2.18697535991632,0.32));
#8107=CARTESIAN_POINT('',(11.7794113606345,-4.41806781291925,0.32));
#8108=CARTESIAN_POINT('Ctrl Pts',(11.7794113606345,-4.41806781291925,0.32));
#8109=CARTESIAN_POINT('Ctrl Pts',(11.7334545900562,-4.41150305668566,0.32));
#8110=CARTESIAN_POINT('Ctrl Pts',(11.6415417442903,-4.3983736435525,0.32));
#8111=CARTESIAN_POINT('Ctrl Pts',(11.6284107417,-4.30646119514914,0.32));
#8112=CARTESIAN_POINT('Ctrl Pts',(11.6218452900778,-4.26050531864129,0.32));
#8113=CARTESIAN_POINT('',(13.0966358631979,-4.39916002750361,0.32));
#8114=CARTESIAN_POINT('Ctrl Pts',(13.0966358631979,-4.39916002750361,0.32));
#8115=CARTESIAN_POINT('Ctrl Pts',(12.8408672022836,-4.40462349396223,0.32));
#8116=CARTESIAN_POINT('Ctrl Pts',(12.4018340052725,-4.41400166851073,0.32));
#8117=CARTESIAN_POINT('Ctrl Pts',(11.962712682746,-4.41687034741507,0.32));
#8118=CARTESIAN_POINT('Ctrl Pts',(11.7794113606345,-4.41806781291925,0.32));
#8119=CARTESIAN_POINT('',(14.4138603657614,-4.38025224208798,0.32));
#8120=CARTESIAN_POINT('Ctrl Pts',(14.4138603657614,-4.38025224208798,0.32));
#8121=CARTESIAN_POINT('Ctrl Pts',(14.2305558643466,-4.38144967999306,0.32));
#8122=CARTESIAN_POINT('Ctrl Pts',(13.7914345401133,-4.38431824303713,0.32));
#8123=CARTESIAN_POINT('Ctrl Pts',(13.352401345034,-4.39369655113053,0.32));
#8124=CARTESIAN_POINT('Ctrl Pts',(13.0966358631979,-4.39916002750361,0.32));
#8125=CARTESIAN_POINT('',(15.8130245655905,-4.43382370471921,0.32));
#8126=CARTESIAN_POINT('Ctrl Pts',(15.8130245655905,-4.43382370471921,0.32));
#8127=CARTESIAN_POINT('Ctrl Pts',(15.5410387054798,-4.41834791408171,0.32));
#8128=CARTESIAN_POINT('Ctrl Pts',(15.0749632902377,-4.39182857390484,0.32));
#8129=CARTESIAN_POINT('Ctrl Pts',(14.6082256808963,-4.38365570212179,0.32));
#8130=CARTESIAN_POINT('Ctrl Pts',(14.4138603657614,-4.38025224208798,0.32));
#8131=CARTESIAN_POINT('',(17.2121792286764,-4.48739516735045,0.32));
#8132=CARTESIAN_POINT('Ctrl Pts',(17.2121792286764,-4.48739516735045,0.32));
#8133=CARTESIAN_POINT('Ctrl Pts',(17.0178139169341,-4.48399119889101,0.32));
#8134=CARTESIAN_POINT('Ctrl Pts',(16.5510795229208,-4.47581716237228,0.32));
#8135=CARTESIAN_POINT('Ctrl Pts',(16.085007255219,-4.44929883085426,0.32));
#8136=CARTESIAN_POINT('Ctrl Pts',(15.8130245655905,-4.43382370471921,0.32));
#8137=CARTESIAN_POINT('',(17.4327736348044,-4.3046222925183,0.32));
#8138=CARTESIAN_POINT('Ctrl Pts',(17.4327736348044,-4.3046222925183,0.32));
#8139=CARTESIAN_POINT('Ctrl Pts',(17.413229352934,-4.35792350989767,0.32));
#8140=CARTESIAN_POINT('Ctrl Pts',(17.3749903582612,-4.46220899763966,0.32));
#8141=CARTESIAN_POINT('Ctrl Pts',(17.2656397785615,-4.47912505408687,0.32));
#8142=CARTESIAN_POINT('Ctrl Pts',(17.2121792286764,-4.48739516735045,0.32));
#8143=CARTESIAN_POINT('',(17.5273113697899,-3.05042016506164,0.32));
#8144=CARTESIAN_POINT('Ctrl Pts',(17.5273113697899,-3.05042016506164,0.32));
#8145=CARTESIAN_POINT('Ctrl Pts',(17.5276766926369,-3.30270782466351,0.32));
#8146=CARTESIAN_POINT('Ctrl Pts',(17.5282860888782,-3.72354969846094,0.32));
#8147=CARTESIAN_POINT('Ctrl Pts',(17.4600880791488,-4.13844841305563,0.32));
#8148=CARTESIAN_POINT('Ctrl Pts',(17.4327736348044,-4.3046222925183,0.32));
#8149=CARTESIAN_POINT('Ctrl Pts',(17.3949509114158,-2.93067324161498,0.32));
#8150=CARTESIAN_POINT('Ctrl Pts',(17.4335364586619,-2.93481517360775,0.32));
#8151=CARTESIAN_POINT('Ctrl Pts',(17.5077411179702,-2.94278060818982,0.32));
#8152=CARTESIAN_POINT('Ctrl Pts',(17.5209641556672,-3.01550945865718,0.32));
#8153=CARTESIAN_POINT('Ctrl Pts',(17.5273113697899,-3.05042016506164,0.32));
#8154=CARTESIAN_POINT('Ctrl Pts',(17.1050339192283,-2.96848762035338,0.));
#8155=CARTESIAN_POINT('Ctrl Pts',(17.1050339192283,-2.96848762035338,0.32));
#8156=CARTESIAN_POINT('Ctrl Pts',(17.1605253226488,-2.95755129987338,0.));
#8157=CARTESIAN_POINT('Ctrl Pts',(17.1605253226488,-2.95755129987338,0.32));
#8158=CARTESIAN_POINT('Ctrl Pts',(17.256390209314,-2.938658118971,0.));
#8159=CARTESIAN_POINT('Ctrl Pts',(17.256390209314,-2.938658118971,0.32));
#8160=CARTESIAN_POINT('Ctrl Pts',(17.3538892179415,-2.93303951561222,0.));
#8161=CARTESIAN_POINT('Ctrl Pts',(17.3538892179415,-2.93303951561222,0.32));
#8162=CARTESIAN_POINT('Ctrl Pts',(17.3949509114158,-2.93067324161498,0.));
#8163=CARTESIAN_POINT('Ctrl Pts',(17.3949509114158,-2.93067324161498,0.32));
#8164=CARTESIAN_POINT('',(17.1050339192283,-2.96848762035338,0.));
#8165=CARTESIAN_POINT('',(17.3949509114158,-2.93067324161498,0.));
#8166=CARTESIAN_POINT('Ctrl Pts',(17.1050339192283,-2.96848762035338,0.));
#8167=CARTESIAN_POINT('Ctrl Pts',(17.1605253226488,-2.95755129987338,0.));
#8168=CARTESIAN_POINT('Ctrl Pts',(17.256390209314,-2.938658118971,0.));
#8169=CARTESIAN_POINT('Ctrl Pts',(17.3538892179415,-2.93303951561222,0.));
#8170=CARTESIAN_POINT('Ctrl Pts',(17.3949509114158,-2.93067324161498,0.));
#8171=CARTESIAN_POINT('',(17.1050339192283,-2.96848762035338,0.));
#8172=CARTESIAN_POINT('',(17.3949509114158,-2.93067324161498,0.));
#8173=CARTESIAN_POINT('Ctrl Pts',(16.815126463784,-3.01260578632323,0.));
#8174=CARTESIAN_POINT('Ctrl Pts',(16.815126463784,-3.01260578632323,0.32));
#8175=CARTESIAN_POINT('Ctrl Pts',(16.8487522005289,-3.00797959236367,0.));
#8176=CARTESIAN_POINT('Ctrl Pts',(16.8487522005289,-3.00797959236367,0.32));
#8177=CARTESIAN_POINT('Ctrl Pts',(16.9455946797643,-2.99465610458802,0.));
#8178=CARTESIAN_POINT('Ctrl Pts',(16.9455946797643,-2.99465610458802,0.32));
#8179=CARTESIAN_POINT('Ctrl Pts',(17.0420620439725,-2.97882308438594,0.));
#8180=CARTESIAN_POINT('Ctrl Pts',(17.0420620439725,-2.97882308438594,0.32));
#8181=CARTESIAN_POINT('Ctrl Pts',(17.1050339192283,-2.96848762035338,0.));
#8182=CARTESIAN_POINT('Ctrl Pts',(17.1050339192283,-2.96848762035338,0.32));
#8183=CARTESIAN_POINT('',(16.815126463784,-3.01260578632323,0.));
#8184=CARTESIAN_POINT('Ctrl Pts',(16.815126463784,-3.01260578632323,0.));
#8185=CARTESIAN_POINT('Ctrl Pts',(16.8487522005289,-3.00797959236367,0.));
#8186=CARTESIAN_POINT('Ctrl Pts',(16.9455946797643,-2.99465610458802,0.));
#8187=CARTESIAN_POINT('Ctrl Pts',(17.0420620439725,-2.97882308438594,0.));
#8188=CARTESIAN_POINT('Ctrl Pts',(17.1050339192283,-2.96848762035338,0.));
#8189=CARTESIAN_POINT('',(16.815126463784,-3.01260578632323,0.));
#8190=CARTESIAN_POINT('Ctrl Pts',(13.3046226948631,-3.1260513067242,0.));
#8191=CARTESIAN_POINT('Ctrl Pts',(13.3046226948631,-3.1260513067242,0.32));
#8192=CARTESIAN_POINT('Ctrl Pts',(13.9850814822604,-3.12526690483183,0.));
#8193=CARTESIAN_POINT('Ctrl Pts',(13.9850814822604,-3.12526690483183,0.32));
#8194=CARTESIAN_POINT('Ctrl Pts',(15.1565574508313,-3.12391648070089,0.));
#8195=CARTESIAN_POINT('Ctrl Pts',(15.1565574508313,-3.12391648070089,0.32));
#8196=CARTESIAN_POINT('Ctrl Pts',(16.3252682760092,-3.04548138848508,0.));
#8197=CARTESIAN_POINT('Ctrl Pts',(16.3252682760092,-3.04548138848508,0.32));
#8198=CARTESIAN_POINT('Ctrl Pts',(16.815126463784,-3.01260578632323,0.));
#8199=CARTESIAN_POINT('Ctrl Pts',(16.815126463784,-3.01260578632323,0.32));
#8200=CARTESIAN_POINT('',(13.3046226948631,-3.1260513067242,0.));
#8201=CARTESIAN_POINT('Ctrl Pts',(13.3046226948631,-3.1260513067242,0.));
#8202=CARTESIAN_POINT('Ctrl Pts',(13.9850814822604,-3.12526690483183,0.));
#8203=CARTESIAN_POINT('Ctrl Pts',(15.1565574508313,-3.12391648070089,0.));
#8204=CARTESIAN_POINT('Ctrl Pts',(16.3252682760092,-3.04548138848508,0.));
#8205=CARTESIAN_POINT('Ctrl Pts',(16.815126463784,-3.01260578632323,0.));
#8206=CARTESIAN_POINT('',(13.3046226948631,-3.1260513067242,0.));
#8207=CARTESIAN_POINT('Ctrl Pts',(13.1911735981835,-1.72689127922023,0.));
#8208=CARTESIAN_POINT('Ctrl Pts',(13.1911735981835,-1.72689127922023,0.32));
#8209=CARTESIAN_POINT('Ctrl Pts',(13.1733544098474,-2.08032520067505,0.));
#8210=CARTESIAN_POINT('Ctrl Pts',(13.1733544098474,-2.08032520067505,0.32));
#8211=CARTESIAN_POINT('Ctrl Pts',(13.1494245220701,-2.55496152627729,0.));
#8212=CARTESIAN_POINT('Ctrl Pts',(13.1494245220701,-2.55496152627729,0.32));
#8213=CARTESIAN_POINT('Ctrl Pts',(13.2730530926828,-3.00988320465525,0.));
#8214=CARTESIAN_POINT('Ctrl Pts',(13.2730530926828,-3.00988320465525,0.32));
#8215=CARTESIAN_POINT('Ctrl Pts',(13.3046226948631,-3.1260513067242,0.));
#8216=CARTESIAN_POINT('Ctrl Pts',(13.3046226948631,-3.1260513067242,0.32));
#8217=CARTESIAN_POINT('',(13.1911735981835,-1.72689127922023,0.));
#8218=CARTESIAN_POINT('Ctrl Pts',(13.1911735981835,-1.72689127922023,0.));
#8219=CARTESIAN_POINT('Ctrl Pts',(13.1733544098474,-2.08032520067505,0.));
#8220=CARTESIAN_POINT('Ctrl Pts',(13.1494245220701,-2.55496152627729,0.));
#8221=CARTESIAN_POINT('Ctrl Pts',(13.2730530926828,-3.00988320465525,0.));
#8222=CARTESIAN_POINT('Ctrl Pts',(13.3046226948631,-3.1260513067242,0.));
#8223=CARTESIAN_POINT('',(13.1911735981835,-1.72689127922023,0.));
#8224=CARTESIAN_POINT('Ctrl Pts',(13.1974773854151,-0.731092572211867,0.));
#8225=CARTESIAN_POINT('Ctrl Pts',(13.1974773854151,-0.731092572211867,0.32));
#8226=CARTESIAN_POINT('Ctrl Pts',(13.1956559302262,-0.925419142989995,0.));
#8227=CARTESIAN_POINT('Ctrl Pts',(13.1956559302262,-0.925419142989995,0.32));
#8228=CARTESIAN_POINT('Ctrl Pts',(13.192544724507,-1.25734602326189,0.));
#8229=CARTESIAN_POINT('Ctrl Pts',(13.192544724507,-1.25734602326189,0.32));
#8230=CARTESIAN_POINT('Ctrl Pts',(13.1915754224241,-1.58928567522221,0.));
#8231=CARTESIAN_POINT('Ctrl Pts',(13.1915754224241,-1.58928567522221,0.32));
#8232=CARTESIAN_POINT('Ctrl Pts',(13.1911735981835,-1.72689127922023,0.));
#8233=CARTESIAN_POINT('Ctrl Pts',(13.1911735981835,-1.72689127922023,0.32));
#8234=CARTESIAN_POINT('',(13.1974773854151,-0.731092572211867,0.));
#8235=CARTESIAN_POINT('Ctrl Pts',(13.1974773854151,-0.731092572211867,0.));
#8236=CARTESIAN_POINT('Ctrl Pts',(13.1956559302262,-0.925419142989995,0.));
#8237=CARTESIAN_POINT('Ctrl Pts',(13.192544724507,-1.25734602326189,0.));
#8238=CARTESIAN_POINT('Ctrl Pts',(13.1915754224241,-1.58928567522221,0.));
#8239=CARTESIAN_POINT('Ctrl Pts',(13.1911735981835,-1.72689127922023,0.));
#8240=CARTESIAN_POINT('',(13.1974773854151,-0.731092572211867,0.));
#8241=CARTESIAN_POINT('Origin',(13.1974773854151,-0.233193516730909,0.));
#8242=CARTESIAN_POINT('',(13.1974773854152,0.264705538750047,0.));
#8243=CARTESIAN_POINT('',(13.1974773854151,-0.116596758365941,0.));
#8244=CARTESIAN_POINT('',(13.1974773854152,0.264705538750047,0.));
#8245=CARTESIAN_POINT('Ctrl Pts',(13.2478981465237,2.28151214122807,0.));
#8246=CARTESIAN_POINT('Ctrl Pts',(13.2478981465237,2.28151214122807,0.32));
#8247=CARTESIAN_POINT('Ctrl Pts',(13.2333319426973,1.88975163015699,0.));
#8248=CARTESIAN_POINT('Ctrl Pts',(13.2333319426973,1.88975163015699,0.32));
#8249=CARTESIAN_POINT('Ctrl Pts',(13.2083432176674,1.21767565172244,0.));
#8250=CARTESIAN_POINT('Ctrl Pts',(13.2083432176674,1.21767565172244,0.32));
#8251=CARTESIAN_POINT('Ctrl Pts',(13.2006755040664,0.545191324064338,0.));
#8252=CARTESIAN_POINT('Ctrl Pts',(13.2006755040664,0.545191324064338,0.32));
#8253=CARTESIAN_POINT('Ctrl Pts',(13.1974773854152,0.264705538750047,0.));
#8254=CARTESIAN_POINT('Ctrl Pts',(13.1974773854152,0.264705538750047,0.32));
#8255=CARTESIAN_POINT('',(13.2478981465237,2.28151214122807,0.));
#8256=CARTESIAN_POINT('Ctrl Pts',(13.2478981465237,2.28151214122807,0.));
#8257=CARTESIAN_POINT('Ctrl Pts',(13.2333319426973,1.88975163015699,0.));
#8258=CARTESIAN_POINT('Ctrl Pts',(13.2083432176674,1.21767565172244,0.));
#8259=CARTESIAN_POINT('Ctrl Pts',(13.2006755040664,0.545191324064338,0.));
#8260=CARTESIAN_POINT('Ctrl Pts',(13.1974773854152,0.264705538750047,0.));
#8261=CARTESIAN_POINT('',(13.2478981465237,2.28151214122807,0.));
#8262=CARTESIAN_POINT('Ctrl Pts',(13.2983189076323,4.29201614856755,0.));
#8263=CARTESIAN_POINT('Ctrl Pts',(13.2983189076323,4.29201614856755,0.32));
#8264=CARTESIAN_POINT('Ctrl Pts',(13.2951102419796,4.0131060978139,0.));
#8265=CARTESIAN_POINT('Ctrl Pts',(13.2951102419796,4.0131060978139,0.32));
#8266=CARTESIAN_POINT('Ctrl Pts',(13.2873979530952,3.34272310470715,0.));
#8267=CARTESIAN_POINT('Ctrl Pts',(13.2873979530952,3.34272310470715,0.32));
#8268=CARTESIAN_POINT('Ctrl Pts',(13.2624604849583,2.67274730266324,0.));
#8269=CARTESIAN_POINT('Ctrl Pts',(13.2624604849583,2.67274730266324,0.32));
#8270=CARTESIAN_POINT('Ctrl Pts',(13.2478981465237,2.28151214122807,0.));
#8271=CARTESIAN_POINT('Ctrl Pts',(13.2478981465237,2.28151214122807,0.32));
#8272=CARTESIAN_POINT('',(13.2983189076323,4.29201614856755,0.));
#8273=CARTESIAN_POINT('Ctrl Pts',(13.2983189076323,4.29201614856755,0.));
#8274=CARTESIAN_POINT('Ctrl Pts',(13.2951102419796,4.0131060978139,0.));
#8275=CARTESIAN_POINT('Ctrl Pts',(13.2873979530952,3.34272310470715,0.));
#8276=CARTESIAN_POINT('Ctrl Pts',(13.2624604849583,2.67274730266324,0.));
#8277=CARTESIAN_POINT('Ctrl Pts',(13.2478981465237,2.28151214122807,0.));
#8278=CARTESIAN_POINT('',(13.2983189076323,4.29201614856755,0.));
#8279=CARTESIAN_POINT('Ctrl Pts',(13.1470566243071,4.4117642641071,0.));
#8280=CARTESIAN_POINT('Ctrl Pts',(13.1470566243071,4.4117642641071,0.32));
#8281=CARTESIAN_POINT('Ctrl Pts',(13.1910569817042,4.40890543038116,0.));
#8282=CARTESIAN_POINT('Ctrl Pts',(13.1910569817042,4.40890543038116,0.32));
#8283=CARTESIAN_POINT('Ctrl Pts',(13.2716004151441,4.40367228461729,0.));
#8284=CARTESIAN_POINT('Ctrl Pts',(13.2716004151441,4.40367228461729,0.32));
#8285=CARTESIAN_POINT('Ctrl Pts',(13.2899799802268,4.32686438760333,0.));
#8286=CARTESIAN_POINT('Ctrl Pts',(13.2899799802268,4.32686438760333,0.32));
#8287=CARTESIAN_POINT('Ctrl Pts',(13.2983189076323,4.29201614856755,0.));
#8288=CARTESIAN_POINT('Ctrl Pts',(13.2983189076323,4.29201614856755,0.32));
#8289=CARTESIAN_POINT('',(13.1470566243071,4.4117642641071,0.));
#8290=CARTESIAN_POINT('Ctrl Pts',(13.1470566243071,4.4117642641071,0.));
#8291=CARTESIAN_POINT('Ctrl Pts',(13.1910569817042,4.40890543038116,0.));
#8292=CARTESIAN_POINT('Ctrl Pts',(13.2716004151441,4.40367228461729,0.));
#8293=CARTESIAN_POINT('Ctrl Pts',(13.2899799802268,4.32686438760333,0.));
#8294=CARTESIAN_POINT('Ctrl Pts',(13.2983189076323,4.29201614856755,0.));
#8295=CARTESIAN_POINT('',(13.1470566243071,4.4117642641071,0.));
#8296=CARTESIAN_POINT('Ctrl Pts',(12.7941112965483,4.39285647869146,0.));
#8297=CARTESIAN_POINT('Ctrl Pts',(12.7941112965483,4.39285647869146,0.32));
#8298=CARTESIAN_POINT('Ctrl Pts',(12.8634036653933,4.39830941854949,0.));
#8299=CARTESIAN_POINT('Ctrl Pts',(12.8634036653933,4.39830941854949,0.32));
#8300=CARTESIAN_POINT('Ctrl Pts',(12.9809037894136,4.4075560516243,0.));
#8301=CARTESIAN_POINT('Ctrl Pts',(12.9809037894136,4.4075560516243,0.32));
#8302=CARTESIAN_POINT('Ctrl Pts',(13.0987194225692,4.41054001045012,0.));
#8303=CARTESIAN_POINT('Ctrl Pts',(13.0987194225692,4.41054001045012,0.32));
#8304=CARTESIAN_POINT('Ctrl Pts',(13.1470566243071,4.4117642641071,0.));
#8305=CARTESIAN_POINT('Ctrl Pts',(13.1470566243071,4.4117642641071,0.32));
#8306=CARTESIAN_POINT('',(12.7941112965483,4.39285647869146,0.));
#8307=CARTESIAN_POINT('Ctrl Pts',(12.7941112965483,4.39285647869146,0.));
#8308=CARTESIAN_POINT('Ctrl Pts',(12.8634036653933,4.39830941854949,0.));
#8309=CARTESIAN_POINT('Ctrl Pts',(12.9809037894136,4.4075560516243,0.));
#8310=CARTESIAN_POINT('Ctrl Pts',(13.0987194225692,4.41054001045012,0.));
#8311=CARTESIAN_POINT('Ctrl Pts',(13.1470566243071,4.4117642641071,0.));
#8312=CARTESIAN_POINT('',(12.7941112965483,4.39285647869146,0.));
#8313=CARTESIAN_POINT('Ctrl Pts',(12.4411755055327,4.37394928932226,0.));
#8314=CARTESIAN_POINT('Ctrl Pts',(12.4411755055327,4.37394928932226,0.32));
#8315=CARTESIAN_POINT('Ctrl Pts',(12.489511117531,4.37517344626396,0.));
#8316=CARTESIAN_POINT('Ctrl Pts',(12.489511117531,4.37517344626396,0.32));
#8317=CARTESIAN_POINT('Ctrl Pts',(12.6073235713331,4.37815718697146,0.));
#8318=CARTESIAN_POINT('Ctrl Pts',(12.6073235713331,4.37815718697146,0.32));
#8319=CARTESIAN_POINT('Ctrl Pts',(12.7248205173092,4.38740362906567,0.));
#8320=CARTESIAN_POINT('Ctrl Pts',(12.7248205173092,4.38740362906567,0.32));
#8321=CARTESIAN_POINT('Ctrl Pts',(12.7941112965483,4.39285647869146,0.));
#8322=CARTESIAN_POINT('Ctrl Pts',(12.7941112965483,4.39285647869146,0.32));
#8323=CARTESIAN_POINT('',(12.4411755055327,4.37394928932226,0.));
#8324=CARTESIAN_POINT('Ctrl Pts',(12.4411755055327,4.37394928932226,0.));
#8325=CARTESIAN_POINT('Ctrl Pts',(12.489511117531,4.37517344626396,0.));
#8326=CARTESIAN_POINT('Ctrl Pts',(12.6073235713331,4.37815718697146,0.));
#8327=CARTESIAN_POINT('Ctrl Pts',(12.7248205173092,4.38740362906567,0.));
#8328=CARTESIAN_POINT('Ctrl Pts',(12.7941112965483,4.39285647869146,0.));
#8329=CARTESIAN_POINT('',(12.4411755055327,4.37394928932226,0.));
#8330=CARTESIAN_POINT('Ctrl Pts',(12.0882301777739,4.39285647869146,0.));
#8331=CARTESIAN_POINT('Ctrl Pts',(12.0882301777739,4.39285647869146,0.32));
#8332=CARTESIAN_POINT('Ctrl Pts',(12.1564695542646,4.38739087934929,0.));
#8333=CARTESIAN_POINT('Ctrl Pts',(12.1564695542646,4.38739087934929,0.32));
#8334=CARTESIAN_POINT('Ctrl Pts',(12.2739608749843,4.37798046972568,0.));
#8335=CARTESIAN_POINT('Ctrl Pts',(12.2739608749843,4.37798046972568,0.32));
#8336=CARTESIAN_POINT('Ctrl Pts',(12.391784331259,4.375140002917,0.));
#8337=CARTESIAN_POINT('Ctrl Pts',(12.391784331259,4.375140002917,0.32));
#8338=CARTESIAN_POINT('Ctrl Pts',(12.4411755055327,4.37394928932226,0.));
#8339=CARTESIAN_POINT('Ctrl Pts',(12.4411755055327,4.37394928932226,0.32));
#8340=CARTESIAN_POINT('',(12.0882301777739,4.39285647869146,0.));
#8341=CARTESIAN_POINT('Ctrl Pts',(12.0882301777739,4.39285647869146,0.));
#8342=CARTESIAN_POINT('Ctrl Pts',(12.1564695542646,4.38739087934929,0.));
#8343=CARTESIAN_POINT('Ctrl Pts',(12.2739608749843,4.37798046972568,0.));
#8344=CARTESIAN_POINT('Ctrl Pts',(12.391784331259,4.375140002917,0.));
#8345=CARTESIAN_POINT('Ctrl Pts',(12.4411755055327,4.37394928932226,0.));
#8346=CARTESIAN_POINT('',(12.0882301777739,4.39285647869146,0.));
#8347=CARTESIAN_POINT('Ctrl Pts',(11.7415886372466,4.41176426410712,0.));
#8348=CARTESIAN_POINT('Ctrl Pts',(11.7415886372466,4.41176426410712,0.32));
#8349=CARTESIAN_POINT('Ctrl Pts',(11.7894022079716,4.41055069606302,0.));
#8350=CARTESIAN_POINT('Ctrl Pts',(11.7894022079716,4.41055069606302,0.32));
#8351=CARTESIAN_POINT('Ctrl Pts',(11.9051222059183,4.407613578223,0.));
#8352=CARTESIAN_POINT('Ctrl Pts',(11.9051222059183,4.407613578223,0.32));
#8353=CARTESIAN_POINT('Ctrl Pts',(12.02051547847,4.39831376461544,0.));
#8354=CARTESIAN_POINT('Ctrl Pts',(12.02051547847,4.39831376461544,0.32));
#8355=CARTESIAN_POINT('Ctrl Pts',(12.0882301777739,4.39285647869146,0.));
#8356=CARTESIAN_POINT('Ctrl Pts',(12.0882301777739,4.39285647869146,0.32));
#8357=CARTESIAN_POINT('',(11.7415886372466,4.41176426410712,0.));
#8358=CARTESIAN_POINT('Ctrl Pts',(11.7415886372466,4.41176426410712,0.));
#8359=CARTESIAN_POINT('Ctrl Pts',(11.7894022079716,4.41055069606302,0.));
#8360=CARTESIAN_POINT('Ctrl Pts',(11.9051222059183,4.407613578223,0.));
#8361=CARTESIAN_POINT('Ctrl Pts',(12.02051547847,4.39831376461544,0.));
#8362=CARTESIAN_POINT('Ctrl Pts',(12.0882301777739,4.39285647869146,0.));
#8363=CARTESIAN_POINT('',(11.7415886372466,4.41176426410712,0.));
#8364=CARTESIAN_POINT('Ctrl Pts',(11.5840321034331,4.27310895919837,0.));
#8365=CARTESIAN_POINT('Ctrl Pts',(11.5840321034331,4.27310895919837,0.32));
#8366=CARTESIAN_POINT('Ctrl Pts',(11.5918372232164,4.31352158288571,0.));
#8367=CARTESIAN_POINT('Ctrl Pts',(11.5918372232164,4.31352158288571,0.32));
#8368=CARTESIAN_POINT('Ctrl Pts',(11.6082861129537,4.39868911515692,0.));
#8369=CARTESIAN_POINT('Ctrl Pts',(11.6082861129537,4.39868911515692,0.32));
#8370=CARTESIAN_POINT('Ctrl Pts',(11.6956693776524,4.40726021467474,0.));
#8371=CARTESIAN_POINT('Ctrl Pts',(11.6956693776524,4.40726021467474,0.32));
#8372=CARTESIAN_POINT('Ctrl Pts',(11.7415886372466,4.41176426410712,0.));
#8373=CARTESIAN_POINT('Ctrl Pts',(11.7415886372466,4.41176426410712,0.32));
#8374=CARTESIAN_POINT('',(11.5840321034331,4.27310895919837,0.));
#8375=CARTESIAN_POINT('Ctrl Pts',(11.5840321034331,4.27310895919837,0.));
#8376=CARTESIAN_POINT('Ctrl Pts',(11.5918372232164,4.31352158288571,0.));
#8377=CARTESIAN_POINT('Ctrl Pts',(11.6082861129537,4.39868911515692,0.));
#8378=CARTESIAN_POINT('Ctrl Pts',(11.6956693776524,4.40726021467474,0.));
#8379=CARTESIAN_POINT('Ctrl Pts',(11.7415886372466,4.41176426410712,0.));
#8380=CARTESIAN_POINT('',(11.5840321034331,4.27310895919837,0.));
#8381=CARTESIAN_POINT('Ctrl Pts',(11.6502075642483,2.08298277854956,0.));
#8382=CARTESIAN_POINT('Ctrl Pts',(11.6502075642483,2.08298277854956,0.32));
#8383=CARTESIAN_POINT('Ctrl Pts',(11.6310910932194,2.50859232791041,0.));
#8384=CARTESIAN_POINT('Ctrl Pts',(11.6310910932194,2.50859232791041,0.32));
#8385=CARTESIAN_POINT('Ctrl Pts',(11.5983145946251,3.23832904423172,0.));
#8386=CARTESIAN_POINT('Ctrl Pts',(11.5983145946251,3.23832904423172,0.32));
#8387=CARTESIAN_POINT('Ctrl Pts',(11.5882335207121,3.96871232724772,0.));
#8388=CARTESIAN_POINT('Ctrl Pts',(11.5882335207121,3.96871232724772,0.32));
#8389=CARTESIAN_POINT('Ctrl Pts',(11.5840321034331,4.27310895919837,0.));
#8390=CARTESIAN_POINT('Ctrl Pts',(11.5840321034331,4.27310895919837,0.32));
#8391=CARTESIAN_POINT('',(11.6502075642483,2.08298277854956,0.));
#8392=CARTESIAN_POINT('Ctrl Pts',(11.6502075642483,2.08298277854956,0.));
#8393=CARTESIAN_POINT('Ctrl Pts',(11.6310910932194,2.50859232791041,0.));
#8394=CARTESIAN_POINT('Ctrl Pts',(11.5983145946251,3.23832904423172,0.));
#8395=CARTESIAN_POINT('Ctrl Pts',(11.5882335207121,3.96871232724772,0.));
#8396=CARTESIAN_POINT('Ctrl Pts',(11.5840321034331,4.27310895919837,0.));
#8397=CARTESIAN_POINT('',(11.6502075642483,2.08298277854956,0.));
#8398=CARTESIAN_POINT('Ctrl Pts',(11.7163830250636,-0.107142806052795,0.));
#8399=CARTESIAN_POINT('Ctrl Pts',(11.7163830250636,-0.107142806052795,0.32));
#8400=CARTESIAN_POINT('Ctrl Pts',(11.712181605677,0.197253627163434,0.));
#8401=CARTESIAN_POINT('Ctrl Pts',(11.712181605677,0.197253627163434,0.32));
#8402=CARTESIAN_POINT('Ctrl Pts',(11.70210052287,0.927636711314782,0.));
#8403=CARTESIAN_POINT('Ctrl Pts',(11.70210052287,0.927636711314782,0.32));
#8404=CARTESIAN_POINT('Ctrl Pts',(11.6693240345083,1.65737322918203,0.));
#8405=CARTESIAN_POINT('Ctrl Pts',(11.6693240345083,1.65737322918203,0.32));
#8406=CARTESIAN_POINT('Ctrl Pts',(11.6502075642483,2.08298277854956,0.));
#8407=CARTESIAN_POINT('Ctrl Pts',(11.6502075642483,2.08298277854956,0.32));
#8408=CARTESIAN_POINT('',(11.7163830250636,-0.107142806052795,0.));
#8409=CARTESIAN_POINT('Ctrl Pts',(11.7163830250636,-0.107142806052795,0.));
#8410=CARTESIAN_POINT('Ctrl Pts',(11.712181605677,0.197253627163434,0.));
#8411=CARTESIAN_POINT('Ctrl Pts',(11.70210052287,0.927636711314782,0.));
#8412=CARTESIAN_POINT('Ctrl Pts',(11.6693240345083,1.65737322918203,0.));
#8413=CARTESIAN_POINT('Ctrl Pts',(11.6502075642483,2.08298277854956,0.));
#8414=CARTESIAN_POINT('',(11.7163830250636,-0.107142806052795,0.));
#8415=CARTESIAN_POINT('Ctrl Pts',(11.6691093891991,-2.18697535991632,0.));
#8416=CARTESIAN_POINT('Ctrl Pts',(11.6691093891991,-2.18697535991632,0.32));
#8417=CARTESIAN_POINT('Ctrl Pts',(11.6827672876725,-1.78260300831666,0.));
#8418=CARTESIAN_POINT('Ctrl Pts',(11.6827672876725,-1.78260300831666,0.32));
#8419=CARTESIAN_POINT('Ctrl Pts',(11.7061775783229,-1.08948947401863,0.));
#8420=CARTESIAN_POINT('Ctrl Pts',(11.7061775783229,-1.08948947401863,0.32));
#8421=CARTESIAN_POINT('Ctrl Pts',(11.713381834856,-0.396028660363247,0.));
#8422=CARTESIAN_POINT('Ctrl Pts',(11.713381834856,-0.396028660363247,0.32));
#8423=CARTESIAN_POINT('Ctrl Pts',(11.7163830250636,-0.107142806052795,0.));
#8424=CARTESIAN_POINT('Ctrl Pts',(11.7163830250636,-0.107142806052795,0.32));
#8425=CARTESIAN_POINT('',(11.6691093891991,-2.18697535991632,0.));
#8426=CARTESIAN_POINT('Ctrl Pts',(11.6691093891991,-2.18697535991632,0.));
#8427=CARTESIAN_POINT('Ctrl Pts',(11.6827672876725,-1.78260300831666,0.));
#8428=CARTESIAN_POINT('Ctrl Pts',(11.7061775783229,-1.08948947401863,0.));
#8429=CARTESIAN_POINT('Ctrl Pts',(11.713381834856,-0.396028660363247,0.));
#8430=CARTESIAN_POINT('Ctrl Pts',(11.7163830250636,-0.107142806052795,0.));
#8431=CARTESIAN_POINT('',(11.6691093891991,-2.18697535991632,0.));
#8432=CARTESIAN_POINT('Ctrl Pts',(11.6218452900778,-4.26050531864129,0.));
#8433=CARTESIAN_POINT('Ctrl Pts',(11.6218452900778,-4.26050531864129,0.32));
#8434=CARTESIAN_POINT('Ctrl Pts',(11.6248565282178,-3.97319537911969,0.));
#8435=CARTESIAN_POINT('Ctrl Pts',(11.6248565282178,-3.97319537911969,0.32));
#8436=CARTESIAN_POINT('Ctrl Pts',(11.6321025284589,-3.28183594678413,0.));
#8437=CARTESIAN_POINT('Ctrl Pts',(11.6321025284589,-3.28183594678413,0.32));
#8438=CARTESIAN_POINT('Ctrl Pts',(11.6554591413607,-2.59082259419511,0.));
#8439=CARTESIAN_POINT('Ctrl Pts',(11.6554591413607,-2.59082259419511,0.32));
#8440=CARTESIAN_POINT('Ctrl Pts',(11.6691093891991,-2.18697535991632,0.));
#8441=CARTESIAN_POINT('Ctrl Pts',(11.6691093891991,-2.18697535991632,0.32));
#8442=CARTESIAN_POINT('',(11.6218452900778,-4.26050531864129,0.));
#8443=CARTESIAN_POINT('Ctrl Pts',(11.6218452900778,-4.26050531864129,0.));
#8444=CARTESIAN_POINT('Ctrl Pts',(11.6248565282178,-3.97319537911969,0.));
#8445=CARTESIAN_POINT('Ctrl Pts',(11.6321025284589,-3.28183594678413,0.));
#8446=CARTESIAN_POINT('Ctrl Pts',(11.6554591413607,-2.59082259419511,0.));
#8447=CARTESIAN_POINT('Ctrl Pts',(11.6691093891991,-2.18697535991632,0.));
#8448=CARTESIAN_POINT('',(11.6218452900778,-4.26050531864129,0.));
#8449=CARTESIAN_POINT('Ctrl Pts',(11.7794113606345,-4.41806781291925,0.));
#8450=CARTESIAN_POINT('Ctrl Pts',(11.7794113606345,-4.41806781291925,0.32));
#8451=CARTESIAN_POINT('Ctrl Pts',(11.7334545900562,-4.41150305668566,0.));
#8452=CARTESIAN_POINT('Ctrl Pts',(11.7334545900562,-4.41150305668566,0.32));
#8453=CARTESIAN_POINT('Ctrl Pts',(11.6415417442903,-4.3983736435525,0.));
#8454=CARTESIAN_POINT('Ctrl Pts',(11.6415417442903,-4.3983736435525,0.32));
#8455=CARTESIAN_POINT('Ctrl Pts',(11.6284107417,-4.30646119514914,0.));
#8456=CARTESIAN_POINT('Ctrl Pts',(11.6284107417,-4.30646119514914,0.32));
#8457=CARTESIAN_POINT('Ctrl Pts',(11.6218452900778,-4.26050531864129,0.));
#8458=CARTESIAN_POINT('Ctrl Pts',(11.6218452900778,-4.26050531864129,0.32));
#8459=CARTESIAN_POINT('',(11.7794113606345,-4.41806781291925,0.));
#8460=CARTESIAN_POINT('Ctrl Pts',(11.7794113606345,-4.41806781291925,0.));
#8461=CARTESIAN_POINT('Ctrl Pts',(11.7334545900562,-4.41150305668566,0.));
#8462=CARTESIAN_POINT('Ctrl Pts',(11.6415417442903,-4.3983736435525,0.));
#8463=CARTESIAN_POINT('Ctrl Pts',(11.6284107417,-4.30646119514914,0.));
#8464=CARTESIAN_POINT('Ctrl Pts',(11.6218452900778,-4.26050531864129,0.));
#8465=CARTESIAN_POINT('',(11.7794113606345,-4.41806781291925,0.));
#8466=CARTESIAN_POINT('Ctrl Pts',(13.0966358631979,-4.39916002750361,0.));
#8467=CARTESIAN_POINT('Ctrl Pts',(13.0966358631979,-4.39916002750361,0.32));
#8468=CARTESIAN_POINT('Ctrl Pts',(12.8408672022836,-4.40462349396223,0.));
#8469=CARTESIAN_POINT('Ctrl Pts',(12.8408672022836,-4.40462349396223,0.32));
#8470=CARTESIAN_POINT('Ctrl Pts',(12.4018340052725,-4.41400166851073,0.));
#8471=CARTESIAN_POINT('Ctrl Pts',(12.4018340052725,-4.41400166851073,0.32));
#8472=CARTESIAN_POINT('Ctrl Pts',(11.962712682746,-4.41687034741507,0.));
#8473=CARTESIAN_POINT('Ctrl Pts',(11.962712682746,-4.41687034741507,0.32));
#8474=CARTESIAN_POINT('Ctrl Pts',(11.7794113606345,-4.41806781291925,0.));
#8475=CARTESIAN_POINT('Ctrl Pts',(11.7794113606345,-4.41806781291925,0.32));
#8476=CARTESIAN_POINT('',(13.0966358631979,-4.39916002750361,0.));
#8477=CARTESIAN_POINT('Ctrl Pts',(13.0966358631979,-4.39916002750361,0.));
#8478=CARTESIAN_POINT('Ctrl Pts',(12.8408672022836,-4.40462349396223,0.));
#8479=CARTESIAN_POINT('Ctrl Pts',(12.4018340052725,-4.41400166851073,0.));
#8480=CARTESIAN_POINT('Ctrl Pts',(11.962712682746,-4.41687034741507,0.));
#8481=CARTESIAN_POINT('Ctrl Pts',(11.7794113606345,-4.41806781291925,0.));
#8482=CARTESIAN_POINT('',(13.0966358631979,-4.39916002750361,0.));
#8483=CARTESIAN_POINT('Ctrl Pts',(14.4138603657614,-4.38025224208798,0.));
#8484=CARTESIAN_POINT('Ctrl Pts',(14.4138603657614,-4.38025224208798,0.32));
#8485=CARTESIAN_POINT('Ctrl Pts',(14.2305558643466,-4.38144967999306,0.));
#8486=CARTESIAN_POINT('Ctrl Pts',(14.2305558643466,-4.38144967999306,0.32));
#8487=CARTESIAN_POINT('Ctrl Pts',(13.7914345401133,-4.38431824303713,0.));
#8488=CARTESIAN_POINT('Ctrl Pts',(13.7914345401133,-4.38431824303713,0.32));
#8489=CARTESIAN_POINT('Ctrl Pts',(13.352401345034,-4.39369655113053,0.));
#8490=CARTESIAN_POINT('Ctrl Pts',(13.352401345034,-4.39369655113053,0.32));
#8491=CARTESIAN_POINT('Ctrl Pts',(13.0966358631979,-4.39916002750361,0.));
#8492=CARTESIAN_POINT('Ctrl Pts',(13.0966358631979,-4.39916002750361,0.32));
#8493=CARTESIAN_POINT('',(14.4138603657614,-4.38025224208798,0.));
#8494=CARTESIAN_POINT('Ctrl Pts',(14.4138603657614,-4.38025224208798,0.));
#8495=CARTESIAN_POINT('Ctrl Pts',(14.2305558643466,-4.38144967999306,0.));
#8496=CARTESIAN_POINT('Ctrl Pts',(13.7914345401133,-4.38431824303713,0.));
#8497=CARTESIAN_POINT('Ctrl Pts',(13.352401345034,-4.39369655113053,0.));
#8498=CARTESIAN_POINT('Ctrl Pts',(13.0966358631979,-4.39916002750361,0.));
#8499=CARTESIAN_POINT('',(14.4138603657614,-4.38025224208798,0.));
#8500=CARTESIAN_POINT('Ctrl Pts',(15.8130245655905,-4.43382370471921,0.));
#8501=CARTESIAN_POINT('Ctrl Pts',(15.8130245655905,-4.43382370471921,0.32));
#8502=CARTESIAN_POINT('Ctrl Pts',(15.5410387054798,-4.41834791408171,0.));
#8503=CARTESIAN_POINT('Ctrl Pts',(15.5410387054798,-4.41834791408171,0.32));
#8504=CARTESIAN_POINT('Ctrl Pts',(15.0749632902377,-4.39182857390484,0.));
#8505=CARTESIAN_POINT('Ctrl Pts',(15.0749632902377,-4.39182857390484,0.32));
#8506=CARTESIAN_POINT('Ctrl Pts',(14.6082256808963,-4.38365570212179,0.));
#8507=CARTESIAN_POINT('Ctrl Pts',(14.6082256808963,-4.38365570212179,0.32));
#8508=CARTESIAN_POINT('Ctrl Pts',(14.4138603657614,-4.38025224208798,0.));
#8509=CARTESIAN_POINT('Ctrl Pts',(14.4138603657614,-4.38025224208798,0.32));
#8510=CARTESIAN_POINT('',(15.8130245655905,-4.43382370471921,0.));
#8511=CARTESIAN_POINT('Ctrl Pts',(15.8130245655905,-4.43382370471921,0.));
#8512=CARTESIAN_POINT('Ctrl Pts',(15.5410387054798,-4.41834791408171,0.));
#8513=CARTESIAN_POINT('Ctrl Pts',(15.0749632902377,-4.39182857390484,0.));
#8514=CARTESIAN_POINT('Ctrl Pts',(14.6082256808963,-4.38365570212179,0.));
#8515=CARTESIAN_POINT('Ctrl Pts',(14.4138603657614,-4.38025224208798,0.));
#8516=CARTESIAN_POINT('',(15.8130245655905,-4.43382370471921,0.));
#8517=CARTESIAN_POINT('Ctrl Pts',(17.2121792286764,-4.48739516735045,0.));
#8518=CARTESIAN_POINT('Ctrl Pts',(17.2121792286764,-4.48739516735045,0.32));
#8519=CARTESIAN_POINT('Ctrl Pts',(17.0178139169341,-4.48399119889101,0.));
#8520=CARTESIAN_POINT('Ctrl Pts',(17.0178139169341,-4.48399119889101,0.32));
#8521=CARTESIAN_POINT('Ctrl Pts',(16.5510795229208,-4.47581716237228,0.));
#8522=CARTESIAN_POINT('Ctrl Pts',(16.5510795229208,-4.47581716237228,0.32));
#8523=CARTESIAN_POINT('Ctrl Pts',(16.085007255219,-4.44929883085426,0.));
#8524=CARTESIAN_POINT('Ctrl Pts',(16.085007255219,-4.44929883085426,0.32));
#8525=CARTESIAN_POINT('Ctrl Pts',(15.8130245655905,-4.43382370471921,0.));
#8526=CARTESIAN_POINT('Ctrl Pts',(15.8130245655905,-4.43382370471921,0.32));
#8527=CARTESIAN_POINT('',(17.2121792286764,-4.48739516735045,0.));
#8528=CARTESIAN_POINT('Ctrl Pts',(17.2121792286764,-4.48739516735045,0.));
#8529=CARTESIAN_POINT('Ctrl Pts',(17.0178139169341,-4.48399119889101,0.));
#8530=CARTESIAN_POINT('Ctrl Pts',(16.5510795229208,-4.47581716237228,0.));
#8531=CARTESIAN_POINT('Ctrl Pts',(16.085007255219,-4.44929883085426,0.));
#8532=CARTESIAN_POINT('Ctrl Pts',(15.8130245655905,-4.43382370471921,0.));
#8533=CARTESIAN_POINT('',(17.2121792286764,-4.48739516735045,0.));
#8534=CARTESIAN_POINT('Ctrl Pts',(17.4327736348044,-4.3046222925183,0.));
#8535=CARTESIAN_POINT('Ctrl Pts',(17.4327736348044,-4.3046222925183,0.32));
#8536=CARTESIAN_POINT('Ctrl Pts',(17.413229352934,-4.35792350989767,0.));
#8537=CARTESIAN_POINT('Ctrl Pts',(17.413229352934,-4.35792350989767,0.32));
#8538=CARTESIAN_POINT('Ctrl Pts',(17.3749903582612,-4.46220899763966,0.));
#8539=CARTESIAN_POINT('Ctrl Pts',(17.3749903582612,-4.46220899763966,0.32));
#8540=CARTESIAN_POINT('Ctrl Pts',(17.2656397785615,-4.47912505408687,0.));
#8541=CARTESIAN_POINT('Ctrl Pts',(17.2656397785615,-4.47912505408687,0.32));
#8542=CARTESIAN_POINT('Ctrl Pts',(17.2121792286764,-4.48739516735045,0.));
#8543=CARTESIAN_POINT('Ctrl Pts',(17.2121792286764,-4.48739516735045,0.32));
#8544=CARTESIAN_POINT('',(17.4327736348044,-4.3046222925183,0.));
#8545=CARTESIAN_POINT('Ctrl Pts',(17.4327736348044,-4.3046222925183,0.));
#8546=CARTESIAN_POINT('Ctrl Pts',(17.413229352934,-4.35792350989767,0.));
#8547=CARTESIAN_POINT('Ctrl Pts',(17.3749903582612,-4.46220899763966,0.));
#8548=CARTESIAN_POINT('Ctrl Pts',(17.2656397785615,-4.47912505408687,0.));
#8549=CARTESIAN_POINT('Ctrl Pts',(17.2121792286764,-4.48739516735045,0.));
#8550=CARTESIAN_POINT('',(17.4327736348044,-4.3046222925183,0.));
#8551=CARTESIAN_POINT('Ctrl Pts',(17.5273113697899,-3.05042016506164,0.));
#8552=CARTESIAN_POINT('Ctrl Pts',(17.5273113697899,-3.05042016506164,0.32));
#8553=CARTESIAN_POINT('Ctrl Pts',(17.5276766926369,-3.30270782466351,0.));
#8554=CARTESIAN_POINT('Ctrl Pts',(17.5276766926369,-3.30270782466351,0.32));
#8555=CARTESIAN_POINT('Ctrl Pts',(17.5282860888782,-3.72354969846094,0.));
#8556=CARTESIAN_POINT('Ctrl Pts',(17.5282860888782,-3.72354969846094,0.32));
#8557=CARTESIAN_POINT('Ctrl Pts',(17.4600880791488,-4.13844841305563,0.));
#8558=CARTESIAN_POINT('Ctrl Pts',(17.4600880791488,-4.13844841305563,0.32));
#8559=CARTESIAN_POINT('Ctrl Pts',(17.4327736348044,-4.3046222925183,0.));
#8560=CARTESIAN_POINT('Ctrl Pts',(17.4327736348044,-4.3046222925183,0.32));
#8561=CARTESIAN_POINT('',(17.5273113697899,-3.05042016506164,0.));
#8562=CARTESIAN_POINT('Ctrl Pts',(17.5273113697899,-3.05042016506164,0.));
#8563=CARTESIAN_POINT('Ctrl Pts',(17.5276766926369,-3.30270782466351,0.));
#8564=CARTESIAN_POINT('Ctrl Pts',(17.5282860888782,-3.72354969846094,0.));
#8565=CARTESIAN_POINT('Ctrl Pts',(17.4600880791488,-4.13844841305563,0.));
#8566=CARTESIAN_POINT('Ctrl Pts',(17.4327736348044,-4.3046222925183,0.));
#8567=CARTESIAN_POINT('',(17.5273113697899,-3.05042016506164,0.));
#8568=CARTESIAN_POINT('Ctrl Pts',(17.3949509114158,-2.93067324161498,0.));
#8569=CARTESIAN_POINT('Ctrl Pts',(17.3949509114158,-2.93067324161498,0.32));
#8570=CARTESIAN_POINT('Ctrl Pts',(17.4335364586619,-2.93481517360775,0.));
#8571=CARTESIAN_POINT('Ctrl Pts',(17.4335364586619,-2.93481517360775,0.32));
#8572=CARTESIAN_POINT('Ctrl Pts',(17.5077411179702,-2.94278060818982,0.));
#8573=CARTESIAN_POINT('Ctrl Pts',(17.5077411179702,-2.94278060818982,0.32));
#8574=CARTESIAN_POINT('Ctrl Pts',(17.5209641556672,-3.01550945865718,0.));
#8575=CARTESIAN_POINT('Ctrl Pts',(17.5209641556672,-3.01550945865718,0.32));
#8576=CARTESIAN_POINT('Ctrl Pts',(17.5273113697899,-3.05042016506164,0.));
#8577=CARTESIAN_POINT('Ctrl Pts',(17.5273113697899,-3.05042016506164,0.32));
#8578=CARTESIAN_POINT('Ctrl Pts',(17.3949509114158,-2.93067324161498,0.));
#8579=CARTESIAN_POINT('Ctrl Pts',(17.4335364586619,-2.93481517360775,0.));
#8580=CARTESIAN_POINT('Ctrl Pts',(17.5077411179702,-2.94278060818982,0.));
#8581=CARTESIAN_POINT('Ctrl Pts',(17.5209641556672,-3.01550945865718,0.));
#8582=CARTESIAN_POINT('Ctrl Pts',(17.5273113697899,-3.05042016506164,0.));
#8583=CARTESIAN_POINT('Origin',(1.08801856413265E-11,8.65973959207622E-14,
0.32));
#8584=CARTESIAN_POINT('',(-21.0504210740194,-0.107142806052477,0.32));
#8585=CARTESIAN_POINT('',(-20.9968496113883,-2.186975359916,0.32));
#8586=CARTESIAN_POINT('Ctrl Pts',(-21.0504210740194,-0.107142806052477,
0.32));
#8587=CARTESIAN_POINT('Ctrl Pts',(-21.0470184558327,-0.396034156192185,
0.32));
#8588=CARTESIAN_POINT('Ctrl Pts',(-21.0388501279627,-1.08954695642367,0.32));
#8589=CARTESIAN_POINT('Ctrl Pts',(-21.0123252328034,-1.78261398801429,0.32));
#8590=CARTESIAN_POINT('Ctrl Pts',(-20.9968496113883,-2.186975359916,0.32));
#8591=CARTESIAN_POINT('',(-21.0031522065265,2.07037758827278,0.32));
#8592=CARTESIAN_POINT('Ctrl Pts',(-21.0031522065265,2.07037758827278,0.32));
#8593=CARTESIAN_POINT('Ctrl Pts',(-21.0168065622619,1.64683338478458,0.32));
#8594=CARTESIAN_POINT('Ctrl Pts',(-21.0402013930449,0.92114956917985,0.32));
#8595=CARTESIAN_POINT('Ctrl Pts',(-21.0474168902634,0.195134658165185,0.32));
#8596=CARTESIAN_POINT('Ctrl Pts',(-21.0504210740194,-0.107142806052477,
0.32));
#8597=CARTESIAN_POINT('',(-20.9558833390336,4.24789857864448,0.32));
#8598=CARTESIAN_POINT('Ctrl Pts',(-20.9558833390336,4.24789857864448,0.32));
#8599=CARTESIAN_POINT('Ctrl Pts',(-20.9588875225728,3.94562101508637,0.32));
#8600=CARTESIAN_POINT('Ctrl Pts',(-20.9661030188735,3.21960590541699,0.32));
#8601=CARTESIAN_POINT('Ctrl Pts',(-20.9894978507113,2.49392189111036,0.32));
#8602=CARTESIAN_POINT('Ctrl Pts',(-21.0031522065265,2.07037758827278,0.32));
#8603=CARTESIAN_POINT('',(-21.113446429358,4.39915907383034,0.32));
#8604=CARTESIAN_POINT('Ctrl Pts',(-21.113446429358,4.39915907383034,0.32));
#8605=CARTESIAN_POINT('Ctrl Pts',(-21.0674941597062,4.39327836814804,0.32));
#8606=CARTESIAN_POINT('Ctrl Pts',(-20.9770656601346,4.38170585181095,0.32));
#8607=CARTESIAN_POINT('Ctrl Pts',(-20.9628668583444,4.29201299234016,0.32));
#8608=CARTESIAN_POINT('Ctrl Pts',(-20.9558833390336,4.24789857864448,0.32));
#8609=CARTESIAN_POINT('',(-21.7594546824556,4.42436945438454,0.32));
#8610=CARTESIAN_POINT('Ctrl Pts',(-21.7594546824556,4.42436945438454,0.32));
#8611=CARTESIAN_POINT('Ctrl Pts',(-21.6337030106048,4.41708841298415,0.32));
#8612=CARTESIAN_POINT('Ctrl Pts',(-21.4185160872134,4.40462905657975,0.32));
#8613=CARTESIAN_POINT('Ctrl Pts',(-21.2030130592129,4.40076502810214,0.32));
#8614=CARTESIAN_POINT('Ctrl Pts',(-21.113446429358,4.39915907383034,0.32));
#8615=CARTESIAN_POINT('',(-22.4054635315995,4.4495792388923,0.32));
#8616=CARTESIAN_POINT('Ctrl Pts',(-22.4054635315995,4.4495792388923,0.32));
#8617=CARTESIAN_POINT('Ctrl Pts',(-22.3158969033017,4.44797325342956,0.32));
#8618=CARTESIAN_POINT('Ctrl Pts',(-22.1003936905702,4.44410914652503,0.32));
#8619=CARTESIAN_POINT('Ctrl Pts',(-21.885206555959,4.43165023836633,0.32));
#8620=CARTESIAN_POINT('Ctrl Pts',(-21.7594546824556,4.42436945438454,0.32));
#8621=CARTESIAN_POINT('',(-22.6134467869859,4.2037810087211,0.32));
#8622=CARTESIAN_POINT('Ctrl Pts',(-22.6134467869859,4.2037810087211,0.32));
#8623=CARTESIAN_POINT('Ctrl Pts',(-22.5890244829395,4.27372070806925,0.32));
#8624=CARTESIAN_POINT('Ctrl Pts',(-22.550035401231,4.38537621147183,0.32));
#8625=CARTESIAN_POINT('Ctrl Pts',(-22.4447859569301,4.43211651424073,0.32));
#8626=CARTESIAN_POINT('Ctrl Pts',(-22.4054635315995,4.4495792388923,0.32));
#8627=CARTESIAN_POINT('',(-24.9894971400367,-1.85924398899006,0.32));
#8628=CARTESIAN_POINT('Ctrl Pts',(-24.9894971400367,-1.85924398899006,0.32));
#8629=CARTESIAN_POINT('Ctrl Pts',(-24.645661352621,-1.01482581398207,0.32));
#8630=CARTESIAN_POINT('Ctrl Pts',(-23.8270019583717,0.995700422512873,0.32));
#8631=CARTESIAN_POINT('Ctrl Pts',(-23.0589297528127,3.02612935525446,0.32));
#8632=CARTESIAN_POINT('Ctrl Pts',(-22.6134467869859,4.2037810087211,0.32));
#8633=CARTESIAN_POINT('',(-25.2605051547157,-2.36344563960956,0.32));
#8634=CARTESIAN_POINT('Ctrl Pts',(-25.2605051547157,-2.36344563960956,0.32));
#8635=CARTESIAN_POINT('Ctrl Pts',(-25.2258881966158,-2.32235912487422,0.32));
#8636=CARTESIAN_POINT('Ctrl Pts',(-25.1016619386817,-2.17491624550841,0.32));
#8637=CARTESIAN_POINT('Ctrl Pts',(-25.0365005906205,-1.99152867624658,0.32));
#8638=CARTESIAN_POINT('Ctrl Pts',(-24.9894971400367,-1.85924398899006,0.32));
#8639=CARTESIAN_POINT('',(-25.5693287402259,-1.74579846858905,0.32));
#8640=CARTESIAN_POINT('Ctrl Pts',(-25.5693287402259,-1.74579846858905,0.32));
#8641=CARTESIAN_POINT('Ctrl Pts',(-25.5095480846491,-1.90516712548656,0.32));
#8642=CARTESIAN_POINT('Ctrl Pts',(-25.4279259043708,-2.12276288649781,0.32));
#8643=CARTESIAN_POINT('Ctrl Pts',(-25.2958482196083,-2.31263672745695,0.32));
#8644=CARTESIAN_POINT('Ctrl Pts',(-25.2605051547157,-2.36344563960956,0.32));
#8645=CARTESIAN_POINT('',(-28.19117762147,4.241595983506,0.32));
#8646=CARTESIAN_POINT('Ctrl Pts',(-28.19117762147,4.241595983506,0.32));
#8647=CARTESIAN_POINT('Ctrl Pts',(-27.7139633890778,3.18580174933634,0.32));
#8648=CARTESIAN_POINT('Ctrl Pts',(-26.8165160111877,1.20027889035238,0.32));
#8649=CARTESIAN_POINT('Ctrl Pts',(-25.9670802593526,-0.806238891397294,
0.32));
#8650=CARTESIAN_POINT('Ctrl Pts',(-25.5693287402259,-1.74579846858905,0.32));
#8651=CARTESIAN_POINT('',(-28.3676481991868,4.49999940395431,0.32));
#8652=CARTESIAN_POINT('Ctrl Pts',(-28.3676481991868,4.49999940395431,0.32));
#8653=CARTESIAN_POINT('Ctrl Pts',(-28.3408885038968,4.47969815001282,0.32));
#8654=CARTESIAN_POINT('Ctrl Pts',(-28.255352689583,4.41480636897194,0.32));
#8655=CARTESIAN_POINT('Ctrl Pts',(-28.2173151788746,4.31214201526412,0.32));
#8656=CARTESIAN_POINT('Ctrl Pts',(-28.19117762147,4.241595983506,0.32));
#8657=CARTESIAN_POINT('',(-29.6596651524167,4.38655388355332,0.32));
#8658=CARTESIAN_POINT('Ctrl Pts',(-29.6596651524167,4.38655388355332,0.32));
#8659=CARTESIAN_POINT('Ctrl Pts',(-29.4095053584918,4.41933044892365,0.32));
#8660=CARTESIAN_POINT('Ctrl Pts',(-28.980357025569,4.47555854284281,0.32));
#8661=CARTESIAN_POINT('Ctrl Pts',(-28.5479823685636,4.49280590159623,0.32));
#8662=CARTESIAN_POINT('Ctrl Pts',(-28.3676481991868,4.49999940395431,0.32));
#8663=CARTESIAN_POINT('',(-29.8046231269699,4.24789857864457,0.32));
#8664=CARTESIAN_POINT('Ctrl Pts',(-29.8046231269699,4.24789857864457,0.32));
#8665=CARTESIAN_POINT('Ctrl Pts',(-29.7969882318577,4.28377054766023,0.32));
#8666=CARTESIAN_POINT('Ctrl Pts',(-29.7805056176433,4.36121284617442,0.32));
#8667=CARTESIAN_POINT('Ctrl Pts',(-29.701873933452,4.37770242559238,0.32));
#8668=CARTESIAN_POINT('Ctrl Pts',(-29.6596651524167,4.38655388355332,0.32));
#8669=CARTESIAN_POINT('',(-29.7384466230733,2.07037758827286,0.32));
#8670=CARTESIAN_POINT('Ctrl Pts',(-29.7384466230733,2.07037758827286,0.32));
#8671=CARTESIAN_POINT('Ctrl Pts',(-29.7575624216562,2.49388591229242,0.32));
#8672=CARTESIAN_POINT('Ctrl Pts',(-29.7903106886235,3.21942000901161,0.32));
#8673=CARTESIAN_POINT('Ctrl Pts',(-29.8004163402128,3.94560277677164,0.32));
#8674=CARTESIAN_POINT('Ctrl Pts',(-29.8046231269699,4.24789857864457,0.32));
#8675=CARTESIAN_POINT('',(-29.6722701936826,-0.107142806052394,0.32));
#8676=CARTESIAN_POINT('Ctrl Pts',(-29.6722701936826,-0.107142806052394,
0.32));
#8677=CARTESIAN_POINT('Ctrl Pts',(-29.6764769862341,0.195152796941921,0.32));
#8678=CARTESIAN_POINT('Ctrl Pts',(-29.6865826556056,0.921335364520425,0.32));
#8679=CARTESIAN_POINT('Ctrl Pts',(-29.719330857351,1.64686926396349,0.32));
#8680=CARTESIAN_POINT('Ctrl Pts',(-29.7384466230733,2.07037758827286,0.32));
#8681=CARTESIAN_POINT('',(-29.7384466230737,-2.20273184776229,0.32));
#8682=CARTESIAN_POINT('Ctrl Pts',(-29.7384466230737,-2.20273184776229,0.32));
#8683=CARTESIAN_POINT('Ctrl Pts',(-29.7193285224323,-1.79550789402325,0.32));
#8684=CARTESIAN_POINT('Ctrl Pts',(-29.6865493640289,-1.09729740043923,0.32));
#8685=CARTESIAN_POINT('Ctrl Pts',(-29.6764706170872,-0.398411026230403,
0.32));
#8686=CARTESIAN_POINT('Ctrl Pts',(-29.6722701936826,-0.107142806052394,
0.32));
#8687=CARTESIAN_POINT('',(-29.8046231269706,-4.2983196973793,0.32));
#8688=CARTESIAN_POINT('Ctrl Pts',(-29.8046231269706,-4.2983196973793,0.32));
#8689=CARTESIAN_POINT('Ctrl Pts',(-29.8004226767068,-4.00705147717946,0.32));
#8690=CARTESIAN_POINT('Ctrl Pts',(-29.7903438710524,-3.30816550059532,0.32));
#8691=CARTESIAN_POINT('Ctrl Pts',(-29.7575647147288,-2.60995540424383,0.32));
#8692=CARTESIAN_POINT('Ctrl Pts',(-29.7384466230737,-2.20273184776229,0.32));
#8693=CARTESIAN_POINT('',(-29.647060111152,-4.41806781291885,0.32));
#8694=CARTESIAN_POINT('Ctrl Pts',(-29.647060111152,-4.41806781291885,0.32));
#8695=CARTESIAN_POINT('Ctrl Pts',(-29.6928431223274,-4.41563509851317,0.32));
#8696=CARTESIAN_POINT('Ctrl Pts',(-29.7754573568036,-4.41124532961932,0.32));
#8697=CARTESIAN_POINT('Ctrl Pts',(-29.795629808901,-4.33314052066406,0.32));
#8698=CARTESIAN_POINT('Ctrl Pts',(-29.8046231269706,-4.2983196973793,0.32));
#8699=CARTESIAN_POINT('',(-29.3098751455415,-4.3991600275032,0.32));
#8700=CARTESIAN_POINT('Ctrl Pts',(-29.3098751455415,-4.3991600275032,0.32));
#8701=CARTESIAN_POINT('Ctrl Pts',(-29.3752248579208,-4.40462390293638,0.32));
#8702=CARTESIAN_POINT('Ctrl Pts',(-29.4874569028583,-4.41400760013754,0.32));
#8703=CARTESIAN_POINT('Ctrl Pts',(-29.6000337468074,-4.41687148956412,0.32));
#8704=CARTESIAN_POINT('Ctrl Pts',(-29.647060111152,-4.41806781291885,0.32));
#8705=CARTESIAN_POINT('',(-28.9726903289426,-4.38025224208755,0.32));
#8706=CARTESIAN_POINT('Ctrl Pts',(-28.9726903289426,-4.38025224208755,0.32));
#8707=CARTESIAN_POINT('Ctrl Pts',(-29.0197166435716,-4.38144856642295,0.32));
#8708=CARTESIAN_POINT('Ctrl Pts',(-29.1322934376939,-4.38431245995728,0.32));
#8709=CARTESIAN_POINT('Ctrl Pts',(-29.2445254331568,-4.39369615242001,0.32));
#8710=CARTESIAN_POINT('Ctrl Pts',(-29.3098751455415,-4.3991600275032,0.32));
#8711=CARTESIAN_POINT('',(-28.64495925604,-4.39916002750321,0.32));
#8712=CARTESIAN_POINT('Ctrl Pts',(-28.64495925604,-4.39916002750321,0.32));
#8713=CARTESIAN_POINT('Ctrl Pts',(-28.708995261417,-4.39370359196993,0.32));
#8714=CARTESIAN_POINT('Ctrl Pts',(-28.818076457177,-4.38440890675254,0.32));
#8715=CARTESIAN_POINT('Ctrl Pts',(-28.9275026653386,-4.38146707464075,0.32));
#8716=CARTESIAN_POINT('Ctrl Pts',(-28.9726903289426,-4.38025224208755,0.32));
#8717=CARTESIAN_POINT('',(-28.3172280341257,-4.41806781291886,0.32));
#8718=CARTESIAN_POINT('Ctrl Pts',(-28.3172280341257,-4.41806781291886,0.32));
#8719=CARTESIAN_POINT('Ctrl Pts',(-28.3624157545255,-4.41685351779268,0.32));
#8720=CARTESIAN_POINT('Ctrl Pts',(-28.4718420785877,-4.41391298769271,0.32));
#8721=CARTESIAN_POINT('Ctrl Pts',(-28.5809232650358,-4.40461714296617,0.32));
#8722=CARTESIAN_POINT('Ctrl Pts',(-28.64495925604,-4.39916002750321,0.32));
#8723=CARTESIAN_POINT('',(-28.1596649438012,-4.21008455753251,0.32));
#8724=CARTESIAN_POINT('Ctrl Pts',(-28.1596649438012,-4.21008455753251,0.32));
#8725=CARTESIAN_POINT('Ctrl Pts',(-28.1628210064939,-4.27051274243665,0.32));
#8726=CARTESIAN_POINT('Ctrl Pts',(-28.1685097256489,-4.37943294030181,0.32));
#8727=CARTESIAN_POINT('Ctrl Pts',(-28.2714142430332,-4.40616605044528,0.32));
#8728=CARTESIAN_POINT('Ctrl Pts',(-28.3172280341257,-4.41806781291886,0.32));
#8729=CARTESIAN_POINT('',(-28.1880263239013,-1.77100884914323,0.32));
#8730=CARTESIAN_POINT('Ctrl Pts',(-28.1880263239013,-1.77100884914323,0.32));
#8731=CARTESIAN_POINT('Ctrl Pts',(-28.1798331224748,-2.2452613796541,0.32));
#8732=CARTESIAN_POINT('Ctrl Pts',(-28.1657881428605,-3.05823628120716,0.32));
#8733=CARTESIAN_POINT('Ctrl Pts',(-28.1614658202582,-3.87131777521774,0.32));
#8734=CARTESIAN_POINT('Ctrl Pts',(-28.1596649438012,-4.21008455753251,0.32));
#8735=CARTESIAN_POINT('',(-28.2163877040013,0.668066859246055,0.32));
#8736=CARTESIAN_POINT('Ctrl Pts',(-28.2163877040013,0.668066859246055,0.32));
#8737=CARTESIAN_POINT('Ctrl Pts',(-28.2145868935588,0.329300275446657,0.32));
#8738=CARTESIAN_POINT('Ctrl Pts',(-28.2102647268577,-0.483781220160009,
0.32));
#8739=CARTESIAN_POINT('Ctrl Pts',(-28.196219609261,-1.29675612030153,0.32));
#8740=CARTESIAN_POINT('Ctrl Pts',(-28.1880263239013,-1.77100884914323,0.32));
#8741=CARTESIAN_POINT('',(-28.1659675389393,0.806722164154806,0.32));
#8742=CARTESIAN_POINT('Ctrl Pts',(-28.1659675389393,0.806722164154806,0.32));
#8743=CARTESIAN_POINT('Ctrl Pts',(-28.1806061021224,0.789679481779604,0.32));
#8744=CARTESIAN_POINT('Ctrl Pts',(-28.2144462781983,0.750281668949753,0.32));
#8745=CARTESIAN_POINT('Ctrl Pts',(-28.2156848900983,0.697829372552715,0.32));
#8746=CARTESIAN_POINT('Ctrl Pts',(-28.2163877040013,0.668066859246055,0.32));
#8747=CARTESIAN_POINT('',(-28.0840346962079,0.718487024308004,0.32));
#8748=CARTESIAN_POINT('Ctrl Pts',(-28.0840346962079,0.718487024308004,0.32));
#8749=CARTESIAN_POINT('Ctrl Pts',(-28.0932300768119,0.733896646430093,0.32));
#8750=CARTESIAN_POINT('Ctrl Pts',(-28.1141861547869,0.769014849434621,0.32));
#8751=CARTESIAN_POINT('Ctrl Pts',(-28.1473536877261,0.7931675178791,0.32));
#8752=CARTESIAN_POINT('Ctrl Pts',(-28.1659675389393,0.806722164154806,0.32));
#8753=CARTESIAN_POINT('',(-26.4768920093643,-3.00000059604571,0.32));
#8754=CARTESIAN_POINT('Ctrl Pts',(-26.4768920093643,-3.00000059604571,0.32));
#8755=CARTESIAN_POINT('Ctrl Pts',(-26.6971896298424,-2.48179136349483,0.32));
#8756=CARTESIAN_POINT('Ctrl Pts',(-27.2254778411429,-1.23909147436479,0.32));
#8757=CARTESIAN_POINT('Ctrl Pts',(-27.7678393886444,-0.00246364053844483,
0.32));
#8758=CARTESIAN_POINT('Ctrl Pts',(-28.0840346962079,0.718487024308004,0.32));
#8759=CARTESIAN_POINT('',(-25.8655474334825,-4.43067300319598,0.32));
#8760=CARTESIAN_POINT('Ctrl Pts',(-25.8655474334825,-4.43067300319598,0.32));
#8761=CARTESIAN_POINT('Ctrl Pts',(-25.9520036621957,-4.22627930158677,0.32));
#8762=CARTESIAN_POINT('Ctrl Pts',(-26.1540385055182,-3.7486428132117,0.32));
#8763=CARTESIAN_POINT('Ctrl Pts',(-26.3594065572702,-3.27242932391359,0.32));
#8764=CARTESIAN_POINT('Ctrl Pts',(-26.4768920093643,-3.00000059604571,0.32));
#8765=CARTESIAN_POINT('',(-25.2100849896539,-4.53781592845844,0.32));
#8766=CARTESIAN_POINT('Ctrl Pts',(-25.2100849896539,-4.53781592845844,0.32));
#8767=CARTESIAN_POINT('Ctrl Pts',(-25.36731616715,-4.54585935551142,0.32));
#8768=CARTESIAN_POINT('Ctrl Pts',(-25.5966214986354,-4.55758985792217,0.32));
#8769=CARTESIAN_POINT('Ctrl Pts',(-25.8012344653674,-4.46102485317994,0.32));
#8770=CARTESIAN_POINT('Ctrl Pts',(-25.8655474334825,-4.43067300319598,0.32));
#8771=CARTESIAN_POINT('',(-24.7563035040964,-4.45588338375019,0.32));
#8772=CARTESIAN_POINT('Ctrl Pts',(-24.7563035040964,-4.45588338375019,0.32));
#8773=CARTESIAN_POINT('Ctrl Pts',(-24.8007835751726,-4.47911807802228,0.32));
#8774=CARTESIAN_POINT('Ctrl Pts',(-24.9406102319533,-4.55215819560255,0.32));
#8775=CARTESIAN_POINT('Ctrl Pts',(-25.1008314971699,-4.54363073200072,0.32));
#8776=CARTESIAN_POINT('Ctrl Pts',(-25.2100849896539,-4.53781592845844,0.32));
#8777=CARTESIAN_POINT('',(-24.1953790932762,-3.02521097659993,0.32));
#8778=CARTESIAN_POINT('Ctrl Pts',(-24.1953790932762,-3.02521097659993,0.32));
#8779=CARTESIAN_POINT('Ctrl Pts',(-24.272963647197,-3.24069324420445,0.32));
#8780=CARTESIAN_POINT('Ctrl Pts',(-24.4465481369319,-3.72280440652781,0.32));
#8781=CARTESIAN_POINT('Ctrl Pts',(-24.6459985586036,-4.19483145311012,0.32));
#8782=CARTESIAN_POINT('Ctrl Pts',(-24.7563035040964,-4.45588338375019,0.32));
#8783=CARTESIAN_POINT('',(-22.6764715462788,0.642856478691801,0.32));
#8784=CARTESIAN_POINT('Ctrl Pts',(-22.6764715462788,0.642856478691801,0.32));
#8785=CARTESIAN_POINT('Ctrl Pts',(-22.8580044366579,0.223266860683353,0.32));
#8786=CARTESIAN_POINT('Ctrl Pts',(-23.3835222896453,-0.991399168878299,
0.32));
#8787=CARTESIAN_POINT('Ctrl Pts',(-23.8741995326914,-2.22061245652248,0.32));
#8788=CARTESIAN_POINT('Ctrl Pts',(-24.1953790932762,-3.02521097659993,0.32));
#8789=CARTESIAN_POINT('',(-22.588236406432,0.7121844291694,0.32));
#8790=CARTESIAN_POINT('Ctrl Pts',(-22.588236406432,0.7121844291694,0.32));
#8791=CARTESIAN_POINT('Ctrl Pts',(-22.6064833085775,0.708355251199911,0.32));
#8792=CARTESIAN_POINT('Ctrl Pts',(-22.6467336246365,0.699908577770655,0.32));
#8793=CARTESIAN_POINT('Ctrl Pts',(-22.6659607576223,0.663021390115146,0.32));
#8794=CARTESIAN_POINT('Ctrl Pts',(-22.6764715462788,0.642856478691801,0.32));
#8795=CARTESIAN_POINT('',(-22.5378162413701,0.592436313629849,0.32));
#8796=CARTESIAN_POINT('Ctrl Pts',(-22.5378162413701,0.592436313629849,0.32));
#8797=CARTESIAN_POINT('Ctrl Pts',(-22.5356528668148,0.626020277460629,0.32));
#8798=CARTESIAN_POINT('Ctrl Pts',(-22.5323389855359,0.677464567927567,0.32));
#8799=CARTESIAN_POINT('Ctrl Pts',(-22.5738312161712,0.703236857009544,0.32));
#8800=CARTESIAN_POINT('Ctrl Pts',(-22.588236406432,0.7121844291694,0.32));
#8801=CARTESIAN_POINT('',(-22.5882364064323,-1.80882382392813,0.32));
#8802=CARTESIAN_POINT('Ctrl Pts',(-22.5882364064323,-1.80882382392813,0.32));
#8803=CARTESIAN_POINT('Ctrl Pts',(-22.5736709220655,-1.34195084211105,0.32));
#8804=CARTESIAN_POINT('Ctrl Pts',(-22.5487044894399,-0.541692330154491,
0.32));
#8805=CARTESIAN_POINT('Ctrl Pts',(-22.541018290885,0.258908270333893,0.32));
#8806=CARTESIAN_POINT('Ctrl Pts',(-22.5378162413701,0.592436313629849,0.32));
#8807=CARTESIAN_POINT('',(-22.6386565714944,-4.21008455753256,0.32));
#8808=CARTESIAN_POINT('Ctrl Pts',(-22.6386565714944,-4.21008455753256,0.32));
#8809=CARTESIAN_POINT('Ctrl Pts',(-22.6354545209343,-3.87655651426304,0.32));
#8810=CARTESIAN_POINT('Ctrl Pts',(-22.6277683179637,-3.07595571523229,0.32));
#8811=CARTESIAN_POINT('Ctrl Pts',(-22.6028018904165,-2.27569700444619,0.32));
#8812=CARTESIAN_POINT('Ctrl Pts',(-22.5882364064323,-1.80882382392813,0.32));
#8813=CARTESIAN_POINT('',(-22.48109348117,-4.41806781291892,0.32));
#8814=CARTESIAN_POINT('Ctrl Pts',(-22.48109348117,-4.41806781291892,0.32));
#8815=CARTESIAN_POINT('Ctrl Pts',(-22.5269072010995,-4.40616603466082,0.32));
#8816=CARTESIAN_POINT('Ctrl Pts',(-22.6298116319007,-4.37943287003115,0.32));
#8817=CARTESIAN_POINT('Ctrl Pts',(-22.6355004513539,-4.270512739566,0.32));
#8818=CARTESIAN_POINT('Ctrl Pts',(-22.6386565714944,-4.21008455753256,0.32));
#8819=CARTESIAN_POINT('',(-22.1344549208749,-4.39916002750327,0.32));
#8820=CARTESIAN_POINT('Ctrl Pts',(-22.1344549208749,-4.39916002750327,0.32));
#8821=CARTESIAN_POINT('Ctrl Pts',(-22.2021694180777,-4.40461747839442,0.32));
#8822=CARTESIAN_POINT('Ctrl Pts',(-22.3175616853168,-4.41391751985807,0.32));
#8823=CARTESIAN_POINT('Ctrl Pts',(-22.4332807039941,-4.41685436671234,0.32));
#8824=CARTESIAN_POINT('Ctrl Pts',(-22.48109348117,-4.41806781291892,0.32));
#8825=CARTESIAN_POINT('',(-21.7878163605798,-4.38025224208763,0.32));
#8826=CARTESIAN_POINT('Ctrl Pts',(-21.7878163605798,-4.38025224208763,0.32));
#8827=CARTESIAN_POINT('Ctrl Pts',(-21.8356289387347,-4.3814656946585,0.32));
#8828=CARTESIAN_POINT('Ctrl Pts',(-21.9513479558828,-4.38440256910194,0.32));
#8829=CARTESIAN_POINT('Ctrl Pts',(-22.0667402248368,-4.39370257912066,0.32));
#8830=CARTESIAN_POINT('Ctrl Pts',(-22.1344549208749,-4.39916002750327,0.32));
#8831=CARTESIAN_POINT('',(-21.444329097854,-4.39916002750328,0.32));
#8832=CARTESIAN_POINT('Ctrl Pts',(-21.444329097854,-4.39916002750328,0.32));
#8833=CARTESIAN_POINT('Ctrl Pts',(-21.511255356652,-4.39370110173815,0.32));
#8834=CARTESIAN_POINT('Ctrl Pts',(-21.6255943302918,-4.3843748973399,0.32));
#8835=CARTESIAN_POINT('Ctrl Pts',(-21.7402657789735,-4.38146067632224,0.32));
#8836=CARTESIAN_POINT('Ctrl Pts',(-21.7878163605798,-4.38025224208763,0.32));
#8837=CARTESIAN_POINT('',(-21.1008412390817,-4.41806781291893,0.32));
#8838=CARTESIAN_POINT('Ctrl Pts',(-21.1008412390817,-4.41806781291893,0.32));
#8839=CARTESIAN_POINT('Ctrl Pts',(-21.1483920263563,-4.41685991996819,0.32));
#8840=CARTESIAN_POINT('Ctrl Pts',(-21.2630637373204,-4.41394701022976,0.32));
#8841=CARTESIAN_POINT('Ctrl Pts',(-21.3774028527115,-4.4046196322946,0.32));
#8842=CARTESIAN_POINT('Ctrl Pts',(-21.444329097854,-4.39916002750328,0.32));
#8843=CARTESIAN_POINT('',(-20.9432781487573,-4.26050531864098,0.32));
#8844=CARTESIAN_POINT('Ctrl Pts',(-20.9432781487573,-4.26050531864098,0.32));
#8845=CARTESIAN_POINT('Ctrl Pts',(-20.9498433321584,-4.30646119515039,0.32));
#8846=CARTESIAN_POINT('Ctrl Pts',(-20.9629736890266,-4.39837287863062,0.32));
#8847=CARTESIAN_POINT('Ctrl Pts',(-21.0548854122429,-4.41150283813412,0.32));
#8848=CARTESIAN_POINT('Ctrl Pts',(-21.1008412390817,-4.41806781291893,0.32));
#8849=CARTESIAN_POINT('Ctrl Pts',(-20.9968496113883,-2.186975359916,0.32));
#8850=CARTESIAN_POINT('Ctrl Pts',(-20.9813780081722,-2.5908113809148,0.32));
#8851=CARTESIAN_POINT('Ctrl Pts',(-20.95490596223,-3.28177828018557,0.32));
#8852=CARTESIAN_POINT('Ctrl Pts',(-20.9466916155614,-3.97318971421722,0.32));
#8853=CARTESIAN_POINT('Ctrl Pts',(-20.9432781487573,-4.26050531864098,0.32));
#8854=CARTESIAN_POINT('Ctrl Pts',(-21.0504210740194,-0.107142806052477,
0.));
#8855=CARTESIAN_POINT('Ctrl Pts',(-21.0504210740194,-0.107142806052477,
0.32));
#8856=CARTESIAN_POINT('Ctrl Pts',(-21.0470184558327,-0.396034156192185,
0.));
#8857=CARTESIAN_POINT('Ctrl Pts',(-21.0470184558327,-0.396034156192185,
0.32));
#8858=CARTESIAN_POINT('Ctrl Pts',(-21.0388501279627,-1.08954695642367,0.));
#8859=CARTESIAN_POINT('Ctrl Pts',(-21.0388501279627,-1.08954695642367,0.32));
#8860=CARTESIAN_POINT('Ctrl Pts',(-21.0123252328034,-1.78261398801429,0.));
#8861=CARTESIAN_POINT('Ctrl Pts',(-21.0123252328034,-1.78261398801429,0.32));
#8862=CARTESIAN_POINT('Ctrl Pts',(-20.9968496113883,-2.186975359916,0.));
#8863=CARTESIAN_POINT('Ctrl Pts',(-20.9968496113883,-2.186975359916,0.32));
#8864=CARTESIAN_POINT('',(-21.0504210740194,-0.107142806052477,0.));
#8865=CARTESIAN_POINT('',(-20.9968496113883,-2.186975359916,0.));
#8866=CARTESIAN_POINT('Ctrl Pts',(-21.0504210740194,-0.107142806052477,
0.));
#8867=CARTESIAN_POINT('Ctrl Pts',(-21.0470184558327,-0.396034156192185,
0.));
#8868=CARTESIAN_POINT('Ctrl Pts',(-21.0388501279627,-1.08954695642367,0.));
#8869=CARTESIAN_POINT('Ctrl Pts',(-21.0123252328034,-1.78261398801429,0.));
#8870=CARTESIAN_POINT('Ctrl Pts',(-20.9968496113883,-2.186975359916,0.));
#8871=CARTESIAN_POINT('',(-21.0504210740194,-0.107142806052477,0.));
#8872=CARTESIAN_POINT('',(-20.9968496113883,-2.186975359916,0.));
#8873=CARTESIAN_POINT('Ctrl Pts',(-21.0031522065265,2.07037758827278,0.));
#8874=CARTESIAN_POINT('Ctrl Pts',(-21.0031522065265,2.07037758827278,0.32));
#8875=CARTESIAN_POINT('Ctrl Pts',(-21.0168065622619,1.64683338478458,0.));
#8876=CARTESIAN_POINT('Ctrl Pts',(-21.0168065622619,1.64683338478458,0.32));
#8877=CARTESIAN_POINT('Ctrl Pts',(-21.0402013930449,0.92114956917985,0.));
#8878=CARTESIAN_POINT('Ctrl Pts',(-21.0402013930449,0.92114956917985,0.32));
#8879=CARTESIAN_POINT('Ctrl Pts',(-21.0474168902634,0.195134658165185,0.));
#8880=CARTESIAN_POINT('Ctrl Pts',(-21.0474168902634,0.195134658165185,0.32));
#8881=CARTESIAN_POINT('Ctrl Pts',(-21.0504210740194,-0.107142806052477,
0.));
#8882=CARTESIAN_POINT('Ctrl Pts',(-21.0504210740194,-0.107142806052477,
0.32));
#8883=CARTESIAN_POINT('',(-21.0031522065265,2.07037758827278,0.));
#8884=CARTESIAN_POINT('Ctrl Pts',(-21.0031522065265,2.07037758827278,0.));
#8885=CARTESIAN_POINT('Ctrl Pts',(-21.0168065622619,1.64683338478458,0.));
#8886=CARTESIAN_POINT('Ctrl Pts',(-21.0402013930449,0.92114956917985,0.));
#8887=CARTESIAN_POINT('Ctrl Pts',(-21.0474168902634,0.195134658165185,0.));
#8888=CARTESIAN_POINT('Ctrl Pts',(-21.0504210740194,-0.107142806052477,
0.));
#8889=CARTESIAN_POINT('',(-21.0031522065265,2.07037758827278,0.));
#8890=CARTESIAN_POINT('Ctrl Pts',(-20.9558833390336,4.24789857864448,0.));
#8891=CARTESIAN_POINT('Ctrl Pts',(-20.9558833390336,4.24789857864448,0.32));
#8892=CARTESIAN_POINT('Ctrl Pts',(-20.9588875225728,3.94562101508637,0.));
#8893=CARTESIAN_POINT('Ctrl Pts',(-20.9588875225728,3.94562101508637,0.32));
#8894=CARTESIAN_POINT('Ctrl Pts',(-20.9661030188735,3.21960590541699,0.));
#8895=CARTESIAN_POINT('Ctrl Pts',(-20.9661030188735,3.21960590541699,0.32));
#8896=CARTESIAN_POINT('Ctrl Pts',(-20.9894978507113,2.49392189111036,0.));
#8897=CARTESIAN_POINT('Ctrl Pts',(-20.9894978507113,2.49392189111036,0.32));
#8898=CARTESIAN_POINT('Ctrl Pts',(-21.0031522065265,2.07037758827278,0.));
#8899=CARTESIAN_POINT('Ctrl Pts',(-21.0031522065265,2.07037758827278,0.32));
#8900=CARTESIAN_POINT('',(-20.9558833390336,4.24789857864448,0.));
#8901=CARTESIAN_POINT('Ctrl Pts',(-20.9558833390336,4.24789857864448,0.));
#8902=CARTESIAN_POINT('Ctrl Pts',(-20.9588875225728,3.94562101508637,0.));
#8903=CARTESIAN_POINT('Ctrl Pts',(-20.9661030188735,3.21960590541699,0.));
#8904=CARTESIAN_POINT('Ctrl Pts',(-20.9894978507113,2.49392189111036,0.));
#8905=CARTESIAN_POINT('Ctrl Pts',(-21.0031522065265,2.07037758827278,0.));
#8906=CARTESIAN_POINT('',(-20.9558833390336,4.24789857864448,0.));
#8907=CARTESIAN_POINT('Ctrl Pts',(-21.113446429358,4.39915907383034,0.));
#8908=CARTESIAN_POINT('Ctrl Pts',(-21.113446429358,4.39915907383034,0.32));
#8909=CARTESIAN_POINT('Ctrl Pts',(-21.0674941597062,4.39327836814804,0.));
#8910=CARTESIAN_POINT('Ctrl Pts',(-21.0674941597062,4.39327836814804,0.32));
#8911=CARTESIAN_POINT('Ctrl Pts',(-20.9770656601346,4.38170585181095,0.));
#8912=CARTESIAN_POINT('Ctrl Pts',(-20.9770656601346,4.38170585181095,0.32));
#8913=CARTESIAN_POINT('Ctrl Pts',(-20.9628668583444,4.29201299234016,0.));
#8914=CARTESIAN_POINT('Ctrl Pts',(-20.9628668583444,4.29201299234016,0.32));
#8915=CARTESIAN_POINT('Ctrl Pts',(-20.9558833390336,4.24789857864448,0.));
#8916=CARTESIAN_POINT('Ctrl Pts',(-20.9558833390336,4.24789857864448,0.32));
#8917=CARTESIAN_POINT('',(-21.113446429358,4.39915907383034,0.));
#8918=CARTESIAN_POINT('Ctrl Pts',(-21.113446429358,4.39915907383034,0.));
#8919=CARTESIAN_POINT('Ctrl Pts',(-21.0674941597062,4.39327836814804,0.));
#8920=CARTESIAN_POINT('Ctrl Pts',(-20.9770656601346,4.38170585181095,0.));
#8921=CARTESIAN_POINT('Ctrl Pts',(-20.9628668583444,4.29201299234016,0.));
#8922=CARTESIAN_POINT('Ctrl Pts',(-20.9558833390336,4.24789857864448,0.));
#8923=CARTESIAN_POINT('',(-21.113446429358,4.39915907383034,0.));
#8924=CARTESIAN_POINT('Ctrl Pts',(-21.7594546824556,4.42436945438454,0.));
#8925=CARTESIAN_POINT('Ctrl Pts',(-21.7594546824556,4.42436945438454,0.32));
#8926=CARTESIAN_POINT('Ctrl Pts',(-21.6337030106048,4.41708841298415,0.));
#8927=CARTESIAN_POINT('Ctrl Pts',(-21.6337030106048,4.41708841298415,0.32));
#8928=CARTESIAN_POINT('Ctrl Pts',(-21.4185160872134,4.40462905657975,0.));
#8929=CARTESIAN_POINT('Ctrl Pts',(-21.4185160872134,4.40462905657975,0.32));
#8930=CARTESIAN_POINT('Ctrl Pts',(-21.2030130592129,4.40076502810214,0.));
#8931=CARTESIAN_POINT('Ctrl Pts',(-21.2030130592129,4.40076502810214,0.32));
#8932=CARTESIAN_POINT('Ctrl Pts',(-21.113446429358,4.39915907383034,0.));
#8933=CARTESIAN_POINT('Ctrl Pts',(-21.113446429358,4.39915907383034,0.32));
#8934=CARTESIAN_POINT('',(-21.7594546824556,4.42436945438454,0.));
#8935=CARTESIAN_POINT('Ctrl Pts',(-21.7594546824556,4.42436945438454,0.));
#8936=CARTESIAN_POINT('Ctrl Pts',(-21.6337030106048,4.41708841298415,0.));
#8937=CARTESIAN_POINT('Ctrl Pts',(-21.4185160872134,4.40462905657975,0.));
#8938=CARTESIAN_POINT('Ctrl Pts',(-21.2030130592129,4.40076502810214,0.));
#8939=CARTESIAN_POINT('Ctrl Pts',(-21.113446429358,4.39915907383034,0.));
#8940=CARTESIAN_POINT('',(-21.7594546824556,4.42436945438454,0.));
#8941=CARTESIAN_POINT('Ctrl Pts',(-22.4054635315995,4.4495792388923,0.));
#8942=CARTESIAN_POINT('Ctrl Pts',(-22.4054635315995,4.4495792388923,0.32));
#8943=CARTESIAN_POINT('Ctrl Pts',(-22.3158969033017,4.44797325342956,0.));
#8944=CARTESIAN_POINT('Ctrl Pts',(-22.3158969033017,4.44797325342956,0.32));
#8945=CARTESIAN_POINT('Ctrl Pts',(-22.1003936905702,4.44410914652503,0.));
#8946=CARTESIAN_POINT('Ctrl Pts',(-22.1003936905702,4.44410914652503,0.32));
#8947=CARTESIAN_POINT('Ctrl Pts',(-21.885206555959,4.43165023836633,0.));
#8948=CARTESIAN_POINT('Ctrl Pts',(-21.885206555959,4.43165023836633,0.32));
#8949=CARTESIAN_POINT('Ctrl Pts',(-21.7594546824556,4.42436945438454,0.));
#8950=CARTESIAN_POINT('Ctrl Pts',(-21.7594546824556,4.42436945438454,0.32));
#8951=CARTESIAN_POINT('',(-22.4054635315995,4.4495792388923,0.));
#8952=CARTESIAN_POINT('Ctrl Pts',(-22.4054635315995,4.4495792388923,0.));
#8953=CARTESIAN_POINT('Ctrl Pts',(-22.3158969033017,4.44797325342956,0.));
#8954=CARTESIAN_POINT('Ctrl Pts',(-22.1003936905702,4.44410914652503,0.));
#8955=CARTESIAN_POINT('Ctrl Pts',(-21.885206555959,4.43165023836633,0.));
#8956=CARTESIAN_POINT('Ctrl Pts',(-21.7594546824556,4.42436945438454,0.));
#8957=CARTESIAN_POINT('',(-22.4054635315995,4.4495792388923,0.));
#8958=CARTESIAN_POINT('Ctrl Pts',(-22.6134467869859,4.2037810087211,0.));
#8959=CARTESIAN_POINT('Ctrl Pts',(-22.6134467869859,4.2037810087211,0.32));
#8960=CARTESIAN_POINT('Ctrl Pts',(-22.5890244829395,4.27372070806925,0.));
#8961=CARTESIAN_POINT('Ctrl Pts',(-22.5890244829395,4.27372070806925,0.32));
#8962=CARTESIAN_POINT('Ctrl Pts',(-22.550035401231,4.38537621147183,0.));
#8963=CARTESIAN_POINT('Ctrl Pts',(-22.550035401231,4.38537621147183,0.32));
#8964=CARTESIAN_POINT('Ctrl Pts',(-22.4447859569301,4.43211651424073,0.));
#8965=CARTESIAN_POINT('Ctrl Pts',(-22.4447859569301,4.43211651424073,0.32));
#8966=CARTESIAN_POINT('Ctrl Pts',(-22.4054635315995,4.4495792388923,0.));
#8967=CARTESIAN_POINT('Ctrl Pts',(-22.4054635315995,4.4495792388923,0.32));
#8968=CARTESIAN_POINT('',(-22.6134467869859,4.2037810087211,0.));
#8969=CARTESIAN_POINT('Ctrl Pts',(-22.6134467869859,4.2037810087211,0.));
#8970=CARTESIAN_POINT('Ctrl Pts',(-22.5890244829395,4.27372070806925,0.));
#8971=CARTESIAN_POINT('Ctrl Pts',(-22.550035401231,4.38537621147183,0.));
#8972=CARTESIAN_POINT('Ctrl Pts',(-22.4447859569301,4.43211651424073,0.));
#8973=CARTESIAN_POINT('Ctrl Pts',(-22.4054635315995,4.4495792388923,0.));
#8974=CARTESIAN_POINT('',(-22.6134467869859,4.2037810087211,0.));
#8975=CARTESIAN_POINT('Ctrl Pts',(-24.9894971400367,-1.85924398899006,0.));
#8976=CARTESIAN_POINT('Ctrl Pts',(-24.9894971400367,-1.85924398899006,0.32));
#8977=CARTESIAN_POINT('Ctrl Pts',(-24.645661352621,-1.01482581398207,0.));
#8978=CARTESIAN_POINT('Ctrl Pts',(-24.645661352621,-1.01482581398207,0.32));
#8979=CARTESIAN_POINT('Ctrl Pts',(-23.8270019583717,0.995700422512873,0.));
#8980=CARTESIAN_POINT('Ctrl Pts',(-23.8270019583717,0.995700422512873,0.32));
#8981=CARTESIAN_POINT('Ctrl Pts',(-23.0589297528127,3.02612935525446,0.));
#8982=CARTESIAN_POINT('Ctrl Pts',(-23.0589297528127,3.02612935525446,0.32));
#8983=CARTESIAN_POINT('Ctrl Pts',(-22.6134467869859,4.2037810087211,0.));
#8984=CARTESIAN_POINT('Ctrl Pts',(-22.6134467869859,4.2037810087211,0.32));
#8985=CARTESIAN_POINT('',(-24.9894971400367,-1.85924398899006,0.));
#8986=CARTESIAN_POINT('Ctrl Pts',(-24.9894971400367,-1.85924398899006,0.));
#8987=CARTESIAN_POINT('Ctrl Pts',(-24.645661352621,-1.01482581398207,0.));
#8988=CARTESIAN_POINT('Ctrl Pts',(-23.8270019583717,0.995700422512873,0.));
#8989=CARTESIAN_POINT('Ctrl Pts',(-23.0589297528127,3.02612935525446,0.));
#8990=CARTESIAN_POINT('Ctrl Pts',(-22.6134467869859,4.2037810087211,0.));
#8991=CARTESIAN_POINT('',(-24.9894971400367,-1.85924398899006,0.));
#8992=CARTESIAN_POINT('Ctrl Pts',(-25.2605051547157,-2.36344563960956,0.));
#8993=CARTESIAN_POINT('Ctrl Pts',(-25.2605051547157,-2.36344563960956,0.32));
#8994=CARTESIAN_POINT('Ctrl Pts',(-25.2258881966158,-2.32235912487422,0.));
#8995=CARTESIAN_POINT('Ctrl Pts',(-25.2258881966158,-2.32235912487422,0.32));
#8996=CARTESIAN_POINT('Ctrl Pts',(-25.1016619386817,-2.17491624550841,0.));
#8997=CARTESIAN_POINT('Ctrl Pts',(-25.1016619386817,-2.17491624550841,0.32));
#8998=CARTESIAN_POINT('Ctrl Pts',(-25.0365005906205,-1.99152867624658,0.));
#8999=CARTESIAN_POINT('Ctrl Pts',(-25.0365005906205,-1.99152867624658,0.32));
#9000=CARTESIAN_POINT('Ctrl Pts',(-24.9894971400367,-1.85924398899006,0.));
#9001=CARTESIAN_POINT('Ctrl Pts',(-24.9894971400367,-1.85924398899006,0.32));
#9002=CARTESIAN_POINT('',(-25.2605051547157,-2.36344563960956,0.));
#9003=CARTESIAN_POINT('Ctrl Pts',(-25.2605051547157,-2.36344563960956,0.));
#9004=CARTESIAN_POINT('Ctrl Pts',(-25.2258881966158,-2.32235912487422,0.));
#9005=CARTESIAN_POINT('Ctrl Pts',(-25.1016619386817,-2.17491624550841,0.));
#9006=CARTESIAN_POINT('Ctrl Pts',(-25.0365005906205,-1.99152867624658,0.));
#9007=CARTESIAN_POINT('Ctrl Pts',(-24.9894971400367,-1.85924398899006,0.));
#9008=CARTESIAN_POINT('',(-25.2605051547157,-2.36344563960956,0.));
#9009=CARTESIAN_POINT('Ctrl Pts',(-25.5693287402259,-1.74579846858905,0.));
#9010=CARTESIAN_POINT('Ctrl Pts',(-25.5693287402259,-1.74579846858905,0.32));
#9011=CARTESIAN_POINT('Ctrl Pts',(-25.5095480846491,-1.90516712548656,0.));
#9012=CARTESIAN_POINT('Ctrl Pts',(-25.5095480846491,-1.90516712548656,0.32));
#9013=CARTESIAN_POINT('Ctrl Pts',(-25.4279259043708,-2.12276288649781,0.));
#9014=CARTESIAN_POINT('Ctrl Pts',(-25.4279259043708,-2.12276288649781,0.32));
#9015=CARTESIAN_POINT('Ctrl Pts',(-25.2958482196083,-2.31263672745695,0.));
#9016=CARTESIAN_POINT('Ctrl Pts',(-25.2958482196083,-2.31263672745695,0.32));
#9017=CARTESIAN_POINT('Ctrl Pts',(-25.2605051547157,-2.36344563960956,0.));
#9018=CARTESIAN_POINT('Ctrl Pts',(-25.2605051547157,-2.36344563960956,0.32));
#9019=CARTESIAN_POINT('',(-25.5693287402259,-1.74579846858905,0.));
#9020=CARTESIAN_POINT('Ctrl Pts',(-25.5693287402259,-1.74579846858905,0.));
#9021=CARTESIAN_POINT('Ctrl Pts',(-25.5095480846491,-1.90516712548656,0.));
#9022=CARTESIAN_POINT('Ctrl Pts',(-25.4279259043708,-2.12276288649781,0.));
#9023=CARTESIAN_POINT('Ctrl Pts',(-25.2958482196083,-2.31263672745695,0.));
#9024=CARTESIAN_POINT('Ctrl Pts',(-25.2605051547157,-2.36344563960956,0.));
#9025=CARTESIAN_POINT('',(-25.5693287402259,-1.74579846858905,0.));
#9026=CARTESIAN_POINT('Ctrl Pts',(-28.19117762147,4.241595983506,0.));
#9027=CARTESIAN_POINT('Ctrl Pts',(-28.19117762147,4.241595983506,0.32));
#9028=CARTESIAN_POINT('Ctrl Pts',(-27.7139633890778,3.18580174933634,0.));
#9029=CARTESIAN_POINT('Ctrl Pts',(-27.7139633890778,3.18580174933634,0.32));
#9030=CARTESIAN_POINT('Ctrl Pts',(-26.8165160111877,1.20027889035238,0.));
#9031=CARTESIAN_POINT('Ctrl Pts',(-26.8165160111877,1.20027889035238,0.32));
#9032=CARTESIAN_POINT('Ctrl Pts',(-25.9670802593526,-0.806238891397294,
0.));
#9033=CARTESIAN_POINT('Ctrl Pts',(-25.9670802593526,-0.806238891397294,
0.32));
#9034=CARTESIAN_POINT('Ctrl Pts',(-25.5693287402259,-1.74579846858905,0.));
#9035=CARTESIAN_POINT('Ctrl Pts',(-25.5693287402259,-1.74579846858905,0.32));
#9036=CARTESIAN_POINT('',(-28.19117762147,4.241595983506,0.));
#9037=CARTESIAN_POINT('Ctrl Pts',(-28.19117762147,4.241595983506,0.));
#9038=CARTESIAN_POINT('Ctrl Pts',(-27.7139633890778,3.18580174933634,0.));
#9039=CARTESIAN_POINT('Ctrl Pts',(-26.8165160111877,1.20027889035238,0.));
#9040=CARTESIAN_POINT('Ctrl Pts',(-25.9670802593526,-0.806238891397294,
0.));
#9041=CARTESIAN_POINT('Ctrl Pts',(-25.5693287402259,-1.74579846858905,0.));
#9042=CARTESIAN_POINT('',(-28.19117762147,4.241595983506,0.));
#9043=CARTESIAN_POINT('Ctrl Pts',(-28.3676481991868,4.49999940395431,0.));
#9044=CARTESIAN_POINT('Ctrl Pts',(-28.3676481991868,4.49999940395431,0.32));
#9045=CARTESIAN_POINT('Ctrl Pts',(-28.3408885038968,4.47969815001282,0.));
#9046=CARTESIAN_POINT('Ctrl Pts',(-28.3408885038968,4.47969815001282,0.32));
#9047=CARTESIAN_POINT('Ctrl Pts',(-28.255352689583,4.41480636897194,0.));
#9048=CARTESIAN_POINT('Ctrl Pts',(-28.255352689583,4.41480636897194,0.32));
#9049=CARTESIAN_POINT('Ctrl Pts',(-28.2173151788746,4.31214201526412,0.));
#9050=CARTESIAN_POINT('Ctrl Pts',(-28.2173151788746,4.31214201526412,0.32));
#9051=CARTESIAN_POINT('Ctrl Pts',(-28.19117762147,4.241595983506,0.));
#9052=CARTESIAN_POINT('Ctrl Pts',(-28.19117762147,4.241595983506,0.32));
#9053=CARTESIAN_POINT('',(-28.3676481991868,4.49999940395431,0.));
#9054=CARTESIAN_POINT('Ctrl Pts',(-28.3676481991868,4.49999940395431,0.));
#9055=CARTESIAN_POINT('Ctrl Pts',(-28.3408885038968,4.47969815001282,0.));
#9056=CARTESIAN_POINT('Ctrl Pts',(-28.255352689583,4.41480636897194,0.));
#9057=CARTESIAN_POINT('Ctrl Pts',(-28.2173151788746,4.31214201526412,0.));
#9058=CARTESIAN_POINT('Ctrl Pts',(-28.19117762147,4.241595983506,0.));
#9059=CARTESIAN_POINT('',(-28.3676481991868,4.49999940395431,0.));
#9060=CARTESIAN_POINT('Ctrl Pts',(-29.6596651524167,4.38655388355332,0.));
#9061=CARTESIAN_POINT('Ctrl Pts',(-29.6596651524167,4.38655388355332,0.32));
#9062=CARTESIAN_POINT('Ctrl Pts',(-29.4095053584918,4.41933044892365,0.));
#9063=CARTESIAN_POINT('Ctrl Pts',(-29.4095053584918,4.41933044892365,0.32));
#9064=CARTESIAN_POINT('Ctrl Pts',(-28.980357025569,4.47555854284281,0.));
#9065=CARTESIAN_POINT('Ctrl Pts',(-28.980357025569,4.47555854284281,0.32));
#9066=CARTESIAN_POINT('Ctrl Pts',(-28.5479823685636,4.49280590159623,0.));
#9067=CARTESIAN_POINT('Ctrl Pts',(-28.5479823685636,4.49280590159623,0.32));
#9068=CARTESIAN_POINT('Ctrl Pts',(-28.3676481991868,4.49999940395431,0.));
#9069=CARTESIAN_POINT('Ctrl Pts',(-28.3676481991868,4.49999940395431,0.32));
#9070=CARTESIAN_POINT('',(-29.6596651524167,4.38655388355332,0.));
#9071=CARTESIAN_POINT('Ctrl Pts',(-29.6596651524167,4.38655388355332,0.));
#9072=CARTESIAN_POINT('Ctrl Pts',(-29.4095053584918,4.41933044892365,0.));
#9073=CARTESIAN_POINT('Ctrl Pts',(-28.980357025569,4.47555854284281,0.));
#9074=CARTESIAN_POINT('Ctrl Pts',(-28.5479823685636,4.49280590159623,0.));
#9075=CARTESIAN_POINT('Ctrl Pts',(-28.3676481991868,4.49999940395431,0.));
#9076=CARTESIAN_POINT('',(-29.6596651524167,4.38655388355332,0.));
#9077=CARTESIAN_POINT('Ctrl Pts',(-29.8046231269699,4.24789857864457,0.));
#9078=CARTESIAN_POINT('Ctrl Pts',(-29.8046231269699,4.24789857864457,0.32));
#9079=CARTESIAN_POINT('Ctrl Pts',(-29.7969882318577,4.28377054766023,0.));
#9080=CARTESIAN_POINT('Ctrl Pts',(-29.7969882318577,4.28377054766023,0.32));
#9081=CARTESIAN_POINT('Ctrl Pts',(-29.7805056176433,4.36121284617442,0.));
#9082=CARTESIAN_POINT('Ctrl Pts',(-29.7805056176433,4.36121284617442,0.32));
#9083=CARTESIAN_POINT('Ctrl Pts',(-29.701873933452,4.37770242559238,0.));
#9084=CARTESIAN_POINT('Ctrl Pts',(-29.701873933452,4.37770242559238,0.32));
#9085=CARTESIAN_POINT('Ctrl Pts',(-29.6596651524167,4.38655388355332,0.));
#9086=CARTESIAN_POINT('Ctrl Pts',(-29.6596651524167,4.38655388355332,0.32));
#9087=CARTESIAN_POINT('',(-29.8046231269699,4.24789857864457,0.));
#9088=CARTESIAN_POINT('Ctrl Pts',(-29.8046231269699,4.24789857864457,0.));
#9089=CARTESIAN_POINT('Ctrl Pts',(-29.7969882318577,4.28377054766023,0.));
#9090=CARTESIAN_POINT('Ctrl Pts',(-29.7805056176433,4.36121284617442,0.));
#9091=CARTESIAN_POINT('Ctrl Pts',(-29.701873933452,4.37770242559238,0.));
#9092=CARTESIAN_POINT('Ctrl Pts',(-29.6596651524167,4.38655388355332,0.));
#9093=CARTESIAN_POINT('',(-29.8046231269699,4.24789857864457,0.));
#9094=CARTESIAN_POINT('Ctrl Pts',(-29.7384466230733,2.07037758827286,0.));
#9095=CARTESIAN_POINT('Ctrl Pts',(-29.7384466230733,2.07037758827286,0.32));
#9096=CARTESIAN_POINT('Ctrl Pts',(-29.7575624216562,2.49388591229242,0.));
#9097=CARTESIAN_POINT('Ctrl Pts',(-29.7575624216562,2.49388591229242,0.32));
#9098=CARTESIAN_POINT('Ctrl Pts',(-29.7903106886235,3.21942000901161,0.));
#9099=CARTESIAN_POINT('Ctrl Pts',(-29.7903106886235,3.21942000901161,0.32));
#9100=CARTESIAN_POINT('Ctrl Pts',(-29.8004163402128,3.94560277677164,0.));
#9101=CARTESIAN_POINT('Ctrl Pts',(-29.8004163402128,3.94560277677164,0.32));
#9102=CARTESIAN_POINT('Ctrl Pts',(-29.8046231269699,4.24789857864457,0.));
#9103=CARTESIAN_POINT('Ctrl Pts',(-29.8046231269699,4.24789857864457,0.32));
#9104=CARTESIAN_POINT('',(-29.7384466230733,2.07037758827286,0.));
#9105=CARTESIAN_POINT('Ctrl Pts',(-29.7384466230733,2.07037758827286,0.));
#9106=CARTESIAN_POINT('Ctrl Pts',(-29.7575624216562,2.49388591229242,0.));
#9107=CARTESIAN_POINT('Ctrl Pts',(-29.7903106886235,3.21942000901161,0.));
#9108=CARTESIAN_POINT('Ctrl Pts',(-29.8004163402128,3.94560277677164,0.));
#9109=CARTESIAN_POINT('Ctrl Pts',(-29.8046231269699,4.24789857864457,0.));
#9110=CARTESIAN_POINT('',(-29.7384466230733,2.07037758827286,0.));
#9111=CARTESIAN_POINT('Ctrl Pts',(-29.6722701936826,-0.107142806052394,
0.));
#9112=CARTESIAN_POINT('Ctrl Pts',(-29.6722701936826,-0.107142806052394,
0.32));
#9113=CARTESIAN_POINT('Ctrl Pts',(-29.6764769862341,0.195152796941921,0.));
#9114=CARTESIAN_POINT('Ctrl Pts',(-29.6764769862341,0.195152796941921,0.32));
#9115=CARTESIAN_POINT('Ctrl Pts',(-29.6865826556056,0.921335364520425,0.));
#9116=CARTESIAN_POINT('Ctrl Pts',(-29.6865826556056,0.921335364520425,0.32));
#9117=CARTESIAN_POINT('Ctrl Pts',(-29.719330857351,1.64686926396349,0.));
#9118=CARTESIAN_POINT('Ctrl Pts',(-29.719330857351,1.64686926396349,0.32));
#9119=CARTESIAN_POINT('Ctrl Pts',(-29.7384466230733,2.07037758827286,0.));
#9120=CARTESIAN_POINT('Ctrl Pts',(-29.7384466230733,2.07037758827286,0.32));
#9121=CARTESIAN_POINT('',(-29.6722701936826,-0.107142806052394,0.));
#9122=CARTESIAN_POINT('Ctrl Pts',(-29.6722701936826,-0.107142806052394,
0.));
#9123=CARTESIAN_POINT('Ctrl Pts',(-29.6764769862341,0.195152796941921,0.));
#9124=CARTESIAN_POINT('Ctrl Pts',(-29.6865826556056,0.921335364520425,0.));
#9125=CARTESIAN_POINT('Ctrl Pts',(-29.719330857351,1.64686926396349,0.));
#9126=CARTESIAN_POINT('Ctrl Pts',(-29.7384466230733,2.07037758827286,0.));
#9127=CARTESIAN_POINT('',(-29.6722701936826,-0.107142806052394,0.));
#9128=CARTESIAN_POINT('Ctrl Pts',(-29.7384466230737,-2.20273184776229,0.));
#9129=CARTESIAN_POINT('Ctrl Pts',(-29.7384466230737,-2.20273184776229,0.32));
#9130=CARTESIAN_POINT('Ctrl Pts',(-29.7193285224323,-1.79550789402325,0.));
#9131=CARTESIAN_POINT('Ctrl Pts',(-29.7193285224323,-1.79550789402325,0.32));
#9132=CARTESIAN_POINT('Ctrl Pts',(-29.6865493640289,-1.09729740043923,0.));
#9133=CARTESIAN_POINT('Ctrl Pts',(-29.6865493640289,-1.09729740043923,0.32));
#9134=CARTESIAN_POINT('Ctrl Pts',(-29.6764706170872,-0.398411026230403,
0.));
#9135=CARTESIAN_POINT('Ctrl Pts',(-29.6764706170872,-0.398411026230403,
0.32));
#9136=CARTESIAN_POINT('Ctrl Pts',(-29.6722701936826,-0.107142806052394,
0.));
#9137=CARTESIAN_POINT('Ctrl Pts',(-29.6722701936826,-0.107142806052394,
0.32));
#9138=CARTESIAN_POINT('',(-29.7384466230737,-2.20273184776229,0.));
#9139=CARTESIAN_POINT('Ctrl Pts',(-29.7384466230737,-2.20273184776229,0.));
#9140=CARTESIAN_POINT('Ctrl Pts',(-29.7193285224323,-1.79550789402325,0.));
#9141=CARTESIAN_POINT('Ctrl Pts',(-29.6865493640289,-1.09729740043923,0.));
#9142=CARTESIAN_POINT('Ctrl Pts',(-29.6764706170872,-0.398411026230403,
0.));
#9143=CARTESIAN_POINT('Ctrl Pts',(-29.6722701936826,-0.107142806052394,
0.));
#9144=CARTESIAN_POINT('',(-29.7384466230737,-2.20273184776229,0.));
#9145=CARTESIAN_POINT('Ctrl Pts',(-29.8046231269706,-4.2983196973793,0.));
#9146=CARTESIAN_POINT('Ctrl Pts',(-29.8046231269706,-4.2983196973793,0.32));
#9147=CARTESIAN_POINT('Ctrl Pts',(-29.8004226767068,-4.00705147717946,0.));
#9148=CARTESIAN_POINT('Ctrl Pts',(-29.8004226767068,-4.00705147717946,0.32));
#9149=CARTESIAN_POINT('Ctrl Pts',(-29.7903438710524,-3.30816550059532,0.));
#9150=CARTESIAN_POINT('Ctrl Pts',(-29.7903438710524,-3.30816550059532,0.32));
#9151=CARTESIAN_POINT('Ctrl Pts',(-29.7575647147288,-2.60995540424383,0.));
#9152=CARTESIAN_POINT('Ctrl Pts',(-29.7575647147288,-2.60995540424383,0.32));
#9153=CARTESIAN_POINT('Ctrl Pts',(-29.7384466230737,-2.20273184776229,0.));
#9154=CARTESIAN_POINT('Ctrl Pts',(-29.7384466230737,-2.20273184776229,0.32));
#9155=CARTESIAN_POINT('',(-29.8046231269706,-4.2983196973793,0.));
#9156=CARTESIAN_POINT('Ctrl Pts',(-29.8046231269706,-4.2983196973793,0.));
#9157=CARTESIAN_POINT('Ctrl Pts',(-29.8004226767068,-4.00705147717946,0.));
#9158=CARTESIAN_POINT('Ctrl Pts',(-29.7903438710524,-3.30816550059532,0.));
#9159=CARTESIAN_POINT('Ctrl Pts',(-29.7575647147288,-2.60995540424383,0.));
#9160=CARTESIAN_POINT('Ctrl Pts',(-29.7384466230737,-2.20273184776229,0.));
#9161=CARTESIAN_POINT('',(-29.8046231269706,-4.2983196973793,0.));
#9162=CARTESIAN_POINT('Ctrl Pts',(-29.647060111152,-4.41806781291885,0.));
#9163=CARTESIAN_POINT('Ctrl Pts',(-29.647060111152,-4.41806781291885,0.32));
#9164=CARTESIAN_POINT('Ctrl Pts',(-29.6928431223274,-4.41563509851317,0.));
#9165=CARTESIAN_POINT('Ctrl Pts',(-29.6928431223274,-4.41563509851317,0.32));
#9166=CARTESIAN_POINT('Ctrl Pts',(-29.7754573568036,-4.41124532961932,0.));
#9167=CARTESIAN_POINT('Ctrl Pts',(-29.7754573568036,-4.41124532961932,0.32));
#9168=CARTESIAN_POINT('Ctrl Pts',(-29.795629808901,-4.33314052066406,0.));
#9169=CARTESIAN_POINT('Ctrl Pts',(-29.795629808901,-4.33314052066406,0.32));
#9170=CARTESIAN_POINT('Ctrl Pts',(-29.8046231269706,-4.2983196973793,0.));
#9171=CARTESIAN_POINT('Ctrl Pts',(-29.8046231269706,-4.2983196973793,0.32));
#9172=CARTESIAN_POINT('',(-29.647060111152,-4.41806781291885,0.));
#9173=CARTESIAN_POINT('Ctrl Pts',(-29.647060111152,-4.41806781291885,0.));
#9174=CARTESIAN_POINT('Ctrl Pts',(-29.6928431223274,-4.41563509851317,0.));
#9175=CARTESIAN_POINT('Ctrl Pts',(-29.7754573568036,-4.41124532961932,0.));
#9176=CARTESIAN_POINT('Ctrl Pts',(-29.795629808901,-4.33314052066406,0.));
#9177=CARTESIAN_POINT('Ctrl Pts',(-29.8046231269706,-4.2983196973793,0.));
#9178=CARTESIAN_POINT('',(-29.647060111152,-4.41806781291885,0.));
#9179=CARTESIAN_POINT('Ctrl Pts',(-29.3098751455415,-4.3991600275032,0.));
#9180=CARTESIAN_POINT('Ctrl Pts',(-29.3098751455415,-4.3991600275032,0.32));
#9181=CARTESIAN_POINT('Ctrl Pts',(-29.3752248579208,-4.40462390293638,0.));
#9182=CARTESIAN_POINT('Ctrl Pts',(-29.3752248579208,-4.40462390293638,0.32));
#9183=CARTESIAN_POINT('Ctrl Pts',(-29.4874569028583,-4.41400760013754,0.));
#9184=CARTESIAN_POINT('Ctrl Pts',(-29.4874569028583,-4.41400760013754,0.32));
#9185=CARTESIAN_POINT('Ctrl Pts',(-29.6000337468074,-4.41687148956412,0.));
#9186=CARTESIAN_POINT('Ctrl Pts',(-29.6000337468074,-4.41687148956412,0.32));
#9187=CARTESIAN_POINT('Ctrl Pts',(-29.647060111152,-4.41806781291885,0.));
#9188=CARTESIAN_POINT('Ctrl Pts',(-29.647060111152,-4.41806781291885,0.32));
#9189=CARTESIAN_POINT('',(-29.3098751455415,-4.3991600275032,0.));
#9190=CARTESIAN_POINT('Ctrl Pts',(-29.3098751455415,-4.3991600275032,0.));
#9191=CARTESIAN_POINT('Ctrl Pts',(-29.3752248579208,-4.40462390293638,0.));
#9192=CARTESIAN_POINT('Ctrl Pts',(-29.4874569028583,-4.41400760013754,0.));
#9193=CARTESIAN_POINT('Ctrl Pts',(-29.6000337468074,-4.41687148956412,0.));
#9194=CARTESIAN_POINT('Ctrl Pts',(-29.647060111152,-4.41806781291885,0.));
#9195=CARTESIAN_POINT('',(-29.3098751455415,-4.3991600275032,0.));
#9196=CARTESIAN_POINT('Ctrl Pts',(-28.9726903289426,-4.38025224208755,0.));
#9197=CARTESIAN_POINT('Ctrl Pts',(-28.9726903289426,-4.38025224208755,0.32));
#9198=CARTESIAN_POINT('Ctrl Pts',(-29.0197166435716,-4.38144856642295,0.));
#9199=CARTESIAN_POINT('Ctrl Pts',(-29.0197166435716,-4.38144856642295,0.32));
#9200=CARTESIAN_POINT('Ctrl Pts',(-29.1322934376939,-4.38431245995728,0.));
#9201=CARTESIAN_POINT('Ctrl Pts',(-29.1322934376939,-4.38431245995728,0.32));
#9202=CARTESIAN_POINT('Ctrl Pts',(-29.2445254331568,-4.39369615242001,0.));
#9203=CARTESIAN_POINT('Ctrl Pts',(-29.2445254331568,-4.39369615242001,0.32));
#9204=CARTESIAN_POINT('Ctrl Pts',(-29.3098751455415,-4.3991600275032,0.));
#9205=CARTESIAN_POINT('Ctrl Pts',(-29.3098751455415,-4.3991600275032,0.32));
#9206=CARTESIAN_POINT('',(-28.9726903289426,-4.38025224208755,0.));
#9207=CARTESIAN_POINT('Ctrl Pts',(-28.9726903289426,-4.38025224208755,0.));
#9208=CARTESIAN_POINT('Ctrl Pts',(-29.0197166435716,-4.38144856642295,0.));
#9209=CARTESIAN_POINT('Ctrl Pts',(-29.1322934376939,-4.38431245995728,0.));
#9210=CARTESIAN_POINT('Ctrl Pts',(-29.2445254331568,-4.39369615242001,0.));
#9211=CARTESIAN_POINT('Ctrl Pts',(-29.3098751455415,-4.3991600275032,0.));
#9212=CARTESIAN_POINT('',(-28.9726903289426,-4.38025224208755,0.));
#9213=CARTESIAN_POINT('Ctrl Pts',(-28.64495925604,-4.39916002750321,0.));
#9214=CARTESIAN_POINT('Ctrl Pts',(-28.64495925604,-4.39916002750321,0.32));
#9215=CARTESIAN_POINT('Ctrl Pts',(-28.708995261417,-4.39370359196993,0.));
#9216=CARTESIAN_POINT('Ctrl Pts',(-28.708995261417,-4.39370359196993,0.32));
#9217=CARTESIAN_POINT('Ctrl Pts',(-28.818076457177,-4.38440890675254,0.));
#9218=CARTESIAN_POINT('Ctrl Pts',(-28.818076457177,-4.38440890675254,0.32));
#9219=CARTESIAN_POINT('Ctrl Pts',(-28.9275026653386,-4.38146707464075,0.));
#9220=CARTESIAN_POINT('Ctrl Pts',(-28.9275026653386,-4.38146707464075,0.32));
#9221=CARTESIAN_POINT('Ctrl Pts',(-28.9726903289426,-4.38025224208755,0.));
#9222=CARTESIAN_POINT('Ctrl Pts',(-28.9726903289426,-4.38025224208755,0.32));
#9223=CARTESIAN_POINT('',(-28.64495925604,-4.39916002750321,0.));
#9224=CARTESIAN_POINT('Ctrl Pts',(-28.64495925604,-4.39916002750321,0.));
#9225=CARTESIAN_POINT('Ctrl Pts',(-28.708995261417,-4.39370359196993,0.));
#9226=CARTESIAN_POINT('Ctrl Pts',(-28.818076457177,-4.38440890675254,0.));
#9227=CARTESIAN_POINT('Ctrl Pts',(-28.9275026653386,-4.38146707464075,0.));
#9228=CARTESIAN_POINT('Ctrl Pts',(-28.9726903289426,-4.38025224208755,0.));
#9229=CARTESIAN_POINT('',(-28.64495925604,-4.39916002750321,0.));
#9230=CARTESIAN_POINT('Ctrl Pts',(-28.3172280341257,-4.41806781291886,0.));
#9231=CARTESIAN_POINT('Ctrl Pts',(-28.3172280341257,-4.41806781291886,0.32));
#9232=CARTESIAN_POINT('Ctrl Pts',(-28.3624157545255,-4.41685351779268,0.));
#9233=CARTESIAN_POINT('Ctrl Pts',(-28.3624157545255,-4.41685351779268,0.32));
#9234=CARTESIAN_POINT('Ctrl Pts',(-28.4718420785877,-4.41391298769271,0.));
#9235=CARTESIAN_POINT('Ctrl Pts',(-28.4718420785877,-4.41391298769271,0.32));
#9236=CARTESIAN_POINT('Ctrl Pts',(-28.5809232650358,-4.40461714296617,0.));
#9237=CARTESIAN_POINT('Ctrl Pts',(-28.5809232650358,-4.40461714296617,0.32));
#9238=CARTESIAN_POINT('Ctrl Pts',(-28.64495925604,-4.39916002750321,0.));
#9239=CARTESIAN_POINT('Ctrl Pts',(-28.64495925604,-4.39916002750321,0.32));
#9240=CARTESIAN_POINT('',(-28.3172280341257,-4.41806781291886,0.));
#9241=CARTESIAN_POINT('Ctrl Pts',(-28.3172280341257,-4.41806781291886,0.));
#9242=CARTESIAN_POINT('Ctrl Pts',(-28.3624157545255,-4.41685351779268,0.));
#9243=CARTESIAN_POINT('Ctrl Pts',(-28.4718420785877,-4.41391298769271,0.));
#9244=CARTESIAN_POINT('Ctrl Pts',(-28.5809232650358,-4.40461714296617,0.));
#9245=CARTESIAN_POINT('Ctrl Pts',(-28.64495925604,-4.39916002750321,0.));
#9246=CARTESIAN_POINT('',(-28.3172280341257,-4.41806781291886,0.));
#9247=CARTESIAN_POINT('Ctrl Pts',(-28.1596649438012,-4.21008455753251,0.));
#9248=CARTESIAN_POINT('Ctrl Pts',(-28.1596649438012,-4.21008455753251,0.32));
#9249=CARTESIAN_POINT('Ctrl Pts',(-28.1628210064939,-4.27051274243665,0.));
#9250=CARTESIAN_POINT('Ctrl Pts',(-28.1628210064939,-4.27051274243665,0.32));
#9251=CARTESIAN_POINT('Ctrl Pts',(-28.1685097256489,-4.37943294030181,0.));
#9252=CARTESIAN_POINT('Ctrl Pts',(-28.1685097256489,-4.37943294030181,0.32));
#9253=CARTESIAN_POINT('Ctrl Pts',(-28.2714142430332,-4.40616605044528,0.));
#9254=CARTESIAN_POINT('Ctrl Pts',(-28.2714142430332,-4.40616605044528,0.32));
#9255=CARTESIAN_POINT('Ctrl Pts',(-28.3172280341257,-4.41806781291886,0.));
#9256=CARTESIAN_POINT('Ctrl Pts',(-28.3172280341257,-4.41806781291886,0.32));
#9257=CARTESIAN_POINT('',(-28.1596649438012,-4.21008455753251,0.));
#9258=CARTESIAN_POINT('Ctrl Pts',(-28.1596649438012,-4.21008455753251,0.));
#9259=CARTESIAN_POINT('Ctrl Pts',(-28.1628210064939,-4.27051274243665,0.));
#9260=CARTESIAN_POINT('Ctrl Pts',(-28.1685097256489,-4.37943294030181,0.));
#9261=CARTESIAN_POINT('Ctrl Pts',(-28.2714142430332,-4.40616605044528,0.));
#9262=CARTESIAN_POINT('Ctrl Pts',(-28.3172280341257,-4.41806781291886,0.));
#9263=CARTESIAN_POINT('',(-28.1596649438012,-4.21008455753251,0.));
#9264=CARTESIAN_POINT('Ctrl Pts',(-28.1880263239013,-1.77100884914323,0.));
#9265=CARTESIAN_POINT('Ctrl Pts',(-28.1880263239013,-1.77100884914323,0.32));
#9266=CARTESIAN_POINT('Ctrl Pts',(-28.1798331224748,-2.2452613796541,0.));
#9267=CARTESIAN_POINT('Ctrl Pts',(-28.1798331224748,-2.2452613796541,0.32));
#9268=CARTESIAN_POINT('Ctrl Pts',(-28.1657881428605,-3.05823628120716,0.));
#9269=CARTESIAN_POINT('Ctrl Pts',(-28.1657881428605,-3.05823628120716,0.32));
#9270=CARTESIAN_POINT('Ctrl Pts',(-28.1614658202582,-3.87131777521774,0.));
#9271=CARTESIAN_POINT('Ctrl Pts',(-28.1614658202582,-3.87131777521774,0.32));
#9272=CARTESIAN_POINT('Ctrl Pts',(-28.1596649438012,-4.21008455753251,0.));
#9273=CARTESIAN_POINT('Ctrl Pts',(-28.1596649438012,-4.21008455753251,0.32));
#9274=CARTESIAN_POINT('',(-28.1880263239013,-1.77100884914323,0.));
#9275=CARTESIAN_POINT('Ctrl Pts',(-28.1880263239013,-1.77100884914323,0.));
#9276=CARTESIAN_POINT('Ctrl Pts',(-28.1798331224748,-2.2452613796541,0.));
#9277=CARTESIAN_POINT('Ctrl Pts',(-28.1657881428605,-3.05823628120716,0.));
#9278=CARTESIAN_POINT('Ctrl Pts',(-28.1614658202582,-3.87131777521774,0.));
#9279=CARTESIAN_POINT('Ctrl Pts',(-28.1596649438012,-4.21008455753251,0.));
#9280=CARTESIAN_POINT('',(-28.1880263239013,-1.77100884914323,0.));
#9281=CARTESIAN_POINT('Ctrl Pts',(-28.2163877040013,0.668066859246055,0.));
#9282=CARTESIAN_POINT('Ctrl Pts',(-28.2163877040013,0.668066859246055,0.32));
#9283=CARTESIAN_POINT('Ctrl Pts',(-28.2145868935588,0.329300275446657,0.));
#9284=CARTESIAN_POINT('Ctrl Pts',(-28.2145868935588,0.329300275446657,0.32));
#9285=CARTESIAN_POINT('Ctrl Pts',(-28.2102647268577,-0.483781220160009,
0.));
#9286=CARTESIAN_POINT('Ctrl Pts',(-28.2102647268577,-0.483781220160009,
0.32));
#9287=CARTESIAN_POINT('Ctrl Pts',(-28.196219609261,-1.29675612030153,0.));
#9288=CARTESIAN_POINT('Ctrl Pts',(-28.196219609261,-1.29675612030153,0.32));
#9289=CARTESIAN_POINT('Ctrl Pts',(-28.1880263239013,-1.77100884914323,0.));
#9290=CARTESIAN_POINT('Ctrl Pts',(-28.1880263239013,-1.77100884914323,0.32));
#9291=CARTESIAN_POINT('',(-28.2163877040013,0.668066859246055,0.));
#9292=CARTESIAN_POINT('Ctrl Pts',(-28.2163877040013,0.668066859246055,0.));
#9293=CARTESIAN_POINT('Ctrl Pts',(-28.2145868935588,0.329300275446657,0.));
#9294=CARTESIAN_POINT('Ctrl Pts',(-28.2102647268577,-0.483781220160009,
0.));
#9295=CARTESIAN_POINT('Ctrl Pts',(-28.196219609261,-1.29675612030153,0.));
#9296=CARTESIAN_POINT('Ctrl Pts',(-28.1880263239013,-1.77100884914323,0.));
#9297=CARTESIAN_POINT('',(-28.2163877040013,0.668066859246055,0.));
#9298=CARTESIAN_POINT('Ctrl Pts',(-28.1659675389393,0.806722164154806,0.));
#9299=CARTESIAN_POINT('Ctrl Pts',(-28.1659675389393,0.806722164154806,0.32));
#9300=CARTESIAN_POINT('Ctrl Pts',(-28.1806061021224,0.789679481779604,0.));
#9301=CARTESIAN_POINT('Ctrl Pts',(-28.1806061021224,0.789679481779604,0.32));
#9302=CARTESIAN_POINT('Ctrl Pts',(-28.2144462781983,0.750281668949753,0.));
#9303=CARTESIAN_POINT('Ctrl Pts',(-28.2144462781983,0.750281668949753,0.32));
#9304=CARTESIAN_POINT('Ctrl Pts',(-28.2156848900983,0.697829372552715,0.));
#9305=CARTESIAN_POINT('Ctrl Pts',(-28.2156848900983,0.697829372552715,0.32));
#9306=CARTESIAN_POINT('Ctrl Pts',(-28.2163877040013,0.668066859246055,0.));
#9307=CARTESIAN_POINT('Ctrl Pts',(-28.2163877040013,0.668066859246055,0.32));
#9308=CARTESIAN_POINT('',(-28.1659675389393,0.806722164154806,0.));
#9309=CARTESIAN_POINT('Ctrl Pts',(-28.1659675389393,0.806722164154806,0.));
#9310=CARTESIAN_POINT('Ctrl Pts',(-28.1806061021224,0.789679481779604,0.));
#9311=CARTESIAN_POINT('Ctrl Pts',(-28.2144462781983,0.750281668949753,0.));
#9312=CARTESIAN_POINT('Ctrl Pts',(-28.2156848900983,0.697829372552715,0.));
#9313=CARTESIAN_POINT('Ctrl Pts',(-28.2163877040013,0.668066859246055,0.));
#9314=CARTESIAN_POINT('',(-28.1659675389393,0.806722164154806,0.));
#9315=CARTESIAN_POINT('Ctrl Pts',(-28.0840346962079,0.718487024308004,0.));
#9316=CARTESIAN_POINT('Ctrl Pts',(-28.0840346962079,0.718487024308004,0.32));
#9317=CARTESIAN_POINT('Ctrl Pts',(-28.0932300768119,0.733896646430093,0.));
#9318=CARTESIAN_POINT('Ctrl Pts',(-28.0932300768119,0.733896646430093,0.32));
#9319=CARTESIAN_POINT('Ctrl Pts',(-28.1141861547869,0.769014849434621,0.));
#9320=CARTESIAN_POINT('Ctrl Pts',(-28.1141861547869,0.769014849434621,0.32));
#9321=CARTESIAN_POINT('Ctrl Pts',(-28.1473536877261,0.7931675178791,0.));
#9322=CARTESIAN_POINT('Ctrl Pts',(-28.1473536877261,0.7931675178791,0.32));
#9323=CARTESIAN_POINT('Ctrl Pts',(-28.1659675389393,0.806722164154806,0.));
#9324=CARTESIAN_POINT('Ctrl Pts',(-28.1659675389393,0.806722164154806,0.32));
#9325=CARTESIAN_POINT('',(-28.0840346962079,0.718487024308004,0.));
#9326=CARTESIAN_POINT('Ctrl Pts',(-28.0840346962079,0.718487024308004,0.));
#9327=CARTESIAN_POINT('Ctrl Pts',(-28.0932300768119,0.733896646430093,0.));
#9328=CARTESIAN_POINT('Ctrl Pts',(-28.1141861547869,0.769014849434621,0.));
#9329=CARTESIAN_POINT('Ctrl Pts',(-28.1473536877261,0.7931675178791,0.));
#9330=CARTESIAN_POINT('Ctrl Pts',(-28.1659675389393,0.806722164154806,0.));
#9331=CARTESIAN_POINT('',(-28.0840346962079,0.718487024308004,0.));
#9332=CARTESIAN_POINT('Ctrl Pts',(-26.4768920093643,-3.00000059604571,0.));
#9333=CARTESIAN_POINT('Ctrl Pts',(-26.4768920093643,-3.00000059604571,0.32));
#9334=CARTESIAN_POINT('Ctrl Pts',(-26.6971896298424,-2.48179136349483,0.));
#9335=CARTESIAN_POINT('Ctrl Pts',(-26.6971896298424,-2.48179136349483,0.32));
#9336=CARTESIAN_POINT('Ctrl Pts',(-27.2254778411429,-1.23909147436479,0.));
#9337=CARTESIAN_POINT('Ctrl Pts',(-27.2254778411429,-1.23909147436479,0.32));
#9338=CARTESIAN_POINT('Ctrl Pts',(-27.7678393886444,-0.00246364053844469,
0.));
#9339=CARTESIAN_POINT('Ctrl Pts',(-27.7678393886444,-0.00246364053844469,
0.32));
#9340=CARTESIAN_POINT('Ctrl Pts',(-28.0840346962079,0.718487024308004,0.));
#9341=CARTESIAN_POINT('Ctrl Pts',(-28.0840346962079,0.718487024308004,0.32));
#9342=CARTESIAN_POINT('',(-26.4768920093643,-3.00000059604571,0.));
#9343=CARTESIAN_POINT('Ctrl Pts',(-26.4768920093643,-3.00000059604571,0.));
#9344=CARTESIAN_POINT('Ctrl Pts',(-26.6971896298424,-2.48179136349483,0.));
#9345=CARTESIAN_POINT('Ctrl Pts',(-27.2254778411429,-1.23909147436479,0.));
#9346=CARTESIAN_POINT('Ctrl Pts',(-27.7678393886444,-0.00246364053844483,
0.));
#9347=CARTESIAN_POINT('Ctrl Pts',(-28.0840346962079,0.718487024308004,0.));
#9348=CARTESIAN_POINT('',(-26.4768920093643,-3.00000059604571,0.));
#9349=CARTESIAN_POINT('Ctrl Pts',(-25.8655474334825,-4.43067300319598,0.));
#9350=CARTESIAN_POINT('Ctrl Pts',(-25.8655474334825,-4.43067300319598,0.32));
#9351=CARTESIAN_POINT('Ctrl Pts',(-25.9520036621957,-4.22627930158677,0.));
#9352=CARTESIAN_POINT('Ctrl Pts',(-25.9520036621957,-4.22627930158677,0.32));
#9353=CARTESIAN_POINT('Ctrl Pts',(-26.1540385055182,-3.7486428132117,0.));
#9354=CARTESIAN_POINT('Ctrl Pts',(-26.1540385055182,-3.7486428132117,0.32));
#9355=CARTESIAN_POINT('Ctrl Pts',(-26.3594065572702,-3.27242932391359,0.));
#9356=CARTESIAN_POINT('Ctrl Pts',(-26.3594065572702,-3.27242932391359,0.32));
#9357=CARTESIAN_POINT('Ctrl Pts',(-26.4768920093643,-3.00000059604571,0.));
#9358=CARTESIAN_POINT('Ctrl Pts',(-26.4768920093643,-3.00000059604571,0.32));
#9359=CARTESIAN_POINT('',(-25.8655474334825,-4.43067300319598,0.));
#9360=CARTESIAN_POINT('Ctrl Pts',(-25.8655474334825,-4.43067300319598,0.));
#9361=CARTESIAN_POINT('Ctrl Pts',(-25.9520036621957,-4.22627930158677,0.));
#9362=CARTESIAN_POINT('Ctrl Pts',(-26.1540385055182,-3.7486428132117,0.));
#9363=CARTESIAN_POINT('Ctrl Pts',(-26.3594065572702,-3.27242932391359,0.));
#9364=CARTESIAN_POINT('Ctrl Pts',(-26.4768920093643,-3.00000059604571,0.));
#9365=CARTESIAN_POINT('',(-25.8655474334825,-4.43067300319598,0.));
#9366=CARTESIAN_POINT('Ctrl Pts',(-25.2100849896539,-4.53781592845844,0.));
#9367=CARTESIAN_POINT('Ctrl Pts',(-25.2100849896539,-4.53781592845844,0.32));
#9368=CARTESIAN_POINT('Ctrl Pts',(-25.36731616715,-4.54585935551142,0.));
#9369=CARTESIAN_POINT('Ctrl Pts',(-25.36731616715,-4.54585935551142,0.32));
#9370=CARTESIAN_POINT('Ctrl Pts',(-25.5966214986354,-4.55758985792217,0.));
#9371=CARTESIAN_POINT('Ctrl Pts',(-25.5966214986354,-4.55758985792217,0.32));
#9372=CARTESIAN_POINT('Ctrl Pts',(-25.8012344653674,-4.46102485317994,0.));
#9373=CARTESIAN_POINT('Ctrl Pts',(-25.8012344653674,-4.46102485317994,0.32));
#9374=CARTESIAN_POINT('Ctrl Pts',(-25.8655474334825,-4.43067300319598,0.));
#9375=CARTESIAN_POINT('Ctrl Pts',(-25.8655474334825,-4.43067300319598,0.32));
#9376=CARTESIAN_POINT('',(-25.2100849896539,-4.53781592845844,0.));
#9377=CARTESIAN_POINT('Ctrl Pts',(-25.2100849896539,-4.53781592845844,0.));
#9378=CARTESIAN_POINT('Ctrl Pts',(-25.36731616715,-4.54585935551142,0.));
#9379=CARTESIAN_POINT('Ctrl Pts',(-25.5966214986354,-4.55758985792217,0.));
#9380=CARTESIAN_POINT('Ctrl Pts',(-25.8012344653674,-4.46102485317994,0.));
#9381=CARTESIAN_POINT('Ctrl Pts',(-25.8655474334825,-4.43067300319598,0.));
#9382=CARTESIAN_POINT('',(-25.2100849896539,-4.53781592845844,0.));
#9383=CARTESIAN_POINT('Ctrl Pts',(-24.7563035040964,-4.45588338375019,0.));
#9384=CARTESIAN_POINT('Ctrl Pts',(-24.7563035040964,-4.45588338375019,0.32));
#9385=CARTESIAN_POINT('Ctrl Pts',(-24.8007835751726,-4.47911807802228,0.));
#9386=CARTESIAN_POINT('Ctrl Pts',(-24.8007835751726,-4.47911807802228,0.32));
#9387=CARTESIAN_POINT('Ctrl Pts',(-24.9406102319533,-4.55215819560255,0.));
#9388=CARTESIAN_POINT('Ctrl Pts',(-24.9406102319533,-4.55215819560255,0.32));
#9389=CARTESIAN_POINT('Ctrl Pts',(-25.1008314971699,-4.54363073200072,0.));
#9390=CARTESIAN_POINT('Ctrl Pts',(-25.1008314971699,-4.54363073200072,0.32));
#9391=CARTESIAN_POINT('Ctrl Pts',(-25.2100849896539,-4.53781592845844,0.));
#9392=CARTESIAN_POINT('Ctrl Pts',(-25.2100849896539,-4.53781592845844,0.32));
#9393=CARTESIAN_POINT('',(-24.7563035040964,-4.45588338375019,0.));
#9394=CARTESIAN_POINT('Ctrl Pts',(-24.7563035040964,-4.45588338375019,0.));
#9395=CARTESIAN_POINT('Ctrl Pts',(-24.8007835751726,-4.47911807802228,0.));
#9396=CARTESIAN_POINT('Ctrl Pts',(-24.9406102319533,-4.55215819560255,0.));
#9397=CARTESIAN_POINT('Ctrl Pts',(-25.1008314971699,-4.54363073200072,0.));
#9398=CARTESIAN_POINT('Ctrl Pts',(-25.2100849896539,-4.53781592845844,0.));
#9399=CARTESIAN_POINT('',(-24.7563035040964,-4.45588338375019,0.));
#9400=CARTESIAN_POINT('Ctrl Pts',(-24.1953790932762,-3.02521097659993,0.));
#9401=CARTESIAN_POINT('Ctrl Pts',(-24.1953790932762,-3.02521097659993,0.32));
#9402=CARTESIAN_POINT('Ctrl Pts',(-24.272963647197,-3.24069324420445,0.));
#9403=CARTESIAN_POINT('Ctrl Pts',(-24.272963647197,-3.24069324420445,0.32));
#9404=CARTESIAN_POINT('Ctrl Pts',(-24.4465481369319,-3.72280440652781,0.));
#9405=CARTESIAN_POINT('Ctrl Pts',(-24.4465481369319,-3.72280440652781,0.32));
#9406=CARTESIAN_POINT('Ctrl Pts',(-24.6459985586036,-4.19483145311012,0.));
#9407=CARTESIAN_POINT('Ctrl Pts',(-24.6459985586036,-4.19483145311012,0.32));
#9408=CARTESIAN_POINT('Ctrl Pts',(-24.7563035040964,-4.45588338375019,0.));
#9409=CARTESIAN_POINT('Ctrl Pts',(-24.7563035040964,-4.45588338375019,0.32));
#9410=CARTESIAN_POINT('',(-24.1953790932762,-3.02521097659993,0.));
#9411=CARTESIAN_POINT('Ctrl Pts',(-24.1953790932762,-3.02521097659993,0.));
#9412=CARTESIAN_POINT('Ctrl Pts',(-24.272963647197,-3.24069324420445,0.));
#9413=CARTESIAN_POINT('Ctrl Pts',(-24.4465481369319,-3.72280440652781,0.));
#9414=CARTESIAN_POINT('Ctrl Pts',(-24.6459985586036,-4.19483145311012,0.));
#9415=CARTESIAN_POINT('Ctrl Pts',(-24.7563035040964,-4.45588338375019,0.));
#9416=CARTESIAN_POINT('',(-24.1953790932762,-3.02521097659993,0.));
#9417=CARTESIAN_POINT('Ctrl Pts',(-22.6764715462788,0.642856478691801,0.));
#9418=CARTESIAN_POINT('Ctrl Pts',(-22.6764715462788,0.642856478691801,0.32));
#9419=CARTESIAN_POINT('Ctrl Pts',(-22.8580044366579,0.223266860683353,0.));
#9420=CARTESIAN_POINT('Ctrl Pts',(-22.8580044366579,0.223266860683353,0.32));
#9421=CARTESIAN_POINT('Ctrl Pts',(-23.3835222896453,-0.991399168878299,
0.));
#9422=CARTESIAN_POINT('Ctrl Pts',(-23.3835222896453,-0.991399168878299,
0.32));
#9423=CARTESIAN_POINT('Ctrl Pts',(-23.8741995326914,-2.22061245652248,0.));
#9424=CARTESIAN_POINT('Ctrl Pts',(-23.8741995326914,-2.22061245652248,0.32));
#9425=CARTESIAN_POINT('Ctrl Pts',(-24.1953790932762,-3.02521097659993,0.));
#9426=CARTESIAN_POINT('Ctrl Pts',(-24.1953790932762,-3.02521097659993,0.32));
#9427=CARTESIAN_POINT('',(-22.6764715462788,0.642856478691801,0.));
#9428=CARTESIAN_POINT('Ctrl Pts',(-22.6764715462788,0.642856478691801,0.));
#9429=CARTESIAN_POINT('Ctrl Pts',(-22.8580044366579,0.223266860683353,0.));
#9430=CARTESIAN_POINT('Ctrl Pts',(-23.3835222896453,-0.991399168878299,
0.));
#9431=CARTESIAN_POINT('Ctrl Pts',(-23.8741995326914,-2.22061245652248,0.));
#9432=CARTESIAN_POINT('Ctrl Pts',(-24.1953790932762,-3.02521097659993,0.));
#9433=CARTESIAN_POINT('',(-22.6764715462788,0.642856478691801,0.));
#9434=CARTESIAN_POINT('Ctrl Pts',(-22.588236406432,0.7121844291694,0.));
#9435=CARTESIAN_POINT('Ctrl Pts',(-22.588236406432,0.7121844291694,0.32));
#9436=CARTESIAN_POINT('Ctrl Pts',(-22.6064833085775,0.708355251199911,0.));
#9437=CARTESIAN_POINT('Ctrl Pts',(-22.6064833085775,0.708355251199911,0.32));
#9438=CARTESIAN_POINT('Ctrl Pts',(-22.6467336246365,0.699908577770655,0.));
#9439=CARTESIAN_POINT('Ctrl Pts',(-22.6467336246365,0.699908577770655,0.32));
#9440=CARTESIAN_POINT('Ctrl Pts',(-22.6659607576223,0.663021390115146,0.));
#9441=CARTESIAN_POINT('Ctrl Pts',(-22.6659607576223,0.663021390115146,0.32));
#9442=CARTESIAN_POINT('Ctrl Pts',(-22.6764715462788,0.642856478691801,0.));
#9443=CARTESIAN_POINT('Ctrl Pts',(-22.6764715462788,0.642856478691801,0.32));
#9444=CARTESIAN_POINT('',(-22.588236406432,0.7121844291694,0.));
#9445=CARTESIAN_POINT('Ctrl Pts',(-22.588236406432,0.7121844291694,0.));
#9446=CARTESIAN_POINT('Ctrl Pts',(-22.6064833085775,0.708355251199911,0.));
#9447=CARTESIAN_POINT('Ctrl Pts',(-22.6467336246365,0.699908577770655,0.));
#9448=CARTESIAN_POINT('Ctrl Pts',(-22.6659607576223,0.663021390115146,0.));
#9449=CARTESIAN_POINT('Ctrl Pts',(-22.6764715462788,0.642856478691801,0.));
#9450=CARTESIAN_POINT('',(-22.588236406432,0.7121844291694,0.));
#9451=CARTESIAN_POINT('Ctrl Pts',(-22.5378162413701,0.592436313629849,0.));
#9452=CARTESIAN_POINT('Ctrl Pts',(-22.5378162413701,0.592436313629849,0.32));
#9453=CARTESIAN_POINT('Ctrl Pts',(-22.5356528668148,0.626020277460629,0.));
#9454=CARTESIAN_POINT('Ctrl Pts',(-22.5356528668148,0.626020277460629,0.32));
#9455=CARTESIAN_POINT('Ctrl Pts',(-22.5323389855359,0.677464567927567,0.));
#9456=CARTESIAN_POINT('Ctrl Pts',(-22.5323389855359,0.677464567927567,0.32));
#9457=CARTESIAN_POINT('Ctrl Pts',(-22.5738312161712,0.703236857009544,0.));
#9458=CARTESIAN_POINT('Ctrl Pts',(-22.5738312161712,0.703236857009544,0.32));
#9459=CARTESIAN_POINT('Ctrl Pts',(-22.588236406432,0.7121844291694,0.));
#9460=CARTESIAN_POINT('Ctrl Pts',(-22.588236406432,0.7121844291694,0.32));
#9461=CARTESIAN_POINT('',(-22.5378162413701,0.592436313629849,0.));
#9462=CARTESIAN_POINT('Ctrl Pts',(-22.5378162413701,0.592436313629849,0.));
#9463=CARTESIAN_POINT('Ctrl Pts',(-22.5356528668148,0.626020277460629,0.));
#9464=CARTESIAN_POINT('Ctrl Pts',(-22.5323389855359,0.677464567927567,0.));
#9465=CARTESIAN_POINT('Ctrl Pts',(-22.5738312161712,0.703236857009544,0.));
#9466=CARTESIAN_POINT('Ctrl Pts',(-22.588236406432,0.7121844291694,0.));
#9467=CARTESIAN_POINT('',(-22.5378162413701,0.592436313629849,0.));
#9468=CARTESIAN_POINT('Ctrl Pts',(-22.5882364064323,-1.80882382392813,0.));
#9469=CARTESIAN_POINT('Ctrl Pts',(-22.5882364064323,-1.80882382392813,0.32));
#9470=CARTESIAN_POINT('Ctrl Pts',(-22.5736709220655,-1.34195084211105,0.));
#9471=CARTESIAN_POINT('Ctrl Pts',(-22.5736709220655,-1.34195084211105,0.32));
#9472=CARTESIAN_POINT('Ctrl Pts',(-22.5487044894399,-0.541692330154491,
0.));
#9473=CARTESIAN_POINT('Ctrl Pts',(-22.5487044894399,-0.541692330154491,
0.32));
#9474=CARTESIAN_POINT('Ctrl Pts',(-22.541018290885,0.258908270333893,0.));
#9475=CARTESIAN_POINT('Ctrl Pts',(-22.541018290885,0.258908270333893,0.32));
#9476=CARTESIAN_POINT('Ctrl Pts',(-22.5378162413701,0.592436313629849,0.));
#9477=CARTESIAN_POINT('Ctrl Pts',(-22.5378162413701,0.592436313629849,0.32));
#9478=CARTESIAN_POINT('',(-22.5882364064323,-1.80882382392813,0.));
#9479=CARTESIAN_POINT('Ctrl Pts',(-22.5882364064323,-1.80882382392813,0.));
#9480=CARTESIAN_POINT('Ctrl Pts',(-22.5736709220655,-1.34195084211105,0.));
#9481=CARTESIAN_POINT('Ctrl Pts',(-22.5487044894399,-0.541692330154491,
0.));
#9482=CARTESIAN_POINT('Ctrl Pts',(-22.541018290885,0.258908270333893,0.));
#9483=CARTESIAN_POINT('Ctrl Pts',(-22.5378162413701,0.592436313629849,0.));
#9484=CARTESIAN_POINT('',(-22.5882364064323,-1.80882382392813,0.));
#9485=CARTESIAN_POINT('Ctrl Pts',(-22.6386565714944,-4.21008455753256,0.));
#9486=CARTESIAN_POINT('Ctrl Pts',(-22.6386565714944,-4.21008455753256,0.32));
#9487=CARTESIAN_POINT('Ctrl Pts',(-22.6354545209343,-3.87655651426304,0.));
#9488=CARTESIAN_POINT('Ctrl Pts',(-22.6354545209343,-3.87655651426304,0.32));
#9489=CARTESIAN_POINT('Ctrl Pts',(-22.6277683179637,-3.07595571523229,0.));
#9490=CARTESIAN_POINT('Ctrl Pts',(-22.6277683179637,-3.07595571523229,0.32));
#9491=CARTESIAN_POINT('Ctrl Pts',(-22.6028018904165,-2.27569700444619,0.));
#9492=CARTESIAN_POINT('Ctrl Pts',(-22.6028018904165,-2.27569700444619,0.32));
#9493=CARTESIAN_POINT('Ctrl Pts',(-22.5882364064323,-1.80882382392813,0.));
#9494=CARTESIAN_POINT('Ctrl Pts',(-22.5882364064323,-1.80882382392813,0.32));
#9495=CARTESIAN_POINT('',(-22.6386565714944,-4.21008455753256,0.));
#9496=CARTESIAN_POINT('Ctrl Pts',(-22.6386565714944,-4.21008455753256,0.));
#9497=CARTESIAN_POINT('Ctrl Pts',(-22.6354545209343,-3.87655651426304,0.));
#9498=CARTESIAN_POINT('Ctrl Pts',(-22.6277683179637,-3.07595571523229,0.));
#9499=CARTESIAN_POINT('Ctrl Pts',(-22.6028018904165,-2.27569700444619,0.));
#9500=CARTESIAN_POINT('Ctrl Pts',(-22.5882364064323,-1.80882382392813,0.));
#9501=CARTESIAN_POINT('',(-22.6386565714944,-4.21008455753256,0.));
#9502=CARTESIAN_POINT('Ctrl Pts',(-22.48109348117,-4.41806781291892,0.));
#9503=CARTESIAN_POINT('Ctrl Pts',(-22.48109348117,-4.41806781291892,0.32));
#9504=CARTESIAN_POINT('Ctrl Pts',(-22.5269072010995,-4.40616603466082,0.));
#9505=CARTESIAN_POINT('Ctrl Pts',(-22.5269072010995,-4.40616603466082,0.32));
#9506=CARTESIAN_POINT('Ctrl Pts',(-22.6298116319007,-4.37943287003115,0.));
#9507=CARTESIAN_POINT('Ctrl Pts',(-22.6298116319007,-4.37943287003115,0.32));
#9508=CARTESIAN_POINT('Ctrl Pts',(-22.6355004513539,-4.270512739566,0.));
#9509=CARTESIAN_POINT('Ctrl Pts',(-22.6355004513539,-4.270512739566,0.32));
#9510=CARTESIAN_POINT('Ctrl Pts',(-22.6386565714944,-4.21008455753256,0.));
#9511=CARTESIAN_POINT('Ctrl Pts',(-22.6386565714944,-4.21008455753256,0.32));
#9512=CARTESIAN_POINT('',(-22.48109348117,-4.41806781291892,0.));
#9513=CARTESIAN_POINT('Ctrl Pts',(-22.48109348117,-4.41806781291892,0.));
#9514=CARTESIAN_POINT('Ctrl Pts',(-22.5269072010995,-4.40616603466082,0.));
#9515=CARTESIAN_POINT('Ctrl Pts',(-22.6298116319007,-4.37943287003115,0.));
#9516=CARTESIAN_POINT('Ctrl Pts',(-22.6355004513539,-4.270512739566,0.));
#9517=CARTESIAN_POINT('Ctrl Pts',(-22.6386565714944,-4.21008455753256,0.));
#9518=CARTESIAN_POINT('',(-22.48109348117,-4.41806781291892,0.));
#9519=CARTESIAN_POINT('Ctrl Pts',(-22.1344549208749,-4.39916002750327,0.));
#9520=CARTESIAN_POINT('Ctrl Pts',(-22.1344549208749,-4.39916002750327,0.32));
#9521=CARTESIAN_POINT('Ctrl Pts',(-22.2021694180777,-4.40461747839442,0.));
#9522=CARTESIAN_POINT('Ctrl Pts',(-22.2021694180777,-4.40461747839442,0.32));
#9523=CARTESIAN_POINT('Ctrl Pts',(-22.3175616853168,-4.41391751985807,0.));
#9524=CARTESIAN_POINT('Ctrl Pts',(-22.3175616853168,-4.41391751985807,0.32));
#9525=CARTESIAN_POINT('Ctrl Pts',(-22.4332807039941,-4.41685436671234,0.));
#9526=CARTESIAN_POINT('Ctrl Pts',(-22.4332807039941,-4.41685436671234,0.32));
#9527=CARTESIAN_POINT('Ctrl Pts',(-22.48109348117,-4.41806781291892,0.));
#9528=CARTESIAN_POINT('Ctrl Pts',(-22.48109348117,-4.41806781291892,0.32));
#9529=CARTESIAN_POINT('',(-22.1344549208749,-4.39916002750327,0.));
#9530=CARTESIAN_POINT('Ctrl Pts',(-22.1344549208749,-4.39916002750327,0.));
#9531=CARTESIAN_POINT('Ctrl Pts',(-22.2021694180777,-4.40461747839442,0.));
#9532=CARTESIAN_POINT('Ctrl Pts',(-22.3175616853168,-4.41391751985807,0.));
#9533=CARTESIAN_POINT('Ctrl Pts',(-22.4332807039941,-4.41685436671234,0.));
#9534=CARTESIAN_POINT('Ctrl Pts',(-22.48109348117,-4.41806781291892,0.));
#9535=CARTESIAN_POINT('',(-22.1344549208749,-4.39916002750327,0.));
#9536=CARTESIAN_POINT('Ctrl Pts',(-21.7878163605798,-4.38025224208763,0.));
#9537=CARTESIAN_POINT('Ctrl Pts',(-21.7878163605798,-4.38025224208763,0.32));
#9538=CARTESIAN_POINT('Ctrl Pts',(-21.8356289387347,-4.3814656946585,0.));
#9539=CARTESIAN_POINT('Ctrl Pts',(-21.8356289387347,-4.3814656946585,0.32));
#9540=CARTESIAN_POINT('Ctrl Pts',(-21.9513479558828,-4.38440256910194,0.));
#9541=CARTESIAN_POINT('Ctrl Pts',(-21.9513479558828,-4.38440256910194,0.32));
#9542=CARTESIAN_POINT('Ctrl Pts',(-22.0667402248368,-4.39370257912066,0.));
#9543=CARTESIAN_POINT('Ctrl Pts',(-22.0667402248368,-4.39370257912066,0.32));
#9544=CARTESIAN_POINT('Ctrl Pts',(-22.1344549208749,-4.39916002750327,0.));
#9545=CARTESIAN_POINT('Ctrl Pts',(-22.1344549208749,-4.39916002750327,0.32));
#9546=CARTESIAN_POINT('',(-21.7878163605798,-4.38025224208763,0.));
#9547=CARTESIAN_POINT('Ctrl Pts',(-21.7878163605798,-4.38025224208763,0.));
#9548=CARTESIAN_POINT('Ctrl Pts',(-21.8356289387347,-4.3814656946585,0.));
#9549=CARTESIAN_POINT('Ctrl Pts',(-21.9513479558828,-4.38440256910194,0.));
#9550=CARTESIAN_POINT('Ctrl Pts',(-22.0667402248368,-4.39370257912066,0.));
#9551=CARTESIAN_POINT('Ctrl Pts',(-22.1344549208749,-4.39916002750327,0.));
#9552=CARTESIAN_POINT('',(-21.7878163605798,-4.38025224208763,0.));
#9553=CARTESIAN_POINT('Ctrl Pts',(-21.444329097854,-4.39916002750328,0.));
#9554=CARTESIAN_POINT('Ctrl Pts',(-21.444329097854,-4.39916002750328,0.32));
#9555=CARTESIAN_POINT('Ctrl Pts',(-21.511255356652,-4.39370110173815,0.));
#9556=CARTESIAN_POINT('Ctrl Pts',(-21.511255356652,-4.39370110173815,0.32));
#9557=CARTESIAN_POINT('Ctrl Pts',(-21.6255943302918,-4.3843748973399,0.));
#9558=CARTESIAN_POINT('Ctrl Pts',(-21.6255943302918,-4.3843748973399,0.32));
#9559=CARTESIAN_POINT('Ctrl Pts',(-21.7402657789735,-4.38146067632224,0.));
#9560=CARTESIAN_POINT('Ctrl Pts',(-21.7402657789735,-4.38146067632224,0.32));
#9561=CARTESIAN_POINT('Ctrl Pts',(-21.7878163605798,-4.38025224208763,0.));
#9562=CARTESIAN_POINT('Ctrl Pts',(-21.7878163605798,-4.38025224208763,0.32));
#9563=CARTESIAN_POINT('',(-21.444329097854,-4.39916002750328,0.));
#9564=CARTESIAN_POINT('Ctrl Pts',(-21.444329097854,-4.39916002750328,0.));
#9565=CARTESIAN_POINT('Ctrl Pts',(-21.511255356652,-4.39370110173815,0.));
#9566=CARTESIAN_POINT('Ctrl Pts',(-21.6255943302918,-4.3843748973399,0.));
#9567=CARTESIAN_POINT('Ctrl Pts',(-21.7402657789735,-4.38146067632224,0.));
#9568=CARTESIAN_POINT('Ctrl Pts',(-21.7878163605798,-4.38025224208763,0.));
#9569=CARTESIAN_POINT('',(-21.444329097854,-4.39916002750328,0.));
#9570=CARTESIAN_POINT('Ctrl Pts',(-21.1008412390817,-4.41806781291893,0.));
#9571=CARTESIAN_POINT('Ctrl Pts',(-21.1008412390817,-4.41806781291893,0.32));
#9572=CARTESIAN_POINT('Ctrl Pts',(-21.1483920263563,-4.41685991996819,0.));
#9573=CARTESIAN_POINT('Ctrl Pts',(-21.1483920263563,-4.41685991996819,0.32));
#9574=CARTESIAN_POINT('Ctrl Pts',(-21.2630637373204,-4.41394701022976,0.));
#9575=CARTESIAN_POINT('Ctrl Pts',(-21.2630637373204,-4.41394701022976,0.32));
#9576=CARTESIAN_POINT('Ctrl Pts',(-21.3774028527115,-4.4046196322946,0.));
#9577=CARTESIAN_POINT('Ctrl Pts',(-21.3774028527115,-4.4046196322946,0.32));
#9578=CARTESIAN_POINT('Ctrl Pts',(-21.444329097854,-4.39916002750328,0.));
#9579=CARTESIAN_POINT('Ctrl Pts',(-21.444329097854,-4.39916002750328,0.32));
#9580=CARTESIAN_POINT('',(-21.1008412390817,-4.41806781291893,0.));
#9581=CARTESIAN_POINT('Ctrl Pts',(-21.1008412390817,-4.41806781291893,0.));
#9582=CARTESIAN_POINT('Ctrl Pts',(-21.1483920263563,-4.41685991996819,0.));
#9583=CARTESIAN_POINT('Ctrl Pts',(-21.2630637373204,-4.41394701022976,0.));
#9584=CARTESIAN_POINT('Ctrl Pts',(-21.3774028527115,-4.4046196322946,0.));
#9585=CARTESIAN_POINT('Ctrl Pts',(-21.444329097854,-4.39916002750328,0.));
#9586=CARTESIAN_POINT('',(-21.1008412390817,-4.41806781291893,0.));
#9587=CARTESIAN_POINT('Ctrl Pts',(-20.9432781487573,-4.26050531864098,0.));
#9588=CARTESIAN_POINT('Ctrl Pts',(-20.9432781487573,-4.26050531864098,0.32));
#9589=CARTESIAN_POINT('Ctrl Pts',(-20.9498433321584,-4.30646119515039,0.));
#9590=CARTESIAN_POINT('Ctrl Pts',(-20.9498433321584,-4.30646119515039,0.32));
#9591=CARTESIAN_POINT('Ctrl Pts',(-20.9629736890266,-4.39837287863062,0.));
#9592=CARTESIAN_POINT('Ctrl Pts',(-20.9629736890266,-4.39837287863062,0.32));
#9593=CARTESIAN_POINT('Ctrl Pts',(-21.0548854122429,-4.41150283813412,0.));
#9594=CARTESIAN_POINT('Ctrl Pts',(-21.0548854122429,-4.41150283813412,0.32));
#9595=CARTESIAN_POINT('Ctrl Pts',(-21.1008412390817,-4.41806781291893,0.));
#9596=CARTESIAN_POINT('Ctrl Pts',(-21.1008412390817,-4.41806781291893,0.32));
#9597=CARTESIAN_POINT('',(-20.9432781487573,-4.26050531864098,0.));
#9598=CARTESIAN_POINT('Ctrl Pts',(-20.9432781487573,-4.26050531864098,0.));
#9599=CARTESIAN_POINT('Ctrl Pts',(-20.9498433321584,-4.30646119515039,0.));
#9600=CARTESIAN_POINT('Ctrl Pts',(-20.9629736890266,-4.39837287863062,0.));
#9601=CARTESIAN_POINT('Ctrl Pts',(-21.0548854122429,-4.41150283813412,0.));
#9602=CARTESIAN_POINT('Ctrl Pts',(-21.1008412390817,-4.41806781291893,0.));
#9603=CARTESIAN_POINT('',(-20.9432781487573,-4.26050531864098,0.));
#9604=CARTESIAN_POINT('Ctrl Pts',(-20.9968496113883,-2.186975359916,0.));
#9605=CARTESIAN_POINT('Ctrl Pts',(-20.9968496113883,-2.186975359916,0.32));
#9606=CARTESIAN_POINT('Ctrl Pts',(-20.9813780081722,-2.5908113809148,0.));
#9607=CARTESIAN_POINT('Ctrl Pts',(-20.9813780081722,-2.5908113809148,0.32));
#9608=CARTESIAN_POINT('Ctrl Pts',(-20.95490596223,-3.28177828018557,0.));
#9609=CARTESIAN_POINT('Ctrl Pts',(-20.95490596223,-3.28177828018557,0.32));
#9610=CARTESIAN_POINT('Ctrl Pts',(-20.9466916155614,-3.97318971421722,0.));
#9611=CARTESIAN_POINT('Ctrl Pts',(-20.9466916155614,-3.97318971421722,0.32));
#9612=CARTESIAN_POINT('Ctrl Pts',(-20.9432781487573,-4.26050531864098,0.));
#9613=CARTESIAN_POINT('Ctrl Pts',(-20.9432781487573,-4.26050531864098,0.32));
#9614=CARTESIAN_POINT('Ctrl Pts',(-20.9968496113883,-2.186975359916,0.));
#9615=CARTESIAN_POINT('Ctrl Pts',(-20.9813780081722,-2.5908113809148,0.));
#9616=CARTESIAN_POINT('Ctrl Pts',(-20.95490596223,-3.28177828018557,0.));
#9617=CARTESIAN_POINT('Ctrl Pts',(-20.9466916155614,-3.97318971421722,0.));
#9618=CARTESIAN_POINT('Ctrl Pts',(-20.9432781487573,-4.26050531864098,0.));
#9619=CARTESIAN_POINT('Origin',(1.08801856413265E-11,8.65973959207622E-14,
0.32));
#9620=CARTESIAN_POINT('',(20.8298283070462,1.89075601100949,0.32));
#9621=CARTESIAN_POINT('',(22.8088264912502,1.02100801467921,0.32));
#9622=CARTESIAN_POINT('Ctrl Pts',(20.8298283070462,1.89075601100949,0.32));
#9623=CARTESIAN_POINT('Ctrl Pts',(21.2082777220715,1.8547663009147,0.32));
#9624=CARTESIAN_POINT('Ctrl Pts',(21.9638774795042,1.78291041968449,0.32));
#9625=CARTESIAN_POINT('Ctrl Pts',(22.527499825164,1.27468422531855,0.32));
#9626=CARTESIAN_POINT('Ctrl Pts',(22.8088264912502,1.02100801467921,0.32));
#9627=CARTESIAN_POINT('',(18.6806755513088,0.888654708862604,0.32));
#9628=CARTESIAN_POINT('Ctrl Pts',(18.6806755513088,0.888654708862604,0.32));
#9629=CARTESIAN_POINT('Ctrl Pts',(18.9864642608828,1.18092040950542,0.32));
#9630=CARTESIAN_POINT('Ctrl Pts',(19.590336742659,1.75808761175791,0.32));
#9631=CARTESIAN_POINT('Ctrl Pts',(20.4201938935193,1.84691098335266,0.32));
#9632=CARTESIAN_POINT('Ctrl Pts',(20.8298283070462,1.89075601100949,0.32));
#9633=CARTESIAN_POINT('',(17.8487377613916,-1.37395012378662,0.32));
#9634=CARTESIAN_POINT('Ctrl Pts',(17.8487377613916,-1.37395012378662,0.32));
#9635=CARTESIAN_POINT('Ctrl Pts',(17.8826628999989,-0.955955848500913,0.32));
#9636=CARTESIAN_POINT('Ctrl Pts',(17.9501557618395,-0.124371040592011,0.32));
#9637=CARTESIAN_POINT('Ctrl Pts',(18.4380301511121,0.552173696398203,0.32));
#9638=CARTESIAN_POINT('Ctrl Pts',(18.6806755513088,0.888654708862604,0.32));
#9639=CARTESIAN_POINT('',(18.7184887379539,-3.70273101329774,0.32));
#9640=CARTESIAN_POINT('Ctrl Pts',(18.7184887379539,-3.70273101329774,0.32));
#9641=CARTESIAN_POINT('Ctrl Pts',(18.4649622404311,-3.37705684160266,0.32));
#9642=CARTESIAN_POINT('Ctrl Pts',(17.9330827696798,-2.69381699183903,0.32));
#9643=CARTESIAN_POINT('Ctrl Pts',(17.8777142409296,-1.82738650456599,0.32));
#9644=CARTESIAN_POINT('Ctrl Pts',(17.8487377613916,-1.37395012378662,0.32));
#9645=CARTESIAN_POINT('',(21.0504227131735,-4.57563030719729,0.32));
#9646=CARTESIAN_POINT('Ctrl Pts',(21.0504227131735,-4.57563030719729,0.32));
#9647=CARTESIAN_POINT('Ctrl Pts',(20.5954785289535,-4.54675939480614,0.32));
#9648=CARTESIAN_POINT('Ctrl Pts',(19.7272072516217,-4.4916586047552,0.32));
#9649=CARTESIAN_POINT('Ctrl Pts',(19.0438096033963,-3.95716731375894,0.32));
#9650=CARTESIAN_POINT('Ctrl Pts',(18.7184887379539,-3.70273101329774,0.32));
#9651=CARTESIAN_POINT('',(23.4264736622703,-3.5924373865125,0.32));
#9652=CARTESIAN_POINT('Ctrl Pts',(23.4264736622703,-3.5924373865125,0.32));
#9653=CARTESIAN_POINT('Ctrl Pts',(23.0912010529487,-3.87916969252764,0.32));
#9654=CARTESIAN_POINT('Ctrl Pts',(22.40699952369,-4.46431347346584,0.32));
#9655=CARTESIAN_POINT('Ctrl Pts',(21.5085922324958,-4.53803421989295,0.32));
#9656=CARTESIAN_POINT('Ctrl Pts',(21.0504227131735,-4.57563030719729,0.32));
#9657=CARTESIAN_POINT('',(23.5273151844871,-3.44748008251165,0.32));
#9658=CARTESIAN_POINT('Ctrl Pts',(23.5273151844871,-3.44748008251165,0.32));
#9659=CARTESIAN_POINT('Ctrl Pts',(23.5196976866155,-3.46635968182904,0.32));
#9660=CARTESIAN_POINT('Ctrl Pts',(23.4973297198537,-3.52179760345698,0.32));
#9661=CARTESIAN_POINT('Ctrl Pts',(23.4546311008775,-3.56436589308699,0.32));
#9662=CARTESIAN_POINT('Ctrl Pts',(23.4264736622703,-3.5924373865125,0.32));
#9663=CARTESIAN_POINT('',(23.3067207783592,-2.99054729938482,0.32));
#9664=CARTESIAN_POINT('Ctrl Pts',(23.3067207783592,-2.99054729938482,0.32));
#9665=CARTESIAN_POINT('Ctrl Pts',(23.3645549382636,-3.09828058443965,0.32));
#9666=CARTESIAN_POINT('Ctrl Pts',(23.4446763089548,-3.24753041329406,0.32));
#9667=CARTESIAN_POINT('Ctrl Pts',(23.5093304608282,-3.40396497508316,0.32));
#9668=CARTESIAN_POINT('Ctrl Pts',(23.5273151844871,-3.44748008251165,0.32));
#9669=CARTESIAN_POINT('',(23.0703812092674,-2.55252170562719,0.32));
#9670=CARTESIAN_POINT('Ctrl Pts',(23.0703812092674,-2.55252170562719,0.32));
#9671=CARTESIAN_POINT('Ctrl Pts',(23.0929114425435,-2.5910082175569,0.32));
#9672=CARTESIAN_POINT('Ctrl Pts',(23.176751588862,-2.73422532285451,0.32));
#9673=CARTESIAN_POINT('Ctrl Pts',(23.2518231107912,-2.88227949597412,0.32));
#9674=CARTESIAN_POINT('Ctrl Pts',(23.3067207783592,-2.99054729938482,0.32));
#9675=CARTESIAN_POINT('',(23.004205748452,-2.53991651535008,0.32));
#9676=CARTESIAN_POINT('Ctrl Pts',(23.004205748452,-2.53991651535008,0.32));
#9677=CARTESIAN_POINT('Ctrl Pts',(23.0184003314418,-2.53974032089427,0.32));
#9678=CARTESIAN_POINT('Ctrl Pts',(23.0414734219006,-2.53945391934093,0.32));
#9679=CARTESIAN_POINT('Ctrl Pts',(23.0623484965803,-2.54889051201966,0.32));
#9680=CARTESIAN_POINT('Ctrl Pts',(23.0703812092674,-2.55252170562719,0.32));
#9681=CARTESIAN_POINT('',(22.8025227040184,-2.70378220081303,0.32));
#9682=CARTESIAN_POINT('Ctrl Pts',(22.8025227040184,-2.70378220081303,0.32));
#9683=CARTESIAN_POINT('Ctrl Pts',(22.8361365690666,-2.67647138249632,0.32));
#9684=CARTESIAN_POINT('Ctrl Pts',(22.9033643964002,-2.62184966685881,0.32));
#9685=CARTESIAN_POINT('Ctrl Pts',(22.9705919320224,-2.56722759218786,0.32));
#9686=CARTESIAN_POINT('Ctrl Pts',(23.004205748452,-2.53991651535008,0.32));
#9687=CARTESIAN_POINT('',(20.9747868031394,-3.34663856029483,0.32));
#9688=CARTESIAN_POINT('Ctrl Pts',(20.9747868031394,-3.34663856029483,0.32));
#9689=CARTESIAN_POINT('Ctrl Pts',(21.3018715780101,-3.31830936080582,0.32));
#9690=CARTESIAN_POINT('Ctrl Pts',(21.9658179642169,-3.26080417844966,0.32));
#9691=CARTESIAN_POINT('Ctrl Pts',(22.5208965503964,-2.8912700320424,0.32));
#9692=CARTESIAN_POINT('Ctrl Pts',(22.8025227040184,-2.70378220081303,0.32));
#9693=CARTESIAN_POINT('',(19.8907547444237,-2.97479021549196,0.32));
#9694=CARTESIAN_POINT('Ctrl Pts',(19.8907547444237,-2.97479021549196,0.32));
#9695=CARTESIAN_POINT('Ctrl Pts',(20.0598737935406,-3.08323235386463,0.32));
#9696=CARTESIAN_POINT('Ctrl Pts',(20.3911982548315,-3.29568348379445,0.32));
#9697=CARTESIAN_POINT('Ctrl Pts',(20.7829823631089,-3.32989147034043,0.32));
#9698=CARTESIAN_POINT('Ctrl Pts',(20.9747868031394,-3.34663856029483,0.32));
#9699=CARTESIAN_POINT('',(19.2794113606347,-2.02941226959199,0.32));
#9700=CARTESIAN_POINT('Ctrl Pts',(19.2794113606347,-2.02941226959199,0.32));
#9701=CARTESIAN_POINT('Ctrl Pts',(19.3290589570166,-2.21010447622873,0.32));
#9702=CARTESIAN_POINT('Ctrl Pts',(19.4330209176527,-2.58847357045664,0.32));
#9703=CARTESIAN_POINT('Ctrl Pts',(19.7336780507619,-2.84222115950429,0.32));
#9704=CARTESIAN_POINT('Ctrl Pts',(19.8907547444237,-2.97479021549196,0.32));
#9705=CARTESIAN_POINT('',(23.1806736439599,-1.65756332874273,0.32));
#9706=CARTESIAN_POINT('Ctrl Pts',(23.1806736439599,-1.65756332874273,0.32));
#9707=CARTESIAN_POINT('Ctrl Pts',(22.8106610345139,-1.7078329853008,0.32));
#9708=CARTESIAN_POINT('Ctrl Pts',(21.5157199222979,-1.88376278691348,0.32));
#9709=CARTESIAN_POINT('Ctrl Pts',(20.211189297369,-1.96872611170524,0.32));
#9710=CARTESIAN_POINT('Ctrl Pts',(19.2794113606347,-2.02941226959199,0.32));
#9711=CARTESIAN_POINT('',(23.584030196084,-1.03361356258367,0.32));
#9712=CARTESIAN_POINT('Ctrl Pts',(23.584030196084,-1.03361356258367,0.32));
#9713=CARTESIAN_POINT('Ctrl Pts',(23.5689202422807,-1.17552163053486,0.32));
#9714=CARTESIAN_POINT('Ctrl Pts',(23.5394185156126,-1.45259283056722,0.32));
#9715=CARTESIAN_POINT('Ctrl Pts',(23.2982986855765,-1.5903577314418,0.32));
#9716=CARTESIAN_POINT('Ctrl Pts',(23.1806736439599,-1.65756332874273,0.32));
#9717=CARTESIAN_POINT('Ctrl Pts',(22.8088264912502,1.02100801467921,0.32));
#9718=CARTESIAN_POINT('Ctrl Pts',(23.0349156203955,0.721322723052863,0.32));
#9719=CARTESIAN_POINT('Ctrl Pts',(23.4939778421918,0.112827319785502,0.32));
#9720=CARTESIAN_POINT('Ctrl Pts',(23.5537141486963,-0.647665226810714,0.32));
#9721=CARTESIAN_POINT('Ctrl Pts',(23.584030196084,-1.03361356258367,0.32));
#9722=CARTESIAN_POINT('',(19.4873981922998,-0.964286208152479,0.32));
#9723=CARTESIAN_POINT('',(21.7184906453028,-0.775210738181799,0.32));
#9724=CARTESIAN_POINT('Ctrl Pts',(19.4873981922998,-0.964286208152479,0.32));
#9725=CARTESIAN_POINT('Ctrl Pts',(19.8292360281994,-0.954049241961527,0.32));
#9726=CARTESIAN_POINT('Ctrl Pts',(20.5762557924655,-0.931678353582129,0.32));
#9727=CARTESIAN_POINT('Ctrl Pts',(21.3168136444102,-0.830233960713224,0.32));
#9728=CARTESIAN_POINT('Ctrl Pts',(21.7184906453028,-0.775210738181799,0.32));
#9729=CARTESIAN_POINT('',(19.2605095356836,-0.831932902335827,0.32));
#9730=CARTESIAN_POINT('Ctrl Pts',(19.2605095356836,-0.831932902335827,0.32));
#9731=CARTESIAN_POINT('Ctrl Pts',(19.2757414164374,-0.870150727224724,0.32));
#9732=CARTESIAN_POINT('Ctrl Pts',(19.3140685458158,-0.966316101859511,0.32));
#9733=CARTESIAN_POINT('Ctrl Pts',(19.422225019106,-0.965049462545581,0.32));
#9734=CARTESIAN_POINT('Ctrl Pts',(19.4873981922998,-0.964286208152479,0.32));
#9735=CARTESIAN_POINT('',(19.711139723672,0.214284777641586,0.32));
#9736=CARTESIAN_POINT('Ctrl Pts',(19.711139723672,0.214284777641586,0.32));
#9737=CARTESIAN_POINT('Ctrl Pts',(19.5797437591879,0.0573006058127223,0.32));
#9738=CARTESIAN_POINT('Ctrl Pts',(19.3249137149411,-0.247155346166377,0.32));
#9739=CARTESIAN_POINT('Ctrl Pts',(19.281525725417,-0.641109943112042,0.32));
#9740=CARTESIAN_POINT('Ctrl Pts',(19.2605095356836,-0.831932902335827,0.32));
#9741=CARTESIAN_POINT('',(20.7415943592922,0.680672049522679,0.32));
#9742=CARTESIAN_POINT('Ctrl Pts',(20.7415943592922,0.680672049522679,0.32));
#9743=CARTESIAN_POINT('Ctrl Pts',(20.5514881006239,0.658897741888166,0.32));
#9744=CARTESIAN_POINT('Ctrl Pts',(20.1588799338152,0.613929359133175,0.32));
#9745=CARTESIAN_POINT('Ctrl Pts',(19.8634951461759,0.35027439323824,0.32));
#9746=CARTESIAN_POINT('Ctrl Pts',(19.711139723672,0.214284777641586,0.32));
#9747=CARTESIAN_POINT('',(21.6712170094386,0.277310729027065,0.32));
#9748=CARTESIAN_POINT('Ctrl Pts',(21.6712170094386,0.277310729027065,0.32));
#9749=CARTESIAN_POINT('Ctrl Pts',(21.5320989610373,0.394924713917577,0.32));
#9750=CARTESIAN_POINT('Ctrl Pts',(21.2621965416503,0.623107177950699,0.32));
#9751=CARTESIAN_POINT('Ctrl Pts',(20.9115191748573,0.661882846333799,0.32));
#9752=CARTESIAN_POINT('Ctrl Pts',(20.7415943592922,0.680672049522679,0.32));
#9753=CARTESIAN_POINT('',(22.0840340107813,-0.649160027503701,0.32));
#9754=CARTESIAN_POINT('Ctrl Pts',(22.0840340107813,-0.649160027503701,0.32));
#9755=CARTESIAN_POINT('Ctrl Pts',(22.0650044074356,-0.478026368213091,0.32));
#9756=CARTESIAN_POINT('Ctrl Pts',(22.0258616009305,-0.126014211655899,0.32));
#9757=CARTESIAN_POINT('Ctrl Pts',(21.7915936388887,0.140410581393786,0.32));
#9758=CARTESIAN_POINT('Ctrl Pts',(21.6712170094386,0.277310729027065,0.32));
#9759=CARTESIAN_POINT('Ctrl Pts',(21.7184906453028,-0.775210738181799,0.32));
#9760=CARTESIAN_POINT('Ctrl Pts',(21.8159195629431,-0.769602218329888,0.32));
#9761=CARTESIAN_POINT('Ctrl Pts',(21.9532673190148,-0.761695760625131,0.32));
#9762=CARTESIAN_POINT('Ctrl Pts',(22.0545865310942,-0.674502059716954,0.32));
#9763=CARTESIAN_POINT('Ctrl Pts',(22.0840340107813,-0.649160027503701,0.32));
#9764=CARTESIAN_POINT('Ctrl Pts',(20.8298283070462,1.89075601100949,0.));
#9765=CARTESIAN_POINT('Ctrl Pts',(20.8298283070462,1.89075601100949,0.32));
#9766=CARTESIAN_POINT('Ctrl Pts',(21.2082777220715,1.8547663009147,0.));
#9767=CARTESIAN_POINT('Ctrl Pts',(21.2082777220715,1.8547663009147,0.32));
#9768=CARTESIAN_POINT('Ctrl Pts',(21.9638774795042,1.78291041968449,0.));
#9769=CARTESIAN_POINT('Ctrl Pts',(21.9638774795042,1.78291041968449,0.32));
#9770=CARTESIAN_POINT('Ctrl Pts',(22.527499825164,1.27468422531855,0.));
#9771=CARTESIAN_POINT('Ctrl Pts',(22.527499825164,1.27468422531855,0.32));
#9772=CARTESIAN_POINT('Ctrl Pts',(22.8088264912502,1.02100801467921,0.));
#9773=CARTESIAN_POINT('Ctrl Pts',(22.8088264912502,1.02100801467921,0.32));
#9774=CARTESIAN_POINT('',(20.8298283070462,1.89075601100949,0.));
#9775=CARTESIAN_POINT('',(22.8088264912502,1.02100801467921,0.));
#9776=CARTESIAN_POINT('Ctrl Pts',(20.8298283070462,1.89075601100949,0.));
#9777=CARTESIAN_POINT('Ctrl Pts',(21.2082777220715,1.8547663009147,0.));
#9778=CARTESIAN_POINT('Ctrl Pts',(21.9638774795042,1.78291041968449,0.));
#9779=CARTESIAN_POINT('Ctrl Pts',(22.527499825164,1.27468422531855,0.));
#9780=CARTESIAN_POINT('Ctrl Pts',(22.8088264912502,1.02100801467921,0.));
#9781=CARTESIAN_POINT('',(20.8298283070462,1.89075601100949,0.));
#9782=CARTESIAN_POINT('',(22.8088264912502,1.02100801467921,0.));
#9783=CARTESIAN_POINT('Ctrl Pts',(18.6806755513088,0.888654708862604,0.));
#9784=CARTESIAN_POINT('Ctrl Pts',(18.6806755513088,0.888654708862604,0.32));
#9785=CARTESIAN_POINT('Ctrl Pts',(18.9864642608828,1.18092040950542,0.));
#9786=CARTESIAN_POINT('Ctrl Pts',(18.9864642608828,1.18092040950542,0.32));
#9787=CARTESIAN_POINT('Ctrl Pts',(19.590336742659,1.75808761175791,0.));
#9788=CARTESIAN_POINT('Ctrl Pts',(19.590336742659,1.75808761175791,0.32));
#9789=CARTESIAN_POINT('Ctrl Pts',(20.4201938935193,1.84691098335266,0.));
#9790=CARTESIAN_POINT('Ctrl Pts',(20.4201938935193,1.84691098335266,0.32));
#9791=CARTESIAN_POINT('Ctrl Pts',(20.8298283070462,1.89075601100949,0.));
#9792=CARTESIAN_POINT('Ctrl Pts',(20.8298283070462,1.89075601100949,0.32));
#9793=CARTESIAN_POINT('',(18.6806755513088,0.888654708862604,0.));
#9794=CARTESIAN_POINT('Ctrl Pts',(18.6806755513088,0.888654708862604,0.));
#9795=CARTESIAN_POINT('Ctrl Pts',(18.9864642608828,1.18092040950542,0.));
#9796=CARTESIAN_POINT('Ctrl Pts',(19.590336742659,1.75808761175791,0.));
#9797=CARTESIAN_POINT('Ctrl Pts',(20.4201938935193,1.84691098335266,0.));
#9798=CARTESIAN_POINT('Ctrl Pts',(20.8298283070462,1.89075601100949,0.));
#9799=CARTESIAN_POINT('',(18.6806755513088,0.888654708862604,0.));
#9800=CARTESIAN_POINT('Ctrl Pts',(17.8487377613916,-1.37395012378662,0.));
#9801=CARTESIAN_POINT('Ctrl Pts',(17.8487377613916,-1.37395012378662,0.32));
#9802=CARTESIAN_POINT('Ctrl Pts',(17.8826628999989,-0.955955848500913,0.));
#9803=CARTESIAN_POINT('Ctrl Pts',(17.8826628999989,-0.955955848500913,0.32));
#9804=CARTESIAN_POINT('Ctrl Pts',(17.9501557618395,-0.124371040592011,0.));
#9805=CARTESIAN_POINT('Ctrl Pts',(17.9501557618395,-0.124371040592011,0.32));
#9806=CARTESIAN_POINT('Ctrl Pts',(18.4380301511121,0.552173696398203,0.));
#9807=CARTESIAN_POINT('Ctrl Pts',(18.4380301511121,0.552173696398203,0.32));
#9808=CARTESIAN_POINT('Ctrl Pts',(18.6806755513088,0.888654708862604,0.));
#9809=CARTESIAN_POINT('Ctrl Pts',(18.6806755513088,0.888654708862604,0.32));
#9810=CARTESIAN_POINT('',(17.8487377613916,-1.37395012378662,0.));
#9811=CARTESIAN_POINT('Ctrl Pts',(17.8487377613916,-1.37395012378662,0.));
#9812=CARTESIAN_POINT('Ctrl Pts',(17.8826628999989,-0.955955848500913,0.));
#9813=CARTESIAN_POINT('Ctrl Pts',(17.9501557618395,-0.124371040592011,0.));
#9814=CARTESIAN_POINT('Ctrl Pts',(18.4380301511121,0.552173696398203,0.));
#9815=CARTESIAN_POINT('Ctrl Pts',(18.6806755513088,0.888654708862604,0.));
#9816=CARTESIAN_POINT('',(17.8487377613916,-1.37395012378662,0.));
#9817=CARTESIAN_POINT('Ctrl Pts',(18.7184887379539,-3.70273101329774,0.));
#9818=CARTESIAN_POINT('Ctrl Pts',(18.7184887379539,-3.70273101329774,0.32));
#9819=CARTESIAN_POINT('Ctrl Pts',(18.4649622404311,-3.37705684160266,0.));
#9820=CARTESIAN_POINT('Ctrl Pts',(18.4649622404311,-3.37705684160266,0.32));
#9821=CARTESIAN_POINT('Ctrl Pts',(17.9330827696798,-2.69381699183903,0.));
#9822=CARTESIAN_POINT('Ctrl Pts',(17.9330827696798,-2.69381699183903,0.32));
#9823=CARTESIAN_POINT('Ctrl Pts',(17.8777142409296,-1.82738650456599,0.));
#9824=CARTESIAN_POINT('Ctrl Pts',(17.8777142409296,-1.82738650456599,0.32));
#9825=CARTESIAN_POINT('Ctrl Pts',(17.8487377613916,-1.37395012378662,0.));
#9826=CARTESIAN_POINT('Ctrl Pts',(17.8487377613916,-1.37395012378662,0.32));
#9827=CARTESIAN_POINT('',(18.7184887379539,-3.70273101329774,0.));
#9828=CARTESIAN_POINT('Ctrl Pts',(18.7184887379539,-3.70273101329774,0.));
#9829=CARTESIAN_POINT('Ctrl Pts',(18.4649622404311,-3.37705684160266,0.));
#9830=CARTESIAN_POINT('Ctrl Pts',(17.9330827696798,-2.69381699183903,0.));
#9831=CARTESIAN_POINT('Ctrl Pts',(17.8777142409296,-1.82738650456599,0.));
#9832=CARTESIAN_POINT('Ctrl Pts',(17.8487377613916,-1.37395012378662,0.));
#9833=CARTESIAN_POINT('',(18.7184887379539,-3.70273101329774,0.));
#9834=CARTESIAN_POINT('Ctrl Pts',(21.0504227131735,-4.57563030719729,0.));
#9835=CARTESIAN_POINT('Ctrl Pts',(21.0504227131735,-4.57563030719729,0.32));
#9836=CARTESIAN_POINT('Ctrl Pts',(20.5954785289535,-4.54675939480614,0.));
#9837=CARTESIAN_POINT('Ctrl Pts',(20.5954785289535,-4.54675939480614,0.32));
#9838=CARTESIAN_POINT('Ctrl Pts',(19.7272072516217,-4.4916586047552,0.));
#9839=CARTESIAN_POINT('Ctrl Pts',(19.7272072516217,-4.4916586047552,0.32));
#9840=CARTESIAN_POINT('Ctrl Pts',(19.0438096033963,-3.95716731375894,0.));
#9841=CARTESIAN_POINT('Ctrl Pts',(19.0438096033963,-3.95716731375894,0.32));
#9842=CARTESIAN_POINT('Ctrl Pts',(18.7184887379539,-3.70273101329774,0.));
#9843=CARTESIAN_POINT('Ctrl Pts',(18.7184887379539,-3.70273101329774,0.32));
#9844=CARTESIAN_POINT('',(21.0504227131735,-4.57563030719729,0.));
#9845=CARTESIAN_POINT('Ctrl Pts',(21.0504227131735,-4.57563030719729,0.));
#9846=CARTESIAN_POINT('Ctrl Pts',(20.5954785289535,-4.54675939480614,0.));
#9847=CARTESIAN_POINT('Ctrl Pts',(19.7272072516217,-4.4916586047552,0.));
#9848=CARTESIAN_POINT('Ctrl Pts',(19.0438096033963,-3.95716731375894,0.));
#9849=CARTESIAN_POINT('Ctrl Pts',(18.7184887379539,-3.70273101329774,0.));
#9850=CARTESIAN_POINT('',(21.0504227131735,-4.57563030719729,0.));
#9851=CARTESIAN_POINT('Ctrl Pts',(23.4264736622703,-3.5924373865125,0.));
#9852=CARTESIAN_POINT('Ctrl Pts',(23.4264736622703,-3.5924373865125,0.32));
#9853=CARTESIAN_POINT('Ctrl Pts',(23.0912010529487,-3.87916969252764,0.));
#9854=CARTESIAN_POINT('Ctrl Pts',(23.0912010529487,-3.87916969252764,0.32));
#9855=CARTESIAN_POINT('Ctrl Pts',(22.40699952369,-4.46431347346584,0.));
#9856=CARTESIAN_POINT('Ctrl Pts',(22.40699952369,-4.46431347346584,0.32));
#9857=CARTESIAN_POINT('Ctrl Pts',(21.5085922324958,-4.53803421989295,0.));
#9858=CARTESIAN_POINT('Ctrl Pts',(21.5085922324958,-4.53803421989295,0.32));
#9859=CARTESIAN_POINT('Ctrl Pts',(21.0504227131735,-4.57563030719729,0.));
#9860=CARTESIAN_POINT('Ctrl Pts',(21.0504227131735,-4.57563030719729,0.32));
#9861=CARTESIAN_POINT('',(23.4264736622703,-3.5924373865125,0.));
#9862=CARTESIAN_POINT('Ctrl Pts',(23.4264736622703,-3.5924373865125,0.));
#9863=CARTESIAN_POINT('Ctrl Pts',(23.0912010529487,-3.87916969252764,0.));
#9864=CARTESIAN_POINT('Ctrl Pts',(22.40699952369,-4.46431347346584,0.));
#9865=CARTESIAN_POINT('Ctrl Pts',(21.5085922324958,-4.53803421989295,0.));
#9866=CARTESIAN_POINT('Ctrl Pts',(21.0504227131735,-4.57563030719729,0.));
#9867=CARTESIAN_POINT('',(23.4264736622703,-3.5924373865125,0.));
#9868=CARTESIAN_POINT('Ctrl Pts',(23.5273151844871,-3.44748008251165,0.));
#9869=CARTESIAN_POINT('Ctrl Pts',(23.5273151844871,-3.44748008251165,0.32));
#9870=CARTESIAN_POINT('Ctrl Pts',(23.5196976866155,-3.46635968182904,0.));
#9871=CARTESIAN_POINT('Ctrl Pts',(23.5196976866155,-3.46635968182904,0.32));
#9872=CARTESIAN_POINT('Ctrl Pts',(23.4973297198537,-3.52179760345698,0.));
#9873=CARTESIAN_POINT('Ctrl Pts',(23.4973297198537,-3.52179760345698,0.32));
#9874=CARTESIAN_POINT('Ctrl Pts',(23.4546311008775,-3.56436589308699,0.));
#9875=CARTESIAN_POINT('Ctrl Pts',(23.4546311008775,-3.56436589308699,0.32));
#9876=CARTESIAN_POINT('Ctrl Pts',(23.4264736622703,-3.5924373865125,0.));
#9877=CARTESIAN_POINT('Ctrl Pts',(23.4264736622703,-3.5924373865125,0.32));
#9878=CARTESIAN_POINT('',(23.5273151844871,-3.44748008251165,0.));
#9879=CARTESIAN_POINT('Ctrl Pts',(23.5273151844871,-3.44748008251165,0.));
#9880=CARTESIAN_POINT('Ctrl Pts',(23.5196976866155,-3.46635968182904,0.));
#9881=CARTESIAN_POINT('Ctrl Pts',(23.4973297198537,-3.52179760345698,0.));
#9882=CARTESIAN_POINT('Ctrl Pts',(23.4546311008775,-3.56436589308699,0.));
#9883=CARTESIAN_POINT('Ctrl Pts',(23.4264736622703,-3.5924373865125,0.));
#9884=CARTESIAN_POINT('',(23.5273151844871,-3.44748008251165,0.));
#9885=CARTESIAN_POINT('Ctrl Pts',(23.3067207783592,-2.99054729938482,0.));
#9886=CARTESIAN_POINT('Ctrl Pts',(23.3067207783592,-2.99054729938482,0.32));
#9887=CARTESIAN_POINT('Ctrl Pts',(23.3645549382636,-3.09828058443965,0.));
#9888=CARTESIAN_POINT('Ctrl Pts',(23.3645549382636,-3.09828058443965,0.32));
#9889=CARTESIAN_POINT('Ctrl Pts',(23.4446763089548,-3.24753041329406,0.));
#9890=CARTESIAN_POINT('Ctrl Pts',(23.4446763089548,-3.24753041329406,0.32));
#9891=CARTESIAN_POINT('Ctrl Pts',(23.5093304608282,-3.40396497508316,0.));
#9892=CARTESIAN_POINT('Ctrl Pts',(23.5093304608282,-3.40396497508316,0.32));
#9893=CARTESIAN_POINT('Ctrl Pts',(23.5273151844871,-3.44748008251165,0.));
#9894=CARTESIAN_POINT('Ctrl Pts',(23.5273151844871,-3.44748008251165,0.32));
#9895=CARTESIAN_POINT('',(23.3067207783592,-2.99054729938482,0.));
#9896=CARTESIAN_POINT('Ctrl Pts',(23.3067207783592,-2.99054729938482,0.));
#9897=CARTESIAN_POINT('Ctrl Pts',(23.3645549382636,-3.09828058443965,0.));
#9898=CARTESIAN_POINT('Ctrl Pts',(23.4446763089548,-3.24753041329406,0.));
#9899=CARTESIAN_POINT('Ctrl Pts',(23.5093304608282,-3.40396497508316,0.));
#9900=CARTESIAN_POINT('Ctrl Pts',(23.5273151844871,-3.44748008251165,0.));
#9901=CARTESIAN_POINT('',(23.3067207783592,-2.99054729938482,0.));
#9902=CARTESIAN_POINT('Ctrl Pts',(23.0703812092674,-2.55252170562719,0.));
#9903=CARTESIAN_POINT('Ctrl Pts',(23.0703812092674,-2.55252170562719,0.32));
#9904=CARTESIAN_POINT('Ctrl Pts',(23.0929114425435,-2.5910082175569,0.));
#9905=CARTESIAN_POINT('Ctrl Pts',(23.0929114425435,-2.5910082175569,0.32));
#9906=CARTESIAN_POINT('Ctrl Pts',(23.176751588862,-2.73422532285451,0.));
#9907=CARTESIAN_POINT('Ctrl Pts',(23.176751588862,-2.73422532285451,0.32));
#9908=CARTESIAN_POINT('Ctrl Pts',(23.2518231107912,-2.88227949597412,0.));
#9909=CARTESIAN_POINT('Ctrl Pts',(23.2518231107912,-2.88227949597412,0.32));
#9910=CARTESIAN_POINT('Ctrl Pts',(23.3067207783592,-2.99054729938482,0.));
#9911=CARTESIAN_POINT('Ctrl Pts',(23.3067207783592,-2.99054729938482,0.32));
#9912=CARTESIAN_POINT('',(23.0703812092674,-2.55252170562719,0.));
#9913=CARTESIAN_POINT('Ctrl Pts',(23.0703812092674,-2.55252170562719,0.));
#9914=CARTESIAN_POINT('Ctrl Pts',(23.0929114425435,-2.5910082175569,0.));
#9915=CARTESIAN_POINT('Ctrl Pts',(23.176751588862,-2.73422532285451,0.));
#9916=CARTESIAN_POINT('Ctrl Pts',(23.2518231107912,-2.88227949597412,0.));
#9917=CARTESIAN_POINT('Ctrl Pts',(23.3067207783592,-2.99054729938482,0.));
#9918=CARTESIAN_POINT('',(23.0703812092674,-2.55252170562719,0.));
#9919=CARTESIAN_POINT('Ctrl Pts',(23.004205748452,-2.53991651535008,0.));
#9920=CARTESIAN_POINT('Ctrl Pts',(23.004205748452,-2.53991651535008,0.32));
#9921=CARTESIAN_POINT('Ctrl Pts',(23.0184003314418,-2.53974032089427,0.));
#9922=CARTESIAN_POINT('Ctrl Pts',(23.0184003314418,-2.53974032089427,0.32));
#9923=CARTESIAN_POINT('Ctrl Pts',(23.0414734219006,-2.53945391934093,0.));
#9924=CARTESIAN_POINT('Ctrl Pts',(23.0414734219006,-2.53945391934093,0.32));
#9925=CARTESIAN_POINT('Ctrl Pts',(23.0623484965803,-2.54889051201966,0.));
#9926=CARTESIAN_POINT('Ctrl Pts',(23.0623484965803,-2.54889051201966,0.32));
#9927=CARTESIAN_POINT('Ctrl Pts',(23.0703812092674,-2.55252170562719,0.));
#9928=CARTESIAN_POINT('Ctrl Pts',(23.0703812092674,-2.55252170562719,0.32));
#9929=CARTESIAN_POINT('',(23.004205748452,-2.53991651535008,0.));
#9930=CARTESIAN_POINT('Ctrl Pts',(23.004205748452,-2.53991651535008,0.));
#9931=CARTESIAN_POINT('Ctrl Pts',(23.0184003314418,-2.53974032089427,0.));
#9932=CARTESIAN_POINT('Ctrl Pts',(23.0414734219006,-2.53945391934093,0.));
#9933=CARTESIAN_POINT('Ctrl Pts',(23.0623484965803,-2.54889051201966,0.));
#9934=CARTESIAN_POINT('Ctrl Pts',(23.0703812092674,-2.55252170562719,0.));
#9935=CARTESIAN_POINT('',(23.004205748452,-2.53991651535008,0.));
#9936=CARTESIAN_POINT('Origin',(22.903364372091,-2.62184953759828,0.));
#9937=CARTESIAN_POINT('',(22.8025227040184,-2.70378220081303,0.));
#9938=CARTESIAN_POINT('',(16.6469306342968,-7.70514647949833,0.));
#9939=CARTESIAN_POINT('',(22.8025227040184,-2.70378220081303,0.));
#9940=CARTESIAN_POINT('Ctrl Pts',(20.9747868031394,-3.34663856029483,0.));
#9941=CARTESIAN_POINT('Ctrl Pts',(20.9747868031394,-3.34663856029483,0.32));
#9942=CARTESIAN_POINT('Ctrl Pts',(21.3018715780101,-3.31830936080582,0.));
#9943=CARTESIAN_POINT('Ctrl Pts',(21.3018715780101,-3.31830936080582,0.32));
#9944=CARTESIAN_POINT('Ctrl Pts',(21.9658179642169,-3.26080417844966,0.));
#9945=CARTESIAN_POINT('Ctrl Pts',(21.9658179642169,-3.26080417844966,0.32));
#9946=CARTESIAN_POINT('Ctrl Pts',(22.5208965503964,-2.8912700320424,0.));
#9947=CARTESIAN_POINT('Ctrl Pts',(22.5208965503964,-2.8912700320424,0.32));
#9948=CARTESIAN_POINT('Ctrl Pts',(22.8025227040184,-2.70378220081303,0.));
#9949=CARTESIAN_POINT('Ctrl Pts',(22.8025227040184,-2.70378220081303,0.32));
#9950=CARTESIAN_POINT('',(20.9747868031394,-3.34663856029483,0.));
#9951=CARTESIAN_POINT('Ctrl Pts',(20.9747868031394,-3.34663856029483,0.));
#9952=CARTESIAN_POINT('Ctrl Pts',(21.3018715780101,-3.31830936080582,0.));
#9953=CARTESIAN_POINT('Ctrl Pts',(21.9658179642169,-3.26080417844966,0.));
#9954=CARTESIAN_POINT('Ctrl Pts',(22.5208965503964,-2.8912700320424,0.));
#9955=CARTESIAN_POINT('Ctrl Pts',(22.8025227040184,-2.70378220081303,0.));
#9956=CARTESIAN_POINT('',(20.9747868031394,-3.34663856029483,0.));
#9957=CARTESIAN_POINT('Ctrl Pts',(19.8907547444237,-2.97479021549196,0.));
#9958=CARTESIAN_POINT('Ctrl Pts',(19.8907547444237,-2.97479021549196,0.32));
#9959=CARTESIAN_POINT('Ctrl Pts',(20.0598737935406,-3.08323235386463,0.));
#9960=CARTESIAN_POINT('Ctrl Pts',(20.0598737935406,-3.08323235386463,0.32));
#9961=CARTESIAN_POINT('Ctrl Pts',(20.3911982548315,-3.29568348379445,0.));
#9962=CARTESIAN_POINT('Ctrl Pts',(20.3911982548315,-3.29568348379445,0.32));
#9963=CARTESIAN_POINT('Ctrl Pts',(20.7829823631089,-3.32989147034043,0.));
#9964=CARTESIAN_POINT('Ctrl Pts',(20.7829823631089,-3.32989147034043,0.32));
#9965=CARTESIAN_POINT('Ctrl Pts',(20.9747868031394,-3.34663856029483,0.));
#9966=CARTESIAN_POINT('Ctrl Pts',(20.9747868031394,-3.34663856029483,0.32));
#9967=CARTESIAN_POINT('',(19.8907547444237,-2.97479021549196,0.));
#9968=CARTESIAN_POINT('Ctrl Pts',(19.8907547444237,-2.97479021549196,0.));
#9969=CARTESIAN_POINT('Ctrl Pts',(20.0598737935406,-3.08323235386463,0.));
#9970=CARTESIAN_POINT('Ctrl Pts',(20.3911982548315,-3.29568348379445,0.));
#9971=CARTESIAN_POINT('Ctrl Pts',(20.7829823631089,-3.32989147034043,0.));
#9972=CARTESIAN_POINT('Ctrl Pts',(20.9747868031394,-3.34663856029483,0.));
#9973=CARTESIAN_POINT('',(19.8907547444237,-2.97479021549196,0.));
#9974=CARTESIAN_POINT('Ctrl Pts',(19.2794113606347,-2.02941226959199,0.));
#9975=CARTESIAN_POINT('Ctrl Pts',(19.2794113606347,-2.02941226959199,0.32));
#9976=CARTESIAN_POINT('Ctrl Pts',(19.3290589570166,-2.21010447622873,0.));
#9977=CARTESIAN_POINT('Ctrl Pts',(19.3290589570166,-2.21010447622873,0.32));
#9978=CARTESIAN_POINT('Ctrl Pts',(19.4330209176527,-2.58847357045664,0.));
#9979=CARTESIAN_POINT('Ctrl Pts',(19.4330209176527,-2.58847357045664,0.32));
#9980=CARTESIAN_POINT('Ctrl Pts',(19.7336780507619,-2.84222115950429,0.));
#9981=CARTESIAN_POINT('Ctrl Pts',(19.7336780507619,-2.84222115950429,0.32));
#9982=CARTESIAN_POINT('Ctrl Pts',(19.8907547444237,-2.97479021549196,0.));
#9983=CARTESIAN_POINT('Ctrl Pts',(19.8907547444237,-2.97479021549196,0.32));
#9984=CARTESIAN_POINT('',(19.2794113606347,-2.02941226959199,0.));
#9985=CARTESIAN_POINT('Ctrl Pts',(19.2794113606347,-2.02941226959199,0.));
#9986=CARTESIAN_POINT('Ctrl Pts',(19.3290589570166,-2.21010447622873,0.));
#9987=CARTESIAN_POINT('Ctrl Pts',(19.4330209176527,-2.58847357045664,0.));
#9988=CARTESIAN_POINT('Ctrl Pts',(19.7336780507619,-2.84222115950429,0.));
#9989=CARTESIAN_POINT('Ctrl Pts',(19.8907547444237,-2.97479021549196,0.));
#9990=CARTESIAN_POINT('',(19.2794113606347,-2.02941226959199,0.));
#9991=CARTESIAN_POINT('Ctrl Pts',(23.1806736439599,-1.65756332874273,0.));
#9992=CARTESIAN_POINT('Ctrl Pts',(23.1806736439599,-1.65756332874273,0.32));
#9993=CARTESIAN_POINT('Ctrl Pts',(22.8106610345139,-1.7078329853008,0.));
#9994=CARTESIAN_POINT('Ctrl Pts',(22.8106610345139,-1.7078329853008,0.32));
#9995=CARTESIAN_POINT('Ctrl Pts',(21.5157199222979,-1.88376278691348,0.));
#9996=CARTESIAN_POINT('Ctrl Pts',(21.5157199222979,-1.88376278691348,0.32));
#9997=CARTESIAN_POINT('Ctrl Pts',(20.211189297369,-1.96872611170524,0.));
#9998=CARTESIAN_POINT('Ctrl Pts',(20.211189297369,-1.96872611170524,0.32));
#9999=CARTESIAN_POINT('Ctrl Pts',(19.2794113606347,-2.02941226959199,0.));
#10000=CARTESIAN_POINT('Ctrl Pts',(19.2794113606347,-2.02941226959199,0.32));
#10001=CARTESIAN_POINT('',(23.1806736439599,-1.65756332874273,0.));
#10002=CARTESIAN_POINT('Ctrl Pts',(23.1806736439599,-1.65756332874273,0.));
#10003=CARTESIAN_POINT('Ctrl Pts',(22.8106610345139,-1.7078329853008,0.));
#10004=CARTESIAN_POINT('Ctrl Pts',(21.5157199222979,-1.88376278691348,0.));
#10005=CARTESIAN_POINT('Ctrl Pts',(20.211189297369,-1.96872611170524,0.));
#10006=CARTESIAN_POINT('Ctrl Pts',(19.2794113606347,-2.02941226959199,0.));
#10007=CARTESIAN_POINT('',(23.1806736439599,-1.65756332874273,0.));
#10008=CARTESIAN_POINT('Ctrl Pts',(23.584030196084,-1.03361356258367,0.));
#10009=CARTESIAN_POINT('Ctrl Pts',(23.584030196084,-1.03361356258367,0.32));
#10010=CARTESIAN_POINT('Ctrl Pts',(23.5689202422807,-1.17552163053486,0.));
#10011=CARTESIAN_POINT('Ctrl Pts',(23.5689202422807,-1.17552163053486,0.32));
#10012=CARTESIAN_POINT('Ctrl Pts',(23.5394185156126,-1.45259283056722,0.));
#10013=CARTESIAN_POINT('Ctrl Pts',(23.5394185156126,-1.45259283056722,0.32));
#10014=CARTESIAN_POINT('Ctrl Pts',(23.2982986855765,-1.5903577314418,0.));
#10015=CARTESIAN_POINT('Ctrl Pts',(23.2982986855765,-1.5903577314418,0.32));
#10016=CARTESIAN_POINT('Ctrl Pts',(23.1806736439599,-1.65756332874273,0.));
#10017=CARTESIAN_POINT('Ctrl Pts',(23.1806736439599,-1.65756332874273,0.32));
#10018=CARTESIAN_POINT('',(23.584030196084,-1.03361356258367,0.));
#10019=CARTESIAN_POINT('Ctrl Pts',(23.584030196084,-1.03361356258367,0.));
#10020=CARTESIAN_POINT('Ctrl Pts',(23.5689202422807,-1.17552163053486,0.));
#10021=CARTESIAN_POINT('Ctrl Pts',(23.5394185156126,-1.45259283056722,0.));
#10022=CARTESIAN_POINT('Ctrl Pts',(23.2982986855765,-1.5903577314418,0.));
#10023=CARTESIAN_POINT('Ctrl Pts',(23.1806736439599,-1.65756332874273,0.));
#10024=CARTESIAN_POINT('',(23.584030196084,-1.03361356258367,0.));
#10025=CARTESIAN_POINT('Ctrl Pts',(22.8088264912502,1.02100801467921,0.));
#10026=CARTESIAN_POINT('Ctrl Pts',(22.8088264912502,1.02100801467921,0.32));
#10027=CARTESIAN_POINT('Ctrl Pts',(23.0349156203955,0.721322723052863,0.));
#10028=CARTESIAN_POINT('Ctrl Pts',(23.0349156203955,0.721322723052863,0.32));
#10029=CARTESIAN_POINT('Ctrl Pts',(23.4939778421918,0.112827319785502,0.));
#10030=CARTESIAN_POINT('Ctrl Pts',(23.4939778421918,0.112827319785502,0.32));
#10031=CARTESIAN_POINT('Ctrl Pts',(23.5537141486963,-0.647665226810714,
0.));
#10032=CARTESIAN_POINT('Ctrl Pts',(23.5537141486963,-0.647665226810714,
0.32));
#10033=CARTESIAN_POINT('Ctrl Pts',(23.584030196084,-1.03361356258367,0.));
#10034=CARTESIAN_POINT('Ctrl Pts',(23.584030196084,-1.03361356258367,0.32));
#10035=CARTESIAN_POINT('Ctrl Pts',(22.8088264912502,1.02100801467921,0.));
#10036=CARTESIAN_POINT('Ctrl Pts',(23.0349156203955,0.721322723052863,0.));
#10037=CARTESIAN_POINT('Ctrl Pts',(23.4939778421918,0.112827319785502,0.));
#10038=CARTESIAN_POINT('Ctrl Pts',(23.5537141486963,-0.647665226810714,
0.));
#10039=CARTESIAN_POINT('Ctrl Pts',(23.584030196084,-1.03361356258367,0.));
#10040=CARTESIAN_POINT('Ctrl Pts',(19.4873981922998,-0.964286208152479,
0.));
#10041=CARTESIAN_POINT('Ctrl Pts',(19.4873981922998,-0.964286208152479,
0.32));
#10042=CARTESIAN_POINT('Ctrl Pts',(19.8292360281994,-0.954049241961527,
0.));
#10043=CARTESIAN_POINT('Ctrl Pts',(19.8292360281994,-0.954049241961527,
0.32));
#10044=CARTESIAN_POINT('Ctrl Pts',(20.5762557924655,-0.931678353582129,
0.));
#10045=CARTESIAN_POINT('Ctrl Pts',(20.5762557924655,-0.931678353582129,
0.32));
#10046=CARTESIAN_POINT('Ctrl Pts',(21.3168136444102,-0.830233960713224,
0.));
#10047=CARTESIAN_POINT('Ctrl Pts',(21.3168136444102,-0.830233960713224,
0.32));
#10048=CARTESIAN_POINT('Ctrl Pts',(21.7184906453028,-0.775210738181799,
0.));
#10049=CARTESIAN_POINT('Ctrl Pts',(21.7184906453028,-0.775210738181799,
0.32));
#10050=CARTESIAN_POINT('',(19.4873981922998,-0.964286208152479,0.));
#10051=CARTESIAN_POINT('',(21.7184906453028,-0.775210738181799,0.));
#10052=CARTESIAN_POINT('Ctrl Pts',(19.4873981922998,-0.964286208152479,
0.));
#10053=CARTESIAN_POINT('Ctrl Pts',(19.8292360281994,-0.954049241961527,
0.));
#10054=CARTESIAN_POINT('Ctrl Pts',(20.5762557924655,-0.931678353582129,
0.));
#10055=CARTESIAN_POINT('Ctrl Pts',(21.3168136444102,-0.830233960713224,
0.));
#10056=CARTESIAN_POINT('Ctrl Pts',(21.7184906453028,-0.775210738181799,
0.));
#10057=CARTESIAN_POINT('',(19.4873981922998,-0.964286208152479,0.));
#10058=CARTESIAN_POINT('',(21.7184906453028,-0.775210738181799,0.));
#10059=CARTESIAN_POINT('Ctrl Pts',(19.2605095356836,-0.831932902335827,
0.));
#10060=CARTESIAN_POINT('Ctrl Pts',(19.2605095356836,-0.831932902335827,
0.32));
#10061=CARTESIAN_POINT('Ctrl Pts',(19.2757414164374,-0.870150727224724,
0.));
#10062=CARTESIAN_POINT('Ctrl Pts',(19.2757414164374,-0.870150727224724,
0.32));
#10063=CARTESIAN_POINT('Ctrl Pts',(19.3140685458158,-0.966316101859511,
0.));
#10064=CARTESIAN_POINT('Ctrl Pts',(19.3140685458158,-0.966316101859511,
0.32));
#10065=CARTESIAN_POINT('Ctrl Pts',(19.422225019106,-0.965049462545581,0.));
#10066=CARTESIAN_POINT('Ctrl Pts',(19.422225019106,-0.965049462545581,0.32));
#10067=CARTESIAN_POINT('Ctrl Pts',(19.4873981922998,-0.964286208152479,
0.));
#10068=CARTESIAN_POINT('Ctrl Pts',(19.4873981922998,-0.964286208152479,
0.32));
#10069=CARTESIAN_POINT('',(19.2605095356836,-0.831932902335827,0.));
#10070=CARTESIAN_POINT('Ctrl Pts',(19.2605095356836,-0.831932902335827,
0.));
#10071=CARTESIAN_POINT('Ctrl Pts',(19.2757414164374,-0.870150727224724,
0.));
#10072=CARTESIAN_POINT('Ctrl Pts',(19.3140685458158,-0.966316101859511,
0.));
#10073=CARTESIAN_POINT('Ctrl Pts',(19.422225019106,-0.965049462545581,0.));
#10074=CARTESIAN_POINT('Ctrl Pts',(19.4873981922998,-0.964286208152479,
0.));
#10075=CARTESIAN_POINT('',(19.2605095356836,-0.831932902335827,0.));
#10076=CARTESIAN_POINT('Ctrl Pts',(19.711139723672,0.214284777641586,0.));
#10077=CARTESIAN_POINT('Ctrl Pts',(19.711139723672,0.214284777641586,0.32));
#10078=CARTESIAN_POINT('Ctrl Pts',(19.5797437591879,0.0573006058127223,
0.));
#10079=CARTESIAN_POINT('Ctrl Pts',(19.5797437591879,0.0573006058127223,
0.32));
#10080=CARTESIAN_POINT('Ctrl Pts',(19.3249137149411,-0.247155346166377,
0.));
#10081=CARTESIAN_POINT('Ctrl Pts',(19.3249137149411,-0.247155346166377,
0.32));
#10082=CARTESIAN_POINT('Ctrl Pts',(19.281525725417,-0.641109943112042,0.));
#10083=CARTESIAN_POINT('Ctrl Pts',(19.281525725417,-0.641109943112042,0.32));
#10084=CARTESIAN_POINT('Ctrl Pts',(19.2605095356836,-0.831932902335827,
0.));
#10085=CARTESIAN_POINT('Ctrl Pts',(19.2605095356836,-0.831932902335827,
0.32));
#10086=CARTESIAN_POINT('',(19.711139723672,0.214284777641586,0.));
#10087=CARTESIAN_POINT('Ctrl Pts',(19.711139723672,0.214284777641586,0.));
#10088=CARTESIAN_POINT('Ctrl Pts',(19.5797437591879,0.0573006058127223,
0.));
#10089=CARTESIAN_POINT('Ctrl Pts',(19.3249137149411,-0.247155346166377,
0.));
#10090=CARTESIAN_POINT('Ctrl Pts',(19.281525725417,-0.641109943112042,0.));
#10091=CARTESIAN_POINT('Ctrl Pts',(19.2605095356836,-0.831932902335827,
0.));
#10092=CARTESIAN_POINT('',(19.711139723672,0.214284777641586,0.));
#10093=CARTESIAN_POINT('Ctrl Pts',(20.7415943592922,0.680672049522679,0.));
#10094=CARTESIAN_POINT('Ctrl Pts',(20.7415943592922,0.680672049522679,0.32));
#10095=CARTESIAN_POINT('Ctrl Pts',(20.5514881006239,0.658897741888166,0.));
#10096=CARTESIAN_POINT('Ctrl Pts',(20.5514881006239,0.658897741888166,0.32));
#10097=CARTESIAN_POINT('Ctrl Pts',(20.1588799338152,0.613929359133175,0.));
#10098=CARTESIAN_POINT('Ctrl Pts',(20.1588799338152,0.613929359133175,0.32));
#10099=CARTESIAN_POINT('Ctrl Pts',(19.8634951461759,0.35027439323824,0.));
#10100=CARTESIAN_POINT('Ctrl Pts',(19.8634951461759,0.35027439323824,0.32));
#10101=CARTESIAN_POINT('Ctrl Pts',(19.711139723672,0.214284777641586,0.));
#10102=CARTESIAN_POINT('Ctrl Pts',(19.711139723672,0.214284777641586,0.32));
#10103=CARTESIAN_POINT('',(20.7415943592922,0.680672049522679,0.));
#10104=CARTESIAN_POINT('Ctrl Pts',(20.7415943592922,0.680672049522679,0.));
#10105=CARTESIAN_POINT('Ctrl Pts',(20.5514881006239,0.658897741888166,0.));
#10106=CARTESIAN_POINT('Ctrl Pts',(20.1588799338152,0.613929359133175,0.));
#10107=CARTESIAN_POINT('Ctrl Pts',(19.8634951461759,0.35027439323824,0.));
#10108=CARTESIAN_POINT('Ctrl Pts',(19.711139723672,0.214284777641586,0.));
#10109=CARTESIAN_POINT('',(20.7415943592922,0.680672049522679,0.));
#10110=CARTESIAN_POINT('Ctrl Pts',(21.6712170094386,0.277310729027065,0.));
#10111=CARTESIAN_POINT('Ctrl Pts',(21.6712170094386,0.277310729027065,0.32));
#10112=CARTESIAN_POINT('Ctrl Pts',(21.5320989610373,0.394924713917577,0.));
#10113=CARTESIAN_POINT('Ctrl Pts',(21.5320989610373,0.394924713917577,0.32));
#10114=CARTESIAN_POINT('Ctrl Pts',(21.2621965416503,0.623107177950699,0.));
#10115=CARTESIAN_POINT('Ctrl Pts',(21.2621965416503,0.623107177950699,0.32));
#10116=CARTESIAN_POINT('Ctrl Pts',(20.9115191748573,0.661882846333799,0.));
#10117=CARTESIAN_POINT('Ctrl Pts',(20.9115191748573,0.661882846333799,0.32));
#10118=CARTESIAN_POINT('Ctrl Pts',(20.7415943592922,0.680672049522679,0.));
#10119=CARTESIAN_POINT('Ctrl Pts',(20.7415943592922,0.680672049522679,0.32));
#10120=CARTESIAN_POINT('',(21.6712170094386,0.277310729027065,0.));
#10121=CARTESIAN_POINT('Ctrl Pts',(21.6712170094386,0.277310729027065,0.));
#10122=CARTESIAN_POINT('Ctrl Pts',(21.5320989610373,0.394924713917577,0.));
#10123=CARTESIAN_POINT('Ctrl Pts',(21.2621965416503,0.623107177950699,0.));
#10124=CARTESIAN_POINT('Ctrl Pts',(20.9115191748573,0.661882846333799,0.));
#10125=CARTESIAN_POINT('Ctrl Pts',(20.7415943592922,0.680672049522679,0.));
#10126=CARTESIAN_POINT('',(21.6712170094386,0.277310729027065,0.));
#10127=CARTESIAN_POINT('Ctrl Pts',(22.0840340107813,-0.649160027503701,
0.));
#10128=CARTESIAN_POINT('Ctrl Pts',(22.0840340107813,-0.649160027503701,
0.32));
#10129=CARTESIAN_POINT('Ctrl Pts',(22.0650044074356,-0.478026368213091,
0.));
#10130=CARTESIAN_POINT('Ctrl Pts',(22.0650044074356,-0.478026368213091,
0.32));
#10131=CARTESIAN_POINT('Ctrl Pts',(22.0258616009305,-0.126014211655899,
0.));
#10132=CARTESIAN_POINT('Ctrl Pts',(22.0258616009305,-0.126014211655899,
0.32));
#10133=CARTESIAN_POINT('Ctrl Pts',(21.7915936388887,0.140410581393786,0.));
#10134=CARTESIAN_POINT('Ctrl Pts',(21.7915936388887,0.140410581393786,0.32));
#10135=CARTESIAN_POINT('Ctrl Pts',(21.6712170094386,0.277310729027065,0.));
#10136=CARTESIAN_POINT('Ctrl Pts',(21.6712170094386,0.277310729027065,0.32));
#10137=CARTESIAN_POINT('',(22.0840340107813,-0.649160027503701,0.));
#10138=CARTESIAN_POINT('Ctrl Pts',(22.0840340107813,-0.649160027503701,
0.));
#10139=CARTESIAN_POINT('Ctrl Pts',(22.0650044074356,-0.478026368213091,
0.));
#10140=CARTESIAN_POINT('Ctrl Pts',(22.0258616009305,-0.126014211655899,
0.));
#10141=CARTESIAN_POINT('Ctrl Pts',(21.7915936388887,0.140410581393786,0.));
#10142=CARTESIAN_POINT('Ctrl Pts',(21.6712170094386,0.277310729027065,0.));
#10143=CARTESIAN_POINT('',(22.0840340107813,-0.649160027503701,0.));
#10144=CARTESIAN_POINT('Ctrl Pts',(21.7184906453028,-0.775210738181799,
0.));
#10145=CARTESIAN_POINT('Ctrl Pts',(21.7184906453028,-0.775210738181799,
0.32));
#10146=CARTESIAN_POINT('Ctrl Pts',(21.8159195629431,-0.769602218329888,
0.));
#10147=CARTESIAN_POINT('Ctrl Pts',(21.8159195629431,-0.769602218329888,
0.32));
#10148=CARTESIAN_POINT('Ctrl Pts',(21.9532673190148,-0.761695760625131,
0.));
#10149=CARTESIAN_POINT('Ctrl Pts',(21.9532673190148,-0.761695760625131,
0.32));
#10150=CARTESIAN_POINT('Ctrl Pts',(22.0545865310942,-0.674502059716954,
0.));
#10151=CARTESIAN_POINT('Ctrl Pts',(22.0545865310942,-0.674502059716954,
0.32));
#10152=CARTESIAN_POINT('Ctrl Pts',(22.0840340107813,-0.649160027503701,
0.));
#10153=CARTESIAN_POINT('Ctrl Pts',(22.0840340107813,-0.649160027503701,
0.32));
#10154=CARTESIAN_POINT('Ctrl Pts',(21.7184906453028,-0.775210738181799,
0.));
#10155=CARTESIAN_POINT('Ctrl Pts',(21.8159195629431,-0.769602218329888,
0.));
#10156=CARTESIAN_POINT('Ctrl Pts',(21.9532673190148,-0.761695760625131,
0.));
#10157=CARTESIAN_POINT('Ctrl Pts',(22.0545865310942,-0.674502059716954,
0.));
#10158=CARTESIAN_POINT('Ctrl Pts',(22.0840340107813,-0.649160027503701,
0.));
#10159=CARTESIAN_POINT('Origin',(1.08801856413265E-11,8.65973959207622E-14,
0.));
#10160=CARTESIAN_POINT('Origin',(1.08801856413265E-11,8.65973959207622E-14,
0.32));
#10161=CARTESIAN_POINT('',(7.05882124604119,-1.79621922969777,0.32));
#10162=CARTESIAN_POINT('',(7.07773022354963,-2.99054610729176,0.32));
#10163=CARTESIAN_POINT('Ctrl Pts',(7.05882124604119,-1.79621922969777,0.32));
#10164=CARTESIAN_POINT('Ctrl Pts',(7.06002390021764,-1.96192849500842,0.32));
#10165=CARTESIAN_POINT('Ctrl Pts',(7.06291359179769,-2.36008839673929,0.32));
#10166=CARTESIAN_POINT('Ctrl Pts',(7.07226863470521,-2.75815180496432,0.32));
#10167=CARTESIAN_POINT('Ctrl Pts',(7.07773022354963,-2.99054610729176,0.32));
#10168=CARTESIAN_POINT('',(7.07142882050414,-1.15336167812306,0.32));
#10169=CARTESIAN_POINT('Ctrl Pts',(7.07142882050414,-1.15336167812306,0.32));
#10170=CARTESIAN_POINT('Ctrl Pts',(7.06779139947153,-1.27940322957225,0.32));
#10171=CARTESIAN_POINT('Ctrl Pts',(7.06160839948347,-1.49365252986387,0.32));
#10172=CARTESIAN_POINT('Ctrl Pts',(7.059634083869,-1.70797950262431,0.32));
#10173=CARTESIAN_POINT('Ctrl Pts',(7.05882124604119,-1.79621922969777,0.32));
#10174=CARTESIAN_POINT('',(7.08403162659551,-0.510504722594803,0.32));
#10175=CARTESIAN_POINT('Ctrl Pts',(7.08403162659551,-0.510504722594803,
0.32));
#10176=CARTESIAN_POINT('Ctrl Pts',(7.08321856090891,-0.598744443970355,
0.32));
#10177=CARTESIAN_POINT('Ctrl Pts',(7.08124369404043,-0.813071164554026,
0.32));
#10178=CARTESIAN_POINT('Ctrl Pts',(7.07506418500283,-1.02732031368818,0.32));
#10179=CARTESIAN_POINT('Ctrl Pts',(7.07142882050414,-1.15336167812306,0.32));
#10180=CARTESIAN_POINT('',(6.76260523499409,1.08403277397197,0.32));
#10181=CARTESIAN_POINT('Ctrl Pts',(6.76260523499409,1.08403277397197,0.32));
#10182=CARTESIAN_POINT('Ctrl Pts',(6.8558019934638,0.869990555082684,0.32));
#10183=CARTESIAN_POINT('Ctrl Pts',(7.0762085147582,0.36378946343356,0.32));
#10184=CARTESIAN_POINT('Ctrl Pts',(7.08116876818858,-0.190557812381655,
0.32));
#10185=CARTESIAN_POINT('Ctrl Pts',(7.08403162659551,-0.510504722594803,
0.32));
#10186=CARTESIAN_POINT('',(5.14915995301173,1.76470530033155,0.32));
#10187=CARTESIAN_POINT('Ctrl Pts',(5.14915995301173,1.76470530033155,0.32));
#10188=CARTESIAN_POINT('Ctrl Pts',(5.49731200066527,1.75054951345649,0.32));
#10189=CARTESIAN_POINT('Ctrl Pts',(6.12672975330395,1.72495752391692,0.32));
#10190=CARTESIAN_POINT('Ctrl Pts',(6.56621431107525,1.28198317059613,0.32));
#10191=CARTESIAN_POINT('Ctrl Pts',(6.76260523499409,1.08403277397197,0.32));
#10192=CARTESIAN_POINT('',(3.92646841706199,1.4117641448979,0.32));
#10193=CARTESIAN_POINT('Ctrl Pts',(3.92646841706199,1.4117641448979,0.32));
#10194=CARTESIAN_POINT('Ctrl Pts',(4.12716088407654,1.51464997042299,0.32));
#10195=CARTESIAN_POINT('Ctrl Pts',(4.51219091746819,1.71203721383445,0.32));
#10196=CARTESIAN_POINT('Ctrl Pts',(4.94293585118831,1.74765356276419,0.32));
#10197=CARTESIAN_POINT('Ctrl Pts',(5.14915995301173,1.76470530033155,0.32));
#10198=CARTESIAN_POINT('',(2.9558806866542,0.579831123352502,0.32));
#10199=CARTESIAN_POINT('Ctrl Pts',(2.9558806866542,0.579831123352502,0.32));
#10200=CARTESIAN_POINT('Ctrl Pts',(3.09506355945845,0.741137522210867,0.32));
#10201=CARTESIAN_POINT('Ctrl Pts',(3.37655884499328,1.06737730940864,0.32));
#10202=CARTESIAN_POINT('Ctrl Pts',(3.74181165338109,1.29612084329738,0.32));
#10203=CARTESIAN_POINT('Ctrl Pts',(3.92646841706199,1.4117641448979,0.32));
#10204=CARTESIAN_POINT('',(1.10924296082423,1.76470530033158,0.32));
#10205=CARTESIAN_POINT('Ctrl Pts',(1.10924296082423,1.76470530033158,0.32));
#10206=CARTESIAN_POINT('Ctrl Pts',(1.54471940773471,1.72592251908234,0.32));
#10207=CARTESIAN_POINT('Ctrl Pts',(2.37442770009725,1.65203012965077,0.32));
#10208=CARTESIAN_POINT('Ctrl Pts',(2.7685943342814,0.925187060203769,0.32));
#10209=CARTESIAN_POINT('Ctrl Pts',(2.9558806866542,0.579831123352502,0.32));
#10210=CARTESIAN_POINT('',(0.0378137081996943,1.48739469051409,0.32));
#10211=CARTESIAN_POINT('Ctrl Pts',(0.0378137081996943,1.48739469051409,
0.32));
#10212=CARTESIAN_POINT('Ctrl Pts',(0.213446712602456,1.5682542809411,0.32));
#10213=CARTESIAN_POINT('Ctrl Pts',(0.55417191824132,1.72512058673484,0.32));
#10214=CARTESIAN_POINT('Ctrl Pts',(0.928075015599523,1.75178536635113,0.32));
#10215=CARTESIAN_POINT('Ctrl Pts',(1.10924296082423,1.76470530033158,0.32));
#10216=CARTESIAN_POINT('',(-0.705882981406063,0.976890444756041,0.32));
#10217=CARTESIAN_POINT('Ctrl Pts',(-0.705882981406063,0.976890444756041,
0.32));
#10218=CARTESIAN_POINT('Ctrl Pts',(-0.584718883833575,1.07708268853864,
0.32));
#10219=CARTESIAN_POINT('Ctrl Pts',(-0.352016169109959,1.26950773514548,
0.32));
#10220=CARTESIAN_POINT('Ctrl Pts',(-0.0884961837662557,1.41679651578379,
0.32));
#10221=CARTESIAN_POINT('Ctrl Pts',(0.0378137081996943,1.48739469051409,
0.32));
#10222=CARTESIAN_POINT('',(-1.02101035414779,0.699579238892092,0.32));
#10223=CARTESIAN_POINT('Ctrl Pts',(-1.02101035414779,0.699579238892092,
0.32));
#10224=CARTESIAN_POINT('Ctrl Pts',(-0.994750170125793,0.72268859322792,
0.32));
#10225=CARTESIAN_POINT('Ctrl Pts',(-0.889708636808133,0.815126712145288,
0.32));
#10226=CARTESIAN_POINT('Ctrl Pts',(-0.784665519041483,0.907563030557091,
0.32));
#10227=CARTESIAN_POINT('Ctrl Pts',(-0.705882981406063,0.976890444756041,
0.32));
#10228=CARTESIAN_POINT('',(-1.13760657607158,1.14390683174182,0.32));
#10229=CARTESIAN_POINT('Ctrl Pts',(-1.13760657607158,1.14390683174182,0.32));
#10230=CARTESIAN_POINT('Ctrl Pts',(-1.12745776912113,1.02931493418155,0.32));
#10231=CARTESIAN_POINT('Ctrl Pts',(-1.1136066807137,0.872919949861324,0.32));
#10232=CARTESIAN_POINT('Ctrl Pts',(-1.04054037405158,0.736139517910888,
0.32));
#10233=CARTESIAN_POINT('Ctrl Pts',(-1.02101035414779,0.699579238892092,
0.32));
#10234=CARTESIAN_POINT('',(-1.27941317854956,1.58823502063801,0.32));
#10235=CARTESIAN_POINT('Ctrl Pts',(-1.27941317854956,1.588235020638,0.32));
#10236=CARTESIAN_POINT('Ctrl Pts',(-1.25281416496839,1.55211002867663,0.32));
#10237=CARTESIAN_POINT('Ctrl Pts',(-1.15820827530014,1.42362266980022,0.32));
#10238=CARTESIAN_POINT('Ctrl Pts',(-1.1462224876214,1.26088780952711,0.32));
#10239=CARTESIAN_POINT('Ctrl Pts',(-1.13760657607158,1.14390683174182,0.32));
#10240=CARTESIAN_POINT('',(-1.32983393965796,1.58193242549946,0.32));
#10241=CARTESIAN_POINT('',(-1.32983393965796,1.58193242549946,0.32));
#10242=CARTESIAN_POINT('',(-1.95378251372414,1.44327652454426,0.32));
#10243=CARTESIAN_POINT('Ctrl Pts',(-1.95378251372414,1.44327652454426,0.32));
#10244=CARTESIAN_POINT('Ctrl Pts',(-1.86734140808098,1.46629927520512,0.32));
#10245=CARTESIAN_POINT('Ctrl Pts',(-1.66132001026924,1.52117107765755,0.32));
#10246=CARTESIAN_POINT('Ctrl Pts',(-1.45157532612285,1.55961724731985,0.32));
#10247=CARTESIAN_POINT('Ctrl Pts',(-1.32983393965796,1.58193242549946,0.32));
#10248=CARTESIAN_POINT('',(-2.63445563613015,1.34873878955892,0.32));
#10249=CARTESIAN_POINT('Ctrl Pts',(-2.63445563613015,1.34873878955892,0.32));
#10250=CARTESIAN_POINT('Ctrl Pts',(-2.53880882753414,1.36039260868324,0.32));
#10251=CARTESIAN_POINT('Ctrl Pts',(-2.31139597609474,1.38810109447722,0.32));
#10252=CARTESIAN_POINT('Ctrl Pts',(-2.08497427235513,1.42303522362753,0.32));
#10253=CARTESIAN_POINT('Ctrl Pts',(-1.95378251372414,1.44327652454426,0.32));
#10254=CARTESIAN_POINT('',(-2.69117780028421,1.25420105457357,0.32));
#10255=CARTESIAN_POINT('Ctrl Pts',(-2.69117780028421,1.25420105457357,0.32));
#10256=CARTESIAN_POINT('Ctrl Pts',(-2.69017477013511,1.27821047081656,0.32));
#10257=CARTESIAN_POINT('Ctrl Pts',(-2.68838281151766,1.32110437622393,0.32));
#10258=CARTESIAN_POINT('Ctrl Pts',(-2.65094015578028,1.34029147099705,0.32));
#10259=CARTESIAN_POINT('Ctrl Pts',(-2.63445563613015,1.34873878955892,0.32));
#10260=CARTESIAN_POINT('',(-2.67227120696147,1.12184834480336,0.32));
#10261=CARTESIAN_POINT('Ctrl Pts',(-2.67227120696147,1.12184834480336,0.32));
#10262=CARTESIAN_POINT('Ctrl Pts',(-2.67775621064778,1.14643011604341,0.32));
#10263=CARTESIAN_POINT('Ctrl Pts',(-2.68749607192226,1.1900805956879,0.32));
#10264=CARTESIAN_POINT('Ctrl Pts',(-2.69005843304202,1.23470631346984,0.32));
#10265=CARTESIAN_POINT('Ctrl Pts',(-2.69117780028421,1.25420105457357,0.32));
#10266=CARTESIAN_POINT('',(-2.42647118865113,-1.17857205867717,0.32));
#10267=CARTESIAN_POINT('Ctrl Pts',(-2.42647118865113,-1.17857205867717,
0.32));
#10268=CARTESIAN_POINT('Ctrl Pts',(-2.43688697596526,-0.793570030992273,
0.32));
#10269=CARTESIAN_POINT('Ctrl Pts',(-2.45780804279347,-0.0202580472444658,
0.32));
#10270=CARTESIAN_POINT('Ctrl Pts',(-2.60057991136769,0.740062096010984,
0.32));
#10271=CARTESIAN_POINT('Ctrl Pts',(-2.67227120696147,1.12184834480336,0.32));
#10272=CARTESIAN_POINT('',(-2.43277497588271,-2.71323549747417,0.32));
#10273=CARTESIAN_POINT('Ctrl Pts',(-2.43277497588271,-2.71323549747417,
0.32));
#10274=CARTESIAN_POINT('Ctrl Pts',(-2.4309540415363,-2.41465472675064,0.32));
#10275=CARTESIAN_POINT('Ctrl Pts',(-2.42783428289274,-1.90310419111503,
0.32));
#10276=CARTESIAN_POINT('Ctrl Pts',(-2.42687186460178,-1.39154530152474,
0.32));
#10277=CARTESIAN_POINT('Ctrl Pts',(-2.42647118865113,-1.17857205867717,
0.32));
#10278=CARTESIAN_POINT('',(-2.43907637892851,-4.24790012836406,0.32));
#10279=CARTESIAN_POINT('Ctrl Pts',(-2.43907637892851,-4.24790012836406,
0.32));
#10280=CARTESIAN_POINT('Ctrl Pts',(-2.43867558408632,-4.03492708482525,
0.32));
#10281=CARTESIAN_POINT('Ctrl Pts',(-2.43771287858148,-3.52336780357915,
0.32));
#10282=CARTESIAN_POINT('Ctrl Pts',(-2.43459488323824,-3.01181686547027,
0.32));
#10283=CARTESIAN_POINT('Ctrl Pts',(-2.43277497588271,-2.71323549747417,
0.32));
#10284=CARTESIAN_POINT('',(-2.31302686034332,-4.41806781291911,0.32));
#10285=CARTESIAN_POINT('Ctrl Pts',(-2.31302686034332,-4.41806781291911,
0.32));
#10286=CARTESIAN_POINT('Ctrl Pts',(-2.34965922689649,-4.40815656284511,
0.32));
#10287=CARTESIAN_POINT('Ctrl Pts',(-2.43274477115907,-4.38567694484048,
0.32));
#10288=CARTESIAN_POINT('Ctrl Pts',(-2.43680583544605,-4.29730752441202,
0.32));
#10289=CARTESIAN_POINT('Ctrl Pts',(-2.43907637892851,-4.24790012836406,
0.32));
#10290=CARTESIAN_POINT('',(-1.1407584696878,-4.41806781291912,0.32));
#10291=CARTESIAN_POINT('',(-1.1407584696878,-4.41806781291912,0.32));
#10292=CARTESIAN_POINT('',(-0.995799973594034,-4.23529493808697,0.32));
#10293=CARTESIAN_POINT('Ctrl Pts',(-0.995799973594034,-4.23529493808697,
0.32));
#10294=CARTESIAN_POINT('Ctrl Pts',(-0.999283761246406,-4.28846231762519,
0.32));
#10295=CARTESIAN_POINT('Ctrl Pts',(-1.00566512383514,-4.38585066633677,
0.32));
#10296=CARTESIAN_POINT('Ctrl Pts',(-1.09857227197354,-4.40800722180018,
0.32));
#10297=CARTESIAN_POINT('Ctrl Pts',(-1.1407584696878,-4.41806781291912,0.32));
#10298=CARTESIAN_POINT('',(-1.0021013766396,-3.30252158641766,0.32));
#10299=CARTESIAN_POINT('Ctrl Pts',(-1.0021013766396,-3.30252158641766,0.32));
#10300=CARTESIAN_POINT('Ctrl Pts',(-1.00028183792918,-3.48424267143865,
0.32));
#10301=CARTESIAN_POINT('Ctrl Pts',(-0.997168675018227,-3.79516067432808,
0.32));
#10302=CARTESIAN_POINT('Ctrl Pts',(-0.996201759575714,-4.10609234202859,
0.32));
#10303=CARTESIAN_POINT('Ctrl Pts',(-0.995799973594034,-4.23529493808697,
0.32));
#10304=CARTESIAN_POINT('',(-1.00840516387097,-2.3634456396098,0.32));
#10305=CARTESIAN_POINT('Ctrl Pts',(-1.00840516387096,-2.3634456396098,0.32));
#10306=CARTESIAN_POINT('Ctrl Pts',(-1.00800633435958,-2.49422379953289,
0.32));
#10307=CARTESIAN_POINT('Ctrl Pts',(-1.00705169002588,-2.8072563755608,0.32));
#10308=CARTESIAN_POINT('Ctrl Pts',(-1.00392298005355,-3.12027518532995,
0.32));
#10309=CARTESIAN_POINT('Ctrl Pts',(-1.0021013766396,-3.30252158641766,0.32));
#10310=CARTESIAN_POINT('',(-1.0084051638708,-0.523109912871824,0.32));
#10311=CARTESIAN_POINT('',(-1.0084051638708,-0.523109912871824,0.32));
#10312=CARTESIAN_POINT('',(-0.403363183127325,0.214284777641781,0.32));
#10313=CARTESIAN_POINT('Ctrl Pts',(-0.403363183127325,0.214284777641781,
0.32));
#10314=CARTESIAN_POINT('Ctrl Pts',(-0.577671486835247,0.109042118748692,
0.32));
#10315=CARTESIAN_POINT('Ctrl Pts',(-0.871425158137367,-0.0683184359110856,
0.32));
#10316=CARTESIAN_POINT('Ctrl Pts',(-0.968807716641518,-0.391641225796987,
0.32));
#10317=CARTESIAN_POINT('Ctrl Pts',(-1.0084051638708,-0.523109912871824,
0.32));
#10318=CARTESIAN_POINT('',(0.542016550912012,0.548318743706224,0.32));
#10319=CARTESIAN_POINT('Ctrl Pts',(0.542016550912012,0.548318743706224,
0.32));
#10320=CARTESIAN_POINT('Ctrl Pts',(0.394334149926503,0.528623689897023,
0.32));
#10321=CARTESIAN_POINT('Ctrl Pts',(0.0569988346030703,0.483636358009786,
0.32));
#10322=CARTESIAN_POINT('Ctrl Pts',(-0.237687759277421,0.31121922384591,
0.32));
#10323=CARTESIAN_POINT('Ctrl Pts',(-0.403363183127325,0.214284777641781,
0.32));
#10324=CARTESIAN_POINT('',(1.45588211716563,0.119747042656411,0.32));
#10325=CARTESIAN_POINT('Ctrl Pts',(1.45588211716563,0.119747042656411,0.32));
#10326=CARTESIAN_POINT('Ctrl Pts',(1.34864506421423,0.244440724368857,0.32));
#10327=CARTESIAN_POINT('Ctrl Pts',(1.11112893833068,0.520621012686897,0.32));
#10328=CARTESIAN_POINT('Ctrl Pts',(0.743605463616266,0.538507754516749,
0.32));
#10329=CARTESIAN_POINT('Ctrl Pts',(0.542016550912012,0.548318743706224,
0.32));
#10330=CARTESIAN_POINT('',(1.6260486096277,-0.894958853721154,0.32));
#10331=CARTESIAN_POINT('Ctrl Pts',(1.6260486096277,-0.894958853721154,0.32));
#10332=CARTESIAN_POINT('Ctrl Pts',(1.62575545408018,-0.689068051830776,
0.32));
#10333=CARTESIAN_POINT('Ctrl Pts',(1.62525867342689,-0.340166016945715,
0.32));
#10334=CARTESIAN_POINT('Ctrl Pts',(1.50512402978109,-0.0139609461676216,
0.32));
#10335=CARTESIAN_POINT('Ctrl Pts',(1.45588211716563,0.119747042656411,0.32));
#10336=CARTESIAN_POINT('',(1.62604860962757,-2.41386640071822,0.32));
#10337=CARTESIAN_POINT('',(1.62604860962757,-2.41386640071822,0.32));
#10338=CARTESIAN_POINT('',(1.60714201630473,-3.32458007335616,0.32));
#10339=CARTESIAN_POINT('Ctrl Pts',(1.60714201630473,-3.32458007335616,0.32));
#10340=CARTESIAN_POINT('Ctrl Pts',(1.61260369978447,-3.14733619558623,0.32));
#10341=CARTESIAN_POINT('Ctrl Pts',(1.62195625941856,-2.84382466058635,0.32));
#10342=CARTESIAN_POINT('Ctrl Pts',(1.62484629112821,-2.54018666740806,0.32));
#10343=CARTESIAN_POINT('Ctrl Pts',(1.62604860962757,-2.41386640071822,0.32));
#10344=CARTESIAN_POINT('',(1.58823542298189,-4.235294938087,0.32));
#10345=CARTESIAN_POINT('Ctrl Pts',(1.58823542298189,-4.235294938087,0.32));
#10346=CARTESIAN_POINT('Ctrl Pts',(1.58943774353815,-4.10897467144855,0.32));
#10347=CARTESIAN_POINT('Ctrl Pts',(1.59232778397271,-3.80533628117865,0.32));
#10348=CARTESIAN_POINT('Ctrl Pts',(1.60168033358658,-3.50182434852724,0.32));
#10349=CARTESIAN_POINT('Ctrl Pts',(1.60714201630473,-3.32458007335616,0.32));
#10350=CARTESIAN_POINT('',(1.71428494156708,-4.41806781291915,0.32));
#10351=CARTESIAN_POINT('Ctrl Pts',(1.71428494156708,-4.41806781291915,0.32));
#10352=CARTESIAN_POINT('Ctrl Pts',(1.67771457350703,-4.40687149100326,0.32));
#10353=CARTESIAN_POINT('Ctrl Pts',(1.59215480483278,-4.38067665720905,0.32));
#10354=CARTESIAN_POINT('Ctrl Pts',(1.58966247131425,-4.28822847396624,0.32));
#10355=CARTESIAN_POINT('Ctrl Pts',(1.58823542298189,-4.235294938087,0.32));
#10356=CARTESIAN_POINT('',(2.01050333680024,-4.40546262264206,0.32));
#10357=CARTESIAN_POINT('Ctrl Pts',(2.01050333680024,-4.40546262264206,0.32));
#10358=CARTESIAN_POINT('Ctrl Pts',(1.95327486756146,-4.4091067157911,0.32));
#10359=CARTESIAN_POINT('Ctrl Pts',(1.85461897537603,-4.41538875103697,0.32));
#10360=CARTESIAN_POINT('Ctrl Pts',(1.75578651059357,-4.41727552277676,0.32));
#10361=CARTESIAN_POINT('Ctrl Pts',(1.71428494156708,-4.41806781291915,0.32));
#10362=CARTESIAN_POINT('',(2.30672173203339,-4.39285743236496,0.32));
#10363=CARTESIAN_POINT('Ctrl Pts',(2.30672173203339,-4.39285743236496,0.32));
#10364=CARTESIAN_POINT('Ctrl Pts',(2.26521936740928,-4.39364970176804,0.32));
#10365=CARTESIAN_POINT('Ctrl Pts',(2.16638689887129,-4.39553638802225,0.32));
#10366=CARTESIAN_POINT('Ctrl Pts',(2.06773101095855,-4.40181852243743,0.32));
#10367=CARTESIAN_POINT('Ctrl Pts',(2.01050333680024,-4.40546262264206,0.32));
#10368=CARTESIAN_POINT('',(2.63760380448212,-4.41176521778061,0.32));
#10369=CARTESIAN_POINT('Ctrl Pts',(2.63760380448212,-4.41176521778061,0.32));
#10370=CARTESIAN_POINT('Ctrl Pts',(2.57383026726065,-4.40629712893807,0.32));
#10371=CARTESIAN_POINT('Ctrl Pts',(2.46370567831229,-4.39685479498024,0.32));
#10372=CARTESIAN_POINT('Ctrl Pts',(2.35322335351814,-4.39404152696621,0.32));
#10373=CARTESIAN_POINT('Ctrl Pts',(2.30672173203339,-4.39285743236496,0.32));
#10374=CARTESIAN_POINT('',(2.96848587693085,-4.43067300319626,0.32));
#10375=CARTESIAN_POINT('Ctrl Pts',(2.96848587693085,-4.43067300319626,0.32));
#10376=CARTESIAN_POINT('Ctrl Pts',(2.9219834591409,-4.42948893657858,0.32));
#10377=CARTESIAN_POINT('Ctrl Pts',(2.81150112757601,-4.42667578305094,0.32));
#10378=CARTESIAN_POINT('Ctrl Pts',(2.70137654634708,-4.41723331592685,0.32));
#10379=CARTESIAN_POINT('Ctrl Pts',(2.63760380448212,-4.41176521778061,0.32));
#10380=CARTESIAN_POINT('',(3.08193258942476,-4.26050531864121,0.32));
#10381=CARTESIAN_POINT('Ctrl Pts',(3.08193258942476,-4.26050531864121,0.32));
#10382=CARTESIAN_POINT('Ctrl Pts',(3.08102461668016,-4.30971959765054,0.32));
#10383=CARTESIAN_POINT('Ctrl Pts',(3.07945598387434,-4.39474322091263,0.32));
#10384=CARTESIAN_POINT('Ctrl Pts',(3.00137232210415,-4.42002506522716,0.32));
#10385=CARTESIAN_POINT('Ctrl Pts',(2.96848587693085,-4.43067300319626,0.32));
#10386=CARTESIAN_POINT('',(3.05672220887065,-3.33403456211045,0.32));
#10387=CARTESIAN_POINT('Ctrl Pts',(3.05672220887065,-3.33403456211045,0.32));
#10388=CARTESIAN_POINT('Ctrl Pts',(3.06400431695976,-3.51415651456392,0.32));
#10389=CARTESIAN_POINT('Ctrl Pts',(3.07648544385747,-3.82287548963592,0.32));
#10390=CARTESIAN_POINT('Ctrl Pts',(3.08033080328974,-4.13181601087214,0.32));
#10391=CARTESIAN_POINT('Ctrl Pts',(3.08193258942476,-4.26050531864121,0.32));
#10392=CARTESIAN_POINT('',(3.03151182831653,-2.40756380557969,0.32));
#10393=CARTESIAN_POINT('Ctrl Pts',(3.03151182831653,-2.40756380557969,0.32));
#10394=CARTESIAN_POINT('Ctrl Pts',(3.03311361445155,-2.53625311334876,0.32));
#10395=CARTESIAN_POINT('Ctrl Pts',(3.03695897388382,-2.84519363458498,0.32));
#10396=CARTESIAN_POINT('Ctrl Pts',(3.04944010078153,-3.15391260965697,0.32));
#10397=CARTESIAN_POINT('Ctrl Pts',(3.05672220887065,-3.33403456211045,0.32));
#10398=CARTESIAN_POINT('',(3.05672220887089,-0.611345052718666,0.32));
#10399=CARTESIAN_POINT('Ctrl Pts',(3.05672220887089,-0.611345052718666,
0.32));
#10400=CARTESIAN_POINT('Ctrl Pts',(3.04945628550665,-0.842947085617742,
0.32));
#10401=CARTESIAN_POINT('Ctrl Pts',(3.03067771672627,-1.44151584094972,0.32));
#10402=CARTESIAN_POINT('Ctrl Pts',(3.03119481127939,-2.04040230457106,0.32));
#10403=CARTESIAN_POINT('Ctrl Pts',(3.03151182831653,-2.40756380557969,0.32));
#10404=CARTESIAN_POINT('',(3.59243445099743,0.170167803764789,0.32));
#10405=CARTESIAN_POINT('Ctrl Pts',(3.59243445099743,0.170167803764789,0.32));
#10406=CARTESIAN_POINT('Ctrl Pts',(3.44259072950524,0.0510558629538693,
0.32));
#10407=CARTESIAN_POINT('Ctrl Pts',(3.18135894718622,-0.156599314611504,
0.32));
#10408=CARTESIAN_POINT('Ctrl Pts',(3.09398014036353,-0.475406919340192,
0.32));
#10409=CARTESIAN_POINT('Ctrl Pts',(3.05672220887089,-0.611345052718666,
0.32));
#10410=CARTESIAN_POINT('',(4.48739342392837,0.548318743706186,0.32));
#10411=CARTESIAN_POINT('Ctrl Pts',(4.48739342392837,0.548318743706186,0.32));
#10412=CARTESIAN_POINT('Ctrl Pts',(4.34288384827499,0.52619489224604,0.32));
#10413=CARTESIAN_POINT('Ctrl Pts',(4.01428232704449,0.47588728313148,0.32));
#10414=CARTESIAN_POINT('Ctrl Pts',(3.74390662933946,0.279941962011584,0.32));
#10415=CARTESIAN_POINT('Ctrl Pts',(3.59243445099743,0.170167803764789,0.32));
#10416=CARTESIAN_POINT('',(5.36344341935071,0.283612728119325,0.32));
#10417=CARTESIAN_POINT('Ctrl Pts',(5.36344341935071,0.283612728119325,0.32));
#10418=CARTESIAN_POINT('Ctrl Pts',(5.25303445298062,0.360370650913321,0.32));
#10419=CARTESIAN_POINT('Ctrl Pts',(4.99232418338476,0.541620230573021,0.32));
#10420=CARTESIAN_POINT('Ctrl Pts',(4.67203968744856,0.545869189191996,0.32));
#10421=CARTESIAN_POINT('Ctrl Pts',(4.48739342392837,0.548318743706186,0.32));
#10422=CARTESIAN_POINT('',(5.62815003098393,-0.61134505271869,0.32));
#10423=CARTESIAN_POINT('Ctrl Pts',(5.62815003098393,-0.61134505271869,0.32));
#10424=CARTESIAN_POINT('Ctrl Pts',(5.61312676973645,-0.423551549632896,
0.32));
#10425=CARTESIAN_POINT('Ctrl Pts',(5.58762947753666,-0.104830751097411,
0.32));
#10426=CARTESIAN_POINT('Ctrl Pts',(5.42872129924934,0.170506824081863,0.32));
#10427=CARTESIAN_POINT('Ctrl Pts',(5.36344341935071,0.283612728119325,0.32));
#10428=CARTESIAN_POINT('',(5.64075522126087,-2.38865602016406,0.32));
#10429=CARTESIAN_POINT('Ctrl Pts',(5.64075522126087,-2.38865602016406,0.32));
#10430=CARTESIAN_POINT('Ctrl Pts',(5.64188975528141,-1.97476852615719,0.32));
#10431=CARTESIAN_POINT('Ctrl Pts',(5.6435138841578,-1.38227273631794,0.32));
#10432=CARTESIAN_POINT('Ctrl Pts',(5.63170870961603,-0.789912489120922,
0.32));
#10433=CARTESIAN_POINT('Ctrl Pts',(5.62815003098393,-0.61134505271869,0.32));
#10434=CARTESIAN_POINT('',(5.61869673432231,-3.25525271892505,0.32));
#10435=CARTESIAN_POINT('Ctrl Pts',(5.61869673432231,-3.25525271892505,0.32));
#10436=CARTESIAN_POINT('Ctrl Pts',(5.6250699978623,-3.08694345484771,0.32));
#10437=CARTESIAN_POINT('Ctrl Pts',(5.63600503686737,-2.79816387495906,0.32));
#10438=CARTESIAN_POINT('Ctrl Pts',(5.63935691616645,-2.50920227103112,0.32));
#10439=CARTESIAN_POINT('Ctrl Pts',(5.64075522126087,-2.38865602016406,0.32));
#10440=CARTESIAN_POINT('',(5.59663824738376,-4.12184941768603,0.32));
#10441=CARTESIAN_POINT('Ctrl Pts',(5.59663824738376,-4.12184941768603,0.32));
#10442=CARTESIAN_POINT('Ctrl Pts',(5.59803655247817,-4.00130316681898,0.32));
#10443=CARTESIAN_POINT('Ctrl Pts',(5.60138843177726,-3.71234156289104,0.32));
#10444=CARTESIAN_POINT('Ctrl Pts',(5.61232347078231,-3.42356198300239,0.32));
#10445=CARTESIAN_POINT('Ctrl Pts',(5.61869673432231,-3.25525271892505,0.32));
#10446=CARTESIAN_POINT('',(5.72898916901459,-4.41806781291919,0.32));
#10447=CARTESIAN_POINT('Ctrl Pts',(5.72898916901459,-4.41806781291919,0.32));
#10448=CARTESIAN_POINT('Ctrl Pts',(5.69110228178378,-4.39625193058936,0.32));
#10449=CARTESIAN_POINT('Ctrl Pts',(5.58450066576187,-4.33486899624756,0.32));
#10450=CARTESIAN_POINT('Ctrl Pts',(5.59188095775273,-4.20534181871494,0.32));
#10451=CARTESIAN_POINT('Ctrl Pts',(5.59663824738376,-4.12184941768603,0.32));
#10452=CARTESIAN_POINT('',(6.05042032898774,-4.40546262264209,0.32));
#10453=CARTESIAN_POINT('Ctrl Pts',(6.05042032898774,-4.40546262264209,0.32));
#10454=CARTESIAN_POINT('Ctrl Pts',(5.98793780196755,-4.40910355961972,0.32));
#10455=CARTESIAN_POINT('Ctrl Pts',(5.88086939803929,-4.41534257282212,0.32));
#10456=CARTESIAN_POINT('Ctrl Pts',(5.77364147397243,-4.41726660098608,0.32));
#10457=CARTESIAN_POINT('Ctrl Pts',(5.72898916901459,-4.41806781291919,0.32));
#10458=CARTESIAN_POINT('',(6.3718467205893,-4.392857432365,0.32));
#10459=CARTESIAN_POINT('Ctrl Pts',(6.3718467205893,-4.392857432365,0.32));
#10460=CARTESIAN_POINT('Ctrl Pts',(6.32719521034383,-4.39365864743349,0.32));
#10461=CARTESIAN_POINT('Ctrl Pts',(6.21996887501781,-4.39558268886299,0.32));
#10462=CARTESIAN_POINT('Ctrl Pts',(6.11290206106241,-4.40182168681719,0.32));
#10463=CARTESIAN_POINT('Ctrl Pts',(6.05042032898774,-4.40546262264209,0.32));
#10464=CARTESIAN_POINT('',(6.66491560639252,-4.41176521778065,0.32));
#10465=CARTESIAN_POINT('Ctrl Pts',(6.66491560639252,-4.41176521778065,0.32));
#10466=CARTESIAN_POINT('Ctrl Pts',(6.60850089756551,-4.40629651229451,0.32));
#10467=CARTESIAN_POINT('Ctrl Pts',(6.51100313688835,-4.39684531508393,0.32));
#10468=CARTESIAN_POINT('Ctrl Pts',(6.41310041337572,-4.39403966235432,0.32));
#10469=CARTESIAN_POINT('Ctrl Pts',(6.3718467205893,-4.392857432365,0.32));
#10470=CARTESIAN_POINT('',(6.9516807049643,-4.4306730031963,0.32));
#10471=CARTESIAN_POINT('Ctrl Pts',(6.9516807049643,-4.4306730031963,0.32));
#10472=CARTESIAN_POINT('Ctrl Pts',(6.912004215561,-4.42946323191518,0.32));
#10473=CARTESIAN_POINT('Ctrl Pts',(6.81620588314631,-4.42654225596498,0.32));
#10474=CARTESIAN_POINT('Ctrl Pts',(6.72080475434349,-4.41722410179542,0.32));
#10475=CARTESIAN_POINT('Ctrl Pts',(6.66491560639252,-4.41176521778065,0.32));
#10476=CARTESIAN_POINT('',(7.09663681687228,-4.18487417697865,0.32));
#10477=CARTESIAN_POINT('Ctrl Pts',(7.09663681687228,-4.18487417697865,0.32));
#10478=CARTESIAN_POINT('Ctrl Pts',(7.09730480283643,-4.25552483739685,0.32));
#10479=CARTESIAN_POINT('Ctrl Pts',(7.09841680596516,-4.37313772096908,0.32));
#10480=CARTESIAN_POINT('Ctrl Pts',(6.99355249017551,-4.41425505994272,0.32));
#10481=CARTESIAN_POINT('Ctrl Pts',(6.9516807049643,-4.4306730031963,0.32));
#10482=CARTESIAN_POINT('Ctrl Pts',(7.07773022354963,-2.99054610729176,0.32));
#10483=CARTESIAN_POINT('Ctrl Pts',(7.08319213722029,-3.22294080391082,0.32));
#10484=CARTESIAN_POINT('Ctrl Pts',(7.0925477296838,-3.62100459681331,0.32));
#10485=CARTESIAN_POINT('Ctrl Pts',(7.09543512118957,-4.01916491012603,0.32));
#10486=CARTESIAN_POINT('Ctrl Pts',(7.09663681687228,-4.18487417697865,0.32));
#10487=CARTESIAN_POINT('Ctrl Pts',(7.05882124604119,-1.79621922969777,0.));
#10488=CARTESIAN_POINT('Ctrl Pts',(7.05882124604119,-1.79621922969777,0.32));
#10489=CARTESIAN_POINT('Ctrl Pts',(7.06002390021764,-1.96192849500842,0.));
#10490=CARTESIAN_POINT('Ctrl Pts',(7.06002390021764,-1.96192849500842,0.32));
#10491=CARTESIAN_POINT('Ctrl Pts',(7.06291359179769,-2.36008839673929,0.));
#10492=CARTESIAN_POINT('Ctrl Pts',(7.06291359179769,-2.36008839673929,0.32));
#10493=CARTESIAN_POINT('Ctrl Pts',(7.07226863470521,-2.75815180496432,0.));
#10494=CARTESIAN_POINT('Ctrl Pts',(7.07226863470521,-2.75815180496432,0.32));
#10495=CARTESIAN_POINT('Ctrl Pts',(7.07773022354963,-2.99054610729176,0.));
#10496=CARTESIAN_POINT('Ctrl Pts',(7.07773022354963,-2.99054610729176,0.32));
#10497=CARTESIAN_POINT('',(7.05882124604119,-1.79621922969777,0.));
#10498=CARTESIAN_POINT('',(7.07773022354963,-2.99054610729176,0.));
#10499=CARTESIAN_POINT('Ctrl Pts',(7.05882124604119,-1.79621922969777,0.));
#10500=CARTESIAN_POINT('Ctrl Pts',(7.06002390021764,-1.96192849500842,0.));
#10501=CARTESIAN_POINT('Ctrl Pts',(7.06291359179769,-2.36008839673929,0.));
#10502=CARTESIAN_POINT('Ctrl Pts',(7.07226863470521,-2.75815180496432,0.));
#10503=CARTESIAN_POINT('Ctrl Pts',(7.07773022354963,-2.99054610729176,0.));
#10504=CARTESIAN_POINT('',(7.05882124604119,-1.79621922969777,0.));
#10505=CARTESIAN_POINT('',(7.07773022354963,-2.99054610729176,0.));
#10506=CARTESIAN_POINT('Ctrl Pts',(7.07142882050414,-1.15336167812306,0.));
#10507=CARTESIAN_POINT('Ctrl Pts',(7.07142882050414,-1.15336167812306,0.32));
#10508=CARTESIAN_POINT('Ctrl Pts',(7.06779139947153,-1.27940322957225,0.));
#10509=CARTESIAN_POINT('Ctrl Pts',(7.06779139947153,-1.27940322957225,0.32));
#10510=CARTESIAN_POINT('Ctrl Pts',(7.06160839948347,-1.49365252986387,0.));
#10511=CARTESIAN_POINT('Ctrl Pts',(7.06160839948347,-1.49365252986387,0.32));
#10512=CARTESIAN_POINT('Ctrl Pts',(7.059634083869,-1.70797950262431,0.));
#10513=CARTESIAN_POINT('Ctrl Pts',(7.059634083869,-1.70797950262431,0.32));
#10514=CARTESIAN_POINT('Ctrl Pts',(7.05882124604119,-1.79621922969777,0.));
#10515=CARTESIAN_POINT('Ctrl Pts',(7.05882124604119,-1.79621922969777,0.32));
#10516=CARTESIAN_POINT('',(7.07142882050414,-1.15336167812306,0.));
#10517=CARTESIAN_POINT('Ctrl Pts',(7.07142882050414,-1.15336167812306,0.));
#10518=CARTESIAN_POINT('Ctrl Pts',(7.06779139947153,-1.27940322957225,0.));
#10519=CARTESIAN_POINT('Ctrl Pts',(7.06160839948347,-1.49365252986387,0.));
#10520=CARTESIAN_POINT('Ctrl Pts',(7.059634083869,-1.70797950262431,0.));
#10521=CARTESIAN_POINT('Ctrl Pts',(7.05882124604119,-1.79621922969777,0.));
#10522=CARTESIAN_POINT('',(7.07142882050414,-1.15336167812306,0.));
#10523=CARTESIAN_POINT('Ctrl Pts',(7.08403162659551,-0.510504722594803,
0.));
#10524=CARTESIAN_POINT('Ctrl Pts',(7.08403162659551,-0.510504722594803,
0.32));
#10525=CARTESIAN_POINT('Ctrl Pts',(7.08321856090891,-0.598744443970355,
0.));
#10526=CARTESIAN_POINT('Ctrl Pts',(7.08321856090891,-0.598744443970355,
0.32));
#10527=CARTESIAN_POINT('Ctrl Pts',(7.08124369404043,-0.813071164554026,
0.));
#10528=CARTESIAN_POINT('Ctrl Pts',(7.08124369404043,-0.813071164554026,
0.32));
#10529=CARTESIAN_POINT('Ctrl Pts',(7.07506418500283,-1.02732031368818,0.));
#10530=CARTESIAN_POINT('Ctrl Pts',(7.07506418500283,-1.02732031368818,0.32));
#10531=CARTESIAN_POINT('Ctrl Pts',(7.07142882050414,-1.15336167812306,0.));
#10532=CARTESIAN_POINT('Ctrl Pts',(7.07142882050414,-1.15336167812306,0.32));
#10533=CARTESIAN_POINT('',(7.08403162659551,-0.510504722594803,0.));
#10534=CARTESIAN_POINT('Ctrl Pts',(7.08403162659551,-0.510504722594803,
0.));
#10535=CARTESIAN_POINT('Ctrl Pts',(7.08321856090891,-0.598744443970355,
0.));
#10536=CARTESIAN_POINT('Ctrl Pts',(7.08124369404043,-0.813071164554026,
0.));
#10537=CARTESIAN_POINT('Ctrl Pts',(7.07506418500283,-1.02732031368818,0.));
#10538=CARTESIAN_POINT('Ctrl Pts',(7.07142882050414,-1.15336167812306,0.));
#10539=CARTESIAN_POINT('',(7.08403162659551,-0.510504722594803,0.));
#10540=CARTESIAN_POINT('Ctrl Pts',(6.76260523499409,1.08403277397197,0.));
#10541=CARTESIAN_POINT('Ctrl Pts',(6.76260523499409,1.08403277397197,0.32));
#10542=CARTESIAN_POINT('Ctrl Pts',(6.8558019934638,0.869990555082684,0.));
#10543=CARTESIAN_POINT('Ctrl Pts',(6.8558019934638,0.869990555082684,0.32));
#10544=CARTESIAN_POINT('Ctrl Pts',(7.0762085147582,0.36378946343356,0.));
#10545=CARTESIAN_POINT('Ctrl Pts',(7.0762085147582,0.36378946343356,0.32));
#10546=CARTESIAN_POINT('Ctrl Pts',(7.08116876818858,-0.190557812381655,
0.));
#10547=CARTESIAN_POINT('Ctrl Pts',(7.08116876818858,-0.190557812381655,
0.32));
#10548=CARTESIAN_POINT('Ctrl Pts',(7.08403162659551,-0.510504722594803,
0.));
#10549=CARTESIAN_POINT('Ctrl Pts',(7.08403162659551,-0.510504722594803,
0.32));
#10550=CARTESIAN_POINT('',(6.76260523499409,1.08403277397197,0.));
#10551=CARTESIAN_POINT('Ctrl Pts',(6.76260523499409,1.08403277397197,0.));
#10552=CARTESIAN_POINT('Ctrl Pts',(6.8558019934638,0.869990555082684,0.));
#10553=CARTESIAN_POINT('Ctrl Pts',(7.0762085147582,0.36378946343356,0.));
#10554=CARTESIAN_POINT('Ctrl Pts',(7.08116876818858,-0.190557812381655,
0.));
#10555=CARTESIAN_POINT('Ctrl Pts',(7.08403162659551,-0.510504722594803,
0.));
#10556=CARTESIAN_POINT('',(6.76260523499409,1.08403277397197,0.));
#10557=CARTESIAN_POINT('Ctrl Pts',(5.14915995301173,1.76470530033155,0.));
#10558=CARTESIAN_POINT('Ctrl Pts',(5.14915995301173,1.76470530033155,0.32));
#10559=CARTESIAN_POINT('Ctrl Pts',(5.49731200066527,1.75054951345649,0.));
#10560=CARTESIAN_POINT('Ctrl Pts',(5.49731200066527,1.75054951345649,0.32));
#10561=CARTESIAN_POINT('Ctrl Pts',(6.12672975330395,1.72495752391692,0.));
#10562=CARTESIAN_POINT('Ctrl Pts',(6.12672975330395,1.72495752391692,0.32));
#10563=CARTESIAN_POINT('Ctrl Pts',(6.56621431107525,1.28198317059613,0.));
#10564=CARTESIAN_POINT('Ctrl Pts',(6.56621431107525,1.28198317059613,0.32));
#10565=CARTESIAN_POINT('Ctrl Pts',(6.76260523499409,1.08403277397197,0.));
#10566=CARTESIAN_POINT('Ctrl Pts',(6.76260523499409,1.08403277397197,0.32));
#10567=CARTESIAN_POINT('',(5.14915995301173,1.76470530033155,0.));
#10568=CARTESIAN_POINT('Ctrl Pts',(5.14915995301173,1.76470530033155,0.));
#10569=CARTESIAN_POINT('Ctrl Pts',(5.49731200066527,1.75054951345649,0.));
#10570=CARTESIAN_POINT('Ctrl Pts',(6.12672975330395,1.72495752391692,0.));
#10571=CARTESIAN_POINT('Ctrl Pts',(6.56621431107525,1.28198317059613,0.));
#10572=CARTESIAN_POINT('Ctrl Pts',(6.76260523499409,1.08403277397197,0.));
#10573=CARTESIAN_POINT('',(5.14915995301173,1.76470530033155,0.));
#10574=CARTESIAN_POINT('Ctrl Pts',(3.92646841706199,1.4117641448979,0.));
#10575=CARTESIAN_POINT('Ctrl Pts',(3.92646841706199,1.4117641448979,0.32));
#10576=CARTESIAN_POINT('Ctrl Pts',(4.12716088407654,1.51464997042299,0.));
#10577=CARTESIAN_POINT('Ctrl Pts',(4.12716088407654,1.51464997042299,0.32));
#10578=CARTESIAN_POINT('Ctrl Pts',(4.51219091746819,1.71203721383445,0.));
#10579=CARTESIAN_POINT('Ctrl Pts',(4.51219091746819,1.71203721383445,0.32));
#10580=CARTESIAN_POINT('Ctrl Pts',(4.94293585118831,1.74765356276419,0.));
#10581=CARTESIAN_POINT('Ctrl Pts',(4.94293585118831,1.74765356276419,0.32));
#10582=CARTESIAN_POINT('Ctrl Pts',(5.14915995301173,1.76470530033155,0.));
#10583=CARTESIAN_POINT('Ctrl Pts',(5.14915995301173,1.76470530033155,0.32));
#10584=CARTESIAN_POINT('',(3.92646841706199,1.4117641448979,0.));
#10585=CARTESIAN_POINT('Ctrl Pts',(3.92646841706199,1.4117641448979,0.));
#10586=CARTESIAN_POINT('Ctrl Pts',(4.12716088407654,1.51464997042299,0.));
#10587=CARTESIAN_POINT('Ctrl Pts',(4.51219091746819,1.71203721383445,0.));
#10588=CARTESIAN_POINT('Ctrl Pts',(4.94293585118831,1.74765356276419,0.));
#10589=CARTESIAN_POINT('Ctrl Pts',(5.14915995301173,1.76470530033155,0.));
#10590=CARTESIAN_POINT('',(3.92646841706199,1.4117641448979,0.));
#10591=CARTESIAN_POINT('Ctrl Pts',(2.9558806866542,0.579831123352502,0.));
#10592=CARTESIAN_POINT('Ctrl Pts',(2.9558806866542,0.579831123352502,0.32));
#10593=CARTESIAN_POINT('Ctrl Pts',(3.09506355945845,0.741137522210867,0.));
#10594=CARTESIAN_POINT('Ctrl Pts',(3.09506355945845,0.741137522210867,0.32));
#10595=CARTESIAN_POINT('Ctrl Pts',(3.37655884499328,1.06737730940864,0.));
#10596=CARTESIAN_POINT('Ctrl Pts',(3.37655884499328,1.06737730940864,0.32));
#10597=CARTESIAN_POINT('Ctrl Pts',(3.74181165338109,1.29612084329738,0.));
#10598=CARTESIAN_POINT('Ctrl Pts',(3.74181165338109,1.29612084329738,0.32));
#10599=CARTESIAN_POINT('Ctrl Pts',(3.92646841706199,1.4117641448979,0.));
#10600=CARTESIAN_POINT('Ctrl Pts',(3.92646841706199,1.4117641448979,0.32));
#10601=CARTESIAN_POINT('',(2.9558806866542,0.579831123352502,0.));
#10602=CARTESIAN_POINT('Ctrl Pts',(2.9558806866542,0.579831123352502,0.));
#10603=CARTESIAN_POINT('Ctrl Pts',(3.09506355945845,0.741137522210867,0.));
#10604=CARTESIAN_POINT('Ctrl Pts',(3.37655884499328,1.06737730940864,0.));
#10605=CARTESIAN_POINT('Ctrl Pts',(3.74181165338109,1.29612084329738,0.));
#10606=CARTESIAN_POINT('Ctrl Pts',(3.92646841706199,1.4117641448979,0.));
#10607=CARTESIAN_POINT('',(2.9558806866542,0.579831123352502,0.));
#10608=CARTESIAN_POINT('Ctrl Pts',(1.10924296082423,1.76470530033158,0.));
#10609=CARTESIAN_POINT('Ctrl Pts',(1.10924296082423,1.76470530033158,0.32));
#10610=CARTESIAN_POINT('Ctrl Pts',(1.54471940773471,1.72592251908234,0.));
#10611=CARTESIAN_POINT('Ctrl Pts',(1.54471940773471,1.72592251908234,0.32));
#10612=CARTESIAN_POINT('Ctrl Pts',(2.37442770009725,1.65203012965077,0.));
#10613=CARTESIAN_POINT('Ctrl Pts',(2.37442770009725,1.65203012965077,0.32));
#10614=CARTESIAN_POINT('Ctrl Pts',(2.7685943342814,0.925187060203769,0.));
#10615=CARTESIAN_POINT('Ctrl Pts',(2.7685943342814,0.925187060203769,0.32));
#10616=CARTESIAN_POINT('Ctrl Pts',(2.9558806866542,0.579831123352502,0.));
#10617=CARTESIAN_POINT('Ctrl Pts',(2.9558806866542,0.579831123352502,0.32));
#10618=CARTESIAN_POINT('',(1.10924296082423,1.76470530033158,0.));
#10619=CARTESIAN_POINT('Ctrl Pts',(1.10924296082423,1.76470530033158,0.));
#10620=CARTESIAN_POINT('Ctrl Pts',(1.54471940773471,1.72592251908234,0.));
#10621=CARTESIAN_POINT('Ctrl Pts',(2.37442770009725,1.65203012965077,0.));
#10622=CARTESIAN_POINT('Ctrl Pts',(2.7685943342814,0.925187060203769,0.));
#10623=CARTESIAN_POINT('Ctrl Pts',(2.9558806866542,0.579831123352502,0.));
#10624=CARTESIAN_POINT('',(1.10924296082423,1.76470530033158,0.));
#10625=CARTESIAN_POINT('Ctrl Pts',(0.0378137081996943,1.48739469051409,
0.));
#10626=CARTESIAN_POINT('Ctrl Pts',(0.0378137081996943,1.48739469051409,
0.32));
#10627=CARTESIAN_POINT('Ctrl Pts',(0.213446712602456,1.5682542809411,0.));
#10628=CARTESIAN_POINT('Ctrl Pts',(0.213446712602456,1.5682542809411,0.32));
#10629=CARTESIAN_POINT('Ctrl Pts',(0.55417191824132,1.72512058673484,0.));
#10630=CARTESIAN_POINT('Ctrl Pts',(0.55417191824132,1.72512058673484,0.32));
#10631=CARTESIAN_POINT('Ctrl Pts',(0.928075015599523,1.75178536635113,0.));
#10632=CARTESIAN_POINT('Ctrl Pts',(0.928075015599523,1.75178536635113,0.32));
#10633=CARTESIAN_POINT('Ctrl Pts',(1.10924296082423,1.76470530033158,0.));
#10634=CARTESIAN_POINT('Ctrl Pts',(1.10924296082423,1.76470530033158,0.32));
#10635=CARTESIAN_POINT('',(0.0378137081996943,1.48739469051409,0.));
#10636=CARTESIAN_POINT('Ctrl Pts',(0.0378137081996943,1.48739469051409,
0.));
#10637=CARTESIAN_POINT('Ctrl Pts',(0.213446712602456,1.5682542809411,0.));
#10638=CARTESIAN_POINT('Ctrl Pts',(0.55417191824132,1.72512058673484,0.));
#10639=CARTESIAN_POINT('Ctrl Pts',(0.928075015599523,1.75178536635113,0.));
#10640=CARTESIAN_POINT('Ctrl Pts',(1.10924296082423,1.76470530033158,0.));
#10641=CARTESIAN_POINT('',(0.0378137081996943,1.48739469051409,0.));
#10642=CARTESIAN_POINT('Ctrl Pts',(-0.705882981406063,0.976890444756041,
0.));
#10643=CARTESIAN_POINT('Ctrl Pts',(-0.705882981406063,0.976890444756041,
0.32));
#10644=CARTESIAN_POINT('Ctrl Pts',(-0.584718883833575,1.07708268853864,
0.));
#10645=CARTESIAN_POINT('Ctrl Pts',(-0.584718883833575,1.07708268853864,
0.32));
#10646=CARTESIAN_POINT('Ctrl Pts',(-0.352016169109959,1.26950773514548,
0.));
#10647=CARTESIAN_POINT('Ctrl Pts',(-0.352016169109959,1.26950773514548,
0.32));
#10648=CARTESIAN_POINT('Ctrl Pts',(-0.0884961837662557,1.41679651578379,
0.));
#10649=CARTESIAN_POINT('Ctrl Pts',(-0.0884961837662557,1.41679651578379,
0.32));
#10650=CARTESIAN_POINT('Ctrl Pts',(0.0378137081996943,1.48739469051409,
0.));
#10651=CARTESIAN_POINT('Ctrl Pts',(0.0378137081996943,1.48739469051409,
0.32));
#10652=CARTESIAN_POINT('',(-0.705882981406063,0.976890444756041,0.));
#10653=CARTESIAN_POINT('Ctrl Pts',(-0.705882981406063,0.976890444756041,
0.));
#10654=CARTESIAN_POINT('Ctrl Pts',(-0.584718883833575,1.07708268853864,
0.));
#10655=CARTESIAN_POINT('Ctrl Pts',(-0.352016169109959,1.26950773514548,
0.));
#10656=CARTESIAN_POINT('Ctrl Pts',(-0.0884961837662557,1.41679651578379,
0.));
#10657=CARTESIAN_POINT('Ctrl Pts',(0.0378137081996943,1.48739469051409,
0.));
#10658=CARTESIAN_POINT('',(-0.705882981406063,0.976890444756041,0.));
#10659=CARTESIAN_POINT('Origin',(-0.863447393981876,0.838235667054833,0.));
#10660=CARTESIAN_POINT('',(-1.02101035414779,0.699579238892092,0.));
#10661=CARTESIAN_POINT('',(-0.827997342239951,0.869431523501152,0.));
#10662=CARTESIAN_POINT('',(-1.02101035414779,0.699579238892092,0.));
#10663=CARTESIAN_POINT('Ctrl Pts',(-1.13760657607158,1.14390683174182,0.));
#10664=CARTESIAN_POINT('Ctrl Pts',(-1.13760657607158,1.14390683174182,0.32));
#10665=CARTESIAN_POINT('Ctrl Pts',(-1.12745776912113,1.02931493418155,0.));
#10666=CARTESIAN_POINT('Ctrl Pts',(-1.12745776912113,1.02931493418155,0.32));
#10667=CARTESIAN_POINT('Ctrl Pts',(-1.1136066807137,0.872919949861324,0.));
#10668=CARTESIAN_POINT('Ctrl Pts',(-1.1136066807137,0.872919949861324,0.32));
#10669=CARTESIAN_POINT('Ctrl Pts',(-1.04054037405158,0.736139517910888,
0.));
#10670=CARTESIAN_POINT('Ctrl Pts',(-1.04054037405158,0.736139517910888,
0.32));
#10671=CARTESIAN_POINT('Ctrl Pts',(-1.02101035414779,0.699579238892092,
0.));
#10672=CARTESIAN_POINT('Ctrl Pts',(-1.02101035414779,0.699579238892092,
0.32));
#10673=CARTESIAN_POINT('',(-1.13760657607158,1.14390683174182,0.));
#10674=CARTESIAN_POINT('Ctrl Pts',(-1.13760657607158,1.14390683174182,0.));
#10675=CARTESIAN_POINT('Ctrl Pts',(-1.12745776912113,1.02931493418155,0.));
#10676=CARTESIAN_POINT('Ctrl Pts',(-1.1136066807137,0.872919949861324,0.));
#10677=CARTESIAN_POINT('Ctrl Pts',(-1.04054037405158,0.736139517910888,
0.));
#10678=CARTESIAN_POINT('Ctrl Pts',(-1.02101035414779,0.699579238892092,
0.));
#10679=CARTESIAN_POINT('',(-1.13760657607158,1.14390683174182,0.));
#10680=CARTESIAN_POINT('Ctrl Pts',(-1.27941317854956,1.588235020638,0.));
#10681=CARTESIAN_POINT('Ctrl Pts',(-1.27941317854956,1.588235020638,0.32));
#10682=CARTESIAN_POINT('Ctrl Pts',(-1.25281416496839,1.55211002867663,0.));
#10683=CARTESIAN_POINT('Ctrl Pts',(-1.25281416496839,1.55211002867663,0.32));
#10684=CARTESIAN_POINT('Ctrl Pts',(-1.15820827530014,1.42362266980022,0.));
#10685=CARTESIAN_POINT('Ctrl Pts',(-1.15820827530014,1.42362266980022,0.32));
#10686=CARTESIAN_POINT('Ctrl Pts',(-1.1462224876214,1.26088780952711,0.));
#10687=CARTESIAN_POINT('Ctrl Pts',(-1.1462224876214,1.26088780952711,0.32));
#10688=CARTESIAN_POINT('Ctrl Pts',(-1.13760657607158,1.14390683174182,0.));
#10689=CARTESIAN_POINT('Ctrl Pts',(-1.13760657607158,1.14390683174182,0.32));
#10690=CARTESIAN_POINT('',(-1.27941317854956,1.58823502063801,0.));
#10691=CARTESIAN_POINT('Ctrl Pts',(-1.27941317854956,1.588235020638,0.));
#10692=CARTESIAN_POINT('Ctrl Pts',(-1.25281416496839,1.55211002867663,0.));
#10693=CARTESIAN_POINT('Ctrl Pts',(-1.15820827530014,1.42362266980022,0.));
#10694=CARTESIAN_POINT('Ctrl Pts',(-1.1462224876214,1.26088780952711,0.));
#10695=CARTESIAN_POINT('Ctrl Pts',(-1.13760657607158,1.14390683174182,0.));
#10696=CARTESIAN_POINT('',(-1.27941317854956,1.58823502063801,0.));
#10697=CARTESIAN_POINT('Origin',(-1.30462355910376,1.58508372306873,0.));
#10698=CARTESIAN_POINT('',(-1.32983393965796,1.58193242549946,0.));
#10699=CARTESIAN_POINT('',(-0.759890959113075,1.65317529806756,0.));
#10700=CARTESIAN_POINT('',(-1.32983393965796,1.58193242549946,0.));
#10701=CARTESIAN_POINT('Ctrl Pts',(-1.95378251372414,1.44327652454426,0.));
#10702=CARTESIAN_POINT('Ctrl Pts',(-1.95378251372414,1.44327652454426,0.32));
#10703=CARTESIAN_POINT('Ctrl Pts',(-1.86734140808098,1.46629927520512,0.));
#10704=CARTESIAN_POINT('Ctrl Pts',(-1.86734140808098,1.46629927520512,0.32));
#10705=CARTESIAN_POINT('Ctrl Pts',(-1.66132001026924,1.52117107765755,0.));
#10706=CARTESIAN_POINT('Ctrl Pts',(-1.66132001026924,1.52117107765755,0.32));
#10707=CARTESIAN_POINT('Ctrl Pts',(-1.45157532612285,1.55961724731985,0.));
#10708=CARTESIAN_POINT('Ctrl Pts',(-1.45157532612285,1.55961724731985,0.32));
#10709=CARTESIAN_POINT('Ctrl Pts',(-1.32983393965796,1.58193242549946,0.));
#10710=CARTESIAN_POINT('Ctrl Pts',(-1.32983393965796,1.58193242549946,0.32));
#10711=CARTESIAN_POINT('',(-1.95378251372414,1.44327652454426,0.));
#10712=CARTESIAN_POINT('Ctrl Pts',(-1.95378251372414,1.44327652454426,0.));
#10713=CARTESIAN_POINT('Ctrl Pts',(-1.86734140808098,1.46629927520512,0.));
#10714=CARTESIAN_POINT('Ctrl Pts',(-1.66132001026924,1.52117107765755,0.));
#10715=CARTESIAN_POINT('Ctrl Pts',(-1.45157532612285,1.55961724731985,0.));
#10716=CARTESIAN_POINT('Ctrl Pts',(-1.32983393965796,1.58193242549946,0.));
#10717=CARTESIAN_POINT('',(-1.95378251372414,1.44327652454426,0.));
#10718=CARTESIAN_POINT('Ctrl Pts',(-2.63445563613015,1.34873878955892,0.));
#10719=CARTESIAN_POINT('Ctrl Pts',(-2.63445563613015,1.34873878955892,0.32));
#10720=CARTESIAN_POINT('Ctrl Pts',(-2.53880882753414,1.36039260868324,0.));
#10721=CARTESIAN_POINT('Ctrl Pts',(-2.53880882753414,1.36039260868324,0.32));
#10722=CARTESIAN_POINT('Ctrl Pts',(-2.31139597609474,1.38810109447722,0.));
#10723=CARTESIAN_POINT('Ctrl Pts',(-2.31139597609474,1.38810109447722,0.32));
#10724=CARTESIAN_POINT('Ctrl Pts',(-2.08497427235513,1.42303522362753,0.));
#10725=CARTESIAN_POINT('Ctrl Pts',(-2.08497427235513,1.42303522362753,0.32));
#10726=CARTESIAN_POINT('Ctrl Pts',(-1.95378251372414,1.44327652454426,0.));
#10727=CARTESIAN_POINT('Ctrl Pts',(-1.95378251372414,1.44327652454426,0.32));
#10728=CARTESIAN_POINT('',(-2.63445563613015,1.34873878955892,0.));
#10729=CARTESIAN_POINT('Ctrl Pts',(-2.63445563613015,1.34873878955892,0.));
#10730=CARTESIAN_POINT('Ctrl Pts',(-2.53880882753414,1.36039260868324,0.));
#10731=CARTESIAN_POINT('Ctrl Pts',(-2.31139597609474,1.38810109447722,0.));
#10732=CARTESIAN_POINT('Ctrl Pts',(-2.08497427235513,1.42303522362753,0.));
#10733=CARTESIAN_POINT('Ctrl Pts',(-1.95378251372414,1.44327652454426,0.));
#10734=CARTESIAN_POINT('',(-2.63445563613015,1.34873878955892,0.));
#10735=CARTESIAN_POINT('Ctrl Pts',(-2.69117780028421,1.25420105457357,0.));
#10736=CARTESIAN_POINT('Ctrl Pts',(-2.69117780028421,1.25420105457357,0.32));
#10737=CARTESIAN_POINT('Ctrl Pts',(-2.69017477013511,1.27821047081656,0.));
#10738=CARTESIAN_POINT('Ctrl Pts',(-2.69017477013511,1.27821047081656,0.32));
#10739=CARTESIAN_POINT('Ctrl Pts',(-2.68838281151766,1.32110437622393,0.));
#10740=CARTESIAN_POINT('Ctrl Pts',(-2.68838281151766,1.32110437622393,0.32));
#10741=CARTESIAN_POINT('Ctrl Pts',(-2.65094015578028,1.34029147099705,0.));
#10742=CARTESIAN_POINT('Ctrl Pts',(-2.65094015578028,1.34029147099705,0.32));
#10743=CARTESIAN_POINT('Ctrl Pts',(-2.63445563613015,1.34873878955892,0.));
#10744=CARTESIAN_POINT('Ctrl Pts',(-2.63445563613015,1.34873878955892,0.32));
#10745=CARTESIAN_POINT('',(-2.69117780028421,1.25420105457357,0.));
#10746=CARTESIAN_POINT('Ctrl Pts',(-2.69117780028421,1.25420105457357,0.));
#10747=CARTESIAN_POINT('Ctrl Pts',(-2.69017477013511,1.27821047081656,0.));
#10748=CARTESIAN_POINT('Ctrl Pts',(-2.68838281151766,1.32110437622393,0.));
#10749=CARTESIAN_POINT('Ctrl Pts',(-2.65094015578028,1.34029147099705,0.));
#10750=CARTESIAN_POINT('Ctrl Pts',(-2.63445563613015,1.34873878955892,0.));
#10751=CARTESIAN_POINT('',(-2.69117780028421,1.25420105457357,0.));
#10752=CARTESIAN_POINT('Ctrl Pts',(-2.67227120696147,1.12184834480336,0.));
#10753=CARTESIAN_POINT('Ctrl Pts',(-2.67227120696147,1.12184834480336,0.32));
#10754=CARTESIAN_POINT('Ctrl Pts',(-2.67775621064778,1.14643011604341,0.));
#10755=CARTESIAN_POINT('Ctrl Pts',(-2.67775621064778,1.14643011604341,0.32));
#10756=CARTESIAN_POINT('Ctrl Pts',(-2.68749607192226,1.1900805956879,0.));
#10757=CARTESIAN_POINT('Ctrl Pts',(-2.68749607192226,1.1900805956879,0.32));
#10758=CARTESIAN_POINT('Ctrl Pts',(-2.69005843304202,1.23470631346984,0.));
#10759=CARTESIAN_POINT('Ctrl Pts',(-2.69005843304202,1.23470631346984,0.32));
#10760=CARTESIAN_POINT('Ctrl Pts',(-2.69117780028421,1.25420105457357,0.));
#10761=CARTESIAN_POINT('Ctrl Pts',(-2.69117780028421,1.25420105457357,0.32));
#10762=CARTESIAN_POINT('',(-2.67227120696147,1.12184834480336,0.));
#10763=CARTESIAN_POINT('Ctrl Pts',(-2.67227120696147,1.12184834480336,0.));
#10764=CARTESIAN_POINT('Ctrl Pts',(-2.67775621064778,1.14643011604341,0.));
#10765=CARTESIAN_POINT('Ctrl Pts',(-2.68749607192226,1.1900805956879,0.));
#10766=CARTESIAN_POINT('Ctrl Pts',(-2.69005843304202,1.23470631346984,0.));
#10767=CARTESIAN_POINT('Ctrl Pts',(-2.69117780028421,1.25420105457357,0.));
#10768=CARTESIAN_POINT('',(-2.67227120696147,1.12184834480336,0.));
#10769=CARTESIAN_POINT('Ctrl Pts',(-2.42647118865113,-1.17857205867717,
0.));
#10770=CARTESIAN_POINT('Ctrl Pts',(-2.42647118865113,-1.17857205867717,
0.32));
#10771=CARTESIAN_POINT('Ctrl Pts',(-2.43688697596526,-0.793570030992273,
0.));
#10772=CARTESIAN_POINT('Ctrl Pts',(-2.43688697596526,-0.793570030992273,
0.32));
#10773=CARTESIAN_POINT('Ctrl Pts',(-2.45780804279347,-0.0202580472444658,
0.));
#10774=CARTESIAN_POINT('Ctrl Pts',(-2.45780804279347,-0.0202580472444658,
0.32));
#10775=CARTESIAN_POINT('Ctrl Pts',(-2.60057991136769,0.740062096010984,
0.));
#10776=CARTESIAN_POINT('Ctrl Pts',(-2.60057991136769,0.740062096010984,
0.32));
#10777=CARTESIAN_POINT('Ctrl Pts',(-2.67227120696147,1.12184834480336,0.));
#10778=CARTESIAN_POINT('Ctrl Pts',(-2.67227120696147,1.12184834480336,0.32));
#10779=CARTESIAN_POINT('',(-2.42647118865113,-1.17857205867717,0.));
#10780=CARTESIAN_POINT('Ctrl Pts',(-2.42647118865113,-1.17857205867717,
0.));
#10781=CARTESIAN_POINT('Ctrl Pts',(-2.43688697596526,-0.793570030992273,
0.));
#10782=CARTESIAN_POINT('Ctrl Pts',(-2.45780804279347,-0.0202580472444658,
0.));
#10783=CARTESIAN_POINT('Ctrl Pts',(-2.60057991136769,0.740062096010984,
0.));
#10784=CARTESIAN_POINT('Ctrl Pts',(-2.67227120696147,1.12184834480336,0.));
#10785=CARTESIAN_POINT('',(-2.42647118865113,-1.17857205867717,0.));
#10786=CARTESIAN_POINT('Ctrl Pts',(-2.43277497588271,-2.71323549747417,
0.));
#10787=CARTESIAN_POINT('Ctrl Pts',(-2.43277497588271,-2.71323549747417,
0.32));
#10788=CARTESIAN_POINT('Ctrl Pts',(-2.4309540415363,-2.41465472675064,0.));
#10789=CARTESIAN_POINT('Ctrl Pts',(-2.4309540415363,-2.41465472675064,0.32));
#10790=CARTESIAN_POINT('Ctrl Pts',(-2.42783428289274,-1.90310419111503,
0.));
#10791=CARTESIAN_POINT('Ctrl Pts',(-2.42783428289274,-1.90310419111503,
0.32));
#10792=CARTESIAN_POINT('Ctrl Pts',(-2.42687186460178,-1.39154530152474,
0.));
#10793=CARTESIAN_POINT('Ctrl Pts',(-2.42687186460178,-1.39154530152474,
0.32));
#10794=CARTESIAN_POINT('Ctrl Pts',(-2.42647118865113,-1.17857205867717,
0.));
#10795=CARTESIAN_POINT('Ctrl Pts',(-2.42647118865113,-1.17857205867717,
0.32));
#10796=CARTESIAN_POINT('',(-2.43277497588271,-2.71323549747417,0.));
#10797=CARTESIAN_POINT('Ctrl Pts',(-2.43277497588271,-2.71323549747417,
0.));
#10798=CARTESIAN_POINT('Ctrl Pts',(-2.4309540415363,-2.41465472675064,0.));
#10799=CARTESIAN_POINT('Ctrl Pts',(-2.42783428289274,-1.90310419111503,
0.));
#10800=CARTESIAN_POINT('Ctrl Pts',(-2.42687186460178,-1.39154530152474,
0.));
#10801=CARTESIAN_POINT('Ctrl Pts',(-2.42647118865113,-1.17857205867717,
0.));
#10802=CARTESIAN_POINT('',(-2.43277497588271,-2.71323549747417,0.));
#10803=CARTESIAN_POINT('Ctrl Pts',(-2.43907637892851,-4.24790012836406,
0.));
#10804=CARTESIAN_POINT('Ctrl Pts',(-2.43907637892851,-4.24790012836406,
0.32));
#10805=CARTESIAN_POINT('Ctrl Pts',(-2.43867558408632,-4.03492708482525,
0.));
#10806=CARTESIAN_POINT('Ctrl Pts',(-2.43867558408632,-4.03492708482525,
0.32));
#10807=CARTESIAN_POINT('Ctrl Pts',(-2.43771287858148,-3.52336780357915,
0.));
#10808=CARTESIAN_POINT('Ctrl Pts',(-2.43771287858148,-3.52336780357915,
0.32));
#10809=CARTESIAN_POINT('Ctrl Pts',(-2.43459488323824,-3.01181686547027,
0.));
#10810=CARTESIAN_POINT('Ctrl Pts',(-2.43459488323824,-3.01181686547027,
0.32));
#10811=CARTESIAN_POINT('Ctrl Pts',(-2.43277497588271,-2.71323549747417,
0.));
#10812=CARTESIAN_POINT('Ctrl Pts',(-2.43277497588271,-2.71323549747417,
0.32));
#10813=CARTESIAN_POINT('',(-2.43907637892851,-4.24790012836406,0.));
#10814=CARTESIAN_POINT('Ctrl Pts',(-2.43907637892851,-4.24790012836406,
0.));
#10815=CARTESIAN_POINT('Ctrl Pts',(-2.43867558408632,-4.03492708482525,
0.));
#10816=CARTESIAN_POINT('Ctrl Pts',(-2.43771287858148,-3.52336780357915,
0.));
#10817=CARTESIAN_POINT('Ctrl Pts',(-2.43459488323824,-3.01181686547027,
0.));
#10818=CARTESIAN_POINT('Ctrl Pts',(-2.43277497588271,-2.71323549747417,
0.));
#10819=CARTESIAN_POINT('',(-2.43907637892851,-4.24790012836406,0.));
#10820=CARTESIAN_POINT('Ctrl Pts',(-2.31302686034332,-4.41806781291911,
0.));
#10821=CARTESIAN_POINT('Ctrl Pts',(-2.31302686034332,-4.41806781291911,
0.32));
#10822=CARTESIAN_POINT('Ctrl Pts',(-2.34965922689649,-4.40815656284511,
0.));
#10823=CARTESIAN_POINT('Ctrl Pts',(-2.34965922689649,-4.40815656284511,
0.32));
#10824=CARTESIAN_POINT('Ctrl Pts',(-2.43274477115907,-4.38567694484048,
0.));
#10825=CARTESIAN_POINT('Ctrl Pts',(-2.43274477115907,-4.38567694484048,
0.32));
#10826=CARTESIAN_POINT('Ctrl Pts',(-2.43680583544605,-4.29730752441202,
0.));
#10827=CARTESIAN_POINT('Ctrl Pts',(-2.43680583544605,-4.29730752441202,
0.32));
#10828=CARTESIAN_POINT('Ctrl Pts',(-2.43907637892851,-4.24790012836406,
0.));
#10829=CARTESIAN_POINT('Ctrl Pts',(-2.43907637892851,-4.24790012836406,
0.32));
#10830=CARTESIAN_POINT('',(-2.31302686034332,-4.41806781291911,0.));
#10831=CARTESIAN_POINT('Ctrl Pts',(-2.31302686034332,-4.41806781291911,
0.));
#10832=CARTESIAN_POINT('Ctrl Pts',(-2.34965922689649,-4.40815656284511,
0.));
#10833=CARTESIAN_POINT('Ctrl Pts',(-2.43274477115907,-4.38567694484048,
0.));
#10834=CARTESIAN_POINT('Ctrl Pts',(-2.43680583544605,-4.29730752441202,
0.));
#10835=CARTESIAN_POINT('Ctrl Pts',(-2.43907637892851,-4.24790012836406,
0.));
#10836=CARTESIAN_POINT('',(-2.31302686034332,-4.41806781291911,0.));
#10837=CARTESIAN_POINT('Origin',(-1.72689266501556,-4.41806781291912,0.));
#10838=CARTESIAN_POINT('',(-1.1407584696878,-4.41806781291912,0.));
#10839=CARTESIAN_POINT('',(-0.863446332502361,-4.41806781291913,0.));
#10840=CARTESIAN_POINT('',(-1.1407584696878,-4.41806781291912,0.));
#10841=CARTESIAN_POINT('Ctrl Pts',(-0.995799973594034,-4.23529493808697,
0.));
#10842=CARTESIAN_POINT('Ctrl Pts',(-0.995799973594034,-4.23529493808697,
0.32));
#10843=CARTESIAN_POINT('Ctrl Pts',(-0.999283761246406,-4.28846231762519,
0.));
#10844=CARTESIAN_POINT('Ctrl Pts',(-0.999283761246406,-4.28846231762519,
0.32));
#10845=CARTESIAN_POINT('Ctrl Pts',(-1.00566512383514,-4.38585066633677,
0.));
#10846=CARTESIAN_POINT('Ctrl Pts',(-1.00566512383514,-4.38585066633677,
0.32));
#10847=CARTESIAN_POINT('Ctrl Pts',(-1.09857227197354,-4.40800722180018,
0.));
#10848=CARTESIAN_POINT('Ctrl Pts',(-1.09857227197354,-4.40800722180018,
0.32));
#10849=CARTESIAN_POINT('Ctrl Pts',(-1.1407584696878,-4.41806781291912,0.));
#10850=CARTESIAN_POINT('Ctrl Pts',(-1.1407584696878,-4.41806781291912,0.32));
#10851=CARTESIAN_POINT('',(-0.995799973594034,-4.23529493808697,0.));
#10852=CARTESIAN_POINT('Ctrl Pts',(-0.995799973594034,-4.23529493808697,
0.));
#10853=CARTESIAN_POINT('Ctrl Pts',(-0.999283761246406,-4.28846231762519,
0.));
#10854=CARTESIAN_POINT('Ctrl Pts',(-1.00566512383514,-4.38585066633677,
0.));
#10855=CARTESIAN_POINT('Ctrl Pts',(-1.09857227197354,-4.40800722180018,
0.));
#10856=CARTESIAN_POINT('Ctrl Pts',(-1.1407584696878,-4.41806781291912,0.));
#10857=CARTESIAN_POINT('',(-0.995799973594034,-4.23529493808697,0.));
#10858=CARTESIAN_POINT('Ctrl Pts',(-1.0021013766396,-3.30252158641766,0.));
#10859=CARTESIAN_POINT('Ctrl Pts',(-1.0021013766396,-3.30252158641766,0.32));
#10860=CARTESIAN_POINT('Ctrl Pts',(-1.00028183792918,-3.48424267143865,
0.));
#10861=CARTESIAN_POINT('Ctrl Pts',(-1.00028183792918,-3.48424267143865,
0.32));
#10862=CARTESIAN_POINT('Ctrl Pts',(-0.997168675018227,-3.79516067432808,
0.));
#10863=CARTESIAN_POINT('Ctrl Pts',(-0.997168675018227,-3.79516067432808,
0.32));
#10864=CARTESIAN_POINT('Ctrl Pts',(-0.996201759575714,-4.10609234202859,
0.));
#10865=CARTESIAN_POINT('Ctrl Pts',(-0.996201759575714,-4.10609234202859,
0.32));
#10866=CARTESIAN_POINT('Ctrl Pts',(-0.995799973594034,-4.23529493808697,
0.));
#10867=CARTESIAN_POINT('Ctrl Pts',(-0.995799973594034,-4.23529493808697,
0.32));
#10868=CARTESIAN_POINT('',(-1.0021013766396,-3.30252158641766,0.));
#10869=CARTESIAN_POINT('Ctrl Pts',(-1.0021013766396,-3.30252158641766,0.));
#10870=CARTESIAN_POINT('Ctrl Pts',(-1.00028183792918,-3.48424267143865,
0.));
#10871=CARTESIAN_POINT('Ctrl Pts',(-0.997168675018227,-3.79516067432808,
0.));
#10872=CARTESIAN_POINT('Ctrl Pts',(-0.996201759575714,-4.10609234202859,
0.));
#10873=CARTESIAN_POINT('Ctrl Pts',(-0.995799973594034,-4.23529493808697,
0.));
#10874=CARTESIAN_POINT('',(-1.0021013766396,-3.30252158641766,0.));
#10875=CARTESIAN_POINT('Ctrl Pts',(-1.00840516387096,-2.3634456396098,0.));
#10876=CARTESIAN_POINT('Ctrl Pts',(-1.00840516387096,-2.3634456396098,0.32));
#10877=CARTESIAN_POINT('Ctrl Pts',(-1.00800633435958,-2.49422379953289,
0.));
#10878=CARTESIAN_POINT('Ctrl Pts',(-1.00800633435958,-2.49422379953289,
0.32));
#10879=CARTESIAN_POINT('Ctrl Pts',(-1.00705169002588,-2.8072563755608,0.));
#10880=CARTESIAN_POINT('Ctrl Pts',(-1.00705169002588,-2.8072563755608,0.32));
#10881=CARTESIAN_POINT('Ctrl Pts',(-1.00392298005355,-3.12027518532995,
0.));
#10882=CARTESIAN_POINT('Ctrl Pts',(-1.00392298005355,-3.12027518532995,
0.32));
#10883=CARTESIAN_POINT('Ctrl Pts',(-1.0021013766396,-3.30252158641766,0.));
#10884=CARTESIAN_POINT('Ctrl Pts',(-1.0021013766396,-3.30252158641766,0.32));
#10885=CARTESIAN_POINT('',(-1.00840516387097,-2.3634456396098,0.));
#10886=CARTESIAN_POINT('Ctrl Pts',(-1.00840516387096,-2.3634456396098,0.));
#10887=CARTESIAN_POINT('Ctrl Pts',(-1.00800633435958,-2.49422379953289,
0.));
#10888=CARTESIAN_POINT('Ctrl Pts',(-1.00705169002588,-2.8072563755608,0.));
#10889=CARTESIAN_POINT('Ctrl Pts',(-1.00392298005355,-3.12027518532995,
0.));
#10890=CARTESIAN_POINT('Ctrl Pts',(-1.0021013766396,-3.30252158641766,0.));
#10891=CARTESIAN_POINT('',(-1.00840516387097,-2.3634456396098,0.));
#10892=CARTESIAN_POINT('Origin',(-1.00840516387088,-1.44327777624081,0.));
#10893=CARTESIAN_POINT('',(-1.0084051638708,-0.523109912871824,0.));
#10894=CARTESIAN_POINT('',(-1.00840516387082,-0.721638888120317,0.));
#10895=CARTESIAN_POINT('',(-1.0084051638708,-0.523109912871824,0.));
#10896=CARTESIAN_POINT('Ctrl Pts',(-0.403363183127325,0.214284777641781,
0.));
#10897=CARTESIAN_POINT('Ctrl Pts',(-0.403363183127325,0.214284777641781,
0.32));
#10898=CARTESIAN_POINT('Ctrl Pts',(-0.577671486835247,0.109042118748692,
0.));
#10899=CARTESIAN_POINT('Ctrl Pts',(-0.577671486835247,0.109042118748692,
0.32));
#10900=CARTESIAN_POINT('Ctrl Pts',(-0.871425158137367,-0.0683184359110856,
0.));
#10901=CARTESIAN_POINT('Ctrl Pts',(-0.871425158137367,-0.0683184359110856,
0.32));
#10902=CARTESIAN_POINT('Ctrl Pts',(-0.968807716641518,-0.391641225796987,
0.));
#10903=CARTESIAN_POINT('Ctrl Pts',(-0.968807716641518,-0.391641225796987,
0.32));
#10904=CARTESIAN_POINT('Ctrl Pts',(-1.0084051638708,-0.523109912871824,
0.));
#10905=CARTESIAN_POINT('Ctrl Pts',(-1.0084051638708,-0.523109912871824,
0.32));
#10906=CARTESIAN_POINT('',(-0.403363183127325,0.214284777641781,0.));
#10907=CARTESIAN_POINT('Ctrl Pts',(-0.403363183127325,0.214284777641781,
0.));
#10908=CARTESIAN_POINT('Ctrl Pts',(-0.577671486835247,0.109042118748692,
0.));
#10909=CARTESIAN_POINT('Ctrl Pts',(-0.871425158137367,-0.0683184359110856,
0.));
#10910=CARTESIAN_POINT('Ctrl Pts',(-0.968807716641518,-0.391641225796987,
0.));
#10911=CARTESIAN_POINT('Ctrl Pts',(-1.0084051638708,-0.523109912871824,
0.));
#10912=CARTESIAN_POINT('',(-0.403363183127325,0.214284777641781,0.));
#10913=CARTESIAN_POINT('Ctrl Pts',(0.542016550912012,0.548318743706224,
0.));
#10914=CARTESIAN_POINT('Ctrl Pts',(0.542016550912012,0.548318743706224,
0.32));
#10915=CARTESIAN_POINT('Ctrl Pts',(0.394334149926503,0.528623689897023,
0.));
#10916=CARTESIAN_POINT('Ctrl Pts',(0.394334149926503,0.528623689897023,
0.32));
#10917=CARTESIAN_POINT('Ctrl Pts',(0.0569988346030703,0.483636358009786,
0.));
#10918=CARTESIAN_POINT('Ctrl Pts',(0.0569988346030703,0.483636358009786,
0.32));
#10919=CARTESIAN_POINT('Ctrl Pts',(-0.237687759277421,0.31121922384591,
0.));
#10920=CARTESIAN_POINT('Ctrl Pts',(-0.237687759277421,0.31121922384591,
0.32));
#10921=CARTESIAN_POINT('Ctrl Pts',(-0.403363183127325,0.214284777641781,
0.));
#10922=CARTESIAN_POINT('Ctrl Pts',(-0.403363183127325,0.214284777641781,
0.32));
#10923=CARTESIAN_POINT('',(0.542016550912012,0.548318743706224,0.));
#10924=CARTESIAN_POINT('Ctrl Pts',(0.542016550912012,0.548318743706224,
0.));
#10925=CARTESIAN_POINT('Ctrl Pts',(0.394334149926503,0.528623689897023,
0.));
#10926=CARTESIAN_POINT('Ctrl Pts',(0.0569988346030703,0.483636358009786,
0.));
#10927=CARTESIAN_POINT('Ctrl Pts',(-0.237687759277421,0.31121922384591,
0.));
#10928=CARTESIAN_POINT('Ctrl Pts',(-0.403363183127325,0.214284777641781,
0.));
#10929=CARTESIAN_POINT('',(0.542016550912012,0.548318743706224,0.));
#10930=CARTESIAN_POINT('Ctrl Pts',(1.45588211716563,0.119747042656411,0.));
#10931=CARTESIAN_POINT('Ctrl Pts',(1.45588211716563,0.119747042656411,0.32));
#10932=CARTESIAN_POINT('Ctrl Pts',(1.34864506421423,0.244440724368857,0.));
#10933=CARTESIAN_POINT('Ctrl Pts',(1.34864506421423,0.244440724368857,0.32));
#10934=CARTESIAN_POINT('Ctrl Pts',(1.11112893833068,0.520621012686897,0.));
#10935=CARTESIAN_POINT('Ctrl Pts',(1.11112893833068,0.520621012686897,0.32));
#10936=CARTESIAN_POINT('Ctrl Pts',(0.743605463616266,0.538507754516749,
0.));
#10937=CARTESIAN_POINT('Ctrl Pts',(0.743605463616266,0.538507754516749,
0.32));
#10938=CARTESIAN_POINT('Ctrl Pts',(0.542016550912012,0.548318743706224,
0.));
#10939=CARTESIAN_POINT('Ctrl Pts',(0.542016550912012,0.548318743706224,
0.32));
#10940=CARTESIAN_POINT('',(1.45588211716563,0.119747042656411,0.));
#10941=CARTESIAN_POINT('Ctrl Pts',(1.45588211716563,0.119747042656411,0.));
#10942=CARTESIAN_POINT('Ctrl Pts',(1.34864506421423,0.244440724368857,0.));
#10943=CARTESIAN_POINT('Ctrl Pts',(1.11112893833068,0.520621012686897,0.));
#10944=CARTESIAN_POINT('Ctrl Pts',(0.743605463616266,0.538507754516749,
0.));
#10945=CARTESIAN_POINT('Ctrl Pts',(0.542016550912012,0.548318743706224,
0.));
#10946=CARTESIAN_POINT('',(1.45588211716563,0.119747042656411,0.));
#10947=CARTESIAN_POINT('Ctrl Pts',(1.6260486096277,-0.894958853721154,0.));
#10948=CARTESIAN_POINT('Ctrl Pts',(1.6260486096277,-0.894958853721154,0.32));
#10949=CARTESIAN_POINT('Ctrl Pts',(1.62575545408018,-0.689068051830776,
0.));
#10950=CARTESIAN_POINT('Ctrl Pts',(1.62575545408018,-0.689068051830776,
0.32));
#10951=CARTESIAN_POINT('Ctrl Pts',(1.62525867342689,-0.340166016945715,
0.));
#10952=CARTESIAN_POINT('Ctrl Pts',(1.62525867342689,-0.340166016945715,
0.32));
#10953=CARTESIAN_POINT('Ctrl Pts',(1.50512402978109,-0.0139609461676216,
0.));
#10954=CARTESIAN_POINT('Ctrl Pts',(1.50512402978109,-0.0139609461676216,
0.32));
#10955=CARTESIAN_POINT('Ctrl Pts',(1.45588211716563,0.119747042656411,0.));
#10956=CARTESIAN_POINT('Ctrl Pts',(1.45588211716563,0.119747042656411,0.32));
#10957=CARTESIAN_POINT('',(1.6260486096277,-0.894958853721154,0.));
#10958=CARTESIAN_POINT('Ctrl Pts',(1.6260486096277,-0.894958853721154,0.));
#10959=CARTESIAN_POINT('Ctrl Pts',(1.62575545408018,-0.689068051830776,
0.));
#10960=CARTESIAN_POINT('Ctrl Pts',(1.62525867342689,-0.340166016945715,
0.));
#10961=CARTESIAN_POINT('Ctrl Pts',(1.50512402978109,-0.0139609461676216,
0.));
#10962=CARTESIAN_POINT('Ctrl Pts',(1.45588211716563,0.119747042656411,0.));
#10963=CARTESIAN_POINT('',(1.6260486096277,-0.894958853721154,0.));
#10964=CARTESIAN_POINT('Origin',(1.62604860962763,-1.65441262721969,0.));
#10965=CARTESIAN_POINT('',(1.62604860962757,-2.41386640071822,0.));
#10966=CARTESIAN_POINT('',(1.62604860962771,-0.827206313609875,0.));
#10967=CARTESIAN_POINT('',(1.62604860962757,-2.41386640071822,0.));
#10968=CARTESIAN_POINT('Ctrl Pts',(1.60714201630473,-3.32458007335616,0.));
#10969=CARTESIAN_POINT('Ctrl Pts',(1.60714201630473,-3.32458007335616,0.32));
#10970=CARTESIAN_POINT('Ctrl Pts',(1.61260369978447,-3.14733619558623,0.));
#10971=CARTESIAN_POINT('Ctrl Pts',(1.61260369978447,-3.14733619558623,0.32));
#10972=CARTESIAN_POINT('Ctrl Pts',(1.62195625941856,-2.84382466058635,0.));
#10973=CARTESIAN_POINT('Ctrl Pts',(1.62195625941856,-2.84382466058635,0.32));
#10974=CARTESIAN_POINT('Ctrl Pts',(1.62484629112821,-2.54018666740806,0.));
#10975=CARTESIAN_POINT('Ctrl Pts',(1.62484629112821,-2.54018666740806,0.32));
#10976=CARTESIAN_POINT('Ctrl Pts',(1.62604860962757,-2.41386640071822,0.));
#10977=CARTESIAN_POINT('Ctrl Pts',(1.62604860962757,-2.41386640071822,0.32));
#10978=CARTESIAN_POINT('',(1.60714201630473,-3.32458007335616,0.));
#10979=CARTESIAN_POINT('Ctrl Pts',(1.60714201630473,-3.32458007335616,0.));
#10980=CARTESIAN_POINT('Ctrl Pts',(1.61260369978447,-3.14733619558623,0.));
#10981=CARTESIAN_POINT('Ctrl Pts',(1.62195625941856,-2.84382466058635,0.));
#10982=CARTESIAN_POINT('Ctrl Pts',(1.62484629112821,-2.54018666740806,0.));
#10983=CARTESIAN_POINT('Ctrl Pts',(1.62604860962757,-2.41386640071822,0.));
#10984=CARTESIAN_POINT('',(1.60714201630473,-3.32458007335616,0.));
#10985=CARTESIAN_POINT('Ctrl Pts',(1.58823542298189,-4.235294938087,0.));
#10986=CARTESIAN_POINT('Ctrl Pts',(1.58823542298189,-4.235294938087,0.32));
#10987=CARTESIAN_POINT('Ctrl Pts',(1.58943774353815,-4.10897467144855,0.));
#10988=CARTESIAN_POINT('Ctrl Pts',(1.58943774353815,-4.10897467144855,0.32));
#10989=CARTESIAN_POINT('Ctrl Pts',(1.59232778397271,-3.80533628117865,0.));
#10990=CARTESIAN_POINT('Ctrl Pts',(1.59232778397271,-3.80533628117865,0.32));
#10991=CARTESIAN_POINT('Ctrl Pts',(1.60168033358658,-3.50182434852724,0.));
#10992=CARTESIAN_POINT('Ctrl Pts',(1.60168033358658,-3.50182434852724,0.32));
#10993=CARTESIAN_POINT('Ctrl Pts',(1.60714201630473,-3.32458007335616,0.));
#10994=CARTESIAN_POINT('Ctrl Pts',(1.60714201630473,-3.32458007335616,0.32));
#10995=CARTESIAN_POINT('',(1.58823542298189,-4.235294938087,0.));
#10996=CARTESIAN_POINT('Ctrl Pts',(1.58823542298189,-4.235294938087,0.));
#10997=CARTESIAN_POINT('Ctrl Pts',(1.58943774353815,-4.10897467144855,0.));
#10998=CARTESIAN_POINT('Ctrl Pts',(1.59232778397271,-3.80533628117865,0.));
#10999=CARTESIAN_POINT('Ctrl Pts',(1.60168033358658,-3.50182434852724,0.));
#11000=CARTESIAN_POINT('Ctrl Pts',(1.60714201630473,-3.32458007335616,0.));
#11001=CARTESIAN_POINT('',(1.58823542298189,-4.235294938087,0.));
#11002=CARTESIAN_POINT('Ctrl Pts',(1.71428494156708,-4.41806781291915,0.));
#11003=CARTESIAN_POINT('Ctrl Pts',(1.71428494156708,-4.41806781291915,0.32));
#11004=CARTESIAN_POINT('Ctrl Pts',(1.67771457350703,-4.40687149100326,0.));
#11005=CARTESIAN_POINT('Ctrl Pts',(1.67771457350703,-4.40687149100326,0.32));
#11006=CARTESIAN_POINT('Ctrl Pts',(1.59215480483278,-4.38067665720905,0.));
#11007=CARTESIAN_POINT('Ctrl Pts',(1.59215480483278,-4.38067665720905,0.32));
#11008=CARTESIAN_POINT('Ctrl Pts',(1.58966247131425,-4.28822847396624,0.));
#11009=CARTESIAN_POINT('Ctrl Pts',(1.58966247131425,-4.28822847396624,0.32));
#11010=CARTESIAN_POINT('Ctrl Pts',(1.58823542298189,-4.235294938087,0.));
#11011=CARTESIAN_POINT('Ctrl Pts',(1.58823542298189,-4.235294938087,0.32));
#11012=CARTESIAN_POINT('',(1.71428494156708,-4.41806781291915,0.));
#11013=CARTESIAN_POINT('Ctrl Pts',(1.71428494156708,-4.41806781291915,0.));
#11014=CARTESIAN_POINT('Ctrl Pts',(1.67771457350703,-4.40687149100326,0.));
#11015=CARTESIAN_POINT('Ctrl Pts',(1.59215480483278,-4.38067665720905,0.));
#11016=CARTESIAN_POINT('Ctrl Pts',(1.58966247131425,-4.28822847396624,0.));
#11017=CARTESIAN_POINT('Ctrl Pts',(1.58823542298189,-4.235294938087,0.));
#11018=CARTESIAN_POINT('',(1.71428494156708,-4.41806781291915,0.));
#11019=CARTESIAN_POINT('Ctrl Pts',(2.01050333680024,-4.40546262264206,0.));
#11020=CARTESIAN_POINT('Ctrl Pts',(2.01050333680024,-4.40546262264206,0.32));
#11021=CARTESIAN_POINT('Ctrl Pts',(1.95327486756146,-4.4091067157911,0.));
#11022=CARTESIAN_POINT('Ctrl Pts',(1.95327486756146,-4.4091067157911,0.32));
#11023=CARTESIAN_POINT('Ctrl Pts',(1.85461897537603,-4.41538875103697,0.));
#11024=CARTESIAN_POINT('Ctrl Pts',(1.85461897537603,-4.41538875103697,0.32));
#11025=CARTESIAN_POINT('Ctrl Pts',(1.75578651059357,-4.41727552277676,0.));
#11026=CARTESIAN_POINT('Ctrl Pts',(1.75578651059357,-4.41727552277676,0.32));
#11027=CARTESIAN_POINT('Ctrl Pts',(1.71428494156708,-4.41806781291915,0.));
#11028=CARTESIAN_POINT('Ctrl Pts',(1.71428494156708,-4.41806781291915,0.32));
#11029=CARTESIAN_POINT('',(2.01050333680024,-4.40546262264206,0.));
#11030=CARTESIAN_POINT('Ctrl Pts',(2.01050333680024,-4.40546262264206,0.));
#11031=CARTESIAN_POINT('Ctrl Pts',(1.95327486756146,-4.4091067157911,0.));
#11032=CARTESIAN_POINT('Ctrl Pts',(1.85461897537603,-4.41538875103697,0.));
#11033=CARTESIAN_POINT('Ctrl Pts',(1.75578651059357,-4.41727552277676,0.));
#11034=CARTESIAN_POINT('Ctrl Pts',(1.71428494156708,-4.41806781291915,0.));
#11035=CARTESIAN_POINT('',(2.01050333680024,-4.40546262264206,0.));
#11036=CARTESIAN_POINT('Ctrl Pts',(2.30672173203339,-4.39285743236496,0.));
#11037=CARTESIAN_POINT('Ctrl Pts',(2.30672173203339,-4.39285743236496,0.32));
#11038=CARTESIAN_POINT('Ctrl Pts',(2.26521936740928,-4.39364970176804,0.));
#11039=CARTESIAN_POINT('Ctrl Pts',(2.26521936740928,-4.39364970176804,0.32));
#11040=CARTESIAN_POINT('Ctrl Pts',(2.16638689887129,-4.39553638802225,0.));
#11041=CARTESIAN_POINT('Ctrl Pts',(2.16638689887129,-4.39553638802225,0.32));
#11042=CARTESIAN_POINT('Ctrl Pts',(2.06773101095855,-4.40181852243743,0.));
#11043=CARTESIAN_POINT('Ctrl Pts',(2.06773101095855,-4.40181852243743,0.32));
#11044=CARTESIAN_POINT('Ctrl Pts',(2.01050333680024,-4.40546262264206,0.));
#11045=CARTESIAN_POINT('Ctrl Pts',(2.01050333680024,-4.40546262264206,0.32));
#11046=CARTESIAN_POINT('',(2.30672173203339,-4.39285743236496,0.));
#11047=CARTESIAN_POINT('Ctrl Pts',(2.30672173203339,-4.39285743236496,0.));
#11048=CARTESIAN_POINT('Ctrl Pts',(2.26521936740928,-4.39364970176804,0.));
#11049=CARTESIAN_POINT('Ctrl Pts',(2.16638689887129,-4.39553638802225,0.));
#11050=CARTESIAN_POINT('Ctrl Pts',(2.06773101095855,-4.40181852243743,0.));
#11051=CARTESIAN_POINT('Ctrl Pts',(2.01050333680024,-4.40546262264206,0.));
#11052=CARTESIAN_POINT('',(2.30672173203339,-4.39285743236496,0.));
#11053=CARTESIAN_POINT('Ctrl Pts',(2.63760380448212,-4.41176521778061,0.));
#11054=CARTESIAN_POINT('Ctrl Pts',(2.63760380448212,-4.41176521778061,0.32));
#11055=CARTESIAN_POINT('Ctrl Pts',(2.57383026726065,-4.40629712893807,0.));
#11056=CARTESIAN_POINT('Ctrl Pts',(2.57383026726065,-4.40629712893807,0.32));
#11057=CARTESIAN_POINT('Ctrl Pts',(2.46370567831229,-4.39685479498024,0.));
#11058=CARTESIAN_POINT('Ctrl Pts',(2.46370567831229,-4.39685479498024,0.32));
#11059=CARTESIAN_POINT('Ctrl Pts',(2.35322335351814,-4.39404152696621,0.));
#11060=CARTESIAN_POINT('Ctrl Pts',(2.35322335351814,-4.39404152696621,0.32));
#11061=CARTESIAN_POINT('Ctrl Pts',(2.30672173203339,-4.39285743236496,0.));
#11062=CARTESIAN_POINT('Ctrl Pts',(2.30672173203339,-4.39285743236496,0.32));
#11063=CARTESIAN_POINT('',(2.63760380448212,-4.41176521778061,0.));
#11064=CARTESIAN_POINT('Ctrl Pts',(2.63760380448212,-4.41176521778061,0.));
#11065=CARTESIAN_POINT('Ctrl Pts',(2.57383026726065,-4.40629712893807,0.));
#11066=CARTESIAN_POINT('Ctrl Pts',(2.46370567831229,-4.39685479498024,0.));
#11067=CARTESIAN_POINT('Ctrl Pts',(2.35322335351814,-4.39404152696621,0.));
#11068=CARTESIAN_POINT('Ctrl Pts',(2.30672173203339,-4.39285743236496,0.));
#11069=CARTESIAN_POINT('',(2.63760380448212,-4.41176521778061,0.));
#11070=CARTESIAN_POINT('Ctrl Pts',(2.96848587693085,-4.43067300319626,0.));
#11071=CARTESIAN_POINT('Ctrl Pts',(2.96848587693085,-4.43067300319626,0.32));
#11072=CARTESIAN_POINT('Ctrl Pts',(2.9219834591409,-4.42948893657858,0.));
#11073=CARTESIAN_POINT('Ctrl Pts',(2.9219834591409,-4.42948893657858,0.32));
#11074=CARTESIAN_POINT('Ctrl Pts',(2.81150112757601,-4.42667578305094,0.));
#11075=CARTESIAN_POINT('Ctrl Pts',(2.81150112757601,-4.42667578305094,0.32));
#11076=CARTESIAN_POINT('Ctrl Pts',(2.70137654634708,-4.41723331592685,0.));
#11077=CARTESIAN_POINT('Ctrl Pts',(2.70137654634708,-4.41723331592685,0.32));
#11078=CARTESIAN_POINT('Ctrl Pts',(2.63760380448212,-4.41176521778061,0.));
#11079=CARTESIAN_POINT('Ctrl Pts',(2.63760380448212,-4.41176521778061,0.32));
#11080=CARTESIAN_POINT('',(2.96848587693085,-4.43067300319626,0.));
#11081=CARTESIAN_POINT('Ctrl Pts',(2.96848587693085,-4.43067300319626,0.));
#11082=CARTESIAN_POINT('Ctrl Pts',(2.9219834591409,-4.42948893657858,0.));
#11083=CARTESIAN_POINT('Ctrl Pts',(2.81150112757601,-4.42667578305094,0.));
#11084=CARTESIAN_POINT('Ctrl Pts',(2.70137654634708,-4.41723331592685,0.));
#11085=CARTESIAN_POINT('Ctrl Pts',(2.63760380448212,-4.41176521778061,0.));
#11086=CARTESIAN_POINT('',(2.96848587693085,-4.43067300319626,0.));
#11087=CARTESIAN_POINT('Ctrl Pts',(3.08193258942476,-4.26050531864121,0.));
#11088=CARTESIAN_POINT('Ctrl Pts',(3.08193258942476,-4.26050531864121,0.32));
#11089=CARTESIAN_POINT('Ctrl Pts',(3.08102461668016,-4.30971959765054,0.));
#11090=CARTESIAN_POINT('Ctrl Pts',(3.08102461668016,-4.30971959765054,0.32));
#11091=CARTESIAN_POINT('Ctrl Pts',(3.07945598387434,-4.39474322091263,0.));
#11092=CARTESIAN_POINT('Ctrl Pts',(3.07945598387434,-4.39474322091263,0.32));
#11093=CARTESIAN_POINT('Ctrl Pts',(3.00137232210415,-4.42002506522716,0.));
#11094=CARTESIAN_POINT('Ctrl Pts',(3.00137232210415,-4.42002506522716,0.32));
#11095=CARTESIAN_POINT('Ctrl Pts',(2.96848587693085,-4.43067300319626,0.));
#11096=CARTESIAN_POINT('Ctrl Pts',(2.96848587693085,-4.43067300319626,0.32));
#11097=CARTESIAN_POINT('',(3.08193258942476,-4.26050531864121,0.));
#11098=CARTESIAN_POINT('Ctrl Pts',(3.08193258942476,-4.26050531864121,0.));
#11099=CARTESIAN_POINT('Ctrl Pts',(3.08102461668016,-4.30971959765054,0.));
#11100=CARTESIAN_POINT('Ctrl Pts',(3.07945598387434,-4.39474322091263,0.));
#11101=CARTESIAN_POINT('Ctrl Pts',(3.00137232210415,-4.42002506522716,0.));
#11102=CARTESIAN_POINT('Ctrl Pts',(2.96848587693085,-4.43067300319626,0.));
#11103=CARTESIAN_POINT('',(3.08193258942476,-4.26050531864121,0.));
#11104=CARTESIAN_POINT('Ctrl Pts',(3.05672220887065,-3.33403456211045,0.));
#11105=CARTESIAN_POINT('Ctrl Pts',(3.05672220887065,-3.33403456211045,0.32));
#11106=CARTESIAN_POINT('Ctrl Pts',(3.06400431695976,-3.51415651456392,0.));
#11107=CARTESIAN_POINT('Ctrl Pts',(3.06400431695976,-3.51415651456392,0.32));
#11108=CARTESIAN_POINT('Ctrl Pts',(3.07648544385747,-3.82287548963592,0.));
#11109=CARTESIAN_POINT('Ctrl Pts',(3.07648544385747,-3.82287548963592,0.32));
#11110=CARTESIAN_POINT('Ctrl Pts',(3.08033080328974,-4.13181601087214,0.));
#11111=CARTESIAN_POINT('Ctrl Pts',(3.08033080328974,-4.13181601087214,0.32));
#11112=CARTESIAN_POINT('Ctrl Pts',(3.08193258942476,-4.26050531864121,0.));
#11113=CARTESIAN_POINT('Ctrl Pts',(3.08193258942476,-4.26050531864121,0.32));
#11114=CARTESIAN_POINT('',(3.05672220887065,-3.33403456211045,0.));
#11115=CARTESIAN_POINT('Ctrl Pts',(3.05672220887065,-3.33403456211045,0.));
#11116=CARTESIAN_POINT('Ctrl Pts',(3.06400431695976,-3.51415651456392,0.));
#11117=CARTESIAN_POINT('Ctrl Pts',(3.07648544385747,-3.82287548963592,0.));
#11118=CARTESIAN_POINT('Ctrl Pts',(3.08033080328974,-4.13181601087214,0.));
#11119=CARTESIAN_POINT('Ctrl Pts',(3.08193258942476,-4.26050531864121,0.));
#11120=CARTESIAN_POINT('',(3.05672220887065,-3.33403456211045,0.));
#11121=CARTESIAN_POINT('Ctrl Pts',(3.03151182831653,-2.40756380557969,0.));
#11122=CARTESIAN_POINT('Ctrl Pts',(3.03151182831653,-2.40756380557969,0.32));
#11123=CARTESIAN_POINT('Ctrl Pts',(3.03311361445155,-2.53625311334876,0.));
#11124=CARTESIAN_POINT('Ctrl Pts',(3.03311361445155,-2.53625311334876,0.32));
#11125=CARTESIAN_POINT('Ctrl Pts',(3.03695897388382,-2.84519363458498,0.));
#11126=CARTESIAN_POINT('Ctrl Pts',(3.03695897388382,-2.84519363458498,0.32));
#11127=CARTESIAN_POINT('Ctrl Pts',(3.04944010078153,-3.15391260965697,0.));
#11128=CARTESIAN_POINT('Ctrl Pts',(3.04944010078153,-3.15391260965697,0.32));
#11129=CARTESIAN_POINT('Ctrl Pts',(3.05672220887065,-3.33403456211045,0.));
#11130=CARTESIAN_POINT('Ctrl Pts',(3.05672220887065,-3.33403456211045,0.32));
#11131=CARTESIAN_POINT('',(3.03151182831653,-2.40756380557969,0.));
#11132=CARTESIAN_POINT('Ctrl Pts',(3.03151182831653,-2.40756380557969,0.));
#11133=CARTESIAN_POINT('Ctrl Pts',(3.03311361445155,-2.53625311334876,0.));
#11134=CARTESIAN_POINT('Ctrl Pts',(3.03695897388382,-2.84519363458498,0.));
#11135=CARTESIAN_POINT('Ctrl Pts',(3.04944010078153,-3.15391260965697,0.));
#11136=CARTESIAN_POINT('Ctrl Pts',(3.05672220887065,-3.33403456211045,0.));
#11137=CARTESIAN_POINT('',(3.03151182831653,-2.40756380557969,0.));
#11138=CARTESIAN_POINT('Ctrl Pts',(3.05672220887089,-0.611345052718666,
0.));
#11139=CARTESIAN_POINT('Ctrl Pts',(3.05672220887089,-0.611345052718666,
0.32));
#11140=CARTESIAN_POINT('Ctrl Pts',(3.04945628550665,-0.842947085617742,
0.));
#11141=CARTESIAN_POINT('Ctrl Pts',(3.04945628550665,-0.842947085617742,
0.32));
#11142=CARTESIAN_POINT('Ctrl Pts',(3.03067771672627,-1.44151584094972,0.));
#11143=CARTESIAN_POINT('Ctrl Pts',(3.03067771672627,-1.44151584094972,0.32));
#11144=CARTESIAN_POINT('Ctrl Pts',(3.03119481127939,-2.04040230457106,0.));
#11145=CARTESIAN_POINT('Ctrl Pts',(3.03119481127939,-2.04040230457106,0.32));
#11146=CARTESIAN_POINT('Ctrl Pts',(3.03151182831653,-2.40756380557969,0.));
#11147=CARTESIAN_POINT('Ctrl Pts',(3.03151182831653,-2.40756380557969,0.32));
#11148=CARTESIAN_POINT('',(3.05672220887089,-0.611345052718666,0.));
#11149=CARTESIAN_POINT('Ctrl Pts',(3.05672220887089,-0.611345052718666,
0.));
#11150=CARTESIAN_POINT('Ctrl Pts',(3.04945628550665,-0.842947085617742,
0.));
#11151=CARTESIAN_POINT('Ctrl Pts',(3.03067771672627,-1.44151584094972,0.));
#11152=CARTESIAN_POINT('Ctrl Pts',(3.03119481127939,-2.04040230457106,0.));
#11153=CARTESIAN_POINT('Ctrl Pts',(3.03151182831653,-2.40756380557969,0.));
#11154=CARTESIAN_POINT('',(3.05672220887089,-0.611345052718666,0.));
#11155=CARTESIAN_POINT('Ctrl Pts',(3.59243445099743,0.170167803764789,0.));
#11156=CARTESIAN_POINT('Ctrl Pts',(3.59243445099743,0.170167803764789,0.32));
#11157=CARTESIAN_POINT('Ctrl Pts',(3.44259072950524,0.0510558629538693,
0.));
#11158=CARTESIAN_POINT('Ctrl Pts',(3.44259072950524,0.0510558629538693,
0.32));
#11159=CARTESIAN_POINT('Ctrl Pts',(3.18135894718622,-0.156599314611504,
0.));
#11160=CARTESIAN_POINT('Ctrl Pts',(3.18135894718622,-0.156599314611504,
0.32));
#11161=CARTESIAN_POINT('Ctrl Pts',(3.09398014036353,-0.475406919340192,
0.));
#11162=CARTESIAN_POINT('Ctrl Pts',(3.09398014036353,-0.475406919340192,
0.32));
#11163=CARTESIAN_POINT('Ctrl Pts',(3.05672220887089,-0.611345052718666,
0.));
#11164=CARTESIAN_POINT('Ctrl Pts',(3.05672220887089,-0.611345052718666,
0.32));
#11165=CARTESIAN_POINT('',(3.59243445099743,0.170167803764789,0.));
#11166=CARTESIAN_POINT('Ctrl Pts',(3.59243445099743,0.170167803764789,0.));
#11167=CARTESIAN_POINT('Ctrl Pts',(3.44259072950524,0.0510558629538693,
0.));
#11168=CARTESIAN_POINT('Ctrl Pts',(3.18135894718622,-0.156599314611504,
0.));
#11169=CARTESIAN_POINT('Ctrl Pts',(3.09398014036353,-0.475406919340192,
0.));
#11170=CARTESIAN_POINT('Ctrl Pts',(3.05672220887089,-0.611345052718666,
0.));
#11171=CARTESIAN_POINT('',(3.59243445099743,0.170167803764789,0.));
#11172=CARTESIAN_POINT('Ctrl Pts',(4.48739342392837,0.548318743706186,0.));
#11173=CARTESIAN_POINT('Ctrl Pts',(4.48739342392837,0.548318743706186,0.32));
#11174=CARTESIAN_POINT('Ctrl Pts',(4.34288384827499,0.52619489224604,0.));
#11175=CARTESIAN_POINT('Ctrl Pts',(4.34288384827499,0.52619489224604,0.32));
#11176=CARTESIAN_POINT('Ctrl Pts',(4.01428232704449,0.47588728313148,0.));
#11177=CARTESIAN_POINT('Ctrl Pts',(4.01428232704449,0.47588728313148,0.32));
#11178=CARTESIAN_POINT('Ctrl Pts',(3.74390662933946,0.279941962011584,0.));
#11179=CARTESIAN_POINT('Ctrl Pts',(3.74390662933946,0.279941962011584,0.32));
#11180=CARTESIAN_POINT('Ctrl Pts',(3.59243445099743,0.170167803764789,0.));
#11181=CARTESIAN_POINT('Ctrl Pts',(3.59243445099743,0.170167803764789,0.32));
#11182=CARTESIAN_POINT('',(4.48739342392837,0.548318743706186,0.));
#11183=CARTESIAN_POINT('Ctrl Pts',(4.48739342392837,0.548318743706186,0.));
#11184=CARTESIAN_POINT('Ctrl Pts',(4.34288384827499,0.52619489224604,0.));
#11185=CARTESIAN_POINT('Ctrl Pts',(4.01428232704449,0.47588728313148,0.));
#11186=CARTESIAN_POINT('Ctrl Pts',(3.74390662933946,0.279941962011584,0.));
#11187=CARTESIAN_POINT('Ctrl Pts',(3.59243445099743,0.170167803764789,0.));
#11188=CARTESIAN_POINT('',(4.48739342392837,0.548318743706186,0.));
#11189=CARTESIAN_POINT('Ctrl Pts',(5.36344341935071,0.283612728119325,0.));
#11190=CARTESIAN_POINT('Ctrl Pts',(5.36344341935071,0.283612728119325,0.32));
#11191=CARTESIAN_POINT('Ctrl Pts',(5.25303445298062,0.360370650913321,0.));
#11192=CARTESIAN_POINT('Ctrl Pts',(5.25303445298062,0.360370650913321,0.32));
#11193=CARTESIAN_POINT('Ctrl Pts',(4.99232418338476,0.541620230573021,0.));
#11194=CARTESIAN_POINT('Ctrl Pts',(4.99232418338476,0.541620230573021,0.32));
#11195=CARTESIAN_POINT('Ctrl Pts',(4.67203968744856,0.545869189191996,0.));
#11196=CARTESIAN_POINT('Ctrl Pts',(4.67203968744856,0.545869189191996,0.32));
#11197=CARTESIAN_POINT('Ctrl Pts',(4.48739342392837,0.548318743706186,0.));
#11198=CARTESIAN_POINT('Ctrl Pts',(4.48739342392837,0.548318743706186,0.32));
#11199=CARTESIAN_POINT('',(5.36344341935071,0.283612728119325,0.));
#11200=CARTESIAN_POINT('Ctrl Pts',(5.36344341935071,0.283612728119325,0.));
#11201=CARTESIAN_POINT('Ctrl Pts',(5.25303445298062,0.360370650913321,0.));
#11202=CARTESIAN_POINT('Ctrl Pts',(4.99232418338476,0.541620230573021,0.));
#11203=CARTESIAN_POINT('Ctrl Pts',(4.67203968744856,0.545869189191996,0.));
#11204=CARTESIAN_POINT('Ctrl Pts',(4.48739342392837,0.548318743706186,0.));
#11205=CARTESIAN_POINT('',(5.36344341935071,0.283612728119325,0.));
#11206=CARTESIAN_POINT('Ctrl Pts',(5.62815003098393,-0.61134505271869,0.));
#11207=CARTESIAN_POINT('Ctrl Pts',(5.62815003098393,-0.61134505271869,0.32));
#11208=CARTESIAN_POINT('Ctrl Pts',(5.61312676973645,-0.423551549632896,
0.));
#11209=CARTESIAN_POINT('Ctrl Pts',(5.61312676973645,-0.423551549632896,
0.32));
#11210=CARTESIAN_POINT('Ctrl Pts',(5.58762947753666,-0.104830751097411,
0.));
#11211=CARTESIAN_POINT('Ctrl Pts',(5.58762947753666,-0.104830751097411,
0.32));
#11212=CARTESIAN_POINT('Ctrl Pts',(5.42872129924934,0.170506824081863,0.));
#11213=CARTESIAN_POINT('Ctrl Pts',(5.42872129924934,0.170506824081863,0.32));
#11214=CARTESIAN_POINT('Ctrl Pts',(5.36344341935071,0.283612728119325,0.));
#11215=CARTESIAN_POINT('Ctrl Pts',(5.36344341935071,0.283612728119325,0.32));
#11216=CARTESIAN_POINT('',(5.62815003098393,-0.61134505271869,0.));
#11217=CARTESIAN_POINT('Ctrl Pts',(5.62815003098393,-0.61134505271869,0.));
#11218=CARTESIAN_POINT('Ctrl Pts',(5.61312676973645,-0.423551549632896,
0.));
#11219=CARTESIAN_POINT('Ctrl Pts',(5.58762947753666,-0.104830751097411,
0.));
#11220=CARTESIAN_POINT('Ctrl Pts',(5.42872129924934,0.170506824081863,0.));
#11221=CARTESIAN_POINT('Ctrl Pts',(5.36344341935071,0.283612728119325,0.));
#11222=CARTESIAN_POINT('',(5.62815003098393,-0.61134505271869,0.));
#11223=CARTESIAN_POINT('Ctrl Pts',(5.64075522126087,-2.38865602016406,0.));
#11224=CARTESIAN_POINT('Ctrl Pts',(5.64075522126087,-2.38865602016406,0.32));
#11225=CARTESIAN_POINT('Ctrl Pts',(5.64188975528141,-1.97476852615719,0.));
#11226=CARTESIAN_POINT('Ctrl Pts',(5.64188975528141,-1.97476852615719,0.32));
#11227=CARTESIAN_POINT('Ctrl Pts',(5.6435138841578,-1.38227273631794,0.));
#11228=CARTESIAN_POINT('Ctrl Pts',(5.6435138841578,-1.38227273631794,0.32));
#11229=CARTESIAN_POINT('Ctrl Pts',(5.63170870961603,-0.789912489120922,
0.));
#11230=CARTESIAN_POINT('Ctrl Pts',(5.63170870961603,-0.789912489120922,
0.32));
#11231=CARTESIAN_POINT('Ctrl Pts',(5.62815003098393,-0.61134505271869,0.));
#11232=CARTESIAN_POINT('Ctrl Pts',(5.62815003098393,-0.61134505271869,0.32));
#11233=CARTESIAN_POINT('',(5.64075522126087,-2.38865602016406,0.));
#11234=CARTESIAN_POINT('Ctrl Pts',(5.64075522126087,-2.38865602016406,0.));
#11235=CARTESIAN_POINT('Ctrl Pts',(5.64188975528141,-1.97476852615719,0.));
#11236=CARTESIAN_POINT('Ctrl Pts',(5.6435138841578,-1.38227273631794,0.));
#11237=CARTESIAN_POINT('Ctrl Pts',(5.63170870961603,-0.789912489120922,
0.));
#11238=CARTESIAN_POINT('Ctrl Pts',(5.62815003098393,-0.61134505271869,0.));
#11239=CARTESIAN_POINT('',(5.64075522126087,-2.38865602016406,0.));
#11240=CARTESIAN_POINT('Ctrl Pts',(5.61869673432231,-3.25525271892505,0.));
#11241=CARTESIAN_POINT('Ctrl Pts',(5.61869673432231,-3.25525271892505,0.32));
#11242=CARTESIAN_POINT('Ctrl Pts',(5.6250699978623,-3.08694345484771,0.));
#11243=CARTESIAN_POINT('Ctrl Pts',(5.6250699978623,-3.08694345484771,0.32));
#11244=CARTESIAN_POINT('Ctrl Pts',(5.63600503686737,-2.79816387495906,0.));
#11245=CARTESIAN_POINT('Ctrl Pts',(5.63600503686737,-2.79816387495906,0.32));
#11246=CARTESIAN_POINT('Ctrl Pts',(5.63935691616645,-2.50920227103112,0.));
#11247=CARTESIAN_POINT('Ctrl Pts',(5.63935691616645,-2.50920227103112,0.32));
#11248=CARTESIAN_POINT('Ctrl Pts',(5.64075522126087,-2.38865602016406,0.));
#11249=CARTESIAN_POINT('Ctrl Pts',(5.64075522126087,-2.38865602016406,0.32));
#11250=CARTESIAN_POINT('',(5.61869673432231,-3.25525271892505,0.));
#11251=CARTESIAN_POINT('Ctrl Pts',(5.61869673432231,-3.25525271892505,0.));
#11252=CARTESIAN_POINT('Ctrl Pts',(5.6250699978623,-3.08694345484771,0.));
#11253=CARTESIAN_POINT('Ctrl Pts',(5.63600503686737,-2.79816387495906,0.));
#11254=CARTESIAN_POINT('Ctrl Pts',(5.63935691616645,-2.50920227103112,0.));
#11255=CARTESIAN_POINT('Ctrl Pts',(5.64075522126087,-2.38865602016406,0.));
#11256=CARTESIAN_POINT('',(5.61869673432231,-3.25525271892505,0.));
#11257=CARTESIAN_POINT('Ctrl Pts',(5.59663824738376,-4.12184941768603,0.));
#11258=CARTESIAN_POINT('Ctrl Pts',(5.59663824738376,-4.12184941768603,0.32));
#11259=CARTESIAN_POINT('Ctrl Pts',(5.59803655247817,-4.00130316681898,0.));
#11260=CARTESIAN_POINT('Ctrl Pts',(5.59803655247817,-4.00130316681898,0.32));
#11261=CARTESIAN_POINT('Ctrl Pts',(5.60138843177726,-3.71234156289104,0.));
#11262=CARTESIAN_POINT('Ctrl Pts',(5.60138843177726,-3.71234156289104,0.32));
#11263=CARTESIAN_POINT('Ctrl Pts',(5.61232347078231,-3.42356198300239,0.));
#11264=CARTESIAN_POINT('Ctrl Pts',(5.61232347078231,-3.42356198300239,0.32));
#11265=CARTESIAN_POINT('Ctrl Pts',(5.61869673432231,-3.25525271892505,0.));
#11266=CARTESIAN_POINT('Ctrl Pts',(5.61869673432231,-3.25525271892505,0.32));
#11267=CARTESIAN_POINT('',(5.59663824738376,-4.12184941768603,0.));
#11268=CARTESIAN_POINT('Ctrl Pts',(5.59663824738376,-4.12184941768603,0.));
#11269=CARTESIAN_POINT('Ctrl Pts',(5.59803655247817,-4.00130316681898,0.));
#11270=CARTESIAN_POINT('Ctrl Pts',(5.60138843177726,-3.71234156289104,0.));
#11271=CARTESIAN_POINT('Ctrl Pts',(5.61232347078231,-3.42356198300239,0.));
#11272=CARTESIAN_POINT('Ctrl Pts',(5.61869673432231,-3.25525271892505,0.));
#11273=CARTESIAN_POINT('',(5.59663824738376,-4.12184941768603,0.));
#11274=CARTESIAN_POINT('Ctrl Pts',(5.72898916901459,-4.41806781291919,0.));
#11275=CARTESIAN_POINT('Ctrl Pts',(5.72898916901459,-4.41806781291919,0.32));
#11276=CARTESIAN_POINT('Ctrl Pts',(5.69110228178378,-4.39625193058936,0.));
#11277=CARTESIAN_POINT('Ctrl Pts',(5.69110228178378,-4.39625193058936,0.32));
#11278=CARTESIAN_POINT('Ctrl Pts',(5.58450066576187,-4.33486899624756,0.));
#11279=CARTESIAN_POINT('Ctrl Pts',(5.58450066576187,-4.33486899624756,0.32));
#11280=CARTESIAN_POINT('Ctrl Pts',(5.59188095775273,-4.20534181871494,0.));
#11281=CARTESIAN_POINT('Ctrl Pts',(5.59188095775273,-4.20534181871494,0.32));
#11282=CARTESIAN_POINT('Ctrl Pts',(5.59663824738376,-4.12184941768603,0.));
#11283=CARTESIAN_POINT('Ctrl Pts',(5.59663824738376,-4.12184941768603,0.32));
#11284=CARTESIAN_POINT('',(5.72898916901459,-4.41806781291919,0.));
#11285=CARTESIAN_POINT('Ctrl Pts',(5.72898916901459,-4.41806781291919,0.));
#11286=CARTESIAN_POINT('Ctrl Pts',(5.69110228178378,-4.39625193058936,0.));
#11287=CARTESIAN_POINT('Ctrl Pts',(5.58450066576187,-4.33486899624756,0.));
#11288=CARTESIAN_POINT('Ctrl Pts',(5.59188095775273,-4.20534181871494,0.));
#11289=CARTESIAN_POINT('Ctrl Pts',(5.59663824738376,-4.12184941768603,0.));
#11290=CARTESIAN_POINT('',(5.72898916901459,-4.41806781291919,0.));
#11291=CARTESIAN_POINT('Ctrl Pts',(6.05042032898774,-4.40546262264209,0.));
#11292=CARTESIAN_POINT('Ctrl Pts',(6.05042032898774,-4.40546262264209,0.32));
#11293=CARTESIAN_POINT('Ctrl Pts',(5.98793780196755,-4.40910355961972,0.));
#11294=CARTESIAN_POINT('Ctrl Pts',(5.98793780196755,-4.40910355961972,0.32));
#11295=CARTESIAN_POINT('Ctrl Pts',(5.88086939803929,-4.41534257282212,0.));
#11296=CARTESIAN_POINT('Ctrl Pts',(5.88086939803929,-4.41534257282212,0.32));
#11297=CARTESIAN_POINT('Ctrl Pts',(5.77364147397243,-4.41726660098608,0.));
#11298=CARTESIAN_POINT('Ctrl Pts',(5.77364147397243,-4.41726660098608,0.32));
#11299=CARTESIAN_POINT('Ctrl Pts',(5.72898916901459,-4.41806781291919,0.));
#11300=CARTESIAN_POINT('Ctrl Pts',(5.72898916901459,-4.41806781291919,0.32));
#11301=CARTESIAN_POINT('',(6.05042032898774,-4.40546262264209,0.));
#11302=CARTESIAN_POINT('Ctrl Pts',(6.05042032898774,-4.40546262264209,0.));
#11303=CARTESIAN_POINT('Ctrl Pts',(5.98793780196755,-4.40910355961972,0.));
#11304=CARTESIAN_POINT('Ctrl Pts',(5.88086939803929,-4.41534257282212,0.));
#11305=CARTESIAN_POINT('Ctrl Pts',(5.77364147397243,-4.41726660098608,0.));
#11306=CARTESIAN_POINT('Ctrl Pts',(5.72898916901459,-4.41806781291919,0.));
#11307=CARTESIAN_POINT('',(6.05042032898774,-4.40546262264209,0.));
#11308=CARTESIAN_POINT('Ctrl Pts',(6.3718467205893,-4.392857432365,0.));
#11309=CARTESIAN_POINT('Ctrl Pts',(6.3718467205893,-4.392857432365,0.32));
#11310=CARTESIAN_POINT('Ctrl Pts',(6.32719521034383,-4.39365864743349,0.));
#11311=CARTESIAN_POINT('Ctrl Pts',(6.32719521034383,-4.39365864743349,0.32));
#11312=CARTESIAN_POINT('Ctrl Pts',(6.21996887501781,-4.39558268886299,0.));
#11313=CARTESIAN_POINT('Ctrl Pts',(6.21996887501781,-4.39558268886299,0.32));
#11314=CARTESIAN_POINT('Ctrl Pts',(6.11290206106241,-4.40182168681719,0.));
#11315=CARTESIAN_POINT('Ctrl Pts',(6.11290206106241,-4.40182168681719,0.32));
#11316=CARTESIAN_POINT('Ctrl Pts',(6.05042032898774,-4.40546262264209,0.));
#11317=CARTESIAN_POINT('Ctrl Pts',(6.05042032898774,-4.40546262264209,0.32));
#11318=CARTESIAN_POINT('',(6.3718467205893,-4.392857432365,0.));
#11319=CARTESIAN_POINT('Ctrl Pts',(6.3718467205893,-4.392857432365,0.));
#11320=CARTESIAN_POINT('Ctrl Pts',(6.32719521034383,-4.39365864743349,0.));
#11321=CARTESIAN_POINT('Ctrl Pts',(6.21996887501781,-4.39558268886299,0.));
#11322=CARTESIAN_POINT('Ctrl Pts',(6.11290206106241,-4.40182168681719,0.));
#11323=CARTESIAN_POINT('Ctrl Pts',(6.05042032898774,-4.40546262264209,0.));
#11324=CARTESIAN_POINT('',(6.3718467205893,-4.392857432365,0.));
#11325=CARTESIAN_POINT('Ctrl Pts',(6.66491560639252,-4.41176521778065,0.));
#11326=CARTESIAN_POINT('Ctrl Pts',(6.66491560639252,-4.41176521778065,0.32));
#11327=CARTESIAN_POINT('Ctrl Pts',(6.60850089756551,-4.40629651229451,0.));
#11328=CARTESIAN_POINT('Ctrl Pts',(6.60850089756551,-4.40629651229451,0.32));
#11329=CARTESIAN_POINT('Ctrl Pts',(6.51100313688835,-4.39684531508393,0.));
#11330=CARTESIAN_POINT('Ctrl Pts',(6.51100313688835,-4.39684531508393,0.32));
#11331=CARTESIAN_POINT('Ctrl Pts',(6.41310041337572,-4.39403966235432,0.));
#11332=CARTESIAN_POINT('Ctrl Pts',(6.41310041337572,-4.39403966235432,0.32));
#11333=CARTESIAN_POINT('Ctrl Pts',(6.3718467205893,-4.392857432365,0.));
#11334=CARTESIAN_POINT('Ctrl Pts',(6.3718467205893,-4.392857432365,0.32));
#11335=CARTESIAN_POINT('',(6.66491560639252,-4.41176521778065,0.));
#11336=CARTESIAN_POINT('Ctrl Pts',(6.66491560639252,-4.41176521778065,0.));
#11337=CARTESIAN_POINT('Ctrl Pts',(6.60850089756551,-4.40629651229451,0.));
#11338=CARTESIAN_POINT('Ctrl Pts',(6.51100313688835,-4.39684531508393,0.));
#11339=CARTESIAN_POINT('Ctrl Pts',(6.41310041337572,-4.39403966235432,0.));
#11340=CARTESIAN_POINT('Ctrl Pts',(6.3718467205893,-4.392857432365,0.));
#11341=CARTESIAN_POINT('',(6.66491560639252,-4.41176521778065,0.));
#11342=CARTESIAN_POINT('Ctrl Pts',(6.9516807049643,-4.4306730031963,0.));
#11343=CARTESIAN_POINT('Ctrl Pts',(6.9516807049643,-4.4306730031963,0.32));
#11344=CARTESIAN_POINT('Ctrl Pts',(6.912004215561,-4.42946323191518,0.));
#11345=CARTESIAN_POINT('Ctrl Pts',(6.912004215561,-4.42946323191518,0.32));
#11346=CARTESIAN_POINT('Ctrl Pts',(6.81620588314631,-4.42654225596498,0.));
#11347=CARTESIAN_POINT('Ctrl Pts',(6.81620588314631,-4.42654225596498,0.32));
#11348=CARTESIAN_POINT('Ctrl Pts',(6.72080475434349,-4.41722410179542,0.));
#11349=CARTESIAN_POINT('Ctrl Pts',(6.72080475434349,-4.41722410179542,0.32));
#11350=CARTESIAN_POINT('Ctrl Pts',(6.66491560639252,-4.41176521778065,0.));
#11351=CARTESIAN_POINT('Ctrl Pts',(6.66491560639252,-4.41176521778065,0.32));
#11352=CARTESIAN_POINT('',(6.9516807049643,-4.4306730031963,0.));
#11353=CARTESIAN_POINT('Ctrl Pts',(6.9516807049643,-4.4306730031963,0.));
#11354=CARTESIAN_POINT('Ctrl Pts',(6.912004215561,-4.42946323191518,0.));
#11355=CARTESIAN_POINT('Ctrl Pts',(6.81620588314631,-4.42654225596498,0.));
#11356=CARTESIAN_POINT('Ctrl Pts',(6.72080475434349,-4.41722410179542,0.));
#11357=CARTESIAN_POINT('Ctrl Pts',(6.66491560639252,-4.41176521778065,0.));
#11358=CARTESIAN_POINT('',(6.9516807049643,-4.4306730031963,0.));
#11359=CARTESIAN_POINT('Ctrl Pts',(7.09663681687228,-4.18487417697865,0.));
#11360=CARTESIAN_POINT('Ctrl Pts',(7.09663681687228,-4.18487417697865,0.32));
#11361=CARTESIAN_POINT('Ctrl Pts',(7.09730480283643,-4.25552483739685,0.));
#11362=CARTESIAN_POINT('Ctrl Pts',(7.09730480283643,-4.25552483739685,0.32));
#11363=CARTESIAN_POINT('Ctrl Pts',(7.09841680596516,-4.37313772096908,0.));
#11364=CARTESIAN_POINT('Ctrl Pts',(7.09841680596516,-4.37313772096908,0.32));
#11365=CARTESIAN_POINT('Ctrl Pts',(6.99355249017551,-4.41425505994272,0.));
#11366=CARTESIAN_POINT('Ctrl Pts',(6.99355249017551,-4.41425505994272,0.32));
#11367=CARTESIAN_POINT('Ctrl Pts',(6.9516807049643,-4.4306730031963,0.));
#11368=CARTESIAN_POINT('Ctrl Pts',(6.9516807049643,-4.4306730031963,0.32));
#11369=CARTESIAN_POINT('',(7.09663681687228,-4.18487417697865,0.));
#11370=CARTESIAN_POINT('Ctrl Pts',(7.09663681687228,-4.18487417697865,0.));
#11371=CARTESIAN_POINT('Ctrl Pts',(7.09730480283643,-4.25552483739685,0.));
#11372=CARTESIAN_POINT('Ctrl Pts',(7.09841680596516,-4.37313772096908,0.));
#11373=CARTESIAN_POINT('Ctrl Pts',(6.99355249017551,-4.41425505994272,0.));
#11374=CARTESIAN_POINT('Ctrl Pts',(6.9516807049643,-4.4306730031963,0.));
#11375=CARTESIAN_POINT('',(7.09663681687228,-4.18487417697865,0.));
#11376=CARTESIAN_POINT('Ctrl Pts',(7.07773022354963,-2.99054610729176,0.));
#11377=CARTESIAN_POINT('Ctrl Pts',(7.07773022354963,-2.99054610729176,0.32));
#11378=CARTESIAN_POINT('Ctrl Pts',(7.08319213722029,-3.22294080391082,0.));
#11379=CARTESIAN_POINT('Ctrl Pts',(7.08319213722029,-3.22294080391082,0.32));
#11380=CARTESIAN_POINT('Ctrl Pts',(7.0925477296838,-3.62100459681331,0.));
#11381=CARTESIAN_POINT('Ctrl Pts',(7.0925477296838,-3.62100459681331,0.32));
#11382=CARTESIAN_POINT('Ctrl Pts',(7.09543512118957,-4.01916491012603,0.));
#11383=CARTESIAN_POINT('Ctrl Pts',(7.09543512118957,-4.01916491012603,0.32));
#11384=CARTESIAN_POINT('Ctrl Pts',(7.09663681687228,-4.18487417697865,0.));
#11385=CARTESIAN_POINT('Ctrl Pts',(7.09663681687228,-4.18487417697865,0.32));
#11386=CARTESIAN_POINT('Ctrl Pts',(7.07773022354963,-2.99054610729176,0.));
#11387=CARTESIAN_POINT('Ctrl Pts',(7.08319213722029,-3.22294080391082,0.));
#11388=CARTESIAN_POINT('Ctrl Pts',(7.0925477296838,-3.62100459681331,0.));
#11389=CARTESIAN_POINT('Ctrl Pts',(7.09543512118957,-4.01916491012603,0.));
#11390=CARTESIAN_POINT('Ctrl Pts',(7.09663681687228,-4.18487417697865,0.));
#11391=CARTESIAN_POINT('Origin',(1.08801856413265E-11,8.65973959207622E-14,
0.32));
#11392=CARTESIAN_POINT('',(-11.3476902991398,1.4999998807913,0.32));
#11393=CARTESIAN_POINT('',(-10.9915978461368,1.5315122604376,0.32));
#11394=CARTESIAN_POINT('Ctrl Pts',(-11.3476902991398,1.4999998807913,0.32));
#11395=CARTESIAN_POINT('Ctrl Pts',(-11.2787274735208,1.50910410236371,0.32));
#11396=CARTESIAN_POINT('Ctrl Pts',(-11.1604561878715,1.52471784760312,0.32));
#11397=CARTESIAN_POINT('Ctrl Pts',(-11.0412825187113,1.52951308068995,0.32));
#11398=CARTESIAN_POINT('Ctrl Pts',(-10.9915978461368,1.5315122604376,0.32));
#11399=CARTESIAN_POINT('',(-11.7037827521427,1.46848690509855,0.32));
#11400=CARTESIAN_POINT('Ctrl Pts',(-11.7037827521427,1.46848690509855,0.32));
#11401=CARTESIAN_POINT('Ctrl Pts',(-11.654098081736,1.47048632461942,0.32));
#11402=CARTESIAN_POINT('Ctrl Pts',(-11.5349244324524,1.47528213223573,0.32));
#11403=CARTESIAN_POINT('Ctrl Pts',(-11.4166531290423,1.49089574011432,0.32));
#11404=CARTESIAN_POINT('Ctrl Pts',(-11.3476902991398,1.4999998807913,0.32));
#11405=CARTESIAN_POINT('',(-12.0598752051456,1.49999988079131,0.32));
#11406=CARTESIAN_POINT('Ctrl Pts',(-12.0598752051456,1.49999988079131,0.32));
#11407=CARTESIAN_POINT('Ctrl Pts',(-11.9909123752431,1.49089574011433,0.32));
#11408=CARTESIAN_POINT('Ctrl Pts',(-11.872641071833,1.47528213223574,0.32));
#11409=CARTESIAN_POINT('Ctrl Pts',(-11.7534674225494,1.47048632461942,0.32));
#11410=CARTESIAN_POINT('Ctrl Pts',(-11.7037827521427,1.46848690509855,0.32));
#11411=CARTESIAN_POINT('',(-12.40966506301,1.53151226043761,0.32));
#11412=CARTESIAN_POINT('Ctrl Pts',(-12.40966506301,1.53151226043761,0.32));
#11413=CARTESIAN_POINT('Ctrl Pts',(-12.3615582680453,1.52947594010249,0.32));
#11414=CARTESIAN_POINT('Ctrl Pts',(-12.2444915745783,1.52452060502669,0.32));
#11415=CARTESIAN_POINT('Ctrl Pts',(-12.12831233536,1.50908969228855,0.32));
#11416=CARTESIAN_POINT('Ctrl Pts',(-12.0598752051456,1.49999988079131,0.32));
#11417=CARTESIAN_POINT('',(-12.5420171767338,1.42436933517516,0.32));
#11418=CARTESIAN_POINT('Ctrl Pts',(-12.5420171767338,1.42436933517516,0.32));
#11419=CARTESIAN_POINT('Ctrl Pts',(-12.5348672715747,1.45556140583768,0.32));
#11420=CARTESIAN_POINT('Ctrl Pts',(-12.5192582903035,1.52365691703003,0.32));
#11421=CARTESIAN_POINT('Ctrl Pts',(-12.4481832299018,1.52875138336667,0.32));
#11422=CARTESIAN_POINT('Ctrl Pts',(-12.40966506301,1.53151226043761,0.32));
#11423=CARTESIAN_POINT('',(-12.4695391207799,-0.0504206418985076,0.32));
#11424=CARTESIAN_POINT('Ctrl Pts',(-12.4695391207799,-0.0504206418985076,
0.32));
#11425=CARTESIAN_POINT('Ctrl Pts',(-12.4904750390057,0.236213589446633,
0.32));
#11426=CARTESIAN_POINT('Ctrl Pts',(-12.5263419108653,0.727267917008118,
0.32));
#11427=CARTESIAN_POINT('Ctrl Pts',(-12.5374097616406,1.2194710181383,0.32));
#11428=CARTESIAN_POINT('Ctrl Pts',(-12.5420171767338,1.42436933517516,0.32));
#11429=CARTESIAN_POINT('',(-12.3970598727332,-1.52521002292573,0.32));
#11430=CARTESIAN_POINT('Ctrl Pts',(-12.3970598727332,-1.52521002292573,
0.32));
#11431=CARTESIAN_POINT('Ctrl Pts',(-12.4016672325651,-1.3203119009999,0.32));
#11432=CARTESIAN_POINT('Ctrl Pts',(-12.412734957417,-0.828108965069958,
0.32));
#11433=CARTESIAN_POINT('Ctrl Pts',(-12.4486026905892,-0.337054865946751,
0.32));
#11434=CARTESIAN_POINT('Ctrl Pts',(-12.4695391207799,-0.0504206418985076,
0.32));
#11435=CARTESIAN_POINT('',(-12.4191183596718,-2.83928620815217,0.32));
#11436=CARTESIAN_POINT('Ctrl Pts',(-12.4191183596718,-2.83928620815217,
0.32));
#11437=CARTESIAN_POINT('Ctrl Pts',(-12.4127440568359,-2.58431035555535,
0.32));
#11438=CARTESIAN_POINT('Ctrl Pts',(-12.4017950061215,-2.14634190426938,
0.32));
#11439=CARTESIAN_POINT('Ctrl Pts',(-12.3984552812921,-1.70825296434743,
0.32));
#11440=CARTESIAN_POINT('Ctrl Pts',(-12.3970598727332,-1.52521002292573,
0.32));
#11441=CARTESIAN_POINT('',(-12.4411768466104,-4.14705979824006,0.32));
#11442=CARTESIAN_POINT('Ctrl Pts',(-12.4411768466104,-4.14705979824006,
0.32));
#11443=CARTESIAN_POINT('Ctrl Pts',(-12.4397743377157,-3.965592489968,0.32));
#11444=CARTESIAN_POINT('Ctrl Pts',(-12.4364047122826,-3.5296046259593,0.32));
#11445=CARTESIAN_POINT('Ctrl Pts',(-12.4254900880206,-3.09373672940767,
0.32));
#11446=CARTESIAN_POINT('Ctrl Pts',(-12.4191183596718,-2.83928620815217,
0.32));
#11447=CARTESIAN_POINT('',(-12.3088247328867,-4.40546262264192,0.32));
#11448=CARTESIAN_POINT('Ctrl Pts',(-12.3088247328867,-4.40546262264192,
0.32));
#11449=CARTESIAN_POINT('Ctrl Pts',(-12.3468834863146,-4.3871961822485,0.32));
#11450=CARTESIAN_POINT('Ctrl Pts',(-12.4481215437056,-4.33860659971331,
0.32));
#11451=CARTESIAN_POINT('Ctrl Pts',(-12.4438454281099,-4.22066390849798,
0.32));
#11452=CARTESIAN_POINT('Ctrl Pts',(-12.4411768466104,-4.14705979824006,
0.32));
#11453=CARTESIAN_POINT('',(-11.0798329859842,-4.40546262264193,0.32));
#11454=CARTESIAN_POINT('',(-11.0798329859842,-4.40546262264193,0.32));
#11455=CARTESIAN_POINT('',(-10.9663874655832,-4.27310931682528,0.32));
#11456=CARTESIAN_POINT('Ctrl Pts',(-10.9663874655832,-4.27310931682528,
0.32));
#11457=CARTESIAN_POINT('Ctrl Pts',(-10.9698391427575,-4.31166836018318,
0.32));
#11458=CARTESIAN_POINT('Ctrl Pts',(-10.9763430910483,-4.38432464044368,
0.32));
#11459=CARTESIAN_POINT('Ctrl Pts',(-11.04677815502,-4.3987111187495,0.32));
#11460=CARTESIAN_POINT('Ctrl Pts',(-11.0798329859842,-4.40546262264193,
0.32));
#11461=CARTESIAN_POINT('',(-10.9852952509987,-2.90231156349123,0.32));
#11462=CARTESIAN_POINT('Ctrl Pts',(-10.9852952509987,-2.90231156349123,
0.32));
#11463=CARTESIAN_POINT('Ctrl Pts',(-10.9798344837412,-3.16937156447933,
0.32));
#11464=CARTESIAN_POINT('Ctrl Pts',(-10.9704920636453,-3.62626463506941,
0.32));
#11465=CARTESIAN_POINT('Ctrl Pts',(-10.9675922853689,-4.08324145180135,
0.32));
#11466=CARTESIAN_POINT('Ctrl Pts',(-10.9663874655832,-4.27310931682528,
0.32));
#11467=CARTESIAN_POINT('',(-11.0042018443213,-1.52521002292574,0.32));
#11468=CARTESIAN_POINT('Ctrl Pts',(-11.0042018443213,-1.52521002292574,
0.32));
#11469=CARTESIAN_POINT('Ctrl Pts',(-11.0030027633892,-1.71665428704226,
0.32));
#11470=CARTESIAN_POINT('Ctrl Pts',(-11.0001273994647,-2.17573249926022,
0.32));
#11471=CARTESIAN_POINT('Ctrl Pts',(-10.9907576426711,-2.63472663208933,
0.32));
#11472=CARTESIAN_POINT('Ctrl Pts',(-10.9852952509987,-2.90231156349123,
0.32));
#11473=CARTESIAN_POINT('',(-10.9443289786443,-0.0535713434213492,0.32));
#11474=CARTESIAN_POINT('Ctrl Pts',(-10.9443289786443,-0.0535713434213492,
0.32));
#11475=CARTESIAN_POINT('Ctrl Pts',(-10.9616261750607,-0.339459138157938,
0.32));
#11476=CARTESIAN_POINT('Ctrl Pts',(-10.991283401052,-0.829633310464645,
0.32));
#11477=CARTESIAN_POINT('Ctrl Pts',(-11.0004016832037,-1.32059530876234,
0.32));
#11478=CARTESIAN_POINT('Ctrl Pts',(-11.0042018443213,-1.52521002292574,
0.32));
#11479=CARTESIAN_POINT('',(-10.8844549208744,1.41176474094449,0.32));
#11480=CARTESIAN_POINT('Ctrl Pts',(-10.8844549208744,1.41176474094449,0.32));
#11481=CARTESIAN_POINT('Ctrl Pts',(-10.8882726940076,1.20872586931035,0.32));
#11482=CARTESIAN_POINT('Ctrl Pts',(-10.8974648060554,0.719866004415869,
0.32));
#11483=CARTESIAN_POINT('Ctrl Pts',(-10.9270382914966,0.231790852709353,
0.32));
#11484=CARTESIAN_POINT('Ctrl Pts',(-10.9443289786443,-0.0535713434213492,
0.32));
#11485=CARTESIAN_POINT('Ctrl Pts',(-10.9915978461368,1.5315122604376,0.32));
#11486=CARTESIAN_POINT('Ctrl Pts',(-10.9603643811466,1.52569328846551,0.32));
#11487=CARTESIAN_POINT('Ctrl Pts',(-10.8949958543034,1.51351476054118,0.32));
#11488=CARTESIAN_POINT('Ctrl Pts',(-10.8880710257737,1.44667044894944,0.32));
#11489=CARTESIAN_POINT('Ctrl Pts',(-10.8844549208744,1.41176474094449,0.32));
#11490=CARTESIAN_POINT('Ctrl Pts',(-11.3476902991398,1.4999998807913,0.));
#11491=CARTESIAN_POINT('Ctrl Pts',(-11.3476902991398,1.4999998807913,0.32));
#11492=CARTESIAN_POINT('Ctrl Pts',(-11.2787274735208,1.50910410236371,0.));
#11493=CARTESIAN_POINT('Ctrl Pts',(-11.2787274735208,1.50910410236371,0.32));
#11494=CARTESIAN_POINT('Ctrl Pts',(-11.1604561878715,1.52471784760312,0.));
#11495=CARTESIAN_POINT('Ctrl Pts',(-11.1604561878715,1.52471784760312,0.32));
#11496=CARTESIAN_POINT('Ctrl Pts',(-11.0412825187113,1.52951308068995,0.));
#11497=CARTESIAN_POINT('Ctrl Pts',(-11.0412825187113,1.52951308068995,0.32));
#11498=CARTESIAN_POINT('Ctrl Pts',(-10.9915978461368,1.5315122604376,0.));
#11499=CARTESIAN_POINT('Ctrl Pts',(-10.9915978461368,1.5315122604376,0.32));
#11500=CARTESIAN_POINT('',(-11.3476902991398,1.4999998807913,0.));
#11501=CARTESIAN_POINT('',(-10.9915978461368,1.5315122604376,0.));
#11502=CARTESIAN_POINT('Ctrl Pts',(-11.3476902991398,1.4999998807913,0.));
#11503=CARTESIAN_POINT('Ctrl Pts',(-11.2787274735208,1.50910410236371,0.));
#11504=CARTESIAN_POINT('Ctrl Pts',(-11.1604561878715,1.52471784760312,0.));
#11505=CARTESIAN_POINT('Ctrl Pts',(-11.0412825187113,1.52951308068995,0.));
#11506=CARTESIAN_POINT('Ctrl Pts',(-10.9915978461368,1.5315122604376,0.));
#11507=CARTESIAN_POINT('',(-11.3476902991398,1.4999998807913,0.));
#11508=CARTESIAN_POINT('',(-10.9915978461368,1.5315122604376,0.));
#11509=CARTESIAN_POINT('Ctrl Pts',(-11.7037827521427,1.46848690509855,0.));
#11510=CARTESIAN_POINT('Ctrl Pts',(-11.7037827521427,1.46848690509855,0.32));
#11511=CARTESIAN_POINT('Ctrl Pts',(-11.654098081736,1.47048632461942,0.));
#11512=CARTESIAN_POINT('Ctrl Pts',(-11.654098081736,1.47048632461942,0.32));
#11513=CARTESIAN_POINT('Ctrl Pts',(-11.5349244324524,1.47528213223573,0.));
#11514=CARTESIAN_POINT('Ctrl Pts',(-11.5349244324524,1.47528213223573,0.32));
#11515=CARTESIAN_POINT('Ctrl Pts',(-11.4166531290423,1.49089574011432,0.));
#11516=CARTESIAN_POINT('Ctrl Pts',(-11.4166531290423,1.49089574011432,0.32));
#11517=CARTESIAN_POINT('Ctrl Pts',(-11.3476902991398,1.4999998807913,0.));
#11518=CARTESIAN_POINT('Ctrl Pts',(-11.3476902991398,1.4999998807913,0.32));
#11519=CARTESIAN_POINT('',(-11.7037827521427,1.46848690509855,0.));
#11520=CARTESIAN_POINT('Ctrl Pts',(-11.7037827521427,1.46848690509855,0.));
#11521=CARTESIAN_POINT('Ctrl Pts',(-11.654098081736,1.47048632461942,0.));
#11522=CARTESIAN_POINT('Ctrl Pts',(-11.5349244324524,1.47528213223573,0.));
#11523=CARTESIAN_POINT('Ctrl Pts',(-11.4166531290423,1.49089574011432,0.));
#11524=CARTESIAN_POINT('Ctrl Pts',(-11.3476902991398,1.4999998807913,0.));
#11525=CARTESIAN_POINT('',(-11.7037827521427,1.46848690509855,0.));
#11526=CARTESIAN_POINT('Ctrl Pts',(-12.0598752051456,1.49999988079131,0.));
#11527=CARTESIAN_POINT('Ctrl Pts',(-12.0598752051456,1.49999988079131,0.32));
#11528=CARTESIAN_POINT('Ctrl Pts',(-11.9909123752431,1.49089574011433,0.));
#11529=CARTESIAN_POINT('Ctrl Pts',(-11.9909123752431,1.49089574011433,0.32));
#11530=CARTESIAN_POINT('Ctrl Pts',(-11.872641071833,1.47528213223574,0.));
#11531=CARTESIAN_POINT('Ctrl Pts',(-11.872641071833,1.47528213223574,0.32));
#11532=CARTESIAN_POINT('Ctrl Pts',(-11.7534674225494,1.47048632461942,0.));
#11533=CARTESIAN_POINT('Ctrl Pts',(-11.7534674225494,1.47048632461942,0.32));
#11534=CARTESIAN_POINT('Ctrl Pts',(-11.7037827521427,1.46848690509855,0.));
#11535=CARTESIAN_POINT('Ctrl Pts',(-11.7037827521427,1.46848690509855,0.32));
#11536=CARTESIAN_POINT('',(-12.0598752051456,1.49999988079131,0.));
#11537=CARTESIAN_POINT('Ctrl Pts',(-12.0598752051456,1.49999988079131,0.));
#11538=CARTESIAN_POINT('Ctrl Pts',(-11.9909123752431,1.49089574011433,0.));
#11539=CARTESIAN_POINT('Ctrl Pts',(-11.872641071833,1.47528213223574,0.));
#11540=CARTESIAN_POINT('Ctrl Pts',(-11.7534674225494,1.47048632461942,0.));
#11541=CARTESIAN_POINT('Ctrl Pts',(-11.7037827521427,1.46848690509855,0.));
#11542=CARTESIAN_POINT('',(-12.0598752051456,1.49999988079131,0.));
#11543=CARTESIAN_POINT('Ctrl Pts',(-12.40966506301,1.53151226043761,0.));
#11544=CARTESIAN_POINT('Ctrl Pts',(-12.40966506301,1.53151226043761,0.32));
#11545=CARTESIAN_POINT('Ctrl Pts',(-12.3615582680453,1.52947594010249,0.));
#11546=CARTESIAN_POINT('Ctrl Pts',(-12.3615582680453,1.52947594010249,0.32));
#11547=CARTESIAN_POINT('Ctrl Pts',(-12.2444915745783,1.52452060502669,0.));
#11548=CARTESIAN_POINT('Ctrl Pts',(-12.2444915745783,1.52452060502669,0.32));
#11549=CARTESIAN_POINT('Ctrl Pts',(-12.12831233536,1.50908969228855,0.));
#11550=CARTESIAN_POINT('Ctrl Pts',(-12.12831233536,1.50908969228855,0.32));
#11551=CARTESIAN_POINT('Ctrl Pts',(-12.0598752051456,1.49999988079131,0.));
#11552=CARTESIAN_POINT('Ctrl Pts',(-12.0598752051456,1.49999988079131,0.32));
#11553=CARTESIAN_POINT('',(-12.40966506301,1.53151226043761,0.));
#11554=CARTESIAN_POINT('Ctrl Pts',(-12.40966506301,1.53151226043761,0.));
#11555=CARTESIAN_POINT('Ctrl Pts',(-12.3615582680453,1.52947594010249,0.));
#11556=CARTESIAN_POINT('Ctrl Pts',(-12.2444915745783,1.52452060502669,0.));
#11557=CARTESIAN_POINT('Ctrl Pts',(-12.12831233536,1.50908969228855,0.));
#11558=CARTESIAN_POINT('Ctrl Pts',(-12.0598752051456,1.49999988079131,0.));
#11559=CARTESIAN_POINT('',(-12.40966506301,1.53151226043761,0.));
#11560=CARTESIAN_POINT('Ctrl Pts',(-12.5420171767338,1.42436933517516,0.));
#11561=CARTESIAN_POINT('Ctrl Pts',(-12.5420171767338,1.42436933517516,0.32));
#11562=CARTESIAN_POINT('Ctrl Pts',(-12.5348672715747,1.45556140583768,0.));
#11563=CARTESIAN_POINT('Ctrl Pts',(-12.5348672715747,1.45556140583768,0.32));
#11564=CARTESIAN_POINT('Ctrl Pts',(-12.5192582903035,1.52365691703003,0.));
#11565=CARTESIAN_POINT('Ctrl Pts',(-12.5192582903035,1.52365691703003,0.32));
#11566=CARTESIAN_POINT('Ctrl Pts',(-12.4481832299018,1.52875138336667,0.));
#11567=CARTESIAN_POINT('Ctrl Pts',(-12.4481832299018,1.52875138336667,0.32));
#11568=CARTESIAN_POINT('Ctrl Pts',(-12.40966506301,1.53151226043761,0.));
#11569=CARTESIAN_POINT('Ctrl Pts',(-12.40966506301,1.53151226043761,0.32));
#11570=CARTESIAN_POINT('',(-12.5420171767338,1.42436933517516,0.));
#11571=CARTESIAN_POINT('Ctrl Pts',(-12.5420171767338,1.42436933517516,0.));
#11572=CARTESIAN_POINT('Ctrl Pts',(-12.5348672715747,1.45556140583768,0.));
#11573=CARTESIAN_POINT('Ctrl Pts',(-12.5192582903035,1.52365691703003,0.));
#11574=CARTESIAN_POINT('Ctrl Pts',(-12.4481832299018,1.52875138336667,0.));
#11575=CARTESIAN_POINT('Ctrl Pts',(-12.40966506301,1.53151226043761,0.));
#11576=CARTESIAN_POINT('',(-12.5420171767338,1.42436933517516,0.));
#11577=CARTESIAN_POINT('Ctrl Pts',(-12.4695391207799,-0.0504206418985076,
0.));
#11578=CARTESIAN_POINT('Ctrl Pts',(-12.4695391207799,-0.0504206418985076,
0.32));
#11579=CARTESIAN_POINT('Ctrl Pts',(-12.4904750390057,0.236213589446633,
0.));
#11580=CARTESIAN_POINT('Ctrl Pts',(-12.4904750390057,0.236213589446633,
0.32));
#11581=CARTESIAN_POINT('Ctrl Pts',(-12.5263419108653,0.727267917008118,
0.));
#11582=CARTESIAN_POINT('Ctrl Pts',(-12.5263419108653,0.727267917008118,
0.32));
#11583=CARTESIAN_POINT('Ctrl Pts',(-12.5374097616406,1.2194710181383,0.));
#11584=CARTESIAN_POINT('Ctrl Pts',(-12.5374097616406,1.2194710181383,0.32));
#11585=CARTESIAN_POINT('Ctrl Pts',(-12.5420171767338,1.42436933517516,0.));
#11586=CARTESIAN_POINT('Ctrl Pts',(-12.5420171767338,1.42436933517516,0.32));
#11587=CARTESIAN_POINT('',(-12.4695391207799,-0.0504206418985076,0.));
#11588=CARTESIAN_POINT('Ctrl Pts',(-12.4695391207799,-0.0504206418985076,
0.));
#11589=CARTESIAN_POINT('Ctrl Pts',(-12.4904750390057,0.236213589446633,
0.));
#11590=CARTESIAN_POINT('Ctrl Pts',(-12.5263419108653,0.727267917008118,
0.));
#11591=CARTESIAN_POINT('Ctrl Pts',(-12.5374097616406,1.2194710181383,0.));
#11592=CARTESIAN_POINT('Ctrl Pts',(-12.5420171767338,1.42436933517516,0.));
#11593=CARTESIAN_POINT('',(-12.4695391207799,-0.0504206418985076,0.));
#11594=CARTESIAN_POINT('Ctrl Pts',(-12.3970598727332,-1.52521002292573,
0.));
#11595=CARTESIAN_POINT('Ctrl Pts',(-12.3970598727332,-1.52521002292573,
0.32));
#11596=CARTESIAN_POINT('Ctrl Pts',(-12.4016672325651,-1.3203119009999,0.));
#11597=CARTESIAN_POINT('Ctrl Pts',(-12.4016672325651,-1.3203119009999,0.32));
#11598=CARTESIAN_POINT('Ctrl Pts',(-12.412734957417,-0.828108965069958,
0.));
#11599=CARTESIAN_POINT('Ctrl Pts',(-12.412734957417,-0.828108965069958,
0.32));
#11600=CARTESIAN_POINT('Ctrl Pts',(-12.4486026905892,-0.337054865946751,
0.));
#11601=CARTESIAN_POINT('Ctrl Pts',(-12.4486026905892,-0.337054865946751,
0.32));
#11602=CARTESIAN_POINT('Ctrl Pts',(-12.4695391207799,-0.0504206418985076,
0.));
#11603=CARTESIAN_POINT('Ctrl Pts',(-12.4695391207799,-0.0504206418985076,
0.32));
#11604=CARTESIAN_POINT('',(-12.3970598727332,-1.52521002292573,0.));
#11605=CARTESIAN_POINT('Ctrl Pts',(-12.3970598727332,-1.52521002292573,
0.));
#11606=CARTESIAN_POINT('Ctrl Pts',(-12.4016672325651,-1.3203119009999,0.));
#11607=CARTESIAN_POINT('Ctrl Pts',(-12.412734957417,-0.828108965069958,
0.));
#11608=CARTESIAN_POINT('Ctrl Pts',(-12.4486026905892,-0.337054865946751,
0.));
#11609=CARTESIAN_POINT('Ctrl Pts',(-12.4695391207799,-0.0504206418985076,
0.));
#11610=CARTESIAN_POINT('',(-12.3970598727332,-1.52521002292573,0.));
#11611=CARTESIAN_POINT('Ctrl Pts',(-12.4191183596718,-2.83928620815217,
0.));
#11612=CARTESIAN_POINT('Ctrl Pts',(-12.4191183596718,-2.83928620815217,
0.32));
#11613=CARTESIAN_POINT('Ctrl Pts',(-12.4127440568359,-2.58431035555535,
0.));
#11614=CARTESIAN_POINT('Ctrl Pts',(-12.4127440568359,-2.58431035555535,
0.32));
#11615=CARTESIAN_POINT('Ctrl Pts',(-12.4017950061215,-2.14634190426938,
0.));
#11616=CARTESIAN_POINT('Ctrl Pts',(-12.4017950061215,-2.14634190426938,
0.32));
#11617=CARTESIAN_POINT('Ctrl Pts',(-12.3984552812921,-1.70825296434743,
0.));
#11618=CARTESIAN_POINT('Ctrl Pts',(-12.3984552812921,-1.70825296434743,
0.32));
#11619=CARTESIAN_POINT('Ctrl Pts',(-12.3970598727332,-1.52521002292573,
0.));
#11620=CARTESIAN_POINT('Ctrl Pts',(-12.3970598727332,-1.52521002292573,
0.32));
#11621=CARTESIAN_POINT('',(-12.4191183596718,-2.83928620815217,0.));
#11622=CARTESIAN_POINT('Ctrl Pts',(-12.4191183596718,-2.83928620815217,
0.));
#11623=CARTESIAN_POINT('Ctrl Pts',(-12.4127440568359,-2.58431035555535,
0.));
#11624=CARTESIAN_POINT('Ctrl Pts',(-12.4017950061215,-2.14634190426938,
0.));
#11625=CARTESIAN_POINT('Ctrl Pts',(-12.3984552812921,-1.70825296434743,
0.));
#11626=CARTESIAN_POINT('Ctrl Pts',(-12.3970598727332,-1.52521002292573,
0.));
#11627=CARTESIAN_POINT('',(-12.4191183596718,-2.83928620815217,0.));
#11628=CARTESIAN_POINT('Ctrl Pts',(-12.4411768466104,-4.14705979824006,
0.));
#11629=CARTESIAN_POINT('Ctrl Pts',(-12.4411768466104,-4.14705979824006,
0.32));
#11630=CARTESIAN_POINT('Ctrl Pts',(-12.4397743377157,-3.965592489968,0.));
#11631=CARTESIAN_POINT('Ctrl Pts',(-12.4397743377157,-3.965592489968,0.32));
#11632=CARTESIAN_POINT('Ctrl Pts',(-12.4364047122826,-3.5296046259593,0.));
#11633=CARTESIAN_POINT('Ctrl Pts',(-12.4364047122826,-3.5296046259593,0.32));
#11634=CARTESIAN_POINT('Ctrl Pts',(-12.4254900880206,-3.09373672940767,
0.));
#11635=CARTESIAN_POINT('Ctrl Pts',(-12.4254900880206,-3.09373672940767,
0.32));
#11636=CARTESIAN_POINT('Ctrl Pts',(-12.4191183596718,-2.83928620815217,
0.));
#11637=CARTESIAN_POINT('Ctrl Pts',(-12.4191183596718,-2.83928620815217,
0.32));
#11638=CARTESIAN_POINT('',(-12.4411768466104,-4.14705979824006,0.));
#11639=CARTESIAN_POINT('Ctrl Pts',(-12.4411768466104,-4.14705979824006,
0.));
#11640=CARTESIAN_POINT('Ctrl Pts',(-12.4397743377157,-3.965592489968,0.));
#11641=CARTESIAN_POINT('Ctrl Pts',(-12.4364047122826,-3.5296046259593,0.));
#11642=CARTESIAN_POINT('Ctrl Pts',(-12.4254900880206,-3.09373672940767,
0.));
#11643=CARTESIAN_POINT('Ctrl Pts',(-12.4191183596718,-2.83928620815217,
0.));
#11644=CARTESIAN_POINT('',(-12.4411768466104,-4.14705979824006,0.));
#11645=CARTESIAN_POINT('Ctrl Pts',(-12.3088247328867,-4.40546262264192,
0.));
#11646=CARTESIAN_POINT('Ctrl Pts',(-12.3088247328867,-4.40546262264192,
0.32));
#11647=CARTESIAN_POINT('Ctrl Pts',(-12.3468834863146,-4.3871961822485,0.));
#11648=CARTESIAN_POINT('Ctrl Pts',(-12.3468834863146,-4.3871961822485,0.32));
#11649=CARTESIAN_POINT('Ctrl Pts',(-12.4481215437056,-4.33860659971331,
0.));
#11650=CARTESIAN_POINT('Ctrl Pts',(-12.4481215437056,-4.33860659971331,
0.32));
#11651=CARTESIAN_POINT('Ctrl Pts',(-12.4438454281099,-4.22066390849798,
0.));
#11652=CARTESIAN_POINT('Ctrl Pts',(-12.4438454281099,-4.22066390849798,
0.32));
#11653=CARTESIAN_POINT('Ctrl Pts',(-12.4411768466104,-4.14705979824006,
0.));
#11654=CARTESIAN_POINT('Ctrl Pts',(-12.4411768466104,-4.14705979824006,
0.32));
#11655=CARTESIAN_POINT('',(-12.3088247328867,-4.40546262264192,0.));
#11656=CARTESIAN_POINT('Ctrl Pts',(-12.3088247328867,-4.40546262264192,
0.));
#11657=CARTESIAN_POINT('Ctrl Pts',(-12.3468834863146,-4.3871961822485,0.));
#11658=CARTESIAN_POINT('Ctrl Pts',(-12.4481215437056,-4.33860659971331,
0.));
#11659=CARTESIAN_POINT('Ctrl Pts',(-12.4438454281099,-4.22066390849798,
0.));
#11660=CARTESIAN_POINT('Ctrl Pts',(-12.4411768466104,-4.14705979824006,
0.));
#11661=CARTESIAN_POINT('',(-12.3088247328867,-4.40546262264192,0.));
#11662=CARTESIAN_POINT('Origin',(-11.6943288594354,-4.40546262264192,0.));
#11663=CARTESIAN_POINT('',(-11.0798329859842,-4.40546262264193,0.));
#11664=CARTESIAN_POINT('',(-5.84716442971229,-4.40546262264198,0.));
#11665=CARTESIAN_POINT('',(-11.0798329859842,-4.40546262264193,0.));
#11666=CARTESIAN_POINT('Ctrl Pts',(-10.9663874655832,-4.27310931682528,
0.));
#11667=CARTESIAN_POINT('Ctrl Pts',(-10.9663874655832,-4.27310931682528,
0.32));
#11668=CARTESIAN_POINT('Ctrl Pts',(-10.9698391427575,-4.31166836018318,
0.));
#11669=CARTESIAN_POINT('Ctrl Pts',(-10.9698391427575,-4.31166836018318,
0.32));
#11670=CARTESIAN_POINT('Ctrl Pts',(-10.9763430910483,-4.38432464044368,
0.));
#11671=CARTESIAN_POINT('Ctrl Pts',(-10.9763430910483,-4.38432464044368,
0.32));
#11672=CARTESIAN_POINT('Ctrl Pts',(-11.04677815502,-4.3987111187495,0.));
#11673=CARTESIAN_POINT('Ctrl Pts',(-11.04677815502,-4.3987111187495,0.32));
#11674=CARTESIAN_POINT('Ctrl Pts',(-11.0798329859842,-4.40546262264193,
0.));
#11675=CARTESIAN_POINT('Ctrl Pts',(-11.0798329859842,-4.40546262264193,
0.32));
#11676=CARTESIAN_POINT('',(-10.9663874655832,-4.27310931682528,0.));
#11677=CARTESIAN_POINT('Ctrl Pts',(-10.9663874655832,-4.27310931682528,
0.));
#11678=CARTESIAN_POINT('Ctrl Pts',(-10.9698391427575,-4.31166836018318,
0.));
#11679=CARTESIAN_POINT('Ctrl Pts',(-10.9763430910483,-4.38432464044368,
0.));
#11680=CARTESIAN_POINT('Ctrl Pts',(-11.04677815502,-4.3987111187495,0.));
#11681=CARTESIAN_POINT('Ctrl Pts',(-11.0798329859842,-4.40546262264193,
0.));
#11682=CARTESIAN_POINT('',(-10.9663874655832,-4.27310931682528,0.));
#11683=CARTESIAN_POINT('Ctrl Pts',(-10.9852952509987,-2.90231156349123,
0.));
#11684=CARTESIAN_POINT('Ctrl Pts',(-10.9852952509987,-2.90231156349123,
0.32));
#11685=CARTESIAN_POINT('Ctrl Pts',(-10.9798344837412,-3.16937156447933,
0.));
#11686=CARTESIAN_POINT('Ctrl Pts',(-10.9798344837412,-3.16937156447933,
0.32));
#11687=CARTESIAN_POINT('Ctrl Pts',(-10.9704920636453,-3.62626463506941,
0.));
#11688=CARTESIAN_POINT('Ctrl Pts',(-10.9704920636453,-3.62626463506941,
0.32));
#11689=CARTESIAN_POINT('Ctrl Pts',(-10.9675922853689,-4.08324145180135,
0.));
#11690=CARTESIAN_POINT('Ctrl Pts',(-10.9675922853689,-4.08324145180135,
0.32));
#11691=CARTESIAN_POINT('Ctrl Pts',(-10.9663874655832,-4.27310931682528,
0.));
#11692=CARTESIAN_POINT('Ctrl Pts',(-10.9663874655832,-4.27310931682528,
0.32));
#11693=CARTESIAN_POINT('',(-10.9852952509987,-2.90231156349123,0.));
#11694=CARTESIAN_POINT('Ctrl Pts',(-10.9852952509987,-2.90231156349123,
0.));
#11695=CARTESIAN_POINT('Ctrl Pts',(-10.9798344837412,-3.16937156447933,
0.));
#11696=CARTESIAN_POINT('Ctrl Pts',(-10.9704920636453,-3.62626463506941,
0.));
#11697=CARTESIAN_POINT('Ctrl Pts',(-10.9675922853689,-4.08324145180135,
0.));
#11698=CARTESIAN_POINT('Ctrl Pts',(-10.9663874655832,-4.27310931682528,
0.));
#11699=CARTESIAN_POINT('',(-10.9852952509987,-2.90231156349123,0.));
#11700=CARTESIAN_POINT('Ctrl Pts',(-11.0042018443213,-1.52521002292574,
0.));
#11701=CARTESIAN_POINT('Ctrl Pts',(-11.0042018443213,-1.52521002292574,
0.32));
#11702=CARTESIAN_POINT('Ctrl Pts',(-11.0030027633892,-1.71665428704226,
0.));
#11703=CARTESIAN_POINT('Ctrl Pts',(-11.0030027633892,-1.71665428704226,
0.32));
#11704=CARTESIAN_POINT('Ctrl Pts',(-11.0001273994647,-2.17573249926022,
0.));
#11705=CARTESIAN_POINT('Ctrl Pts',(-11.0001273994647,-2.17573249926022,
0.32));
#11706=CARTESIAN_POINT('Ctrl Pts',(-10.9907576426711,-2.63472663208933,
0.));
#11707=CARTESIAN_POINT('Ctrl Pts',(-10.9907576426711,-2.63472663208933,
0.32));
#11708=CARTESIAN_POINT('Ctrl Pts',(-10.9852952509987,-2.90231156349123,
0.));
#11709=CARTESIAN_POINT('Ctrl Pts',(-10.9852952509987,-2.90231156349123,
0.32));
#11710=CARTESIAN_POINT('',(-11.0042018443213,-1.52521002292574,0.));
#11711=CARTESIAN_POINT('Ctrl Pts',(-11.0042018443213,-1.52521002292574,
0.));
#11712=CARTESIAN_POINT('Ctrl Pts',(-11.0030027633892,-1.71665428704226,
0.));
#11713=CARTESIAN_POINT('Ctrl Pts',(-11.0001273994647,-2.17573249926022,
0.));
#11714=CARTESIAN_POINT('Ctrl Pts',(-10.9907576426711,-2.63472663208933,
0.));
#11715=CARTESIAN_POINT('Ctrl Pts',(-10.9852952509987,-2.90231156349123,
0.));
#11716=CARTESIAN_POINT('',(-11.0042018443213,-1.52521002292574,0.));
#11717=CARTESIAN_POINT('Ctrl Pts',(-10.9443289786443,-0.0535713434213492,
0.));
#11718=CARTESIAN_POINT('Ctrl Pts',(-10.9443289786443,-0.0535713434213492,
0.32));
#11719=CARTESIAN_POINT('Ctrl Pts',(-10.9616261750607,-0.339459138157938,
0.));
#11720=CARTESIAN_POINT('Ctrl Pts',(-10.9616261750607,-0.339459138157938,
0.32));
#11721=CARTESIAN_POINT('Ctrl Pts',(-10.991283401052,-0.829633310464645,
0.));
#11722=CARTESIAN_POINT('Ctrl Pts',(-10.991283401052,-0.829633310464645,
0.32));
#11723=CARTESIAN_POINT('Ctrl Pts',(-11.0004016832037,-1.32059530876234,
0.));
#11724=CARTESIAN_POINT('Ctrl Pts',(-11.0004016832037,-1.32059530876234,
0.32));
#11725=CARTESIAN_POINT('Ctrl Pts',(-11.0042018443213,-1.52521002292574,
0.));
#11726=CARTESIAN_POINT('Ctrl Pts',(-11.0042018443213,-1.52521002292574,
0.32));
#11727=CARTESIAN_POINT('',(-10.9443289786443,-0.0535713434213492,0.));
#11728=CARTESIAN_POINT('Ctrl Pts',(-10.9443289786443,-0.0535713434213492,
0.));
#11729=CARTESIAN_POINT('Ctrl Pts',(-10.9616261750607,-0.339459138157938,
0.));
#11730=CARTESIAN_POINT('Ctrl Pts',(-10.991283401052,-0.829633310464645,
0.));
#11731=CARTESIAN_POINT('Ctrl Pts',(-11.0004016832037,-1.32059530876234,
0.));
#11732=CARTESIAN_POINT('Ctrl Pts',(-11.0042018443213,-1.52521002292574,
0.));
#11733=CARTESIAN_POINT('',(-10.9443289786443,-0.0535713434213492,0.));
#11734=CARTESIAN_POINT('Ctrl Pts',(-10.8844549208744,1.41176474094449,0.));
#11735=CARTESIAN_POINT('Ctrl Pts',(-10.8844549208744,1.41176474094449,0.32));
#11736=CARTESIAN_POINT('Ctrl Pts',(-10.8882726940076,1.20872586931035,0.));
#11737=CARTESIAN_POINT('Ctrl Pts',(-10.8882726940076,1.20872586931035,0.32));
#11738=CARTESIAN_POINT('Ctrl Pts',(-10.8974648060554,0.719866004415869,
0.));
#11739=CARTESIAN_POINT('Ctrl Pts',(-10.8974648060554,0.719866004415869,
0.32));
#11740=CARTESIAN_POINT('Ctrl Pts',(-10.9270382914966,0.231790852709353,
0.));
#11741=CARTESIAN_POINT('Ctrl Pts',(-10.9270382914966,0.231790852709353,
0.32));
#11742=CARTESIAN_POINT('Ctrl Pts',(-10.9443289786443,-0.0535713434213492,
0.));
#11743=CARTESIAN_POINT('Ctrl Pts',(-10.9443289786443,-0.0535713434213492,
0.32));
#11744=CARTESIAN_POINT('',(-10.8844549208744,1.41176474094449,0.));
#11745=CARTESIAN_POINT('Ctrl Pts',(-10.8844549208744,1.41176474094449,0.));
#11746=CARTESIAN_POINT('Ctrl Pts',(-10.8882726940076,1.20872586931035,0.));
#11747=CARTESIAN_POINT('Ctrl Pts',(-10.8974648060554,0.719866004415869,
0.));
#11748=CARTESIAN_POINT('Ctrl Pts',(-10.9270382914966,0.231790852709353,
0.));
#11749=CARTESIAN_POINT('Ctrl Pts',(-10.9443289786443,-0.0535713434213492,
0.));
#11750=CARTESIAN_POINT('',(-10.8844549208744,1.41176474094449,0.));
#11751=CARTESIAN_POINT('Ctrl Pts',(-10.9915978461368,1.5315122604376,0.));
#11752=CARTESIAN_POINT('Ctrl Pts',(-10.9915978461368,1.5315122604376,0.32));
#11753=CARTESIAN_POINT('Ctrl Pts',(-10.9603643811466,1.52569328846551,0.));
#11754=CARTESIAN_POINT('Ctrl Pts',(-10.9603643811466,1.52569328846551,0.32));
#11755=CARTESIAN_POINT('Ctrl Pts',(-10.8949958543034,1.51351476054118,0.));
#11756=CARTESIAN_POINT('Ctrl Pts',(-10.8949958543034,1.51351476054118,0.32));
#11757=CARTESIAN_POINT('Ctrl Pts',(-10.8880710257737,1.44667044894944,0.));
#11758=CARTESIAN_POINT('Ctrl Pts',(-10.8880710257737,1.44667044894944,0.32));
#11759=CARTESIAN_POINT('Ctrl Pts',(-10.8844549208744,1.41176474094449,0.));
#11760=CARTESIAN_POINT('Ctrl Pts',(-10.8844549208744,1.41176474094449,0.32));
#11761=CARTESIAN_POINT('Ctrl Pts',(-10.9915978461368,1.5315122604376,0.));
#11762=CARTESIAN_POINT('Ctrl Pts',(-10.9603643811466,1.52569328846551,0.));
#11763=CARTESIAN_POINT('Ctrl Pts',(-10.8949958543034,1.51351476054118,0.));
#11764=CARTESIAN_POINT('Ctrl Pts',(-10.8880710257737,1.44667044894944,0.));
#11765=CARTESIAN_POINT('Ctrl Pts',(-10.8844549208744,1.41176474094449,0.));
#11766=CARTESIAN_POINT('Origin',(1.08801856413265E-11,8.65973959207622E-14,
0.32));
#11767=CARTESIAN_POINT('',(-11.7037827521425,3.90756261348784,0.32));
#11768=CARTESIAN_POINT('',(-11.0955888777834,3.68697476387083,0.32));
#11769=CARTESIAN_POINT('Ctrl Pts',(-11.7037827521425,3.90756261348784,0.32));
#11770=CARTESIAN_POINT('Ctrl Pts',(-11.5907487492061,3.89883668495864,0.32));
#11771=CARTESIAN_POINT('Ctrl Pts',(-11.3674536364289,3.88159888797368,0.32));
#11772=CARTESIAN_POINT('Ctrl Pts',(-11.1854571158261,3.75131016063526,0.32));
#11773=CARTESIAN_POINT('Ctrl Pts',(-11.0955888777834,3.68697476387083,0.32));
#11774=CARTESIAN_POINT('',(-12.3088247328859,3.69327735900939,0.32));
#11775=CARTESIAN_POINT('Ctrl Pts',(-12.3088247328859,3.69327735900939,0.32));
#11776=CARTESIAN_POINT('Ctrl Pts',(-12.2195808106408,3.75577164029576,0.32));
#11777=CARTESIAN_POINT('Ctrl Pts',(-12.037872659117,3.88301526706239,0.32));
#11778=CARTESIAN_POINT('Ctrl Pts',(-11.8164540783635,3.89928405726922,0.32));
#11779=CARTESIAN_POINT('Ctrl Pts',(-11.7037827521425,3.90756261348784,0.32));
#11780=CARTESIAN_POINT('',(-12.5798327475649,3.11974775791228,0.32));
#11781=CARTESIAN_POINT('Ctrl Pts',(-12.5798327475649,3.11974775791228,0.32));
#11782=CARTESIAN_POINT('Ctrl Pts',(-12.5682888906506,3.23051409276805,0.32));
#11783=CARTESIAN_POINT('Ctrl Pts',(-12.5450707729916,3.4532980214347,0.32));
#11784=CARTESIAN_POINT('Ctrl Pts',(-12.3878677215921,3.61298528697662,0.32));
#11785=CARTESIAN_POINT('Ctrl Pts',(-12.3088247328859,3.69327735900939,0.32));
#11786=CARTESIAN_POINT('',(-11.7037827521426,2.34453749656737,0.32));
#11787=CARTESIAN_POINT('Ctrl Pts',(-11.7037827521426,2.34453749656737,0.32));
#11788=CARTESIAN_POINT('Ctrl Pts',(-11.9591146429697,2.3700493718402,0.32));
#11789=CARTESIAN_POINT('Ctrl Pts',(-12.4460225940758,2.41869952234718,0.32));
#11790=CARTESIAN_POINT('Ctrl Pts',(-12.5367041216257,2.89379145841892,0.32));
#11791=CARTESIAN_POINT('Ctrl Pts',(-12.5798327475649,3.11974775791228,0.32));
#11792=CARTESIAN_POINT('',(-10.8403367549044,3.11974775791227,0.32));
#11793=CARTESIAN_POINT('Ctrl Pts',(-10.8403367549044,3.11974775791227,0.32));
#11794=CARTESIAN_POINT('Ctrl Pts',(-10.8821232159399,2.89375952681577,0.32));
#11795=CARTESIAN_POINT('Ctrl Pts',(-10.9694541603568,2.42145904575807,0.32));
#11796=CARTESIAN_POINT('Ctrl Pts',(-11.4520837217106,2.37090318567059,0.32));
#11797=CARTESIAN_POINT('Ctrl Pts',(-11.7037827521426,2.34453749656737,0.32));
#11798=CARTESIAN_POINT('Ctrl Pts',(-11.0955888777834,3.68697476387083,0.32));
#11799=CARTESIAN_POINT('Ctrl Pts',(-11.021141475434,3.60774938654608,0.32));
#11800=CARTESIAN_POINT('Ctrl Pts',(-10.871077258525,3.44805416774214,0.32));
#11801=CARTESIAN_POINT('Ctrl Pts',(-10.8506366855039,3.22975029002275,0.32));
#11802=CARTESIAN_POINT('Ctrl Pts',(-10.8403367549044,3.11974775791227,0.32));
#11803=CARTESIAN_POINT('Ctrl Pts',(-11.7037827521425,3.90756261348784,0.));
#11804=CARTESIAN_POINT('Ctrl Pts',(-11.7037827521425,3.90756261348784,0.32));
#11805=CARTESIAN_POINT('Ctrl Pts',(-11.5907487492061,3.89883668495864,0.));
#11806=CARTESIAN_POINT('Ctrl Pts',(-11.5907487492061,3.89883668495864,0.32));
#11807=CARTESIAN_POINT('Ctrl Pts',(-11.3674536364289,3.88159888797368,0.));
#11808=CARTESIAN_POINT('Ctrl Pts',(-11.3674536364289,3.88159888797368,0.32));
#11809=CARTESIAN_POINT('Ctrl Pts',(-11.1854571158261,3.75131016063526,0.));
#11810=CARTESIAN_POINT('Ctrl Pts',(-11.1854571158261,3.75131016063526,0.32));
#11811=CARTESIAN_POINT('Ctrl Pts',(-11.0955888777834,3.68697476387083,0.));
#11812=CARTESIAN_POINT('Ctrl Pts',(-11.0955888777834,3.68697476387083,0.32));
#11813=CARTESIAN_POINT('',(-11.7037827521425,3.90756261348784,0.));
#11814=CARTESIAN_POINT('',(-11.0955888777834,3.68697476387083,0.));
#11815=CARTESIAN_POINT('Ctrl Pts',(-11.7037827521425,3.90756261348784,0.));
#11816=CARTESIAN_POINT('Ctrl Pts',(-11.5907487492061,3.89883668495864,0.));
#11817=CARTESIAN_POINT('Ctrl Pts',(-11.3674536364289,3.88159888797368,0.));
#11818=CARTESIAN_POINT('Ctrl Pts',(-11.1854571158261,3.75131016063526,0.));
#11819=CARTESIAN_POINT('Ctrl Pts',(-11.0955888777834,3.68697476387083,0.));
#11820=CARTESIAN_POINT('',(-11.7037827521425,3.90756261348784,0.));
#11821=CARTESIAN_POINT('',(-11.0955888777834,3.68697476387083,0.));
#11822=CARTESIAN_POINT('Ctrl Pts',(-12.3088247328859,3.69327735900939,0.));
#11823=CARTESIAN_POINT('Ctrl Pts',(-12.3088247328859,3.69327735900939,0.32));
#11824=CARTESIAN_POINT('Ctrl Pts',(-12.2195808106408,3.75577164029576,0.));
#11825=CARTESIAN_POINT('Ctrl Pts',(-12.2195808106408,3.75577164029576,0.32));
#11826=CARTESIAN_POINT('Ctrl Pts',(-12.037872659117,3.88301526706239,0.));
#11827=CARTESIAN_POINT('Ctrl Pts',(-12.037872659117,3.88301526706239,0.32));
#11828=CARTESIAN_POINT('Ctrl Pts',(-11.8164540783635,3.89928405726922,0.));
#11829=CARTESIAN_POINT('Ctrl Pts',(-11.8164540783635,3.89928405726922,0.32));
#11830=CARTESIAN_POINT('Ctrl Pts',(-11.7037827521425,3.90756261348784,0.));
#11831=CARTESIAN_POINT('Ctrl Pts',(-11.7037827521425,3.90756261348784,0.32));
#11832=CARTESIAN_POINT('',(-12.3088247328859,3.69327735900939,0.));
#11833=CARTESIAN_POINT('Ctrl Pts',(-12.3088247328859,3.69327735900939,0.));
#11834=CARTESIAN_POINT('Ctrl Pts',(-12.2195808106408,3.75577164029576,0.));
#11835=CARTESIAN_POINT('Ctrl Pts',(-12.037872659117,3.88301526706239,0.));
#11836=CARTESIAN_POINT('Ctrl Pts',(-11.8164540783635,3.89928405726922,0.));
#11837=CARTESIAN_POINT('Ctrl Pts',(-11.7037827521425,3.90756261348784,0.));
#11838=CARTESIAN_POINT('',(-12.3088247328859,3.69327735900939,0.));
#11839=CARTESIAN_POINT('Ctrl Pts',(-12.5798327475649,3.11974775791228,0.));
#11840=CARTESIAN_POINT('Ctrl Pts',(-12.5798327475649,3.11974775791228,0.32));
#11841=CARTESIAN_POINT('Ctrl Pts',(-12.5682888906506,3.23051409276805,0.));
#11842=CARTESIAN_POINT('Ctrl Pts',(-12.5682888906506,3.23051409276805,0.32));
#11843=CARTESIAN_POINT('Ctrl Pts',(-12.5450707729916,3.4532980214347,0.));
#11844=CARTESIAN_POINT('Ctrl Pts',(-12.5450707729916,3.4532980214347,0.32));
#11845=CARTESIAN_POINT('Ctrl Pts',(-12.3878677215921,3.61298528697662,0.));
#11846=CARTESIAN_POINT('Ctrl Pts',(-12.3878677215921,3.61298528697662,0.32));
#11847=CARTESIAN_POINT('Ctrl Pts',(-12.3088247328859,3.69327735900939,0.));
#11848=CARTESIAN_POINT('Ctrl Pts',(-12.3088247328859,3.69327735900939,0.32));
#11849=CARTESIAN_POINT('',(-12.5798327475649,3.11974775791228,0.));
#11850=CARTESIAN_POINT('Ctrl Pts',(-12.5798327475649,3.11974775791228,0.));
#11851=CARTESIAN_POINT('Ctrl Pts',(-12.5682888906506,3.23051409276805,0.));
#11852=CARTESIAN_POINT('Ctrl Pts',(-12.5450707729916,3.4532980214347,0.));
#11853=CARTESIAN_POINT('Ctrl Pts',(-12.3878677215921,3.61298528697662,0.));
#11854=CARTESIAN_POINT('Ctrl Pts',(-12.3088247328859,3.69327735900939,0.));
#11855=CARTESIAN_POINT('',(-12.5798327475649,3.11974775791228,0.));
#11856=CARTESIAN_POINT('Ctrl Pts',(-11.7037827521426,2.34453749656737,0.));
#11857=CARTESIAN_POINT('Ctrl Pts',(-11.7037827521426,2.34453749656737,0.32));
#11858=CARTESIAN_POINT('Ctrl Pts',(-11.9591146429697,2.3700493718402,0.));
#11859=CARTESIAN_POINT('Ctrl Pts',(-11.9591146429697,2.3700493718402,0.32));
#11860=CARTESIAN_POINT('Ctrl Pts',(-12.4460225940758,2.41869952234718,0.));
#11861=CARTESIAN_POINT('Ctrl Pts',(-12.4460225940758,2.41869952234718,0.32));
#11862=CARTESIAN_POINT('Ctrl Pts',(-12.5367041216257,2.89379145841892,0.));
#11863=CARTESIAN_POINT('Ctrl Pts',(-12.5367041216257,2.89379145841892,0.32));
#11864=CARTESIAN_POINT('Ctrl Pts',(-12.5798327475649,3.11974775791228,0.));
#11865=CARTESIAN_POINT('Ctrl Pts',(-12.5798327475649,3.11974775791228,0.32));
#11866=CARTESIAN_POINT('',(-11.7037827521426,2.34453749656737,0.));
#11867=CARTESIAN_POINT('Ctrl Pts',(-11.7037827521426,2.34453749656737,0.));
#11868=CARTESIAN_POINT('Ctrl Pts',(-11.9591146429697,2.3700493718402,0.));
#11869=CARTESIAN_POINT('Ctrl Pts',(-12.4460225940758,2.41869952234718,0.));
#11870=CARTESIAN_POINT('Ctrl Pts',(-12.5367041216257,2.89379145841892,0.));
#11871=CARTESIAN_POINT('Ctrl Pts',(-12.5798327475649,3.11974775791228,0.));
#11872=CARTESIAN_POINT('',(-11.7037827521426,2.34453749656737,0.));
#11873=CARTESIAN_POINT('Ctrl Pts',(-10.8403367549044,3.11974775791227,0.));
#11874=CARTESIAN_POINT('Ctrl Pts',(-10.8403367549044,3.11974775791227,0.32));
#11875=CARTESIAN_POINT('Ctrl Pts',(-10.8821232159399,2.89375952681577,0.));
#11876=CARTESIAN_POINT('Ctrl Pts',(-10.8821232159399,2.89375952681577,0.32));
#11877=CARTESIAN_POINT('Ctrl Pts',(-10.9694541603568,2.42145904575807,0.));
#11878=CARTESIAN_POINT('Ctrl Pts',(-10.9694541603568,2.42145904575807,0.32));
#11879=CARTESIAN_POINT('Ctrl Pts',(-11.4520837217106,2.37090318567059,0.));
#11880=CARTESIAN_POINT('Ctrl Pts',(-11.4520837217106,2.37090318567059,0.32));
#11881=CARTESIAN_POINT('Ctrl Pts',(-11.7037827521426,2.34453749656737,0.));
#11882=CARTESIAN_POINT('Ctrl Pts',(-11.7037827521426,2.34453749656737,0.32));
#11883=CARTESIAN_POINT('',(-10.8403367549044,3.11974775791227,0.));
#11884=CARTESIAN_POINT('Ctrl Pts',(-10.8403367549044,3.11974775791227,0.));
#11885=CARTESIAN_POINT('Ctrl Pts',(-10.8821232159399,2.89375952681577,0.));
#11886=CARTESIAN_POINT('Ctrl Pts',(-10.9694541603568,2.42145904575807,0.));
#11887=CARTESIAN_POINT('Ctrl Pts',(-11.4520837217106,2.37090318567059,0.));
#11888=CARTESIAN_POINT('Ctrl Pts',(-11.7037827521426,2.34453749656737,0.));
#11889=CARTESIAN_POINT('',(-10.8403367549044,3.11974775791227,0.));
#11890=CARTESIAN_POINT('Ctrl Pts',(-11.0955888777834,3.68697476387083,0.));
#11891=CARTESIAN_POINT('Ctrl Pts',(-11.0955888777834,3.68697476387083,0.32));
#11892=CARTESIAN_POINT('Ctrl Pts',(-11.021141475434,3.60774938654608,0.));
#11893=CARTESIAN_POINT('Ctrl Pts',(-11.021141475434,3.60774938654608,0.32));
#11894=CARTESIAN_POINT('Ctrl Pts',(-10.871077258525,3.44805416774214,0.));
#11895=CARTESIAN_POINT('Ctrl Pts',(-10.871077258525,3.44805416774214,0.32));
#11896=CARTESIAN_POINT('Ctrl Pts',(-10.8506366855039,3.22975029002275,0.));
#11897=CARTESIAN_POINT('Ctrl Pts',(-10.8506366855039,3.22975029002275,0.32));
#11898=CARTESIAN_POINT('Ctrl Pts',(-10.8403367549044,3.11974775791227,0.));
#11899=CARTESIAN_POINT('Ctrl Pts',(-10.8403367549044,3.11974775791227,0.32));
#11900=CARTESIAN_POINT('Ctrl Pts',(-11.0955888777834,3.68697476387083,0.));
#11901=CARTESIAN_POINT('Ctrl Pts',(-11.021141475434,3.60774938654608,0.));
#11902=CARTESIAN_POINT('Ctrl Pts',(-10.871077258525,3.44805416774214,0.));
#11903=CARTESIAN_POINT('Ctrl Pts',(-10.8506366855039,3.22975029002275,0.));
#11904=CARTESIAN_POINT('Ctrl Pts',(-10.8403367549044,3.11974775791227,0.));
#11905=CARTESIAN_POINT('Origin',(1.08801856413265E-11,8.65973959207622E-14,
0.32));
#11906=CARTESIAN_POINT('',(-18.4884459525211,1.49999988079137,0.32));
#11907=CARTESIAN_POINT('',(-18.1323534995182,1.53151226043767,0.32));
#11908=CARTESIAN_POINT('Ctrl Pts',(-18.4884459525211,1.49999988079137,0.32));
#11909=CARTESIAN_POINT('Ctrl Pts',(-18.4194831269021,1.50910410236378,0.32));
#11910=CARTESIAN_POINT('Ctrl Pts',(-18.3012118412529,1.52471784760319,0.32));
#11911=CARTESIAN_POINT('Ctrl Pts',(-18.1820381720927,1.52951308069002,0.32));
#11912=CARTESIAN_POINT('Ctrl Pts',(-18.1323534995182,1.53151226043767,0.32));
#11913=CARTESIAN_POINT('',(-18.8445384055241,1.46848690509862,0.32));
#11914=CARTESIAN_POINT('Ctrl Pts',(-18.8445384055241,1.46848690509862,0.32));
#11915=CARTESIAN_POINT('Ctrl Pts',(-18.7948537351174,1.47048632461949,0.32));
#11916=CARTESIAN_POINT('Ctrl Pts',(-18.6756800858338,1.4752821322358,0.32));
#11917=CARTESIAN_POINT('Ctrl Pts',(-18.5574087824237,1.49089574011439,0.32));
#11918=CARTESIAN_POINT('Ctrl Pts',(-18.4884459525211,1.49999988079137,0.32));
#11919=CARTESIAN_POINT('',(-19.200630858527,1.49999988079138,0.32));
#11920=CARTESIAN_POINT('Ctrl Pts',(-19.200630858527,1.49999988079138,0.32));
#11921=CARTESIAN_POINT('Ctrl Pts',(-19.1316680286245,1.4908957401144,0.32));
#11922=CARTESIAN_POINT('Ctrl Pts',(-19.0133967252143,1.47528213223581,0.32));
#11923=CARTESIAN_POINT('Ctrl Pts',(-18.8942230759308,1.47048632461949,0.32));
#11924=CARTESIAN_POINT('Ctrl Pts',(-18.8445384055241,1.46848690509862,0.32));
#11925=CARTESIAN_POINT('',(-19.5504207163914,1.53151226043768,0.32));
#11926=CARTESIAN_POINT('Ctrl Pts',(-19.5504207163914,1.53151226043768,0.32));
#11927=CARTESIAN_POINT('Ctrl Pts',(-19.5023139214266,1.52947594010256,0.32));
#11928=CARTESIAN_POINT('Ctrl Pts',(-19.3852472279596,1.52452060502676,0.32));
#11929=CARTESIAN_POINT('Ctrl Pts',(-19.2690679887413,1.50908969228862,0.32));
#11930=CARTESIAN_POINT('Ctrl Pts',(-19.200630858527,1.49999988079138,0.32));
#11931=CARTESIAN_POINT('',(-19.6827728301151,1.42436933517523,0.32));
#11932=CARTESIAN_POINT('Ctrl Pts',(-19.6827728301151,1.42436933517523,0.32));
#11933=CARTESIAN_POINT('Ctrl Pts',(-19.6756229249561,1.45556140583775,0.32));
#11934=CARTESIAN_POINT('Ctrl Pts',(-19.6600139436848,1.5236569170301,0.32));
#11935=CARTESIAN_POINT('Ctrl Pts',(-19.5889388832832,1.52875138336674,0.32));
#11936=CARTESIAN_POINT('Ctrl Pts',(-19.5504207163914,1.53151226043768,0.32));
#11937=CARTESIAN_POINT('',(-19.6102947741613,-0.0504206418984388,0.32));
#11938=CARTESIAN_POINT('Ctrl Pts',(-19.6102947741613,-0.0504206418984388,
0.32));
#11939=CARTESIAN_POINT('Ctrl Pts',(-19.6312306923871,0.236213589446703,
0.32));
#11940=CARTESIAN_POINT('Ctrl Pts',(-19.6670975642467,0.727267917008186,
0.32));
#11941=CARTESIAN_POINT('Ctrl Pts',(-19.6781654150219,1.21947101813837,0.32));
#11942=CARTESIAN_POINT('Ctrl Pts',(-19.6827728301151,1.42436933517523,0.32));
#11943=CARTESIAN_POINT('',(-19.5378155261145,-1.52521002292566,0.32));
#11944=CARTESIAN_POINT('Ctrl Pts',(-19.5378155261145,-1.52521002292566,
0.32));
#11945=CARTESIAN_POINT('Ctrl Pts',(-19.5424228859464,-1.32031190099983,
0.32));
#11946=CARTESIAN_POINT('Ctrl Pts',(-19.5534906107983,-0.828108965069889,
0.32));
#11947=CARTESIAN_POINT('Ctrl Pts',(-19.5893583439705,-0.337054865946682,
0.32));
#11948=CARTESIAN_POINT('Ctrl Pts',(-19.6102947741613,-0.0504206418984388,
0.32));
#11949=CARTESIAN_POINT('',(-19.5598740130531,-2.8392862081521,0.32));
#11950=CARTESIAN_POINT('Ctrl Pts',(-19.5598740130531,-2.8392862081521,0.32));
#11951=CARTESIAN_POINT('Ctrl Pts',(-19.5534997102173,-2.58431035555528,
0.32));
#11952=CARTESIAN_POINT('Ctrl Pts',(-19.5425506595028,-2.14634190426931,
0.32));
#11953=CARTESIAN_POINT('Ctrl Pts',(-19.5392109346734,-1.70825296434736,
0.32));
#11954=CARTESIAN_POINT('Ctrl Pts',(-19.5378155261145,-1.52521002292566,
0.32));
#11955=CARTESIAN_POINT('',(-19.5819324999917,-4.14705979823999,0.32));
#11956=CARTESIAN_POINT('Ctrl Pts',(-19.5819324999917,-4.14705979823999,
0.32));
#11957=CARTESIAN_POINT('Ctrl Pts',(-19.5805299910971,-3.96559248996793,
0.32));
#11958=CARTESIAN_POINT('Ctrl Pts',(-19.5771603656639,-3.52960462595923,
0.32));
#11959=CARTESIAN_POINT('Ctrl Pts',(-19.5662457414019,-3.09373672940759,
0.32));
#11960=CARTESIAN_POINT('Ctrl Pts',(-19.5598740130531,-2.8392862081521,0.32));
#11961=CARTESIAN_POINT('',(-19.449580386268,-4.40546262264185,0.32));
#11962=CARTESIAN_POINT('Ctrl Pts',(-19.449580386268,-4.40546262264185,0.32));
#11963=CARTESIAN_POINT('Ctrl Pts',(-19.487639139696,-4.38719618224843,0.32));
#11964=CARTESIAN_POINT('Ctrl Pts',(-19.5888771970869,-4.33860659971324,
0.32));
#11965=CARTESIAN_POINT('Ctrl Pts',(-19.5846010814912,-4.22066390849791,
0.32));
#11966=CARTESIAN_POINT('Ctrl Pts',(-19.5819324999917,-4.14705979823999,
0.32));
#11967=CARTESIAN_POINT('',(-18.2205886393655,-4.40546262264186,0.32));
#11968=CARTESIAN_POINT('',(-18.2205886393655,-4.40546262264186,0.32));
#11969=CARTESIAN_POINT('',(-18.1071431189645,-4.27310931682521,0.32));
#11970=CARTESIAN_POINT('Ctrl Pts',(-18.1071431189645,-4.27310931682521,
0.32));
#11971=CARTESIAN_POINT('Ctrl Pts',(-18.1105947961388,-4.31166836018311,
0.32));
#11972=CARTESIAN_POINT('Ctrl Pts',(-18.1170987444297,-4.38432464044361,
0.32));
#11973=CARTESIAN_POINT('Ctrl Pts',(-18.1875338084014,-4.39871111874943,
0.32));
#11974=CARTESIAN_POINT('Ctrl Pts',(-18.2205886393655,-4.40546262264186,
0.32));
#11975=CARTESIAN_POINT('',(-18.12605090438,-2.90231156349117,0.32));
#11976=CARTESIAN_POINT('Ctrl Pts',(-18.12605090438,-2.90231156349117,0.32));
#11977=CARTESIAN_POINT('Ctrl Pts',(-18.1205901371226,-3.16937156447926,
0.32));
#11978=CARTESIAN_POINT('Ctrl Pts',(-18.1112477170267,-3.62626463506934,
0.32));
#11979=CARTESIAN_POINT('Ctrl Pts',(-18.1083479387502,-4.08324145180128,
0.32));
#11980=CARTESIAN_POINT('Ctrl Pts',(-18.1071431189645,-4.27310931682521,
0.32));
#11981=CARTESIAN_POINT('',(-18.1449574977027,-1.52521002292567,0.32));
#11982=CARTESIAN_POINT('Ctrl Pts',(-18.1449574977027,-1.52521002292567,
0.32));
#11983=CARTESIAN_POINT('Ctrl Pts',(-18.1437584167706,-1.71665428704219,
0.32));
#11984=CARTESIAN_POINT('Ctrl Pts',(-18.140883052846,-2.17573249926015,0.32));
#11985=CARTESIAN_POINT('Ctrl Pts',(-18.1315132960525,-2.63472663208926,
0.32));
#11986=CARTESIAN_POINT('Ctrl Pts',(-18.12605090438,-2.90231156349117,0.32));
#11987=CARTESIAN_POINT('',(-18.0850846320257,-0.0535713434212803,0.32));
#11988=CARTESIAN_POINT('Ctrl Pts',(-18.0850846320257,-0.0535713434212803,
0.32));
#11989=CARTESIAN_POINT('Ctrl Pts',(-18.1023818284421,-0.339459138157869,
0.32));
#11990=CARTESIAN_POINT('Ctrl Pts',(-18.1320390544333,-0.829633310464575,
0.32));
#11991=CARTESIAN_POINT('Ctrl Pts',(-18.1411573365851,-1.32059530876227,
0.32));
#11992=CARTESIAN_POINT('Ctrl Pts',(-18.1449574977027,-1.52521002292567,
0.32));
#11993=CARTESIAN_POINT('',(-18.0252105742558,1.41176474094456,0.32));
#11994=CARTESIAN_POINT('Ctrl Pts',(-18.0252105742558,1.41176474094456,0.32));
#11995=CARTESIAN_POINT('Ctrl Pts',(-18.029028347389,1.20872586931042,0.32));
#11996=CARTESIAN_POINT('Ctrl Pts',(-18.0382204594367,0.719866004415939,
0.32));
#11997=CARTESIAN_POINT('Ctrl Pts',(-18.0677939448779,0.231790852709421,
0.32));
#11998=CARTESIAN_POINT('Ctrl Pts',(-18.0850846320257,-0.0535713434212803,
0.32));
#11999=CARTESIAN_POINT('Ctrl Pts',(-18.1323534995182,1.53151226043767,0.32));
#12000=CARTESIAN_POINT('Ctrl Pts',(-18.101120034528,1.52569328846558,0.32));
#12001=CARTESIAN_POINT('Ctrl Pts',(-18.0357515076847,1.51351476054125,0.32));
#12002=CARTESIAN_POINT('Ctrl Pts',(-18.0288266791551,1.44667044894951,0.32));
#12003=CARTESIAN_POINT('Ctrl Pts',(-18.0252105742558,1.41176474094456,0.32));
#12004=CARTESIAN_POINT('Ctrl Pts',(-18.4884459525211,1.49999988079137,0.));
#12005=CARTESIAN_POINT('Ctrl Pts',(-18.4884459525211,1.49999988079137,0.32));
#12006=CARTESIAN_POINT('Ctrl Pts',(-18.4194831269021,1.50910410236378,0.));
#12007=CARTESIAN_POINT('Ctrl Pts',(-18.4194831269021,1.50910410236378,0.32));
#12008=CARTESIAN_POINT('Ctrl Pts',(-18.3012118412529,1.52471784760319,0.));
#12009=CARTESIAN_POINT('Ctrl Pts',(-18.3012118412529,1.52471784760319,0.32));
#12010=CARTESIAN_POINT('Ctrl Pts',(-18.1820381720927,1.52951308069002,0.));
#12011=CARTESIAN_POINT('Ctrl Pts',(-18.1820381720927,1.52951308069002,0.32));
#12012=CARTESIAN_POINT('Ctrl Pts',(-18.1323534995182,1.53151226043767,0.));
#12013=CARTESIAN_POINT('Ctrl Pts',(-18.1323534995182,1.53151226043767,0.32));
#12014=CARTESIAN_POINT('',(-18.4884459525211,1.49999988079137,0.));
#12015=CARTESIAN_POINT('',(-18.1323534995182,1.53151226043767,0.));
#12016=CARTESIAN_POINT('Ctrl Pts',(-18.4884459525211,1.49999988079137,0.));
#12017=CARTESIAN_POINT('Ctrl Pts',(-18.4194831269021,1.50910410236378,0.));
#12018=CARTESIAN_POINT('Ctrl Pts',(-18.3012118412529,1.52471784760319,0.));
#12019=CARTESIAN_POINT('Ctrl Pts',(-18.1820381720927,1.52951308069002,0.));
#12020=CARTESIAN_POINT('Ctrl Pts',(-18.1323534995182,1.53151226043767,0.));
#12021=CARTESIAN_POINT('',(-18.4884459525211,1.49999988079137,0.));
#12022=CARTESIAN_POINT('',(-18.1323534995182,1.53151226043767,0.));
#12023=CARTESIAN_POINT('Ctrl Pts',(-18.8445384055241,1.46848690509862,0.));
#12024=CARTESIAN_POINT('Ctrl Pts',(-18.8445384055241,1.46848690509862,0.32));
#12025=CARTESIAN_POINT('Ctrl Pts',(-18.7948537351174,1.47048632461949,0.));
#12026=CARTESIAN_POINT('Ctrl Pts',(-18.7948537351174,1.47048632461949,0.32));
#12027=CARTESIAN_POINT('Ctrl Pts',(-18.6756800858338,1.4752821322358,0.));
#12028=CARTESIAN_POINT('Ctrl Pts',(-18.6756800858338,1.4752821322358,0.32));
#12029=CARTESIAN_POINT('Ctrl Pts',(-18.5574087824237,1.49089574011439,0.));
#12030=CARTESIAN_POINT('Ctrl Pts',(-18.5574087824237,1.49089574011439,0.32));
#12031=CARTESIAN_POINT('Ctrl Pts',(-18.4884459525211,1.49999988079137,0.));
#12032=CARTESIAN_POINT('Ctrl Pts',(-18.4884459525211,1.49999988079137,0.32));
#12033=CARTESIAN_POINT('',(-18.8445384055241,1.46848690509862,0.));
#12034=CARTESIAN_POINT('Ctrl Pts',(-18.8445384055241,1.46848690509862,0.));
#12035=CARTESIAN_POINT('Ctrl Pts',(-18.7948537351174,1.47048632461949,0.));
#12036=CARTESIAN_POINT('Ctrl Pts',(-18.6756800858338,1.4752821322358,0.));
#12037=CARTESIAN_POINT('Ctrl Pts',(-18.5574087824237,1.49089574011439,0.));
#12038=CARTESIAN_POINT('Ctrl Pts',(-18.4884459525211,1.49999988079137,0.));
#12039=CARTESIAN_POINT('',(-18.8445384055241,1.46848690509862,0.));
#12040=CARTESIAN_POINT('Ctrl Pts',(-19.200630858527,1.49999988079138,0.));
#12041=CARTESIAN_POINT('Ctrl Pts',(-19.200630858527,1.49999988079138,0.32));
#12042=CARTESIAN_POINT('Ctrl Pts',(-19.1316680286245,1.4908957401144,0.));
#12043=CARTESIAN_POINT('Ctrl Pts',(-19.1316680286245,1.4908957401144,0.32));
#12044=CARTESIAN_POINT('Ctrl Pts',(-19.0133967252143,1.47528213223581,0.));
#12045=CARTESIAN_POINT('Ctrl Pts',(-19.0133967252143,1.47528213223581,0.32));
#12046=CARTESIAN_POINT('Ctrl Pts',(-18.8942230759308,1.47048632461949,0.));
#12047=CARTESIAN_POINT('Ctrl Pts',(-18.8942230759308,1.47048632461949,0.32));
#12048=CARTESIAN_POINT('Ctrl Pts',(-18.8445384055241,1.46848690509862,0.));
#12049=CARTESIAN_POINT('Ctrl Pts',(-18.8445384055241,1.46848690509862,0.32));
#12050=CARTESIAN_POINT('',(-19.200630858527,1.49999988079138,0.));
#12051=CARTESIAN_POINT('Ctrl Pts',(-19.200630858527,1.49999988079138,0.));
#12052=CARTESIAN_POINT('Ctrl Pts',(-19.1316680286245,1.4908957401144,0.));
#12053=CARTESIAN_POINT('Ctrl Pts',(-19.0133967252143,1.47528213223581,0.));
#12054=CARTESIAN_POINT('Ctrl Pts',(-18.8942230759308,1.47048632461949,0.));
#12055=CARTESIAN_POINT('Ctrl Pts',(-18.8445384055241,1.46848690509862,0.));
#12056=CARTESIAN_POINT('',(-19.200630858527,1.49999988079138,0.));
#12057=CARTESIAN_POINT('Ctrl Pts',(-19.5504207163914,1.53151226043768,0.));
#12058=CARTESIAN_POINT('Ctrl Pts',(-19.5504207163914,1.53151226043768,0.32));
#12059=CARTESIAN_POINT('Ctrl Pts',(-19.5023139214266,1.52947594010256,0.));
#12060=CARTESIAN_POINT('Ctrl Pts',(-19.5023139214266,1.52947594010256,0.32));
#12061=CARTESIAN_POINT('Ctrl Pts',(-19.3852472279596,1.52452060502676,0.));
#12062=CARTESIAN_POINT('Ctrl Pts',(-19.3852472279596,1.52452060502676,0.32));
#12063=CARTESIAN_POINT('Ctrl Pts',(-19.2690679887413,1.50908969228862,0.));
#12064=CARTESIAN_POINT('Ctrl Pts',(-19.2690679887413,1.50908969228862,0.32));
#12065=CARTESIAN_POINT('Ctrl Pts',(-19.200630858527,1.49999988079138,0.));
#12066=CARTESIAN_POINT('Ctrl Pts',(-19.200630858527,1.49999988079138,0.32));
#12067=CARTESIAN_POINT('',(-19.5504207163914,1.53151226043768,0.));
#12068=CARTESIAN_POINT('Ctrl Pts',(-19.5504207163914,1.53151226043768,0.));
#12069=CARTESIAN_POINT('Ctrl Pts',(-19.5023139214266,1.52947594010256,0.));
#12070=CARTESIAN_POINT('Ctrl Pts',(-19.3852472279596,1.52452060502676,0.));
#12071=CARTESIAN_POINT('Ctrl Pts',(-19.2690679887413,1.50908969228862,0.));
#12072=CARTESIAN_POINT('Ctrl Pts',(-19.200630858527,1.49999988079138,0.));
#12073=CARTESIAN_POINT('',(-19.5504207163914,1.53151226043768,0.));
#12074=CARTESIAN_POINT('Ctrl Pts',(-19.6827728301151,1.42436933517523,0.));
#12075=CARTESIAN_POINT('Ctrl Pts',(-19.6827728301151,1.42436933517523,0.32));
#12076=CARTESIAN_POINT('Ctrl Pts',(-19.6756229249561,1.45556140583775,0.));
#12077=CARTESIAN_POINT('Ctrl Pts',(-19.6756229249561,1.45556140583775,0.32));
#12078=CARTESIAN_POINT('Ctrl Pts',(-19.6600139436848,1.5236569170301,0.));
#12079=CARTESIAN_POINT('Ctrl Pts',(-19.6600139436848,1.5236569170301,0.32));
#12080=CARTESIAN_POINT('Ctrl Pts',(-19.5889388832832,1.52875138336674,0.));
#12081=CARTESIAN_POINT('Ctrl Pts',(-19.5889388832832,1.52875138336674,0.32));
#12082=CARTESIAN_POINT('Ctrl Pts',(-19.5504207163914,1.53151226043768,0.));
#12083=CARTESIAN_POINT('Ctrl Pts',(-19.5504207163914,1.53151226043768,0.32));
#12084=CARTESIAN_POINT('',(-19.6827728301151,1.42436933517523,0.));
#12085=CARTESIAN_POINT('Ctrl Pts',(-19.6827728301151,1.42436933517523,0.));
#12086=CARTESIAN_POINT('Ctrl Pts',(-19.6756229249561,1.45556140583775,0.));
#12087=CARTESIAN_POINT('Ctrl Pts',(-19.6600139436848,1.5236569170301,0.));
#12088=CARTESIAN_POINT('Ctrl Pts',(-19.5889388832832,1.52875138336674,0.));
#12089=CARTESIAN_POINT('Ctrl Pts',(-19.5504207163914,1.53151226043768,0.));
#12090=CARTESIAN_POINT('',(-19.6827728301151,1.42436933517523,0.));
#12091=CARTESIAN_POINT('Ctrl Pts',(-19.6102947741613,-0.0504206418984388,
0.));
#12092=CARTESIAN_POINT('Ctrl Pts',(-19.6102947741613,-0.0504206418984388,
0.32));
#12093=CARTESIAN_POINT('Ctrl Pts',(-19.6312306923871,0.236213589446703,
0.));
#12094=CARTESIAN_POINT('Ctrl Pts',(-19.6312306923871,0.236213589446703,
0.32));
#12095=CARTESIAN_POINT('Ctrl Pts',(-19.6670975642467,0.727267917008186,
0.));
#12096=CARTESIAN_POINT('Ctrl Pts',(-19.6670975642467,0.727267917008186,
0.32));
#12097=CARTESIAN_POINT('Ctrl Pts',(-19.6781654150219,1.21947101813837,0.));
#12098=CARTESIAN_POINT('Ctrl Pts',(-19.6781654150219,1.21947101813837,0.32));
#12099=CARTESIAN_POINT('Ctrl Pts',(-19.6827728301151,1.42436933517523,0.));
#12100=CARTESIAN_POINT('Ctrl Pts',(-19.6827728301151,1.42436933517523,0.32));
#12101=CARTESIAN_POINT('',(-19.6102947741613,-0.0504206418984388,0.));
#12102=CARTESIAN_POINT('Ctrl Pts',(-19.6102947741613,-0.0504206418984388,
0.));
#12103=CARTESIAN_POINT('Ctrl Pts',(-19.6312306923871,0.236213589446703,
0.));
#12104=CARTESIAN_POINT('Ctrl Pts',(-19.6670975642467,0.727267917008186,
0.));
#12105=CARTESIAN_POINT('Ctrl Pts',(-19.6781654150219,1.21947101813837,0.));
#12106=CARTESIAN_POINT('Ctrl Pts',(-19.6827728301151,1.42436933517523,0.));
#12107=CARTESIAN_POINT('',(-19.6102947741613,-0.0504206418984388,0.));
#12108=CARTESIAN_POINT('Ctrl Pts',(-19.5378155261145,-1.52521002292566,
0.));
#12109=CARTESIAN_POINT('Ctrl Pts',(-19.5378155261145,-1.52521002292566,
0.32));
#12110=CARTESIAN_POINT('Ctrl Pts',(-19.5424228859464,-1.32031190099983,
0.));
#12111=CARTESIAN_POINT('Ctrl Pts',(-19.5424228859464,-1.32031190099983,
0.32));
#12112=CARTESIAN_POINT('Ctrl Pts',(-19.5534906107983,-0.828108965069889,
0.));
#12113=CARTESIAN_POINT('Ctrl Pts',(-19.5534906107983,-0.828108965069889,
0.32));
#12114=CARTESIAN_POINT('Ctrl Pts',(-19.5893583439705,-0.337054865946682,
0.));
#12115=CARTESIAN_POINT('Ctrl Pts',(-19.5893583439705,-0.337054865946682,
0.32));
#12116=CARTESIAN_POINT('Ctrl Pts',(-19.6102947741613,-0.0504206418984388,
0.));
#12117=CARTESIAN_POINT('Ctrl Pts',(-19.6102947741613,-0.0504206418984388,
0.32));
#12118=CARTESIAN_POINT('',(-19.5378155261145,-1.52521002292566,0.));
#12119=CARTESIAN_POINT('Ctrl Pts',(-19.5378155261145,-1.52521002292566,
0.));
#12120=CARTESIAN_POINT('Ctrl Pts',(-19.5424228859464,-1.32031190099983,
0.));
#12121=CARTESIAN_POINT('Ctrl Pts',(-19.5534906107983,-0.828108965069889,
0.));
#12122=CARTESIAN_POINT('Ctrl Pts',(-19.5893583439705,-0.337054865946682,
0.));
#12123=CARTESIAN_POINT('Ctrl Pts',(-19.6102947741613,-0.0504206418984388,
0.));
#12124=CARTESIAN_POINT('',(-19.5378155261145,-1.52521002292566,0.));
#12125=CARTESIAN_POINT('Ctrl Pts',(-19.5598740130531,-2.8392862081521,0.));
#12126=CARTESIAN_POINT('Ctrl Pts',(-19.5598740130531,-2.8392862081521,0.32));
#12127=CARTESIAN_POINT('Ctrl Pts',(-19.5534997102173,-2.58431035555528,
0.));
#12128=CARTESIAN_POINT('Ctrl Pts',(-19.5534997102173,-2.58431035555528,
0.32));
#12129=CARTESIAN_POINT('Ctrl Pts',(-19.5425506595028,-2.14634190426931,
0.));
#12130=CARTESIAN_POINT('Ctrl Pts',(-19.5425506595028,-2.14634190426931,
0.32));
#12131=CARTESIAN_POINT('Ctrl Pts',(-19.5392109346734,-1.70825296434736,
0.));
#12132=CARTESIAN_POINT('Ctrl Pts',(-19.5392109346734,-1.70825296434736,
0.32));
#12133=CARTESIAN_POINT('Ctrl Pts',(-19.5378155261145,-1.52521002292566,
0.));
#12134=CARTESIAN_POINT('Ctrl Pts',(-19.5378155261145,-1.52521002292566,
0.32));
#12135=CARTESIAN_POINT('',(-19.5598740130531,-2.8392862081521,0.));
#12136=CARTESIAN_POINT('Ctrl Pts',(-19.5598740130531,-2.8392862081521,0.));
#12137=CARTESIAN_POINT('Ctrl Pts',(-19.5534997102173,-2.58431035555528,
0.));
#12138=CARTESIAN_POINT('Ctrl Pts',(-19.5425506595028,-2.14634190426931,
0.));
#12139=CARTESIAN_POINT('Ctrl Pts',(-19.5392109346734,-1.70825296434736,
0.));
#12140=CARTESIAN_POINT('Ctrl Pts',(-19.5378155261145,-1.52521002292566,
0.));
#12141=CARTESIAN_POINT('',(-19.5598740130531,-2.8392862081521,0.));
#12142=CARTESIAN_POINT('Ctrl Pts',(-19.5819324999917,-4.14705979823999,
0.));
#12143=CARTESIAN_POINT('Ctrl Pts',(-19.5819324999917,-4.14705979823999,
0.32));
#12144=CARTESIAN_POINT('Ctrl Pts',(-19.5805299910971,-3.96559248996793,
0.));
#12145=CARTESIAN_POINT('Ctrl Pts',(-19.5805299910971,-3.96559248996793,
0.32));
#12146=CARTESIAN_POINT('Ctrl Pts',(-19.5771603656639,-3.52960462595923,
0.));
#12147=CARTESIAN_POINT('Ctrl Pts',(-19.5771603656639,-3.52960462595923,
0.32));
#12148=CARTESIAN_POINT('Ctrl Pts',(-19.5662457414019,-3.09373672940759,
0.));
#12149=CARTESIAN_POINT('Ctrl Pts',(-19.5662457414019,-3.09373672940759,
0.32));
#12150=CARTESIAN_POINT('Ctrl Pts',(-19.5598740130531,-2.8392862081521,0.));
#12151=CARTESIAN_POINT('Ctrl Pts',(-19.5598740130531,-2.8392862081521,0.32));
#12152=CARTESIAN_POINT('',(-19.5819324999917,-4.14705979823999,0.));
#12153=CARTESIAN_POINT('Ctrl Pts',(-19.5819324999917,-4.14705979823999,
0.));
#12154=CARTESIAN_POINT('Ctrl Pts',(-19.5805299910971,-3.96559248996793,
0.));
#12155=CARTESIAN_POINT('Ctrl Pts',(-19.5771603656639,-3.52960462595923,
0.));
#12156=CARTESIAN_POINT('Ctrl Pts',(-19.5662457414019,-3.09373672940759,
0.));
#12157=CARTESIAN_POINT('Ctrl Pts',(-19.5598740130531,-2.8392862081521,0.));
#12158=CARTESIAN_POINT('',(-19.5819324999917,-4.14705979823999,0.));
#12159=CARTESIAN_POINT('Ctrl Pts',(-19.449580386268,-4.40546262264185,0.));
#12160=CARTESIAN_POINT('Ctrl Pts',(-19.449580386268,-4.40546262264185,0.32));
#12161=CARTESIAN_POINT('Ctrl Pts',(-19.487639139696,-4.38719618224843,0.));
#12162=CARTESIAN_POINT('Ctrl Pts',(-19.487639139696,-4.38719618224843,0.32));
#12163=CARTESIAN_POINT('Ctrl Pts',(-19.5888771970869,-4.33860659971324,
0.));
#12164=CARTESIAN_POINT('Ctrl Pts',(-19.5888771970869,-4.33860659971324,
0.32));
#12165=CARTESIAN_POINT('Ctrl Pts',(-19.5846010814912,-4.22066390849791,
0.));
#12166=CARTESIAN_POINT('Ctrl Pts',(-19.5846010814912,-4.22066390849791,
0.32));
#12167=CARTESIAN_POINT('Ctrl Pts',(-19.5819324999917,-4.14705979823999,
0.));
#12168=CARTESIAN_POINT('Ctrl Pts',(-19.5819324999917,-4.14705979823999,
0.32));
#12169=CARTESIAN_POINT('',(-19.449580386268,-4.40546262264185,0.));
#12170=CARTESIAN_POINT('Ctrl Pts',(-19.449580386268,-4.40546262264185,0.));
#12171=CARTESIAN_POINT('Ctrl Pts',(-19.487639139696,-4.38719618224843,0.));
#12172=CARTESIAN_POINT('Ctrl Pts',(-19.5888771970869,-4.33860659971324,
0.));
#12173=CARTESIAN_POINT('Ctrl Pts',(-19.5846010814912,-4.22066390849791,
0.));
#12174=CARTESIAN_POINT('Ctrl Pts',(-19.5819324999917,-4.14705979823999,
0.));
#12175=CARTESIAN_POINT('',(-19.449580386268,-4.40546262264185,0.));
#12176=CARTESIAN_POINT('Origin',(-18.8350845128168,-4.40546262264185,0.));
#12177=CARTESIAN_POINT('',(-18.2205886393655,-4.40546262264186,0.));
#12178=CARTESIAN_POINT('',(-9.41754225640297,-4.40546262264194,0.));
#12179=CARTESIAN_POINT('',(-18.2205886393655,-4.40546262264186,0.));
#12180=CARTESIAN_POINT('Ctrl Pts',(-18.1071431189645,-4.27310931682521,
0.));
#12181=CARTESIAN_POINT('Ctrl Pts',(-18.1071431189645,-4.27310931682521,
0.32));
#12182=CARTESIAN_POINT('Ctrl Pts',(-18.1105947961388,-4.31166836018311,
0.));
#12183=CARTESIAN_POINT('Ctrl Pts',(-18.1105947961388,-4.31166836018311,
0.32));
#12184=CARTESIAN_POINT('Ctrl Pts',(-18.1170987444297,-4.38432464044361,
0.));
#12185=CARTESIAN_POINT('Ctrl Pts',(-18.1170987444297,-4.38432464044361,
0.32));
#12186=CARTESIAN_POINT('Ctrl Pts',(-18.1875338084014,-4.39871111874943,
0.));
#12187=CARTESIAN_POINT('Ctrl Pts',(-18.1875338084014,-4.39871111874943,
0.32));
#12188=CARTESIAN_POINT('Ctrl Pts',(-18.2205886393655,-4.40546262264186,
0.));
#12189=CARTESIAN_POINT('Ctrl Pts',(-18.2205886393655,-4.40546262264186,
0.32));
#12190=CARTESIAN_POINT('',(-18.1071431189645,-4.27310931682521,0.));
#12191=CARTESIAN_POINT('Ctrl Pts',(-18.1071431189645,-4.27310931682521,
0.));
#12192=CARTESIAN_POINT('Ctrl Pts',(-18.1105947961388,-4.31166836018311,
0.));
#12193=CARTESIAN_POINT('Ctrl Pts',(-18.1170987444297,-4.38432464044361,
0.));
#12194=CARTESIAN_POINT('Ctrl Pts',(-18.1875338084014,-4.39871111874943,
0.));
#12195=CARTESIAN_POINT('Ctrl Pts',(-18.2205886393655,-4.40546262264186,
0.));
#12196=CARTESIAN_POINT('',(-18.1071431189645,-4.27310931682521,0.));
#12197=CARTESIAN_POINT('Ctrl Pts',(-18.12605090438,-2.90231156349117,0.));
#12198=CARTESIAN_POINT('Ctrl Pts',(-18.12605090438,-2.90231156349117,0.32));
#12199=CARTESIAN_POINT('Ctrl Pts',(-18.1205901371226,-3.16937156447926,
0.));
#12200=CARTESIAN_POINT('Ctrl Pts',(-18.1205901371226,-3.16937156447926,
0.32));
#12201=CARTESIAN_POINT('Ctrl Pts',(-18.1112477170267,-3.62626463506934,
0.));
#12202=CARTESIAN_POINT('Ctrl Pts',(-18.1112477170267,-3.62626463506934,
0.32));
#12203=CARTESIAN_POINT('Ctrl Pts',(-18.1083479387502,-4.08324145180128,
0.));
#12204=CARTESIAN_POINT('Ctrl Pts',(-18.1083479387502,-4.08324145180128,
0.32));
#12205=CARTESIAN_POINT('Ctrl Pts',(-18.1071431189645,-4.27310931682521,
0.));
#12206=CARTESIAN_POINT('Ctrl Pts',(-18.1071431189645,-4.27310931682521,
0.32));
#12207=CARTESIAN_POINT('',(-18.12605090438,-2.90231156349117,0.));
#12208=CARTESIAN_POINT('Ctrl Pts',(-18.12605090438,-2.90231156349117,0.));
#12209=CARTESIAN_POINT('Ctrl Pts',(-18.1205901371226,-3.16937156447926,
0.));
#12210=CARTESIAN_POINT('Ctrl Pts',(-18.1112477170267,-3.62626463506934,
0.));
#12211=CARTESIAN_POINT('Ctrl Pts',(-18.1083479387502,-4.08324145180128,
0.));
#12212=CARTESIAN_POINT('Ctrl Pts',(-18.1071431189645,-4.27310931682521,
0.));
#12213=CARTESIAN_POINT('',(-18.12605090438,-2.90231156349117,0.));
#12214=CARTESIAN_POINT('Ctrl Pts',(-18.1449574977027,-1.52521002292567,
0.));
#12215=CARTESIAN_POINT('Ctrl Pts',(-18.1449574977027,-1.52521002292567,
0.32));
#12216=CARTESIAN_POINT('Ctrl Pts',(-18.1437584167706,-1.71665428704219,
0.));
#12217=CARTESIAN_POINT('Ctrl Pts',(-18.1437584167706,-1.71665428704219,
0.32));
#12218=CARTESIAN_POINT('Ctrl Pts',(-18.140883052846,-2.17573249926015,0.));
#12219=CARTESIAN_POINT('Ctrl Pts',(-18.140883052846,-2.17573249926015,0.32));
#12220=CARTESIAN_POINT('Ctrl Pts',(-18.1315132960525,-2.63472663208926,
0.));
#12221=CARTESIAN_POINT('Ctrl Pts',(-18.1315132960525,-2.63472663208926,
0.32));
#12222=CARTESIAN_POINT('Ctrl Pts',(-18.12605090438,-2.90231156349117,0.));
#12223=CARTESIAN_POINT('Ctrl Pts',(-18.12605090438,-2.90231156349117,0.32));
#12224=CARTESIAN_POINT('',(-18.1449574977027,-1.52521002292567,0.));
#12225=CARTESIAN_POINT('Ctrl Pts',(-18.1449574977027,-1.52521002292567,
0.));
#12226=CARTESIAN_POINT('Ctrl Pts',(-18.1437584167706,-1.71665428704219,
0.));
#12227=CARTESIAN_POINT('Ctrl Pts',(-18.140883052846,-2.17573249926015,0.));
#12228=CARTESIAN_POINT('Ctrl Pts',(-18.1315132960525,-2.63472663208926,
0.));
#12229=CARTESIAN_POINT('Ctrl Pts',(-18.12605090438,-2.90231156349117,0.));
#12230=CARTESIAN_POINT('',(-18.1449574977027,-1.52521002292567,0.));
#12231=CARTESIAN_POINT('Ctrl Pts',(-18.0850846320257,-0.0535713434212803,
0.));
#12232=CARTESIAN_POINT('Ctrl Pts',(-18.0850846320257,-0.0535713434212803,
0.32));
#12233=CARTESIAN_POINT('Ctrl Pts',(-18.1023818284421,-0.339459138157869,
0.));
#12234=CARTESIAN_POINT('Ctrl Pts',(-18.1023818284421,-0.339459138157869,
0.32));
#12235=CARTESIAN_POINT('Ctrl Pts',(-18.1320390544333,-0.829633310464575,
0.));
#12236=CARTESIAN_POINT('Ctrl Pts',(-18.1320390544333,-0.829633310464575,
0.32));
#12237=CARTESIAN_POINT('Ctrl Pts',(-18.1411573365851,-1.32059530876227,
0.));
#12238=CARTESIAN_POINT('Ctrl Pts',(-18.1411573365851,-1.32059530876227,
0.32));
#12239=CARTESIAN_POINT('Ctrl Pts',(-18.1449574977027,-1.52521002292567,
0.));
#12240=CARTESIAN_POINT('Ctrl Pts',(-18.1449574977027,-1.52521002292567,
0.32));
#12241=CARTESIAN_POINT('',(-18.0850846320257,-0.0535713434212803,0.));
#12242=CARTESIAN_POINT('Ctrl Pts',(-18.0850846320257,-0.0535713434212803,
0.));
#12243=CARTESIAN_POINT('Ctrl Pts',(-18.1023818284421,-0.339459138157869,
0.));
#12244=CARTESIAN_POINT('Ctrl Pts',(-18.1320390544333,-0.829633310464575,
0.));
#12245=CARTESIAN_POINT('Ctrl Pts',(-18.1411573365851,-1.32059530876227,
0.));
#12246=CARTESIAN_POINT('Ctrl Pts',(-18.1449574977027,-1.52521002292567,
0.));
#12247=CARTESIAN_POINT('',(-18.0850846320257,-0.0535713434212803,0.));
#12248=CARTESIAN_POINT('Ctrl Pts',(-18.0252105742558,1.41176474094456,0.));
#12249=CARTESIAN_POINT('Ctrl Pts',(-18.0252105742558,1.41176474094456,0.32));
#12250=CARTESIAN_POINT('Ctrl Pts',(-18.029028347389,1.20872586931042,0.));
#12251=CARTESIAN_POINT('Ctrl Pts',(-18.029028347389,1.20872586931042,0.32));
#12252=CARTESIAN_POINT('Ctrl Pts',(-18.0382204594367,0.719866004415939,
0.));
#12253=CARTESIAN_POINT('Ctrl Pts',(-18.0382204594367,0.719866004415939,
0.32));
#12254=CARTESIAN_POINT('Ctrl Pts',(-18.0677939448779,0.231790852709421,
0.));
#12255=CARTESIAN_POINT('Ctrl Pts',(-18.0677939448779,0.231790852709421,
0.32));
#12256=CARTESIAN_POINT('Ctrl Pts',(-18.0850846320257,-0.0535713434212803,
0.));
#12257=CARTESIAN_POINT('Ctrl Pts',(-18.0850846320257,-0.0535713434212803,
0.32));
#12258=CARTESIAN_POINT('',(-18.0252105742558,1.41176474094456,0.));
#12259=CARTESIAN_POINT('Ctrl Pts',(-18.0252105742558,1.41176474094456,0.));
#12260=CARTESIAN_POINT('Ctrl Pts',(-18.029028347389,1.20872586931042,0.));
#12261=CARTESIAN_POINT('Ctrl Pts',(-18.0382204594367,0.719866004415939,
0.));
#12262=CARTESIAN_POINT('Ctrl Pts',(-18.0677939448779,0.231790852709421,
0.));
#12263=CARTESIAN_POINT('Ctrl Pts',(-18.0850846320257,-0.0535713434212803,
0.));
#12264=CARTESIAN_POINT('',(-18.0252105742558,1.41176474094456,0.));
#12265=CARTESIAN_POINT('Ctrl Pts',(-18.1323534995182,1.53151226043767,0.));
#12266=CARTESIAN_POINT('Ctrl Pts',(-18.1323534995182,1.53151226043767,0.32));
#12267=CARTESIAN_POINT('Ctrl Pts',(-18.101120034528,1.52569328846558,0.));
#12268=CARTESIAN_POINT('Ctrl Pts',(-18.101120034528,1.52569328846558,0.32));
#12269=CARTESIAN_POINT('Ctrl Pts',(-18.0357515076847,1.51351476054125,0.));
#12270=CARTESIAN_POINT('Ctrl Pts',(-18.0357515076847,1.51351476054125,0.32));
#12271=CARTESIAN_POINT('Ctrl Pts',(-18.0288266791551,1.44667044894951,0.));
#12272=CARTESIAN_POINT('Ctrl Pts',(-18.0288266791551,1.44667044894951,0.32));
#12273=CARTESIAN_POINT('Ctrl Pts',(-18.0252105742558,1.41176474094456,0.));
#12274=CARTESIAN_POINT('Ctrl Pts',(-18.0252105742558,1.41176474094456,0.32));
#12275=CARTESIAN_POINT('Ctrl Pts',(-18.1323534995182,1.53151226043767,0.));
#12276=CARTESIAN_POINT('Ctrl Pts',(-18.101120034528,1.52569328846558,0.));
#12277=CARTESIAN_POINT('Ctrl Pts',(-18.0357515076847,1.51351476054125,0.));
#12278=CARTESIAN_POINT('Ctrl Pts',(-18.0288266791551,1.44667044894951,0.));
#12279=CARTESIAN_POINT('Ctrl Pts',(-18.0252105742558,1.41176474094456,0.));
#12280=CARTESIAN_POINT('Origin',(32.9999999999984,1.15220119605655E-13,
0.));
#12281=CARTESIAN_POINT('',(31.2499999999984,1.15005806415804E-13,-2.));
#12282=CARTESIAN_POINT('Origin',(32.9999999999984,1.15220119605655E-13,
-2.));
#12283=CARTESIAN_POINT('',(31.2499999999984,1.15005806415804E-13,0.));
#12284=CARTESIAN_POINT('',(31.2499999999984,1.15434432795506E-13,0.));
#12285=CARTESIAN_POINT('Origin',(32.9999999999984,1.15220119605655E-13,
0.));
#12286=CARTESIAN_POINT('Origin',(-32.9999999999882,6.3578767022182E-14,
0.));
#12287=CARTESIAN_POINT('',(-34.7499999999882,6.33644538323312E-14,-2.));
#12288=CARTESIAN_POINT('Origin',(-32.9999999999882,6.3578767022182E-14,
-2.));
#12289=CARTESIAN_POINT('',(-34.7499999999882,6.33644538323312E-14,0.));
#12290=CARTESIAN_POINT('',(-34.7499999999882,6.37930802120328E-14,0.));
#12291=CARTESIAN_POINT('Origin',(-32.9999999999882,6.3578767022182E-14,
0.));
#12292=CARTESIAN_POINT('Origin',(-35.9999999999884,-7.4999999999995,0.));
#12293=CARTESIAN_POINT('',(-35.9999999999884,-7.4999999999995,0.));
#12294=CARTESIAN_POINT('',(-35.9999999999891,7.49999999999973,0.));
#12295=CARTESIAN_POINT('',(-35.9999999999884,-7.4999999999995,0.));
#12296=CARTESIAN_POINT('',(-35.9999999999891,7.49999999999973,-2.));
#12297=CARTESIAN_POINT('',(-35.9999999999891,7.49999999999973,0.));
#12298=CARTESIAN_POINT('',(-35.9999999999884,-7.4999999999995,-2.));
#12299=CARTESIAN_POINT('',(-35.9999999999884,-7.4999999999995,-2.));
#12300=CARTESIAN_POINT('',(-35.9999999999884,-7.4999999999995,0.));
#12301=CARTESIAN_POINT('Origin',(36.0000000000095,-7.50000000000397,0.));
#12302=CARTESIAN_POINT('',(36.0000000000095,-7.50000000000397,0.));
#12303=CARTESIAN_POINT('',(36.0000000000095,-7.50000000000397,0.));
#12304=CARTESIAN_POINT('',(36.0000000000095,-7.50000000000397,-2.));
#12305=CARTESIAN_POINT('',(36.0000000000095,-7.50000000000397,-2.));
#12306=CARTESIAN_POINT('',(36.0000000000095,-7.50000000000397,0.));
#12307=CARTESIAN_POINT('Origin',(36.0000000000109,7.50000000000415,0.));
#12308=CARTESIAN_POINT('',(36.0000000000109,7.50000000000415,0.));
#12309=CARTESIAN_POINT('',(36.0000000000109,7.50000000000415,0.));
#12310=CARTESIAN_POINT('',(36.0000000000109,7.50000000000415,-2.));
#12311=CARTESIAN_POINT('',(36.0000000000109,7.50000000000415,-2.));
#12312=CARTESIAN_POINT('',(36.0000000000109,7.50000000000415,0.));
#12313=CARTESIAN_POINT('Origin',(-35.9999999999891,7.49999999999973,0.));
#12314=CARTESIAN_POINT('',(-35.9999999999891,7.49999999999973,0.));
#12315=CARTESIAN_POINT('',(-35.9999999999891,7.49999999999973,-2.));
#12316=CARTESIAN_POINT('Origin',(1.08801856413265E-11,8.65973959207622E-14,
0.));
#12317=CARTESIAN_POINT('Origin',(1.08801856413265E-11,8.65973959207622E-14,
-2.));
#12318=UNCERTAINTY_MEASURE_WITH_UNIT(LENGTH_MEASURE(0.01),#12322,
'DISTANCE_ACCURACY_VALUE',
'Maximum model space distance between geometric entities at asserted c
onnectivities');
#12319=UNCERTAINTY_MEASURE_WITH_UNIT(LENGTH_MEASURE(0.01),#12322,
'DISTANCE_ACCURACY_VALUE',
'Maximum model space distance between geometric entities at asserted c
onnectivities');
#12320=(
GEOMETRIC_REPRESENTATION_CONTEXT(3)
GLOBAL_UNCERTAINTY_ASSIGNED_CONTEXT((#12318))
GLOBAL_UNIT_ASSIGNED_CONTEXT((#12322,#12324,#12325))
REPRESENTATION_CONTEXT('','3D')
);
#12321=(
GEOMETRIC_REPRESENTATION_CONTEXT(3)
GLOBAL_UNCERTAINTY_ASSIGNED_CONTEXT((#12319))
GLOBAL_UNIT_ASSIGNED_CONTEXT((#12322,#12324,#12325))
REPRESENTATION_CONTEXT('','3D')
);
#12322=(
LENGTH_UNIT()
NAMED_UNIT(*)
SI_UNIT(.MILLI.,.METRE.)
);
#12323=(
LENGTH_UNIT()
NAMED_UNIT(*)
SI_UNIT($,.METRE.)
);
#12324=(
NAMED_UNIT(*)
PLANE_ANGLE_UNIT()
SI_UNIT($,.RADIAN.)
);
#12325=(
NAMED_UNIT(*)
SI_UNIT($,.STERADIAN.)
SOLID_ANGLE_UNIT()
);
#12326=SHAPE_DEFINITION_REPRESENTATION(#12327,#12328);
#12327=PRODUCT_DEFINITION_SHAPE('',$,#12330);
#12328=SHAPE_REPRESENTATION('',(#5591),#12320);
#12329=PRODUCT_DEFINITION_CONTEXT('part definition',#12334,'design');
#12330=PRODUCT_DEFINITION('2026-07-17-09-03-13-126','RoverNameplate',#12331,
#12329);
#12331=PRODUCT_DEFINITION_FORMATION('',$,#12336);
#12332=PRODUCT_RELATED_PRODUCT_CATEGORY('RoverNameplate',
'RoverNameplate',(#12336));
#12333=APPLICATION_PROTOCOL_DEFINITION('international standard',
'automotive_design',2009,#12334);
#12334=APPLICATION_CONTEXT(
'Core Data for Automotive Mechanical Design Process');
#12335=PRODUCT_CONTEXT('part definition',#12334,'mechanical');
#12336=PRODUCT('2026-07-17-09-03-13-126','RoverNameplate',$,(#12335));
#12337=PRESENTATION_STYLE_ASSIGNMENT((#12338));
#12338=SURFACE_STYLE_USAGE(.BOTH.,#12339);
#12339=SURFACE_SIDE_STYLE('',(#12340));
#12340=SURFACE_STYLE_FILL_AREA(#12341);
#12341=FILL_AREA_STYLE('Steel - Satin',(#12342));
#12342=FILL_AREA_STYLE_COLOUR('Steel - Satin',#12343);
#12343=COLOUR_RGB('Steel - Satin',0.627450980392157,0.627450980392157,0.627450980392157);
ENDSEC;
END-ISO-10303-21;
