ISO-10303-21;
HEADER;
/* Generated by software containing ST-Developer
 * from STEP Tools, Inc. (www.steptools.com) 
 */

FILE_DESCRIPTION(
/* description */ (''),
/* implementation_level */ '2;1');

FILE_NAME(
/* name */ 'non-drive-wheel.step',
/* time_stamp */ '2026-07-21T07:46:14-04:00',
/* author */ (''),
/* organization */ (''),
/* preprocessor_version */ 'ST-DEVELOPER v20.1',
/* originating_system */ 'Autodesk Translation Framework v15.8.0.0',
/* authorisation */ '');

FILE_SCHEMA (('AUTOMOTIVE_DESIGN { 1 0 10303 214 3 1 1 }'));
ENDSEC;

DATA;
#10=MECHANICAL_DESIGN_GEOMETRIC_PRESENTATION_REPRESENTATION('',(#13,#14),
#2942);
#11=SHAPE_REPRESENTATION_RELATIONSHIP('SRR','None',#2949,#12);
#12=ADVANCED_BREP_SHAPE_REPRESENTATION('',(#15,#16),#2941);
#13=STYLED_ITEM('',(#2958),#15);
#14=STYLED_ITEM('',(#2958),#16);
#15=MANIFOLD_SOLID_BREP('Body2',#1745);
#16=MANIFOLD_SOLID_BREP('Body2',#1746);
#17=FACE_BOUND('',#169,.T.);
#18=FACE_BOUND('',#172,.T.);
#19=FACE_BOUND('',#215,.T.);
#20=FACE_BOUND('',#217,.T.);
#21=FACE_BOUND('',#219,.T.);
#22=FACE_BOUND('',#221,.T.);
#23=PLANE('',#1763);
#24=PLANE('',#1768);
#25=PLANE('',#1795);
#26=PLANE('',#1799);
#27=PLANE('',#1803);
#28=PLANE('',#1807);
#29=PLANE('',#1811);
#30=PLANE('',#1815);
#31=PLANE('',#1819);
#32=PLANE('',#1823);
#33=PLANE('',#1827);
#34=PLANE('',#1831);
#35=PLANE('',#1835);
#36=PLANE('',#1839);
#37=PLANE('',#1843);
#38=PLANE('',#1847);
#39=PLANE('',#1851);
#40=PLANE('',#1855);
#41=PLANE('',#1859);
#42=PLANE('',#1860);
#43=PLANE('',#1861);
#44=PLANE('',#1871);
#45=PLANE('',#1883);
#46=PLANE('',#1884);
#47=PLANE('',#1885);
#48=PLANE('',#1887);
#49=PLANE('',#1888);
#50=PLANE('',#1889);
#51=PLANE('',#1891);
#52=PLANE('',#1892);
#53=PLANE('',#1893);
#54=PLANE('',#1895);
#55=PLANE('',#1896);
#56=PLANE('',#1897);
#57=PLANE('',#1899);
#58=PLANE('',#1900);
#59=PLANE('',#1901);
#60=PLANE('',#1903);
#61=PLANE('',#1904);
#62=PLANE('',#1905);
#63=PLANE('',#1907);
#64=PLANE('',#1908);
#65=PLANE('',#1909);
#66=PLANE('',#1911);
#67=PLANE('',#1912);
#68=PLANE('',#1913);
#69=PLANE('',#1914);
#70=PLANE('',#1915);
#71=PLANE('',#1916);
#72=PLANE('',#1917);
#73=PLANE('',#1918);
#74=PLANE('',#1919);
#75=PLANE('',#1920);
#76=PLANE('',#1921);
#77=FACE_OUTER_BOUND('',#167,.T.);
#78=FACE_OUTER_BOUND('',#168,.T.);
#79=FACE_OUTER_BOUND('',#170,.T.);
#80=FACE_OUTER_BOUND('',#171,.T.);
#81=FACE_OUTER_BOUND('',#173,.T.);
#82=FACE_OUTER_BOUND('',#174,.T.);
#83=FACE_OUTER_BOUND('',#175,.T.);
#84=FACE_OUTER_BOUND('',#176,.T.);
#85=FACE_OUTER_BOUND('',#177,.T.);
#86=FACE_OUTER_BOUND('',#178,.T.);
#87=FACE_OUTER_BOUND('',#179,.T.);
#88=FACE_OUTER_BOUND('',#180,.T.);
#89=FACE_OUTER_BOUND('',#181,.T.);
#90=FACE_OUTER_BOUND('',#182,.T.);
#91=FACE_OUTER_BOUND('',#183,.T.);
#92=FACE_OUTER_BOUND('',#184,.T.);
#93=FACE_OUTER_BOUND('',#185,.T.);
#94=FACE_OUTER_BOUND('',#186,.T.);
#95=FACE_OUTER_BOUND('',#187,.T.);
#96=FACE_OUTER_BOUND('',#188,.T.);
#97=FACE_OUTER_BOUND('',#189,.T.);
#98=FACE_OUTER_BOUND('',#190,.T.);
#99=FACE_OUTER_BOUND('',#191,.T.);
#100=FACE_OUTER_BOUND('',#192,.T.);
#101=FACE_OUTER_BOUND('',#193,.T.);
#102=FACE_OUTER_BOUND('',#194,.T.);
#103=FACE_OUTER_BOUND('',#195,.T.);
#104=FACE_OUTER_BOUND('',#196,.T.);
#105=FACE_OUTER_BOUND('',#197,.T.);
#106=FACE_OUTER_BOUND('',#198,.T.);
#107=FACE_OUTER_BOUND('',#199,.T.);
#108=FACE_OUTER_BOUND('',#200,.T.);
#109=FACE_OUTER_BOUND('',#201,.T.);
#110=FACE_OUTER_BOUND('',#202,.T.);
#111=FACE_OUTER_BOUND('',#203,.T.);
#112=FACE_OUTER_BOUND('',#204,.T.);
#113=FACE_OUTER_BOUND('',#205,.T.);
#114=FACE_OUTER_BOUND('',#206,.T.);
#115=FACE_OUTER_BOUND('',#207,.T.);
#116=FACE_OUTER_BOUND('',#208,.T.);
#117=FACE_OUTER_BOUND('',#209,.T.);
#118=FACE_OUTER_BOUND('',#210,.T.);
#119=FACE_OUTER_BOUND('',#211,.T.);
#120=FACE_OUTER_BOUND('',#212,.T.);
#121=FACE_OUTER_BOUND('',#213,.T.);
#122=FACE_OUTER_BOUND('',#214,.T.);
#123=FACE_OUTER_BOUND('',#216,.T.);
#124=FACE_OUTER_BOUND('',#218,.T.);
#125=FACE_OUTER_BOUND('',#220,.T.);
#126=FACE_OUTER_BOUND('',#222,.T.);
#127=FACE_OUTER_BOUND('',#223,.T.);
#128=FACE_OUTER_BOUND('',#224,.T.);
#129=FACE_OUTER_BOUND('',#225,.T.);
#130=FACE_OUTER_BOUND('',#226,.T.);
#131=FACE_OUTER_BOUND('',#227,.T.);
#132=FACE_OUTER_BOUND('',#228,.T.);
#133=FACE_OUTER_BOUND('',#229,.T.);
#134=FACE_OUTER_BOUND('',#230,.T.);
#135=FACE_OUTER_BOUND('',#231,.T.);
#136=FACE_OUTER_BOUND('',#232,.T.);
#137=FACE_OUTER_BOUND('',#233,.T.);
#138=FACE_OUTER_BOUND('',#234,.T.);
#139=FACE_OUTER_BOUND('',#235,.T.);
#140=FACE_OUTER_BOUND('',#236,.T.);
#141=FACE_OUTER_BOUND('',#237,.T.);
#142=FACE_OUTER_BOUND('',#238,.T.);
#143=FACE_OUTER_BOUND('',#239,.T.);
#144=FACE_OUTER_BOUND('',#240,.T.);
#145=FACE_OUTER_BOUND('',#241,.T.);
#146=FACE_OUTER_BOUND('',#242,.T.);
#147=FACE_OUTER_BOUND('',#243,.T.);
#148=FACE_OUTER_BOUND('',#244,.T.);
#149=FACE_OUTER_BOUND('',#245,.T.);
#150=FACE_OUTER_BOUND('',#246,.T.);
#151=FACE_OUTER_BOUND('',#247,.T.);
#152=FACE_OUTER_BOUND('',#248,.T.);
#153=FACE_OUTER_BOUND('',#249,.T.);
#154=FACE_OUTER_BOUND('',#250,.T.);
#155=FACE_OUTER_BOUND('',#251,.T.);
#156=FACE_OUTER_BOUND('',#252,.T.);
#157=FACE_OUTER_BOUND('',#253,.T.);
#158=FACE_OUTER_BOUND('',#254,.T.);
#159=FACE_OUTER_BOUND('',#255,.T.);
#160=FACE_OUTER_BOUND('',#256,.T.);
#161=FACE_OUTER_BOUND('',#257,.T.);
#162=FACE_OUTER_BOUND('',#258,.T.);
#163=FACE_OUTER_BOUND('',#259,.T.);
#164=FACE_OUTER_BOUND('',#260,.T.);
#165=FACE_OUTER_BOUND('',#261,.T.);
#166=FACE_OUTER_BOUND('',#262,.T.);
#167=EDGE_LOOP('',(#1115,#1116,#1117,#1118));
#168=EDGE_LOOP('',(#1119));
#169=EDGE_LOOP('',(#1120));
#170=EDGE_LOOP('',(#1121,#1122,#1123,#1124));
#171=EDGE_LOOP('',(#1125));
#172=EDGE_LOOP('',(#1126));
#173=EDGE_LOOP('',(#1127,#1128,#1129,#1130));
#174=EDGE_LOOP('',(#1131,#1132,#1133,#1134));
#175=EDGE_LOOP('',(#1135,#1136,#1137,#1138));
#176=EDGE_LOOP('',(#1139,#1140,#1141,#1142));
#177=EDGE_LOOP('',(#1143,#1144,#1145,#1146));
#178=EDGE_LOOP('',(#1147,#1148,#1149,#1150));
#179=EDGE_LOOP('',(#1151,#1152,#1153,#1154));
#180=EDGE_LOOP('',(#1155,#1156,#1157,#1158));
#181=EDGE_LOOP('',(#1159,#1160,#1161,#1162));
#182=EDGE_LOOP('',(#1163,#1164,#1165,#1166));
#183=EDGE_LOOP('',(#1167,#1168,#1169,#1170));
#184=EDGE_LOOP('',(#1171,#1172,#1173,#1174));
#185=EDGE_LOOP('',(#1175,#1176,#1177,#1178));
#186=EDGE_LOOP('',(#1179,#1180,#1181,#1182));
#187=EDGE_LOOP('',(#1183,#1184,#1185,#1186));
#188=EDGE_LOOP('',(#1187,#1188,#1189,#1190));
#189=EDGE_LOOP('',(#1191,#1192,#1193,#1194));
#190=EDGE_LOOP('',(#1195,#1196,#1197,#1198));
#191=EDGE_LOOP('',(#1199,#1200,#1201,#1202));
#192=EDGE_LOOP('',(#1203,#1204,#1205,#1206));
#193=EDGE_LOOP('',(#1207,#1208,#1209,#1210));
#194=EDGE_LOOP('',(#1211,#1212,#1213,#1214));
#195=EDGE_LOOP('',(#1215,#1216,#1217,#1218));
#196=EDGE_LOOP('',(#1219,#1220,#1221,#1222));
#197=EDGE_LOOP('',(#1223,#1224,#1225,#1226));
#198=EDGE_LOOP('',(#1227,#1228,#1229,#1230));
#199=EDGE_LOOP('',(#1231,#1232,#1233,#1234));
#200=EDGE_LOOP('',(#1235,#1236,#1237,#1238));
#201=EDGE_LOOP('',(#1239,#1240,#1241,#1242));
#202=EDGE_LOOP('',(#1243,#1244,#1245,#1246));
#203=EDGE_LOOP('',(#1247,#1248,#1249,#1250));
#204=EDGE_LOOP('',(#1251,#1252,#1253,#1254));
#205=EDGE_LOOP('',(#1255,#1256,#1257,#1258));
#206=EDGE_LOOP('',(#1259,#1260,#1261,#1262));
#207=EDGE_LOOP('',(#1263,#1264,#1265,#1266));
#208=EDGE_LOOP('',(#1267,#1268,#1269,#1270));
#209=EDGE_LOOP('',(#1271,#1272,#1273,#1274));
#210=EDGE_LOOP('',(#1275,#1276,#1277,#1278));
#211=EDGE_LOOP('',(#1279,#1280,#1281,#1282));
#212=EDGE_LOOP('',(#1283,#1284,#1285,#1286));
#213=EDGE_LOOP('',(#1287,#1288,#1289,#1290));
#214=EDGE_LOOP('',(#1291,#1292,#1293,#1294,#1295,#1296,#1297,#1298,#1299,
#1300,#1301,#1302,#1303,#1304,#1305,#1306,#1307,#1308,#1309,#1310,#1311,
#1312,#1313,#1314,#1315,#1316,#1317,#1318,#1319,#1320,#1321,#1322,#1323,
#1324,#1325,#1326,#1327,#1328,#1329,#1330));
#215=EDGE_LOOP('',(#1331));
#216=EDGE_LOOP('',(#1332,#1333,#1334,#1335,#1336,#1337,#1338,#1339,#1340,
#1341,#1342,#1343,#1344,#1345,#1346,#1347,#1348,#1349,#1350,#1351,#1352,
#1353,#1354,#1355,#1356,#1357,#1358,#1359,#1360,#1361,#1362,#1363,#1364,
#1365,#1366,#1367,#1368,#1369,#1370,#1371));
#217=EDGE_LOOP('',(#1372));
#218=EDGE_LOOP('',(#1373));
#219=EDGE_LOOP('',(#1374,#1375,#1376,#1377,#1378,#1379,#1380,#1381,#1382,
#1383,#1384,#1385,#1386,#1387,#1388,#1389,#1390,#1391,#1392,#1393,#1394,
#1395,#1396,#1397,#1398,#1399,#1400,#1401,#1402,#1403,#1404,#1405,#1406,
#1407,#1408,#1409,#1410,#1411,#1412,#1413));
#220=EDGE_LOOP('',(#1414));
#221=EDGE_LOOP('',(#1415,#1416,#1417,#1418,#1419,#1420,#1421,#1422,#1423,
#1424,#1425,#1426,#1427,#1428,#1429,#1430,#1431,#1432,#1433,#1434,#1435,
#1436,#1437,#1438,#1439,#1440,#1441,#1442,#1443,#1444,#1445,#1446,#1447,
#1448,#1449,#1450,#1451,#1452,#1453,#1454));
#222=EDGE_LOOP('',(#1455,#1456,#1457,#1458));
#223=EDGE_LOOP('',(#1459,#1460,#1461,#1462));
#224=EDGE_LOOP('',(#1463,#1464,#1465,#1466));
#225=EDGE_LOOP('',(#1467,#1468,#1469,#1470));
#226=EDGE_LOOP('',(#1471,#1472,#1473,#1474));
#227=EDGE_LOOP('',(#1475,#1476,#1477,#1478));
#228=EDGE_LOOP('',(#1479,#1480,#1481,#1482));
#229=EDGE_LOOP('',(#1483,#1484,#1485,#1486));
#230=EDGE_LOOP('',(#1487,#1488,#1489,#1490));
#231=EDGE_LOOP('',(#1491,#1492,#1493,#1494));
#232=EDGE_LOOP('',(#1495,#1496,#1497,#1498));
#233=EDGE_LOOP('',(#1499,#1500,#1501,#1502));
#234=EDGE_LOOP('',(#1503,#1504,#1505,#1506));
#235=EDGE_LOOP('',(#1507,#1508,#1509,#1510));
#236=EDGE_LOOP('',(#1511,#1512,#1513,#1514));
#237=EDGE_LOOP('',(#1515,#1516,#1517,#1518));
#238=EDGE_LOOP('',(#1519,#1520,#1521,#1522));
#239=EDGE_LOOP('',(#1523,#1524,#1525,#1526));
#240=EDGE_LOOP('',(#1527,#1528,#1529,#1530));
#241=EDGE_LOOP('',(#1531,#1532,#1533,#1534));
#242=EDGE_LOOP('',(#1535,#1536,#1537,#1538));
#243=EDGE_LOOP('',(#1539,#1540,#1541,#1542));
#244=EDGE_LOOP('',(#1543,#1544,#1545,#1546));
#245=EDGE_LOOP('',(#1547,#1548,#1549,#1550));
#246=EDGE_LOOP('',(#1551,#1552,#1553,#1554));
#247=EDGE_LOOP('',(#1555,#1556,#1557,#1558));
#248=EDGE_LOOP('',(#1559,#1560,#1561,#1562));
#249=EDGE_LOOP('',(#1563,#1564,#1565,#1566));
#250=EDGE_LOOP('',(#1567,#1568,#1569,#1570));
#251=EDGE_LOOP('',(#1571,#1572,#1573,#1574));
#252=EDGE_LOOP('',(#1575,#1576,#1577,#1578));
#253=EDGE_LOOP('',(#1579,#1580,#1581,#1582));
#254=EDGE_LOOP('',(#1583,#1584,#1585,#1586));
#255=EDGE_LOOP('',(#1587,#1588,#1589,#1590));
#256=EDGE_LOOP('',(#1591,#1592,#1593,#1594));
#257=EDGE_LOOP('',(#1595,#1596,#1597,#1598));
#258=EDGE_LOOP('',(#1599,#1600,#1601,#1602));
#259=EDGE_LOOP('',(#1603,#1604,#1605,#1606));
#260=EDGE_LOOP('',(#1607,#1608,#1609,#1610));
#261=EDGE_LOOP('',(#1611,#1612,#1613,#1614));
#262=EDGE_LOOP('',(#1615,#1616,#1617,#1618));
#263=LINE('',#2433,#443);
#264=LINE('',#2442,#444);
#265=LINE('',#2448,#445);
#266=LINE('',#2452,#446);
#267=LINE('',#2456,#447);
#268=LINE('',#2461,#448);
#269=LINE('',#2465,#449);
#270=LINE('',#2470,#450);
#271=LINE('',#2474,#451);
#272=LINE('',#2479,#452);
#273=LINE('',#2483,#453);
#274=LINE('',#2488,#454);
#275=LINE('',#2492,#455);
#276=LINE('',#2497,#456);
#277=LINE('',#2501,#457);
#278=LINE('',#2506,#458);
#279=LINE('',#2510,#459);
#280=LINE('',#2515,#460);
#281=LINE('',#2519,#461);
#282=LINE('',#2523,#462);
#283=LINE('',#2525,#463);
#284=LINE('',#2526,#464);
#285=LINE('',#2531,#465);
#286=LINE('',#2535,#466);
#287=LINE('',#2537,#467);
#288=LINE('',#2538,#468);
#289=LINE('',#2544,#469);
#290=LINE('',#2546,#470);
#291=LINE('',#2547,#471);
#292=LINE('',#2552,#472);
#293=LINE('',#2556,#473);
#294=LINE('',#2558,#474);
#295=LINE('',#2559,#475);
#296=LINE('',#2565,#476);
#297=LINE('',#2567,#477);
#298=LINE('',#2568,#478);
#299=LINE('',#2573,#479);
#300=LINE('',#2577,#480);
#301=LINE('',#2579,#481);
#302=LINE('',#2580,#482);
#303=LINE('',#2586,#483);
#304=LINE('',#2588,#484);
#305=LINE('',#2589,#485);
#306=LINE('',#2594,#486);
#307=LINE('',#2598,#487);
#308=LINE('',#2600,#488);
#309=LINE('',#2601,#489);
#310=LINE('',#2607,#490);
#311=LINE('',#2609,#491);
#312=LINE('',#2610,#492);
#313=LINE('',#2615,#493);
#314=LINE('',#2619,#494);
#315=LINE('',#2621,#495);
#316=LINE('',#2622,#496);
#317=LINE('',#2628,#497);
#318=LINE('',#2630,#498);
#319=LINE('',#2631,#499);
#320=LINE('',#2636,#500);
#321=LINE('',#2640,#501);
#322=LINE('',#2642,#502);
#323=LINE('',#2643,#503);
#324=LINE('',#2649,#504);
#325=LINE('',#2651,#505);
#326=LINE('',#2652,#506);
#327=LINE('',#2657,#507);
#328=LINE('',#2661,#508);
#329=LINE('',#2663,#509);
#330=LINE('',#2664,#510);
#331=LINE('',#2670,#511);
#332=LINE('',#2672,#512);
#333=LINE('',#2673,#513);
#334=LINE('',#2678,#514);
#335=LINE('',#2682,#515);
#336=LINE('',#2684,#516);
#337=LINE('',#2685,#517);
#338=LINE('',#2698,#518);
#339=LINE('',#2700,#519);
#340=LINE('',#2702,#520);
#341=LINE('',#2704,#521);
#342=LINE('',#2708,#522);
#343=LINE('',#2710,#523);
#344=LINE('',#2712,#524);
#345=LINE('',#2714,#525);
#346=LINE('',#2718,#526);
#347=LINE('',#2720,#527);
#348=LINE('',#2722,#528);
#349=LINE('',#2724,#529);
#350=LINE('',#2728,#530);
#351=LINE('',#2730,#531);
#352=LINE('',#2732,#532);
#353=LINE('',#2734,#533);
#354=LINE('',#2738,#534);
#355=LINE('',#2740,#535);
#356=LINE('',#2742,#536);
#357=LINE('',#2744,#537);
#358=LINE('',#2748,#538);
#359=LINE('',#2750,#539);
#360=LINE('',#2752,#540);
#361=LINE('',#2754,#541);
#362=LINE('',#2758,#542);
#363=LINE('',#2760,#543);
#364=LINE('',#2762,#544);
#365=LINE('',#2764,#545);
#366=LINE('',#2768,#546);
#367=LINE('',#2770,#547);
#368=LINE('',#2772,#548);
#369=LINE('',#2773,#549);
#370=LINE('',#2781,#550);
#371=LINE('',#2783,#551);
#372=LINE('',#2785,#552);
#373=LINE('',#2787,#553);
#374=LINE('',#2791,#554);
#375=LINE('',#2793,#555);
#376=LINE('',#2795,#556);
#377=LINE('',#2797,#557);
#378=LINE('',#2801,#558);
#379=LINE('',#2803,#559);
#380=LINE('',#2805,#560);
#381=LINE('',#2807,#561);
#382=LINE('',#2811,#562);
#383=LINE('',#2813,#563);
#384=LINE('',#2815,#564);
#385=LINE('',#2817,#565);
#386=LINE('',#2821,#566);
#387=LINE('',#2823,#567);
#388=LINE('',#2825,#568);
#389=LINE('',#2827,#569);
#390=LINE('',#2831,#570);
#391=LINE('',#2833,#571);
#392=LINE('',#2835,#572);
#393=LINE('',#2837,#573);
#394=LINE('',#2841,#574);
#395=LINE('',#2843,#575);
#396=LINE('',#2845,#576);
#397=LINE('',#2847,#577);
#398=LINE('',#2851,#578);
#399=LINE('',#2853,#579);
#400=LINE('',#2855,#580);
#401=LINE('',#2856,#581);
#402=LINE('',#2858,#582);
#403=LINE('',#2860,#583);
#404=LINE('',#2861,#584);
#405=LINE('',#2863,#585);
#406=LINE('',#2865,#586);
#407=LINE('',#2867,#587);
#408=LINE('',#2868,#588);
#409=LINE('',#2870,#589);
#410=LINE('',#2872,#590);
#411=LINE('',#2874,#591);
#412=LINE('',#2876,#592);
#413=LINE('',#2877,#593);
#414=LINE('',#2879,#594);
#415=LINE('',#2881,#595);
#416=LINE('',#2883,#596);
#417=LINE('',#2885,#597);
#418=LINE('',#2886,#598);
#419=LINE('',#2888,#599);
#420=LINE('',#2890,#600);
#421=LINE('',#2892,#601);
#422=LINE('',#2894,#602);
#423=LINE('',#2895,#603);
#424=LINE('',#2897,#604);
#425=LINE('',#2899,#605);
#426=LINE('',#2901,#606);
#427=LINE('',#2903,#607);
#428=LINE('',#2904,#608);
#429=LINE('',#2906,#609);
#430=LINE('',#2908,#610);
#431=LINE('',#2910,#611);
#432=LINE('',#2912,#612);
#433=LINE('',#2913,#613);
#434=LINE('',#2915,#614);
#435=LINE('',#2917,#615);
#436=LINE('',#2919,#616);
#437=LINE('',#2921,#617);
#438=LINE('',#2922,#618);
#439=LINE('',#2924,#619);
#440=LINE('',#2926,#620);
#441=LINE('',#2928,#621);
#442=LINE('',#2930,#622);
#443=VECTOR('',#1928,8.6);
#444=VECTOR('',#1939,8.6);
#445=VECTOR('',#1948,3.75);
#446=VECTOR('',#1951,10.);
#447=VECTOR('',#1954,10.);
#448=VECTOR('',#1959,10.);
#449=VECTOR('',#1962,10.);
#450=VECTOR('',#1967,10.);
#451=VECTOR('',#1970,10.);
#452=VECTOR('',#1975,10.);
#453=VECTOR('',#1978,10.);
#454=VECTOR('',#1983,10.);
#455=VECTOR('',#1986,10.);
#456=VECTOR('',#1991,10.);
#457=VECTOR('',#1994,10.);
#458=VECTOR('',#1999,10.);
#459=VECTOR('',#2002,10.);
#460=VECTOR('',#2007,10.);
#461=VECTOR('',#2010,10.);
#462=VECTOR('',#2015,10.);
#463=VECTOR('',#2016,10.);
#464=VECTOR('',#2017,10.);
#465=VECTOR('',#2022,10.);
#466=VECTOR('',#2027,10.);
#467=VECTOR('',#2028,10.);
#468=VECTOR('',#2029,10.);
#469=VECTOR('',#2036,10.);
#470=VECTOR('',#2039,10.);
#471=VECTOR('',#2040,10.);
#472=VECTOR('',#2045,10.);
#473=VECTOR('',#2050,10.);
#474=VECTOR('',#2051,10.);
#475=VECTOR('',#2052,10.);
#476=VECTOR('',#2059,10.);
#477=VECTOR('',#2062,10.);
#478=VECTOR('',#2063,10.);
#479=VECTOR('',#2068,10.);
#480=VECTOR('',#2073,10.);
#481=VECTOR('',#2074,10.);
#482=VECTOR('',#2075,10.);
#483=VECTOR('',#2082,10.);
#484=VECTOR('',#2085,10.);
#485=VECTOR('',#2086,10.);
#486=VECTOR('',#2091,10.);
#487=VECTOR('',#2096,10.);
#488=VECTOR('',#2097,10.);
#489=VECTOR('',#2098,10.);
#490=VECTOR('',#2105,10.);
#491=VECTOR('',#2108,10.);
#492=VECTOR('',#2109,10.);
#493=VECTOR('',#2114,10.);
#494=VECTOR('',#2119,10.);
#495=VECTOR('',#2120,10.);
#496=VECTOR('',#2121,10.);
#497=VECTOR('',#2128,10.);
#498=VECTOR('',#2131,10.);
#499=VECTOR('',#2132,10.);
#500=VECTOR('',#2137,10.);
#501=VECTOR('',#2142,10.);
#502=VECTOR('',#2143,10.);
#503=VECTOR('',#2144,10.);
#504=VECTOR('',#2151,10.);
#505=VECTOR('',#2154,10.);
#506=VECTOR('',#2155,10.);
#507=VECTOR('',#2160,10.);
#508=VECTOR('',#2165,10.);
#509=VECTOR('',#2166,10.);
#510=VECTOR('',#2167,10.);
#511=VECTOR('',#2174,10.);
#512=VECTOR('',#2177,10.);
#513=VECTOR('',#2178,10.);
#514=VECTOR('',#2183,10.);
#515=VECTOR('',#2188,10.);
#516=VECTOR('',#2189,10.);
#517=VECTOR('',#2190,10.);
#518=VECTOR('',#2207,10.);
#519=VECTOR('',#2208,10.);
#520=VECTOR('',#2209,10.);
#521=VECTOR('',#2210,10.);
#522=VECTOR('',#2213,10.);
#523=VECTOR('',#2214,10.);
#524=VECTOR('',#2215,10.);
#525=VECTOR('',#2216,10.);
#526=VECTOR('',#2219,10.);
#527=VECTOR('',#2220,10.);
#528=VECTOR('',#2221,10.);
#529=VECTOR('',#2222,10.);
#530=VECTOR('',#2225,10.);
#531=VECTOR('',#2226,10.);
#532=VECTOR('',#2227,10.);
#533=VECTOR('',#2228,10.);
#534=VECTOR('',#2231,10.);
#535=VECTOR('',#2232,10.);
#536=VECTOR('',#2233,10.);
#537=VECTOR('',#2234,10.);
#538=VECTOR('',#2237,10.);
#539=VECTOR('',#2238,10.);
#540=VECTOR('',#2239,10.);
#541=VECTOR('',#2240,10.);
#542=VECTOR('',#2243,10.);
#543=VECTOR('',#2244,10.);
#544=VECTOR('',#2245,10.);
#545=VECTOR('',#2246,10.);
#546=VECTOR('',#2249,10.);
#547=VECTOR('',#2250,10.);
#548=VECTOR('',#2251,10.);
#549=VECTOR('',#2252,10.);
#550=VECTOR('',#2259,10.);
#551=VECTOR('',#2260,10.);
#552=VECTOR('',#2261,10.);
#553=VECTOR('',#2262,10.);
#554=VECTOR('',#2265,10.);
#555=VECTOR('',#2266,10.);
#556=VECTOR('',#2267,10.);
#557=VECTOR('',#2268,10.);
#558=VECTOR('',#2271,10.);
#559=VECTOR('',#2272,10.);
#560=VECTOR('',#2273,10.);
#561=VECTOR('',#2274,10.);
#562=VECTOR('',#2277,10.);
#563=VECTOR('',#2278,10.);
#564=VECTOR('',#2279,10.);
#565=VECTOR('',#2280,10.);
#566=VECTOR('',#2283,10.);
#567=VECTOR('',#2284,10.);
#568=VECTOR('',#2285,10.);
#569=VECTOR('',#2286,10.);
#570=VECTOR('',#2289,10.);
#571=VECTOR('',#2290,10.);
#572=VECTOR('',#2291,10.);
#573=VECTOR('',#2292,10.);
#574=VECTOR('',#2295,10.);
#575=VECTOR('',#2296,10.);
#576=VECTOR('',#2297,10.);
#577=VECTOR('',#2298,10.);
#578=VECTOR('',#2301,10.);
#579=VECTOR('',#2302,10.);
#580=VECTOR('',#2303,10.);
#581=VECTOR('',#2304,10.);
#582=VECTOR('',#2307,45.);
#583=VECTOR('',#2310,10.);
#584=VECTOR('',#2311,10.);
#585=VECTOR('',#2314,10.);
#586=VECTOR('',#2317,10.);
#587=VECTOR('',#2320,10.);
#588=VECTOR('',#2321,10.);
#589=VECTOR('',#2324,10.);
#590=VECTOR('',#2327,10.);
#591=VECTOR('',#2330,10.);
#592=VECTOR('',#2333,10.);
#593=VECTOR('',#2334,10.);
#594=VECTOR('',#2337,10.);
#595=VECTOR('',#2340,10.);
#596=VECTOR('',#2343,10.);
#597=VECTOR('',#2346,10.);
#598=VECTOR('',#2347,10.);
#599=VECTOR('',#2350,10.);
#600=VECTOR('',#2353,10.);
#601=VECTOR('',#2356,10.);
#602=VECTOR('',#2359,10.);
#603=VECTOR('',#2360,10.);
#604=VECTOR('',#2363,10.);
#605=VECTOR('',#2366,10.);
#606=VECTOR('',#2369,10.);
#607=VECTOR('',#2372,10.);
#608=VECTOR('',#2373,10.);
#609=VECTOR('',#2376,10.);
#610=VECTOR('',#2379,10.);
#611=VECTOR('',#2382,10.);
#612=VECTOR('',#2385,10.);
#613=VECTOR('',#2386,10.);
#614=VECTOR('',#2389,10.);
#615=VECTOR('',#2392,10.);
#616=VECTOR('',#2395,10.);
#617=VECTOR('',#2398,10.);
#618=VECTOR('',#2399,10.);
#619=VECTOR('',#2402,10.);
#620=VECTOR('',#2405,10.);
#621=VECTOR('',#2408,10.);
#622=VECTOR('',#2411,10.);
#623=CIRCLE('',#1761,8.6);
#624=CIRCLE('',#1762,8.6);
#625=CIRCLE('',#1764,3.75);
#626=CIRCLE('',#1766,8.6);
#627=CIRCLE('',#1767,8.6);
#628=CIRCLE('',#1769,3.75);
#629=CIRCLE('',#1772,43.5);
#630=CIRCLE('',#1773,43.5);
#631=CIRCLE('',#1775,43.5);
#632=CIRCLE('',#1776,43.5);
#633=CIRCLE('',#1778,43.5);
#634=CIRCLE('',#1779,43.5);
#635=CIRCLE('',#1781,43.5);
#636=CIRCLE('',#1782,43.5);
#637=CIRCLE('',#1784,43.5);
#638=CIRCLE('',#1785,43.5);
#639=CIRCLE('',#1787,43.5);
#640=CIRCLE('',#1788,43.5);
#641=CIRCLE('',#1790,43.5);
#642=CIRCLE('',#1791,43.5);
#643=CIRCLE('',#1793,43.5);
#644=CIRCLE('',#1794,43.5);
#645=CIRCLE('',#1797,43.5);
#646=CIRCLE('',#1798,43.5);
#647=CIRCLE('',#1801,10.1);
#648=CIRCLE('',#1802,10.1);
#649=CIRCLE('',#1805,43.5);
#650=CIRCLE('',#1806,43.5);
#651=CIRCLE('',#1809,10.1);
#652=CIRCLE('',#1810,10.1);
#653=CIRCLE('',#1813,43.5);
#654=CIRCLE('',#1814,43.5);
#655=CIRCLE('',#1817,10.1);
#656=CIRCLE('',#1818,10.1);
#657=CIRCLE('',#1821,43.5);
#658=CIRCLE('',#1822,43.5);
#659=CIRCLE('',#1825,10.1);
#660=CIRCLE('',#1826,10.1);
#661=CIRCLE('',#1829,43.5);
#662=CIRCLE('',#1830,43.5);
#663=CIRCLE('',#1833,10.1);
#664=CIRCLE('',#1834,10.1);
#665=CIRCLE('',#1837,43.5);
#666=CIRCLE('',#1838,43.5);
#667=CIRCLE('',#1841,10.1);
#668=CIRCLE('',#1842,10.1);
#669=CIRCLE('',#1845,43.5);
#670=CIRCLE('',#1846,43.5);
#671=CIRCLE('',#1849,10.1);
#672=CIRCLE('',#1850,10.1);
#673=CIRCLE('',#1853,43.5);
#674=CIRCLE('',#1854,43.5);
#675=CIRCLE('',#1857,10.1);
#676=CIRCLE('',#1858,10.1);
#677=CIRCLE('',#1862,45.);
#678=CIRCLE('',#1863,43.5);
#679=CIRCLE('',#1864,43.5);
#680=CIRCLE('',#1865,43.5);
#681=CIRCLE('',#1866,43.5);
#682=CIRCLE('',#1867,43.5);
#683=CIRCLE('',#1868,43.5);
#684=CIRCLE('',#1869,43.5);
#685=CIRCLE('',#1870,43.5);
#686=CIRCLE('',#1872,45.);
#687=CIRCLE('',#1873,43.5);
#688=CIRCLE('',#1874,43.5);
#689=CIRCLE('',#1875,43.5);
#690=CIRCLE('',#1876,43.5);
#691=CIRCLE('',#1877,43.5);
#692=CIRCLE('',#1878,43.5);
#693=CIRCLE('',#1879,43.5);
#694=CIRCLE('',#1880,43.5);
#695=VERTEX_POINT('',#2430);
#696=VERTEX_POINT('',#2432);
#697=VERTEX_POINT('',#2436);
#698=VERTEX_POINT('',#2439);
#699=VERTEX_POINT('',#2441);
#700=VERTEX_POINT('',#2445);
#701=VERTEX_POINT('',#2450);
#702=VERTEX_POINT('',#2451);
#703=VERTEX_POINT('',#2453);
#704=VERTEX_POINT('',#2455);
#705=VERTEX_POINT('',#2459);
#706=VERTEX_POINT('',#2460);
#707=VERTEX_POINT('',#2462);
#708=VERTEX_POINT('',#2464);
#709=VERTEX_POINT('',#2468);
#710=VERTEX_POINT('',#2469);
#711=VERTEX_POINT('',#2471);
#712=VERTEX_POINT('',#2473);
#713=VERTEX_POINT('',#2477);
#714=VERTEX_POINT('',#2478);
#715=VERTEX_POINT('',#2480);
#716=VERTEX_POINT('',#2482);
#717=VERTEX_POINT('',#2486);
#718=VERTEX_POINT('',#2487);
#719=VERTEX_POINT('',#2489);
#720=VERTEX_POINT('',#2491);
#721=VERTEX_POINT('',#2495);
#722=VERTEX_POINT('',#2496);
#723=VERTEX_POINT('',#2498);
#724=VERTEX_POINT('',#2500);
#725=VERTEX_POINT('',#2504);
#726=VERTEX_POINT('',#2505);
#727=VERTEX_POINT('',#2507);
#728=VERTEX_POINT('',#2509);
#729=VERTEX_POINT('',#2513);
#730=VERTEX_POINT('',#2514);
#731=VERTEX_POINT('',#2516);
#732=VERTEX_POINT('',#2518);
#733=VERTEX_POINT('',#2522);
#734=VERTEX_POINT('',#2524);
#735=VERTEX_POINT('',#2528);
#736=VERTEX_POINT('',#2530);
#737=VERTEX_POINT('',#2534);
#738=VERTEX_POINT('',#2536);
#739=VERTEX_POINT('',#2540);
#740=VERTEX_POINT('',#2542);
#741=VERTEX_POINT('',#2549);
#742=VERTEX_POINT('',#2551);
#743=VERTEX_POINT('',#2555);
#744=VERTEX_POINT('',#2557);
#745=VERTEX_POINT('',#2561);
#746=VERTEX_POINT('',#2563);
#747=VERTEX_POINT('',#2570);
#748=VERTEX_POINT('',#2572);
#749=VERTEX_POINT('',#2576);
#750=VERTEX_POINT('',#2578);
#751=VERTEX_POINT('',#2582);
#752=VERTEX_POINT('',#2584);
#753=VERTEX_POINT('',#2591);
#754=VERTEX_POINT('',#2593);
#755=VERTEX_POINT('',#2597);
#756=VERTEX_POINT('',#2599);
#757=VERTEX_POINT('',#2603);
#758=VERTEX_POINT('',#2605);
#759=VERTEX_POINT('',#2612);
#760=VERTEX_POINT('',#2614);
#761=VERTEX_POINT('',#2618);
#762=VERTEX_POINT('',#2620);
#763=VERTEX_POINT('',#2624);
#764=VERTEX_POINT('',#2626);
#765=VERTEX_POINT('',#2633);
#766=VERTEX_POINT('',#2635);
#767=VERTEX_POINT('',#2639);
#768=VERTEX_POINT('',#2641);
#769=VERTEX_POINT('',#2645);
#770=VERTEX_POINT('',#2647);
#771=VERTEX_POINT('',#2654);
#772=VERTEX_POINT('',#2656);
#773=VERTEX_POINT('',#2660);
#774=VERTEX_POINT('',#2662);
#775=VERTEX_POINT('',#2666);
#776=VERTEX_POINT('',#2668);
#777=VERTEX_POINT('',#2675);
#778=VERTEX_POINT('',#2677);
#779=VERTEX_POINT('',#2681);
#780=VERTEX_POINT('',#2683);
#781=VERTEX_POINT('',#2692);
#782=VERTEX_POINT('',#2694);
#783=VERTEX_POINT('',#2695);
#784=VERTEX_POINT('',#2697);
#785=VERTEX_POINT('',#2699);
#786=VERTEX_POINT('',#2701);
#787=VERTEX_POINT('',#2703);
#788=VERTEX_POINT('',#2705);
#789=VERTEX_POINT('',#2707);
#790=VERTEX_POINT('',#2709);
#791=VERTEX_POINT('',#2711);
#792=VERTEX_POINT('',#2713);
#793=VERTEX_POINT('',#2715);
#794=VERTEX_POINT('',#2717);
#795=VERTEX_POINT('',#2719);
#796=VERTEX_POINT('',#2721);
#797=VERTEX_POINT('',#2723);
#798=VERTEX_POINT('',#2725);
#799=VERTEX_POINT('',#2727);
#800=VERTEX_POINT('',#2729);
#801=VERTEX_POINT('',#2731);
#802=VERTEX_POINT('',#2733);
#803=VERTEX_POINT('',#2735);
#804=VERTEX_POINT('',#2737);
#805=VERTEX_POINT('',#2739);
#806=VERTEX_POINT('',#2741);
#807=VERTEX_POINT('',#2743);
#808=VERTEX_POINT('',#2745);
#809=VERTEX_POINT('',#2747);
#810=VERTEX_POINT('',#2749);
#811=VERTEX_POINT('',#2751);
#812=VERTEX_POINT('',#2753);
#813=VERTEX_POINT('',#2755);
#814=VERTEX_POINT('',#2757);
#815=VERTEX_POINT('',#2759);
#816=VERTEX_POINT('',#2761);
#817=VERTEX_POINT('',#2763);
#818=VERTEX_POINT('',#2765);
#819=VERTEX_POINT('',#2767);
#820=VERTEX_POINT('',#2769);
#821=VERTEX_POINT('',#2771);
#822=VERTEX_POINT('',#2775);
#823=VERTEX_POINT('',#2777);
#824=VERTEX_POINT('',#2778);
#825=VERTEX_POINT('',#2780);
#826=VERTEX_POINT('',#2782);
#827=VERTEX_POINT('',#2784);
#828=VERTEX_POINT('',#2786);
#829=VERTEX_POINT('',#2788);
#830=VERTEX_POINT('',#2790);
#831=VERTEX_POINT('',#2792);
#832=VERTEX_POINT('',#2794);
#833=VERTEX_POINT('',#2796);
#834=VERTEX_POINT('',#2798);
#835=VERTEX_POINT('',#2800);
#836=VERTEX_POINT('',#2802);
#837=VERTEX_POINT('',#2804);
#838=VERTEX_POINT('',#2806);
#839=VERTEX_POINT('',#2808);
#840=VERTEX_POINT('',#2810);
#841=VERTEX_POINT('',#2812);
#842=VERTEX_POINT('',#2814);
#843=VERTEX_POINT('',#2816);
#844=VERTEX_POINT('',#2818);
#845=VERTEX_POINT('',#2820);
#846=VERTEX_POINT('',#2822);
#847=VERTEX_POINT('',#2824);
#848=VERTEX_POINT('',#2826);
#849=VERTEX_POINT('',#2828);
#850=VERTEX_POINT('',#2830);
#851=VERTEX_POINT('',#2832);
#852=VERTEX_POINT('',#2834);
#853=VERTEX_POINT('',#2836);
#854=VERTEX_POINT('',#2838);
#855=VERTEX_POINT('',#2840);
#856=VERTEX_POINT('',#2842);
#857=VERTEX_POINT('',#2844);
#858=VERTEX_POINT('',#2846);
#859=VERTEX_POINT('',#2848);
#860=VERTEX_POINT('',#2850);
#861=VERTEX_POINT('',#2852);
#862=VERTEX_POINT('',#2854);
#863=EDGE_CURVE('',#695,#695,#623,.T.);
#864=EDGE_CURVE('',#695,#696,#263,.T.);
#865=EDGE_CURVE('',#696,#696,#624,.T.);
#866=EDGE_CURVE('',#697,#697,#625,.T.);
#867=EDGE_CURVE('',#698,#698,#626,.T.);
#868=EDGE_CURVE('',#698,#699,#264,.T.);
#869=EDGE_CURVE('',#699,#699,#627,.T.);
#870=EDGE_CURVE('',#700,#700,#628,.T.);
#871=EDGE_CURVE('',#700,#697,#265,.T.);
#872=EDGE_CURVE('',#701,#702,#266,.T.);
#873=EDGE_CURVE('',#701,#703,#629,.T.);
#874=EDGE_CURVE('',#703,#704,#267,.T.);
#875=EDGE_CURVE('',#702,#704,#630,.T.);
#876=EDGE_CURVE('',#705,#706,#268,.T.);
#877=EDGE_CURVE('',#705,#707,#631,.T.);
#878=EDGE_CURVE('',#707,#708,#269,.T.);
#879=EDGE_CURVE('',#706,#708,#632,.T.);
#880=EDGE_CURVE('',#709,#710,#270,.T.);
#881=EDGE_CURVE('',#709,#711,#633,.T.);
#882=EDGE_CURVE('',#711,#712,#271,.T.);
#883=EDGE_CURVE('',#710,#712,#634,.T.);
#884=EDGE_CURVE('',#713,#714,#272,.T.);
#885=EDGE_CURVE('',#713,#715,#635,.T.);
#886=EDGE_CURVE('',#715,#716,#273,.T.);
#887=EDGE_CURVE('',#714,#716,#636,.T.);
#888=EDGE_CURVE('',#717,#718,#274,.T.);
#889=EDGE_CURVE('',#717,#719,#637,.T.);
#890=EDGE_CURVE('',#719,#720,#275,.T.);
#891=EDGE_CURVE('',#718,#720,#638,.T.);
#892=EDGE_CURVE('',#721,#722,#276,.T.);
#893=EDGE_CURVE('',#721,#723,#639,.T.);
#894=EDGE_CURVE('',#723,#724,#277,.T.);
#895=EDGE_CURVE('',#722,#724,#640,.T.);
#896=EDGE_CURVE('',#725,#726,#278,.T.);
#897=EDGE_CURVE('',#725,#727,#641,.T.);
#898=EDGE_CURVE('',#727,#728,#279,.T.);
#899=EDGE_CURVE('',#726,#728,#642,.T.);
#900=EDGE_CURVE('',#729,#730,#280,.T.);
#901=EDGE_CURVE('',#729,#731,#643,.T.);
#902=EDGE_CURVE('',#731,#732,#281,.T.);
#903=EDGE_CURVE('',#730,#732,#644,.T.);
#904=EDGE_CURVE('',#733,#703,#282,.T.);
#905=EDGE_CURVE('',#733,#734,#283,.T.);
#906=EDGE_CURVE('',#704,#734,#284,.T.);
#907=EDGE_CURVE('',#735,#702,#645,.T.);
#908=EDGE_CURVE('',#736,#735,#285,.T.);
#909=EDGE_CURVE('',#736,#701,#646,.T.);
#910=EDGE_CURVE('',#737,#736,#286,.T.);
#911=EDGE_CURVE('',#738,#735,#287,.T.);
#912=EDGE_CURVE('',#737,#738,#288,.T.);
#913=EDGE_CURVE('',#739,#737,#647,.T.);
#914=EDGE_CURVE('',#740,#738,#648,.T.);
#915=EDGE_CURVE('',#739,#740,#289,.T.);
#916=EDGE_CURVE('',#739,#707,#290,.T.);
#917=EDGE_CURVE('',#708,#740,#291,.T.);
#918=EDGE_CURVE('',#741,#706,#649,.T.);
#919=EDGE_CURVE('',#742,#741,#292,.T.);
#920=EDGE_CURVE('',#742,#705,#650,.T.);
#921=EDGE_CURVE('',#743,#742,#293,.T.);
#922=EDGE_CURVE('',#744,#741,#294,.T.);
#923=EDGE_CURVE('',#743,#744,#295,.T.);
#924=EDGE_CURVE('',#745,#743,#651,.T.);
#925=EDGE_CURVE('',#746,#744,#652,.T.);
#926=EDGE_CURVE('',#745,#746,#296,.T.);
#927=EDGE_CURVE('',#745,#711,#297,.T.);
#928=EDGE_CURVE('',#712,#746,#298,.T.);
#929=EDGE_CURVE('',#747,#710,#653,.T.);
#930=EDGE_CURVE('',#748,#747,#299,.T.);
#931=EDGE_CURVE('',#748,#709,#654,.T.);
#932=EDGE_CURVE('',#749,#748,#300,.T.);
#933=EDGE_CURVE('',#750,#747,#301,.T.);
#934=EDGE_CURVE('',#749,#750,#302,.T.);
#935=EDGE_CURVE('',#751,#749,#655,.T.);
#936=EDGE_CURVE('',#752,#750,#656,.T.);
#937=EDGE_CURVE('',#751,#752,#303,.T.);
#938=EDGE_CURVE('',#751,#715,#304,.T.);
#939=EDGE_CURVE('',#716,#752,#305,.T.);
#940=EDGE_CURVE('',#753,#714,#657,.T.);
#941=EDGE_CURVE('',#754,#753,#306,.T.);
#942=EDGE_CURVE('',#754,#713,#658,.T.);
#943=EDGE_CURVE('',#755,#754,#307,.T.);
#944=EDGE_CURVE('',#756,#753,#308,.T.);
#945=EDGE_CURVE('',#755,#756,#309,.T.);
#946=EDGE_CURVE('',#757,#755,#659,.T.);
#947=EDGE_CURVE('',#758,#756,#660,.T.);
#948=EDGE_CURVE('',#757,#758,#310,.T.);
#949=EDGE_CURVE('',#757,#719,#311,.T.);
#950=EDGE_CURVE('',#720,#758,#312,.T.);
#951=EDGE_CURVE('',#759,#718,#661,.T.);
#952=EDGE_CURVE('',#760,#759,#313,.T.);
#953=EDGE_CURVE('',#760,#717,#662,.T.);
#954=EDGE_CURVE('',#761,#760,#314,.T.);
#955=EDGE_CURVE('',#762,#759,#315,.T.);
#956=EDGE_CURVE('',#761,#762,#316,.T.);
#957=EDGE_CURVE('',#763,#761,#663,.T.);
#958=EDGE_CURVE('',#764,#762,#664,.T.);
#959=EDGE_CURVE('',#763,#764,#317,.T.);
#960=EDGE_CURVE('',#763,#723,#318,.T.);
#961=EDGE_CURVE('',#724,#764,#319,.T.);
#962=EDGE_CURVE('',#765,#722,#665,.T.);
#963=EDGE_CURVE('',#766,#765,#320,.T.);
#964=EDGE_CURVE('',#766,#721,#666,.T.);
#965=EDGE_CURVE('',#767,#766,#321,.T.);
#966=EDGE_CURVE('',#768,#765,#322,.T.);
#967=EDGE_CURVE('',#767,#768,#323,.T.);
#968=EDGE_CURVE('',#769,#767,#667,.T.);
#969=EDGE_CURVE('',#770,#768,#668,.T.);
#970=EDGE_CURVE('',#769,#770,#324,.T.);
#971=EDGE_CURVE('',#769,#727,#325,.T.);
#972=EDGE_CURVE('',#728,#770,#326,.T.);
#973=EDGE_CURVE('',#771,#726,#669,.T.);
#974=EDGE_CURVE('',#772,#771,#327,.T.);
#975=EDGE_CURVE('',#772,#725,#670,.T.);
#976=EDGE_CURVE('',#773,#772,#328,.T.);
#977=EDGE_CURVE('',#774,#771,#329,.T.);
#978=EDGE_CURVE('',#773,#774,#330,.T.);
#979=EDGE_CURVE('',#775,#773,#671,.T.);
#980=EDGE_CURVE('',#776,#774,#672,.T.);
#981=EDGE_CURVE('',#775,#776,#331,.T.);
#982=EDGE_CURVE('',#775,#731,#332,.T.);
#983=EDGE_CURVE('',#732,#776,#333,.T.);
#984=EDGE_CURVE('',#777,#730,#673,.T.);
#985=EDGE_CURVE('',#778,#777,#334,.T.);
#986=EDGE_CURVE('',#778,#729,#674,.T.);
#987=EDGE_CURVE('',#779,#778,#335,.T.);
#988=EDGE_CURVE('',#780,#777,#336,.T.);
#989=EDGE_CURVE('',#779,#780,#337,.T.);
#990=EDGE_CURVE('',#733,#779,#675,.T.);
#991=EDGE_CURVE('',#734,#780,#676,.T.);
#992=EDGE_CURVE('',#781,#781,#677,.T.);
#993=EDGE_CURVE('',#782,#783,#678,.T.);
#994=EDGE_CURVE('',#784,#782,#338,.T.);
#995=EDGE_CURVE('',#785,#784,#339,.T.);
#996=EDGE_CURVE('',#786,#785,#340,.T.);
#997=EDGE_CURVE('',#787,#786,#341,.T.);
#998=EDGE_CURVE('',#788,#787,#679,.T.);
#999=EDGE_CURVE('',#789,#788,#342,.T.);
#1000=EDGE_CURVE('',#790,#789,#343,.T.);
#1001=EDGE_CURVE('',#791,#790,#344,.T.);
#1002=EDGE_CURVE('',#792,#791,#345,.T.);
#1003=EDGE_CURVE('',#793,#792,#680,.T.);
#1004=EDGE_CURVE('',#794,#793,#346,.T.);
#1005=EDGE_CURVE('',#795,#794,#347,.T.);
#1006=EDGE_CURVE('',#796,#795,#348,.T.);
#1007=EDGE_CURVE('',#797,#796,#349,.T.);
#1008=EDGE_CURVE('',#798,#797,#681,.T.);
#1009=EDGE_CURVE('',#799,#798,#350,.T.);
#1010=EDGE_CURVE('',#800,#799,#351,.T.);
#1011=EDGE_CURVE('',#801,#800,#352,.T.);
#1012=EDGE_CURVE('',#802,#801,#353,.T.);
#1013=EDGE_CURVE('',#803,#802,#682,.T.);
#1014=EDGE_CURVE('',#804,#803,#354,.T.);
#1015=EDGE_CURVE('',#805,#804,#355,.T.);
#1016=EDGE_CURVE('',#806,#805,#356,.T.);
#1017=EDGE_CURVE('',#807,#806,#357,.T.);
#1018=EDGE_CURVE('',#808,#807,#683,.T.);
#1019=EDGE_CURVE('',#809,#808,#358,.T.);
#1020=EDGE_CURVE('',#810,#809,#359,.T.);
#1021=EDGE_CURVE('',#811,#810,#360,.T.);
#1022=EDGE_CURVE('',#812,#811,#361,.T.);
#1023=EDGE_CURVE('',#813,#812,#684,.T.);
#1024=EDGE_CURVE('',#814,#813,#362,.T.);
#1025=EDGE_CURVE('',#815,#814,#363,.T.);
#1026=EDGE_CURVE('',#816,#815,#364,.T.);
#1027=EDGE_CURVE('',#817,#816,#365,.T.);
#1028=EDGE_CURVE('',#818,#817,#685,.T.);
#1029=EDGE_CURVE('',#819,#818,#366,.T.);
#1030=EDGE_CURVE('',#820,#819,#367,.T.);
#1031=EDGE_CURVE('',#821,#820,#368,.T.);
#1032=EDGE_CURVE('',#783,#821,#369,.T.);
#1033=EDGE_CURVE('',#822,#822,#686,.T.);
#1034=EDGE_CURVE('',#823,#824,#687,.T.);
#1035=EDGE_CURVE('',#824,#825,#370,.T.);
#1036=EDGE_CURVE('',#825,#826,#371,.T.);
#1037=EDGE_CURVE('',#826,#827,#372,.T.);
#1038=EDGE_CURVE('',#827,#828,#373,.T.);
#1039=EDGE_CURVE('',#828,#829,#688,.T.);
#1040=EDGE_CURVE('',#829,#830,#374,.T.);
#1041=EDGE_CURVE('',#830,#831,#375,.T.);
#1042=EDGE_CURVE('',#831,#832,#376,.T.);
#1043=EDGE_CURVE('',#832,#833,#377,.T.);
#1044=EDGE_CURVE('',#833,#834,#689,.T.);
#1045=EDGE_CURVE('',#834,#835,#378,.T.);
#1046=EDGE_CURVE('',#835,#836,#379,.T.);
#1047=EDGE_CURVE('',#836,#837,#380,.T.);
#1048=EDGE_CURVE('',#837,#838,#381,.T.);
#1049=EDGE_CURVE('',#838,#839,#690,.T.);
#1050=EDGE_CURVE('',#839,#840,#382,.T.);
#1051=EDGE_CURVE('',#840,#841,#383,.T.);
#1052=EDGE_CURVE('',#841,#842,#384,.T.);
#1053=EDGE_CURVE('',#842,#843,#385,.T.);
#1054=EDGE_CURVE('',#843,#844,#691,.T.);
#1055=EDGE_CURVE('',#844,#845,#386,.T.);
#1056=EDGE_CURVE('',#845,#846,#387,.T.);
#1057=EDGE_CURVE('',#846,#847,#388,.T.);
#1058=EDGE_CURVE('',#847,#848,#389,.T.);
#1059=EDGE_CURVE('',#848,#849,#692,.T.);
#1060=EDGE_CURVE('',#849,#850,#390,.T.);
#1061=EDGE_CURVE('',#850,#851,#391,.T.);
#1062=EDGE_CURVE('',#851,#852,#392,.T.);
#1063=EDGE_CURVE('',#852,#853,#393,.T.);
#1064=EDGE_CURVE('',#853,#854,#693,.T.);
#1065=EDGE_CURVE('',#854,#855,#394,.T.);
#1066=EDGE_CURVE('',#855,#856,#395,.T.);
#1067=EDGE_CURVE('',#856,#857,#396,.T.);
#1068=EDGE_CURVE('',#857,#858,#397,.T.);
#1069=EDGE_CURVE('',#858,#859,#694,.T.);
#1070=EDGE_CURVE('',#859,#860,#398,.T.);
#1071=EDGE_CURVE('',#860,#861,#399,.T.);
#1072=EDGE_CURVE('',#861,#862,#400,.T.);
#1073=EDGE_CURVE('',#862,#823,#401,.T.);
#1074=EDGE_CURVE('',#822,#781,#402,.T.);
#1075=EDGE_CURVE('',#783,#824,#403,.T.);
#1076=EDGE_CURVE('',#782,#823,#404,.T.);
#1077=EDGE_CURVE('',#821,#825,#405,.T.);
#1078=EDGE_CURVE('',#820,#826,#406,.T.);
#1079=EDGE_CURVE('',#818,#828,#407,.T.);
#1080=EDGE_CURVE('',#819,#827,#408,.T.);
#1081=EDGE_CURVE('',#817,#829,#409,.T.);
#1082=EDGE_CURVE('',#816,#830,#410,.T.);
#1083=EDGE_CURVE('',#815,#831,#411,.T.);
#1084=EDGE_CURVE('',#813,#833,#412,.T.);
#1085=EDGE_CURVE('',#814,#832,#413,.T.);
#1086=EDGE_CURVE('',#812,#834,#414,.T.);
#1087=EDGE_CURVE('',#811,#835,#415,.T.);
#1088=EDGE_CURVE('',#810,#836,#416,.T.);
#1089=EDGE_CURVE('',#808,#838,#417,.T.);
#1090=EDGE_CURVE('',#809,#837,#418,.T.);
#1091=EDGE_CURVE('',#807,#839,#419,.T.);
#1092=EDGE_CURVE('',#806,#840,#420,.T.);
#1093=EDGE_CURVE('',#805,#841,#421,.T.);
#1094=EDGE_CURVE('',#803,#843,#422,.T.);
#1095=EDGE_CURVE('',#804,#842,#423,.T.);
#1096=EDGE_CURVE('',#802,#844,#424,.T.);
#1097=EDGE_CURVE('',#801,#845,#425,.T.);
#1098=EDGE_CURVE('',#800,#846,#426,.T.);
#1099=EDGE_CURVE('',#798,#848,#427,.T.);
#1100=EDGE_CURVE('',#799,#847,#428,.T.);
#1101=EDGE_CURVE('',#797,#849,#429,.T.);
#1102=EDGE_CURVE('',#796,#850,#430,.T.);
#1103=EDGE_CURVE('',#795,#851,#431,.T.);
#1104=EDGE_CURVE('',#793,#853,#432,.T.);
#1105=EDGE_CURVE('',#794,#852,#433,.T.);
#1106=EDGE_CURVE('',#792,#854,#434,.T.);
#1107=EDGE_CURVE('',#791,#855,#435,.T.);
#1108=EDGE_CURVE('',#790,#856,#436,.T.);
#1109=EDGE_CURVE('',#788,#858,#437,.T.);
#1110=EDGE_CURVE('',#789,#857,#438,.T.);
#1111=EDGE_CURVE('',#787,#859,#439,.T.);
#1112=EDGE_CURVE('',#786,#860,#440,.T.);
#1113=EDGE_CURVE('',#785,#861,#441,.T.);
#1114=EDGE_CURVE('',#784,#862,#442,.T.);
#1115=ORIENTED_EDGE('',*,*,#863,.F.);
#1116=ORIENTED_EDGE('',*,*,#864,.T.);
#1117=ORIENTED_EDGE('',*,*,#865,.T.);
#1118=ORIENTED_EDGE('',*,*,#864,.F.);
#1119=ORIENTED_EDGE('',*,*,#865,.F.);
#1120=ORIENTED_EDGE('',*,*,#866,.F.);
#1121=ORIENTED_EDGE('',*,*,#867,.F.);
#1122=ORIENTED_EDGE('',*,*,#868,.T.);
#1123=ORIENTED_EDGE('',*,*,#869,.T.);
#1124=ORIENTED_EDGE('',*,*,#868,.F.);
#1125=ORIENTED_EDGE('',*,*,#869,.F.);
#1126=ORIENTED_EDGE('',*,*,#870,.F.);
#1127=ORIENTED_EDGE('',*,*,#870,.T.);
#1128=ORIENTED_EDGE('',*,*,#871,.T.);
#1129=ORIENTED_EDGE('',*,*,#866,.T.);
#1130=ORIENTED_EDGE('',*,*,#871,.F.);
#1131=ORIENTED_EDGE('',*,*,#872,.F.);
#1132=ORIENTED_EDGE('',*,*,#873,.T.);
#1133=ORIENTED_EDGE('',*,*,#874,.T.);
#1134=ORIENTED_EDGE('',*,*,#875,.F.);
#1135=ORIENTED_EDGE('',*,*,#876,.F.);
#1136=ORIENTED_EDGE('',*,*,#877,.T.);
#1137=ORIENTED_EDGE('',*,*,#878,.T.);
#1138=ORIENTED_EDGE('',*,*,#879,.F.);
#1139=ORIENTED_EDGE('',*,*,#880,.F.);
#1140=ORIENTED_EDGE('',*,*,#881,.T.);
#1141=ORIENTED_EDGE('',*,*,#882,.T.);
#1142=ORIENTED_EDGE('',*,*,#883,.F.);
#1143=ORIENTED_EDGE('',*,*,#884,.F.);
#1144=ORIENTED_EDGE('',*,*,#885,.T.);
#1145=ORIENTED_EDGE('',*,*,#886,.T.);
#1146=ORIENTED_EDGE('',*,*,#887,.F.);
#1147=ORIENTED_EDGE('',*,*,#888,.F.);
#1148=ORIENTED_EDGE('',*,*,#889,.T.);
#1149=ORIENTED_EDGE('',*,*,#890,.T.);
#1150=ORIENTED_EDGE('',*,*,#891,.F.);
#1151=ORIENTED_EDGE('',*,*,#892,.F.);
#1152=ORIENTED_EDGE('',*,*,#893,.T.);
#1153=ORIENTED_EDGE('',*,*,#894,.T.);
#1154=ORIENTED_EDGE('',*,*,#895,.F.);
#1155=ORIENTED_EDGE('',*,*,#896,.F.);
#1156=ORIENTED_EDGE('',*,*,#897,.T.);
#1157=ORIENTED_EDGE('',*,*,#898,.T.);
#1158=ORIENTED_EDGE('',*,*,#899,.F.);
#1159=ORIENTED_EDGE('',*,*,#900,.F.);
#1160=ORIENTED_EDGE('',*,*,#901,.T.);
#1161=ORIENTED_EDGE('',*,*,#902,.T.);
#1162=ORIENTED_EDGE('',*,*,#903,.F.);
#1163=ORIENTED_EDGE('',*,*,#904,.F.);
#1164=ORIENTED_EDGE('',*,*,#905,.T.);
#1165=ORIENTED_EDGE('',*,*,#906,.F.);
#1166=ORIENTED_EDGE('',*,*,#874,.F.);
#1167=ORIENTED_EDGE('',*,*,#872,.T.);
#1168=ORIENTED_EDGE('',*,*,#907,.F.);
#1169=ORIENTED_EDGE('',*,*,#908,.F.);
#1170=ORIENTED_EDGE('',*,*,#909,.T.);
#1171=ORIENTED_EDGE('',*,*,#910,.T.);
#1172=ORIENTED_EDGE('',*,*,#908,.T.);
#1173=ORIENTED_EDGE('',*,*,#911,.F.);
#1174=ORIENTED_EDGE('',*,*,#912,.F.);
#1175=ORIENTED_EDGE('',*,*,#913,.T.);
#1176=ORIENTED_EDGE('',*,*,#912,.T.);
#1177=ORIENTED_EDGE('',*,*,#914,.F.);
#1178=ORIENTED_EDGE('',*,*,#915,.F.);
#1179=ORIENTED_EDGE('',*,*,#916,.F.);
#1180=ORIENTED_EDGE('',*,*,#915,.T.);
#1181=ORIENTED_EDGE('',*,*,#917,.F.);
#1182=ORIENTED_EDGE('',*,*,#878,.F.);
#1183=ORIENTED_EDGE('',*,*,#876,.T.);
#1184=ORIENTED_EDGE('',*,*,#918,.F.);
#1185=ORIENTED_EDGE('',*,*,#919,.F.);
#1186=ORIENTED_EDGE('',*,*,#920,.T.);
#1187=ORIENTED_EDGE('',*,*,#921,.T.);
#1188=ORIENTED_EDGE('',*,*,#919,.T.);
#1189=ORIENTED_EDGE('',*,*,#922,.F.);
#1190=ORIENTED_EDGE('',*,*,#923,.F.);
#1191=ORIENTED_EDGE('',*,*,#924,.T.);
#1192=ORIENTED_EDGE('',*,*,#923,.T.);
#1193=ORIENTED_EDGE('',*,*,#925,.F.);
#1194=ORIENTED_EDGE('',*,*,#926,.F.);
#1195=ORIENTED_EDGE('',*,*,#927,.F.);
#1196=ORIENTED_EDGE('',*,*,#926,.T.);
#1197=ORIENTED_EDGE('',*,*,#928,.F.);
#1198=ORIENTED_EDGE('',*,*,#882,.F.);
#1199=ORIENTED_EDGE('',*,*,#880,.T.);
#1200=ORIENTED_EDGE('',*,*,#929,.F.);
#1201=ORIENTED_EDGE('',*,*,#930,.F.);
#1202=ORIENTED_EDGE('',*,*,#931,.T.);
#1203=ORIENTED_EDGE('',*,*,#932,.T.);
#1204=ORIENTED_EDGE('',*,*,#930,.T.);
#1205=ORIENTED_EDGE('',*,*,#933,.F.);
#1206=ORIENTED_EDGE('',*,*,#934,.F.);
#1207=ORIENTED_EDGE('',*,*,#935,.T.);
#1208=ORIENTED_EDGE('',*,*,#934,.T.);
#1209=ORIENTED_EDGE('',*,*,#936,.F.);
#1210=ORIENTED_EDGE('',*,*,#937,.F.);
#1211=ORIENTED_EDGE('',*,*,#938,.F.);
#1212=ORIENTED_EDGE('',*,*,#937,.T.);
#1213=ORIENTED_EDGE('',*,*,#939,.F.);
#1214=ORIENTED_EDGE('',*,*,#886,.F.);
#1215=ORIENTED_EDGE('',*,*,#884,.T.);
#1216=ORIENTED_EDGE('',*,*,#940,.F.);
#1217=ORIENTED_EDGE('',*,*,#941,.F.);
#1218=ORIENTED_EDGE('',*,*,#942,.T.);
#1219=ORIENTED_EDGE('',*,*,#943,.T.);
#1220=ORIENTED_EDGE('',*,*,#941,.T.);
#1221=ORIENTED_EDGE('',*,*,#944,.F.);
#1222=ORIENTED_EDGE('',*,*,#945,.F.);
#1223=ORIENTED_EDGE('',*,*,#946,.T.);
#1224=ORIENTED_EDGE('',*,*,#945,.T.);
#1225=ORIENTED_EDGE('',*,*,#947,.F.);
#1226=ORIENTED_EDGE('',*,*,#948,.F.);
#1227=ORIENTED_EDGE('',*,*,#949,.F.);
#1228=ORIENTED_EDGE('',*,*,#948,.T.);
#1229=ORIENTED_EDGE('',*,*,#950,.F.);
#1230=ORIENTED_EDGE('',*,*,#890,.F.);
#1231=ORIENTED_EDGE('',*,*,#888,.T.);
#1232=ORIENTED_EDGE('',*,*,#951,.F.);
#1233=ORIENTED_EDGE('',*,*,#952,.F.);
#1234=ORIENTED_EDGE('',*,*,#953,.T.);
#1235=ORIENTED_EDGE('',*,*,#954,.T.);
#1236=ORIENTED_EDGE('',*,*,#952,.T.);
#1237=ORIENTED_EDGE('',*,*,#955,.F.);
#1238=ORIENTED_EDGE('',*,*,#956,.F.);
#1239=ORIENTED_EDGE('',*,*,#957,.T.);
#1240=ORIENTED_EDGE('',*,*,#956,.T.);
#1241=ORIENTED_EDGE('',*,*,#958,.F.);
#1242=ORIENTED_EDGE('',*,*,#959,.F.);
#1243=ORIENTED_EDGE('',*,*,#960,.F.);
#1244=ORIENTED_EDGE('',*,*,#959,.T.);
#1245=ORIENTED_EDGE('',*,*,#961,.F.);
#1246=ORIENTED_EDGE('',*,*,#894,.F.);
#1247=ORIENTED_EDGE('',*,*,#892,.T.);
#1248=ORIENTED_EDGE('',*,*,#962,.F.);
#1249=ORIENTED_EDGE('',*,*,#963,.F.);
#1250=ORIENTED_EDGE('',*,*,#964,.T.);
#1251=ORIENTED_EDGE('',*,*,#965,.T.);
#1252=ORIENTED_EDGE('',*,*,#963,.T.);
#1253=ORIENTED_EDGE('',*,*,#966,.F.);
#1254=ORIENTED_EDGE('',*,*,#967,.F.);
#1255=ORIENTED_EDGE('',*,*,#968,.T.);
#1256=ORIENTED_EDGE('',*,*,#967,.T.);
#1257=ORIENTED_EDGE('',*,*,#969,.F.);
#1258=ORIENTED_EDGE('',*,*,#970,.F.);
#1259=ORIENTED_EDGE('',*,*,#971,.F.);
#1260=ORIENTED_EDGE('',*,*,#970,.T.);
#1261=ORIENTED_EDGE('',*,*,#972,.F.);
#1262=ORIENTED_EDGE('',*,*,#898,.F.);
#1263=ORIENTED_EDGE('',*,*,#896,.T.);
#1264=ORIENTED_EDGE('',*,*,#973,.F.);
#1265=ORIENTED_EDGE('',*,*,#974,.F.);
#1266=ORIENTED_EDGE('',*,*,#975,.T.);
#1267=ORIENTED_EDGE('',*,*,#976,.T.);
#1268=ORIENTED_EDGE('',*,*,#974,.T.);
#1269=ORIENTED_EDGE('',*,*,#977,.F.);
#1270=ORIENTED_EDGE('',*,*,#978,.F.);
#1271=ORIENTED_EDGE('',*,*,#979,.T.);
#1272=ORIENTED_EDGE('',*,*,#978,.T.);
#1273=ORIENTED_EDGE('',*,*,#980,.F.);
#1274=ORIENTED_EDGE('',*,*,#981,.F.);
#1275=ORIENTED_EDGE('',*,*,#982,.F.);
#1276=ORIENTED_EDGE('',*,*,#981,.T.);
#1277=ORIENTED_EDGE('',*,*,#983,.F.);
#1278=ORIENTED_EDGE('',*,*,#902,.F.);
#1279=ORIENTED_EDGE('',*,*,#900,.T.);
#1280=ORIENTED_EDGE('',*,*,#984,.F.);
#1281=ORIENTED_EDGE('',*,*,#985,.F.);
#1282=ORIENTED_EDGE('',*,*,#986,.T.);
#1283=ORIENTED_EDGE('',*,*,#987,.T.);
#1284=ORIENTED_EDGE('',*,*,#985,.T.);
#1285=ORIENTED_EDGE('',*,*,#988,.F.);
#1286=ORIENTED_EDGE('',*,*,#989,.F.);
#1287=ORIENTED_EDGE('',*,*,#990,.T.);
#1288=ORIENTED_EDGE('',*,*,#989,.T.);
#1289=ORIENTED_EDGE('',*,*,#991,.F.);
#1290=ORIENTED_EDGE('',*,*,#905,.F.);
#1291=ORIENTED_EDGE('',*,*,#991,.T.);
#1292=ORIENTED_EDGE('',*,*,#988,.T.);
#1293=ORIENTED_EDGE('',*,*,#984,.T.);
#1294=ORIENTED_EDGE('',*,*,#903,.T.);
#1295=ORIENTED_EDGE('',*,*,#983,.T.);
#1296=ORIENTED_EDGE('',*,*,#980,.T.);
#1297=ORIENTED_EDGE('',*,*,#977,.T.);
#1298=ORIENTED_EDGE('',*,*,#973,.T.);
#1299=ORIENTED_EDGE('',*,*,#899,.T.);
#1300=ORIENTED_EDGE('',*,*,#972,.T.);
#1301=ORIENTED_EDGE('',*,*,#969,.T.);
#1302=ORIENTED_EDGE('',*,*,#966,.T.);
#1303=ORIENTED_EDGE('',*,*,#962,.T.);
#1304=ORIENTED_EDGE('',*,*,#895,.T.);
#1305=ORIENTED_EDGE('',*,*,#961,.T.);
#1306=ORIENTED_EDGE('',*,*,#958,.T.);
#1307=ORIENTED_EDGE('',*,*,#955,.T.);
#1308=ORIENTED_EDGE('',*,*,#951,.T.);
#1309=ORIENTED_EDGE('',*,*,#891,.T.);
#1310=ORIENTED_EDGE('',*,*,#950,.T.);
#1311=ORIENTED_EDGE('',*,*,#947,.T.);
#1312=ORIENTED_EDGE('',*,*,#944,.T.);
#1313=ORIENTED_EDGE('',*,*,#940,.T.);
#1314=ORIENTED_EDGE('',*,*,#887,.T.);
#1315=ORIENTED_EDGE('',*,*,#939,.T.);
#1316=ORIENTED_EDGE('',*,*,#936,.T.);
#1317=ORIENTED_EDGE('',*,*,#933,.T.);
#1318=ORIENTED_EDGE('',*,*,#929,.T.);
#1319=ORIENTED_EDGE('',*,*,#883,.T.);
#1320=ORIENTED_EDGE('',*,*,#928,.T.);
#1321=ORIENTED_EDGE('',*,*,#925,.T.);
#1322=ORIENTED_EDGE('',*,*,#922,.T.);
#1323=ORIENTED_EDGE('',*,*,#918,.T.);
#1324=ORIENTED_EDGE('',*,*,#879,.T.);
#1325=ORIENTED_EDGE('',*,*,#917,.T.);
#1326=ORIENTED_EDGE('',*,*,#914,.T.);
#1327=ORIENTED_EDGE('',*,*,#911,.T.);
#1328=ORIENTED_EDGE('',*,*,#907,.T.);
#1329=ORIENTED_EDGE('',*,*,#875,.T.);
#1330=ORIENTED_EDGE('',*,*,#906,.T.);
#1331=ORIENTED_EDGE('',*,*,#863,.T.);
#1332=ORIENTED_EDGE('',*,*,#990,.F.);
#1333=ORIENTED_EDGE('',*,*,#904,.T.);
#1334=ORIENTED_EDGE('',*,*,#873,.F.);
#1335=ORIENTED_EDGE('',*,*,#909,.F.);
#1336=ORIENTED_EDGE('',*,*,#910,.F.);
#1337=ORIENTED_EDGE('',*,*,#913,.F.);
#1338=ORIENTED_EDGE('',*,*,#916,.T.);
#1339=ORIENTED_EDGE('',*,*,#877,.F.);
#1340=ORIENTED_EDGE('',*,*,#920,.F.);
#1341=ORIENTED_EDGE('',*,*,#921,.F.);
#1342=ORIENTED_EDGE('',*,*,#924,.F.);
#1343=ORIENTED_EDGE('',*,*,#927,.T.);
#1344=ORIENTED_EDGE('',*,*,#881,.F.);
#1345=ORIENTED_EDGE('',*,*,#931,.F.);
#1346=ORIENTED_EDGE('',*,*,#932,.F.);
#1347=ORIENTED_EDGE('',*,*,#935,.F.);
#1348=ORIENTED_EDGE('',*,*,#938,.T.);
#1349=ORIENTED_EDGE('',*,*,#885,.F.);
#1350=ORIENTED_EDGE('',*,*,#942,.F.);
#1351=ORIENTED_EDGE('',*,*,#943,.F.);
#1352=ORIENTED_EDGE('',*,*,#946,.F.);
#1353=ORIENTED_EDGE('',*,*,#949,.T.);
#1354=ORIENTED_EDGE('',*,*,#889,.F.);
#1355=ORIENTED_EDGE('',*,*,#953,.F.);
#1356=ORIENTED_EDGE('',*,*,#954,.F.);
#1357=ORIENTED_EDGE('',*,*,#957,.F.);
#1358=ORIENTED_EDGE('',*,*,#960,.T.);
#1359=ORIENTED_EDGE('',*,*,#893,.F.);
#1360=ORIENTED_EDGE('',*,*,#964,.F.);
#1361=ORIENTED_EDGE('',*,*,#965,.F.);
#1362=ORIENTED_EDGE('',*,*,#968,.F.);
#1363=ORIENTED_EDGE('',*,*,#971,.T.);
#1364=ORIENTED_EDGE('',*,*,#897,.F.);
#1365=ORIENTED_EDGE('',*,*,#975,.F.);
#1366=ORIENTED_EDGE('',*,*,#976,.F.);
#1367=ORIENTED_EDGE('',*,*,#979,.F.);
#1368=ORIENTED_EDGE('',*,*,#982,.T.);
#1369=ORIENTED_EDGE('',*,*,#901,.F.);
#1370=ORIENTED_EDGE('',*,*,#986,.F.);
#1371=ORIENTED_EDGE('',*,*,#987,.F.);
#1372=ORIENTED_EDGE('',*,*,#867,.T.);
#1373=ORIENTED_EDGE('',*,*,#992,.F.);
#1374=ORIENTED_EDGE('',*,*,#993,.F.);
#1375=ORIENTED_EDGE('',*,*,#994,.F.);
#1376=ORIENTED_EDGE('',*,*,#995,.F.);
#1377=ORIENTED_EDGE('',*,*,#996,.F.);
#1378=ORIENTED_EDGE('',*,*,#997,.F.);
#1379=ORIENTED_EDGE('',*,*,#998,.F.);
#1380=ORIENTED_EDGE('',*,*,#999,.F.);
#1381=ORIENTED_EDGE('',*,*,#1000,.F.);
#1382=ORIENTED_EDGE('',*,*,#1001,.F.);
#1383=ORIENTED_EDGE('',*,*,#1002,.F.);
#1384=ORIENTED_EDGE('',*,*,#1003,.F.);
#1385=ORIENTED_EDGE('',*,*,#1004,.F.);
#1386=ORIENTED_EDGE('',*,*,#1005,.F.);
#1387=ORIENTED_EDGE('',*,*,#1006,.F.);
#1388=ORIENTED_EDGE('',*,*,#1007,.F.);
#1389=ORIENTED_EDGE('',*,*,#1008,.F.);
#1390=ORIENTED_EDGE('',*,*,#1009,.F.);
#1391=ORIENTED_EDGE('',*,*,#1010,.F.);
#1392=ORIENTED_EDGE('',*,*,#1011,.F.);
#1393=ORIENTED_EDGE('',*,*,#1012,.F.);
#1394=ORIENTED_EDGE('',*,*,#1013,.F.);
#1395=ORIENTED_EDGE('',*,*,#1014,.F.);
#1396=ORIENTED_EDGE('',*,*,#1015,.F.);
#1397=ORIENTED_EDGE('',*,*,#1016,.F.);
#1398=ORIENTED_EDGE('',*,*,#1017,.F.);
#1399=ORIENTED_EDGE('',*,*,#1018,.F.);
#1400=ORIENTED_EDGE('',*,*,#1019,.F.);
#1401=ORIENTED_EDGE('',*,*,#1020,.F.);
#1402=ORIENTED_EDGE('',*,*,#1021,.F.);
#1403=ORIENTED_EDGE('',*,*,#1022,.F.);
#1404=ORIENTED_EDGE('',*,*,#1023,.F.);
#1405=ORIENTED_EDGE('',*,*,#1024,.F.);
#1406=ORIENTED_EDGE('',*,*,#1025,.F.);
#1407=ORIENTED_EDGE('',*,*,#1026,.F.);
#1408=ORIENTED_EDGE('',*,*,#1027,.F.);
#1409=ORIENTED_EDGE('',*,*,#1028,.F.);
#1410=ORIENTED_EDGE('',*,*,#1029,.F.);
#1411=ORIENTED_EDGE('',*,*,#1030,.F.);
#1412=ORIENTED_EDGE('',*,*,#1031,.F.);
#1413=ORIENTED_EDGE('',*,*,#1032,.F.);
#1414=ORIENTED_EDGE('',*,*,#1033,.T.);
#1415=ORIENTED_EDGE('',*,*,#1034,.T.);
#1416=ORIENTED_EDGE('',*,*,#1035,.T.);
#1417=ORIENTED_EDGE('',*,*,#1036,.T.);
#1418=ORIENTED_EDGE('',*,*,#1037,.T.);
#1419=ORIENTED_EDGE('',*,*,#1038,.T.);
#1420=ORIENTED_EDGE('',*,*,#1039,.T.);
#1421=ORIENTED_EDGE('',*,*,#1040,.T.);
#1422=ORIENTED_EDGE('',*,*,#1041,.T.);
#1423=ORIENTED_EDGE('',*,*,#1042,.T.);
#1424=ORIENTED_EDGE('',*,*,#1043,.T.);
#1425=ORIENTED_EDGE('',*,*,#1044,.T.);
#1426=ORIENTED_EDGE('',*,*,#1045,.T.);
#1427=ORIENTED_EDGE('',*,*,#1046,.T.);
#1428=ORIENTED_EDGE('',*,*,#1047,.T.);
#1429=ORIENTED_EDGE('',*,*,#1048,.T.);
#1430=ORIENTED_EDGE('',*,*,#1049,.T.);
#1431=ORIENTED_EDGE('',*,*,#1050,.T.);
#1432=ORIENTED_EDGE('',*,*,#1051,.T.);
#1433=ORIENTED_EDGE('',*,*,#1052,.T.);
#1434=ORIENTED_EDGE('',*,*,#1053,.T.);
#1435=ORIENTED_EDGE('',*,*,#1054,.T.);
#1436=ORIENTED_EDGE('',*,*,#1055,.T.);
#1437=ORIENTED_EDGE('',*,*,#1056,.T.);
#1438=ORIENTED_EDGE('',*,*,#1057,.T.);
#1439=ORIENTED_EDGE('',*,*,#1058,.T.);
#1440=ORIENTED_EDGE('',*,*,#1059,.T.);
#1441=ORIENTED_EDGE('',*,*,#1060,.T.);
#1442=ORIENTED_EDGE('',*,*,#1061,.T.);
#1443=ORIENTED_EDGE('',*,*,#1062,.T.);
#1444=ORIENTED_EDGE('',*,*,#1063,.T.);
#1445=ORIENTED_EDGE('',*,*,#1064,.T.);
#1446=ORIENTED_EDGE('',*,*,#1065,.T.);
#1447=ORIENTED_EDGE('',*,*,#1066,.T.);
#1448=ORIENTED_EDGE('',*,*,#1067,.T.);
#1449=ORIENTED_EDGE('',*,*,#1068,.T.);
#1450=ORIENTED_EDGE('',*,*,#1069,.T.);
#1451=ORIENTED_EDGE('',*,*,#1070,.T.);
#1452=ORIENTED_EDGE('',*,*,#1071,.T.);
#1453=ORIENTED_EDGE('',*,*,#1072,.T.);
#1454=ORIENTED_EDGE('',*,*,#1073,.T.);
#1455=ORIENTED_EDGE('',*,*,#1033,.F.);
#1456=ORIENTED_EDGE('',*,*,#1074,.T.);
#1457=ORIENTED_EDGE('',*,*,#992,.T.);
#1458=ORIENTED_EDGE('',*,*,#1074,.F.);
#1459=ORIENTED_EDGE('',*,*,#993,.T.);
#1460=ORIENTED_EDGE('',*,*,#1075,.T.);
#1461=ORIENTED_EDGE('',*,*,#1034,.F.);
#1462=ORIENTED_EDGE('',*,*,#1076,.F.);
#1463=ORIENTED_EDGE('',*,*,#1032,.T.);
#1464=ORIENTED_EDGE('',*,*,#1077,.T.);
#1465=ORIENTED_EDGE('',*,*,#1035,.F.);
#1466=ORIENTED_EDGE('',*,*,#1075,.F.);
#1467=ORIENTED_EDGE('',*,*,#1078,.T.);
#1468=ORIENTED_EDGE('',*,*,#1036,.F.);
#1469=ORIENTED_EDGE('',*,*,#1077,.F.);
#1470=ORIENTED_EDGE('',*,*,#1031,.T.);
#1471=ORIENTED_EDGE('',*,*,#1029,.T.);
#1472=ORIENTED_EDGE('',*,*,#1079,.T.);
#1473=ORIENTED_EDGE('',*,*,#1038,.F.);
#1474=ORIENTED_EDGE('',*,*,#1080,.F.);
#1475=ORIENTED_EDGE('',*,*,#1028,.T.);
#1476=ORIENTED_EDGE('',*,*,#1081,.T.);
#1477=ORIENTED_EDGE('',*,*,#1039,.F.);
#1478=ORIENTED_EDGE('',*,*,#1079,.F.);
#1479=ORIENTED_EDGE('',*,*,#1027,.T.);
#1480=ORIENTED_EDGE('',*,*,#1082,.T.);
#1481=ORIENTED_EDGE('',*,*,#1040,.F.);
#1482=ORIENTED_EDGE('',*,*,#1081,.F.);
#1483=ORIENTED_EDGE('',*,*,#1083,.T.);
#1484=ORIENTED_EDGE('',*,*,#1041,.F.);
#1485=ORIENTED_EDGE('',*,*,#1082,.F.);
#1486=ORIENTED_EDGE('',*,*,#1026,.T.);
#1487=ORIENTED_EDGE('',*,*,#1024,.T.);
#1488=ORIENTED_EDGE('',*,*,#1084,.T.);
#1489=ORIENTED_EDGE('',*,*,#1043,.F.);
#1490=ORIENTED_EDGE('',*,*,#1085,.F.);
#1491=ORIENTED_EDGE('',*,*,#1023,.T.);
#1492=ORIENTED_EDGE('',*,*,#1086,.T.);
#1493=ORIENTED_EDGE('',*,*,#1044,.F.);
#1494=ORIENTED_EDGE('',*,*,#1084,.F.);
#1495=ORIENTED_EDGE('',*,*,#1022,.T.);
#1496=ORIENTED_EDGE('',*,*,#1087,.T.);
#1497=ORIENTED_EDGE('',*,*,#1045,.F.);
#1498=ORIENTED_EDGE('',*,*,#1086,.F.);
#1499=ORIENTED_EDGE('',*,*,#1088,.T.);
#1500=ORIENTED_EDGE('',*,*,#1046,.F.);
#1501=ORIENTED_EDGE('',*,*,#1087,.F.);
#1502=ORIENTED_EDGE('',*,*,#1021,.T.);
#1503=ORIENTED_EDGE('',*,*,#1019,.T.);
#1504=ORIENTED_EDGE('',*,*,#1089,.T.);
#1505=ORIENTED_EDGE('',*,*,#1048,.F.);
#1506=ORIENTED_EDGE('',*,*,#1090,.F.);
#1507=ORIENTED_EDGE('',*,*,#1018,.T.);
#1508=ORIENTED_EDGE('',*,*,#1091,.T.);
#1509=ORIENTED_EDGE('',*,*,#1049,.F.);
#1510=ORIENTED_EDGE('',*,*,#1089,.F.);
#1511=ORIENTED_EDGE('',*,*,#1017,.T.);
#1512=ORIENTED_EDGE('',*,*,#1092,.T.);
#1513=ORIENTED_EDGE('',*,*,#1050,.F.);
#1514=ORIENTED_EDGE('',*,*,#1091,.F.);
#1515=ORIENTED_EDGE('',*,*,#1093,.T.);
#1516=ORIENTED_EDGE('',*,*,#1051,.F.);
#1517=ORIENTED_EDGE('',*,*,#1092,.F.);
#1518=ORIENTED_EDGE('',*,*,#1016,.T.);
#1519=ORIENTED_EDGE('',*,*,#1014,.T.);
#1520=ORIENTED_EDGE('',*,*,#1094,.T.);
#1521=ORIENTED_EDGE('',*,*,#1053,.F.);
#1522=ORIENTED_EDGE('',*,*,#1095,.F.);
#1523=ORIENTED_EDGE('',*,*,#1013,.T.);
#1524=ORIENTED_EDGE('',*,*,#1096,.T.);
#1525=ORIENTED_EDGE('',*,*,#1054,.F.);
#1526=ORIENTED_EDGE('',*,*,#1094,.F.);
#1527=ORIENTED_EDGE('',*,*,#1012,.T.);
#1528=ORIENTED_EDGE('',*,*,#1097,.T.);
#1529=ORIENTED_EDGE('',*,*,#1055,.F.);
#1530=ORIENTED_EDGE('',*,*,#1096,.F.);
#1531=ORIENTED_EDGE('',*,*,#1098,.T.);
#1532=ORIENTED_EDGE('',*,*,#1056,.F.);
#1533=ORIENTED_EDGE('',*,*,#1097,.F.);
#1534=ORIENTED_EDGE('',*,*,#1011,.T.);
#1535=ORIENTED_EDGE('',*,*,#1009,.T.);
#1536=ORIENTED_EDGE('',*,*,#1099,.T.);
#1537=ORIENTED_EDGE('',*,*,#1058,.F.);
#1538=ORIENTED_EDGE('',*,*,#1100,.F.);
#1539=ORIENTED_EDGE('',*,*,#1008,.T.);
#1540=ORIENTED_EDGE('',*,*,#1101,.T.);
#1541=ORIENTED_EDGE('',*,*,#1059,.F.);
#1542=ORIENTED_EDGE('',*,*,#1099,.F.);
#1543=ORIENTED_EDGE('',*,*,#1007,.T.);
#1544=ORIENTED_EDGE('',*,*,#1102,.T.);
#1545=ORIENTED_EDGE('',*,*,#1060,.F.);
#1546=ORIENTED_EDGE('',*,*,#1101,.F.);
#1547=ORIENTED_EDGE('',*,*,#1103,.T.);
#1548=ORIENTED_EDGE('',*,*,#1061,.F.);
#1549=ORIENTED_EDGE('',*,*,#1102,.F.);
#1550=ORIENTED_EDGE('',*,*,#1006,.T.);
#1551=ORIENTED_EDGE('',*,*,#1004,.T.);
#1552=ORIENTED_EDGE('',*,*,#1104,.T.);
#1553=ORIENTED_EDGE('',*,*,#1063,.F.);
#1554=ORIENTED_EDGE('',*,*,#1105,.F.);
#1555=ORIENTED_EDGE('',*,*,#1003,.T.);
#1556=ORIENTED_EDGE('',*,*,#1106,.T.);
#1557=ORIENTED_EDGE('',*,*,#1064,.F.);
#1558=ORIENTED_EDGE('',*,*,#1104,.F.);
#1559=ORIENTED_EDGE('',*,*,#1002,.T.);
#1560=ORIENTED_EDGE('',*,*,#1107,.T.);
#1561=ORIENTED_EDGE('',*,*,#1065,.F.);
#1562=ORIENTED_EDGE('',*,*,#1106,.F.);
#1563=ORIENTED_EDGE('',*,*,#1108,.T.);
#1564=ORIENTED_EDGE('',*,*,#1066,.F.);
#1565=ORIENTED_EDGE('',*,*,#1107,.F.);
#1566=ORIENTED_EDGE('',*,*,#1001,.T.);
#1567=ORIENTED_EDGE('',*,*,#999,.T.);
#1568=ORIENTED_EDGE('',*,*,#1109,.T.);
#1569=ORIENTED_EDGE('',*,*,#1068,.F.);
#1570=ORIENTED_EDGE('',*,*,#1110,.F.);
#1571=ORIENTED_EDGE('',*,*,#998,.T.);
#1572=ORIENTED_EDGE('',*,*,#1111,.T.);
#1573=ORIENTED_EDGE('',*,*,#1069,.F.);
#1574=ORIENTED_EDGE('',*,*,#1109,.F.);
#1575=ORIENTED_EDGE('',*,*,#997,.T.);
#1576=ORIENTED_EDGE('',*,*,#1112,.T.);
#1577=ORIENTED_EDGE('',*,*,#1070,.F.);
#1578=ORIENTED_EDGE('',*,*,#1111,.F.);
#1579=ORIENTED_EDGE('',*,*,#1113,.T.);
#1580=ORIENTED_EDGE('',*,*,#1071,.F.);
#1581=ORIENTED_EDGE('',*,*,#1112,.F.);
#1582=ORIENTED_EDGE('',*,*,#996,.T.);
#1583=ORIENTED_EDGE('',*,*,#994,.T.);
#1584=ORIENTED_EDGE('',*,*,#1076,.T.);
#1585=ORIENTED_EDGE('',*,*,#1073,.F.);
#1586=ORIENTED_EDGE('',*,*,#1114,.F.);
#1587=ORIENTED_EDGE('',*,*,#1078,.F.);
#1588=ORIENTED_EDGE('',*,*,#1030,.T.);
#1589=ORIENTED_EDGE('',*,*,#1080,.T.);
#1590=ORIENTED_EDGE('',*,*,#1037,.F.);
#1591=ORIENTED_EDGE('',*,*,#1113,.F.);
#1592=ORIENTED_EDGE('',*,*,#995,.T.);
#1593=ORIENTED_EDGE('',*,*,#1114,.T.);
#1594=ORIENTED_EDGE('',*,*,#1072,.F.);
#1595=ORIENTED_EDGE('',*,*,#1108,.F.);
#1596=ORIENTED_EDGE('',*,*,#1000,.T.);
#1597=ORIENTED_EDGE('',*,*,#1110,.T.);
#1598=ORIENTED_EDGE('',*,*,#1067,.F.);
#1599=ORIENTED_EDGE('',*,*,#1103,.F.);
#1600=ORIENTED_EDGE('',*,*,#1005,.T.);
#1601=ORIENTED_EDGE('',*,*,#1105,.T.);
#1602=ORIENTED_EDGE('',*,*,#1062,.F.);
#1603=ORIENTED_EDGE('',*,*,#1098,.F.);
#1604=ORIENTED_EDGE('',*,*,#1010,.T.);
#1605=ORIENTED_EDGE('',*,*,#1100,.T.);
#1606=ORIENTED_EDGE('',*,*,#1057,.F.);
#1607=ORIENTED_EDGE('',*,*,#1093,.F.);
#1608=ORIENTED_EDGE('',*,*,#1015,.T.);
#1609=ORIENTED_EDGE('',*,*,#1095,.T.);
#1610=ORIENTED_EDGE('',*,*,#1052,.F.);
#1611=ORIENTED_EDGE('',*,*,#1088,.F.);
#1612=ORIENTED_EDGE('',*,*,#1020,.T.);
#1613=ORIENTED_EDGE('',*,*,#1090,.T.);
#1614=ORIENTED_EDGE('',*,*,#1047,.F.);
#1615=ORIENTED_EDGE('',*,*,#1083,.F.);
#1616=ORIENTED_EDGE('',*,*,#1025,.T.);
#1617=ORIENTED_EDGE('',*,*,#1085,.T.);
#1618=ORIENTED_EDGE('',*,*,#1042,.F.);
#1619=CYLINDRICAL_SURFACE('',#1760,8.6);
#1620=CYLINDRICAL_SURFACE('',#1765,8.6);
#1621=CYLINDRICAL_SURFACE('',#1770,3.75);
#1622=CYLINDRICAL_SURFACE('',#1771,43.5);
#1623=CYLINDRICAL_SURFACE('',#1774,43.5);
#1624=CYLINDRICAL_SURFACE('',#1777,43.5);
#1625=CYLINDRICAL_SURFACE('',#1780,43.5);
#1626=CYLINDRICAL_SURFACE('',#1783,43.5);
#1627=CYLINDRICAL_SURFACE('',#1786,43.5);
#1628=CYLINDRICAL_SURFACE('',#1789,43.5);
#1629=CYLINDRICAL_SURFACE('',#1792,43.5);
#1630=CYLINDRICAL_SURFACE('',#1796,43.5);
#1631=CYLINDRICAL_SURFACE('',#1800,10.1);
#1632=CYLINDRICAL_SURFACE('',#1804,43.5);
#1633=CYLINDRICAL_SURFACE('',#1808,10.1);
#1634=CYLINDRICAL_SURFACE('',#1812,43.5);
#1635=CYLINDRICAL_SURFACE('',#1816,10.1);
#1636=CYLINDRICAL_SURFACE('',#1820,43.5);
#1637=CYLINDRICAL_SURFACE('',#1824,10.1);
#1638=CYLINDRICAL_SURFACE('',#1828,43.5);
#1639=CYLINDRICAL_SURFACE('',#1832,10.1);
#1640=CYLINDRICAL_SURFACE('',#1836,43.5);
#1641=CYLINDRICAL_SURFACE('',#1840,10.1);
#1642=CYLINDRICAL_SURFACE('',#1844,43.5);
#1643=CYLINDRICAL_SURFACE('',#1848,10.1);
#1644=CYLINDRICAL_SURFACE('',#1852,43.5);
#1645=CYLINDRICAL_SURFACE('',#1856,10.1);
#1646=CYLINDRICAL_SURFACE('',#1881,45.);
#1647=CYLINDRICAL_SURFACE('',#1882,43.5);
#1648=CYLINDRICAL_SURFACE('',#1886,43.5);
#1649=CYLINDRICAL_SURFACE('',#1890,43.5);
#1650=CYLINDRICAL_SURFACE('',#1894,43.5);
#1651=CYLINDRICAL_SURFACE('',#1898,43.5);
#1652=CYLINDRICAL_SURFACE('',#1902,43.5);
#1653=CYLINDRICAL_SURFACE('',#1906,43.5);
#1654=CYLINDRICAL_SURFACE('',#1910,43.5);
#1655=ADVANCED_FACE('',(#77),#1619,.F.);
#1656=ADVANCED_FACE('',(#78,#17),#23,.T.);
#1657=ADVANCED_FACE('',(#79),#1620,.F.);
#1658=ADVANCED_FACE('',(#80,#18),#24,.F.);
#1659=ADVANCED_FACE('',(#81),#1621,.F.);
#1660=ADVANCED_FACE('',(#82),#1622,.T.);
#1661=ADVANCED_FACE('',(#83),#1623,.T.);
#1662=ADVANCED_FACE('',(#84),#1624,.T.);
#1663=ADVANCED_FACE('',(#85),#1625,.T.);
#1664=ADVANCED_FACE('',(#86),#1626,.T.);
#1665=ADVANCED_FACE('',(#87),#1627,.T.);
#1666=ADVANCED_FACE('',(#88),#1628,.T.);
#1667=ADVANCED_FACE('',(#89),#1629,.T.);
#1668=ADVANCED_FACE('',(#90),#25,.T.);
#1669=ADVANCED_FACE('',(#91),#1630,.T.);
#1670=ADVANCED_FACE('',(#92),#26,.T.);
#1671=ADVANCED_FACE('',(#93),#1631,.T.);
#1672=ADVANCED_FACE('',(#94),#27,.T.);
#1673=ADVANCED_FACE('',(#95),#1632,.T.);
#1674=ADVANCED_FACE('',(#96),#28,.T.);
#1675=ADVANCED_FACE('',(#97),#1633,.T.);
#1676=ADVANCED_FACE('',(#98),#29,.T.);
#1677=ADVANCED_FACE('',(#99),#1634,.T.);
#1678=ADVANCED_FACE('',(#100),#30,.T.);
#1679=ADVANCED_FACE('',(#101),#1635,.T.);
#1680=ADVANCED_FACE('',(#102),#31,.T.);
#1681=ADVANCED_FACE('',(#103),#1636,.T.);
#1682=ADVANCED_FACE('',(#104),#32,.T.);
#1683=ADVANCED_FACE('',(#105),#1637,.T.);
#1684=ADVANCED_FACE('',(#106),#33,.T.);
#1685=ADVANCED_FACE('',(#107),#1638,.T.);
#1686=ADVANCED_FACE('',(#108),#34,.T.);
#1687=ADVANCED_FACE('',(#109),#1639,.T.);
#1688=ADVANCED_FACE('',(#110),#35,.T.);
#1689=ADVANCED_FACE('',(#111),#1640,.T.);
#1690=ADVANCED_FACE('',(#112),#36,.T.);
#1691=ADVANCED_FACE('',(#113),#1641,.T.);
#1692=ADVANCED_FACE('',(#114),#37,.T.);
#1693=ADVANCED_FACE('',(#115),#1642,.T.);
#1694=ADVANCED_FACE('',(#116),#38,.T.);
#1695=ADVANCED_FACE('',(#117),#1643,.T.);
#1696=ADVANCED_FACE('',(#118),#39,.T.);
#1697=ADVANCED_FACE('',(#119),#1644,.T.);
#1698=ADVANCED_FACE('',(#120),#40,.T.);
#1699=ADVANCED_FACE('',(#121),#1645,.T.);
#1700=ADVANCED_FACE('',(#122,#19),#41,.T.);
#1701=ADVANCED_FACE('',(#123,#20),#42,.F.);
#1702=ADVANCED_FACE('',(#124,#21),#43,.F.);
#1703=ADVANCED_FACE('',(#125,#22),#44,.T.);
#1704=ADVANCED_FACE('',(#126),#1646,.T.);
#1705=ADVANCED_FACE('',(#127),#1647,.F.);
#1706=ADVANCED_FACE('',(#128),#45,.T.);
#1707=ADVANCED_FACE('',(#129),#46,.T.);
#1708=ADVANCED_FACE('',(#130),#47,.T.);
#1709=ADVANCED_FACE('',(#131),#1648,.F.);
#1710=ADVANCED_FACE('',(#132),#48,.T.);
#1711=ADVANCED_FACE('',(#133),#49,.T.);
#1712=ADVANCED_FACE('',(#134),#50,.T.);
#1713=ADVANCED_FACE('',(#135),#1649,.F.);
#1714=ADVANCED_FACE('',(#136),#51,.T.);
#1715=ADVANCED_FACE('',(#137),#52,.T.);
#1716=ADVANCED_FACE('',(#138),#53,.T.);
#1717=ADVANCED_FACE('',(#139),#1650,.F.);
#1718=ADVANCED_FACE('',(#140),#54,.T.);
#1719=ADVANCED_FACE('',(#141),#55,.T.);
#1720=ADVANCED_FACE('',(#142),#56,.T.);
#1721=ADVANCED_FACE('',(#143),#1651,.F.);
#1722=ADVANCED_FACE('',(#144),#57,.T.);
#1723=ADVANCED_FACE('',(#145),#58,.T.);
#1724=ADVANCED_FACE('',(#146),#59,.T.);
#1725=ADVANCED_FACE('',(#147),#1652,.F.);
#1726=ADVANCED_FACE('',(#148),#60,.T.);
#1727=ADVANCED_FACE('',(#149),#61,.T.);
#1728=ADVANCED_FACE('',(#150),#62,.T.);
#1729=ADVANCED_FACE('',(#151),#1653,.F.);
#1730=ADVANCED_FACE('',(#152),#63,.T.);
#1731=ADVANCED_FACE('',(#153),#64,.T.);
#1732=ADVANCED_FACE('',(#154),#65,.T.);
#1733=ADVANCED_FACE('',(#155),#1654,.F.);
#1734=ADVANCED_FACE('',(#156),#66,.T.);
#1735=ADVANCED_FACE('',(#157),#67,.T.);
#1736=ADVANCED_FACE('',(#158),#68,.T.);
#1737=ADVANCED_FACE('',(#159),#69,.T.);
#1738=ADVANCED_FACE('',(#160),#70,.T.);
#1739=ADVANCED_FACE('',(#161),#71,.T.);
#1740=ADVANCED_FACE('',(#162),#72,.T.);
#1741=ADVANCED_FACE('',(#163),#73,.T.);
#1742=ADVANCED_FACE('',(#164),#74,.T.);
#1743=ADVANCED_FACE('',(#165),#75,.T.);
#1744=ADVANCED_FACE('',(#166),#76,.T.);
#1745=CLOSED_SHELL('',(#1655,#1656,#1657,#1658,#1659,#1660,#1661,#1662,
#1663,#1664,#1665,#1666,#1667,#1668,#1669,#1670,#1671,#1672,#1673,#1674,
#1675,#1676,#1677,#1678,#1679,#1680,#1681,#1682,#1683,#1684,#1685,#1686,
#1687,#1688,#1689,#1690,#1691,#1692,#1693,#1694,#1695,#1696,#1697,#1698,
#1699,#1700,#1701));
#1746=CLOSED_SHELL('',(#1702,#1703,#1704,#1705,#1706,#1707,#1708,#1709,
#1710,#1711,#1712,#1713,#1714,#1715,#1716,#1717,#1718,#1719,#1720,#1721,
#1722,#1723,#1724,#1725,#1726,#1727,#1728,#1729,#1730,#1731,#1732,#1733,
#1734,#1735,#1736,#1737,#1738,#1739,#1740,#1741,#1742,#1743,#1744));
#1747=DERIVED_UNIT_ELEMENT(#1749,1.);
#1748=DERIVED_UNIT_ELEMENT(#2944,-3.);
#1749=(
MASS_UNIT()
NAMED_UNIT(*)
SI_UNIT(.KILO.,.GRAM.)
);
#1750=DERIVED_UNIT((#1747,#1748));
#1751=MEASURE_REPRESENTATION_ITEM('density measure',
POSITIVE_RATIO_MEASURE(7850.),#1750);
#1752=PROPERTY_DEFINITION_REPRESENTATION(#1757,#1754);
#1753=PROPERTY_DEFINITION_REPRESENTATION(#1758,#1755);
#1754=REPRESENTATION('material name',(#1756),#2941);
#1755=REPRESENTATION('density',(#1751),#2941);
#1756=DESCRIPTIVE_REPRESENTATION_ITEM('Steel','Steel');
#1757=PROPERTY_DEFINITION('material property','material name',#2951);
#1758=PROPERTY_DEFINITION('material property','density of part',#2951);
#1759=AXIS2_PLACEMENT_3D('',#2428,#1922,#1923);
#1760=AXIS2_PLACEMENT_3D('',#2429,#1924,#1925);
#1761=AXIS2_PLACEMENT_3D('',#2431,#1926,#1927);
#1762=AXIS2_PLACEMENT_3D('',#2434,#1929,#1930);
#1763=AXIS2_PLACEMENT_3D('',#2435,#1931,#1932);
#1764=AXIS2_PLACEMENT_3D('',#2437,#1933,#1934);
#1765=AXIS2_PLACEMENT_3D('',#2438,#1935,#1936);
#1766=AXIS2_PLACEMENT_3D('',#2440,#1937,#1938);
#1767=AXIS2_PLACEMENT_3D('',#2443,#1940,#1941);
#1768=AXIS2_PLACEMENT_3D('',#2444,#1942,#1943);
#1769=AXIS2_PLACEMENT_3D('',#2446,#1944,#1945);
#1770=AXIS2_PLACEMENT_3D('',#2447,#1946,#1947);
#1771=AXIS2_PLACEMENT_3D('',#2449,#1949,#1950);
#1772=AXIS2_PLACEMENT_3D('',#2454,#1952,#1953);
#1773=AXIS2_PLACEMENT_3D('',#2457,#1955,#1956);
#1774=AXIS2_PLACEMENT_3D('',#2458,#1957,#1958);
#1775=AXIS2_PLACEMENT_3D('',#2463,#1960,#1961);
#1776=AXIS2_PLACEMENT_3D('',#2466,#1963,#1964);
#1777=AXIS2_PLACEMENT_3D('',#2467,#1965,#1966);
#1778=AXIS2_PLACEMENT_3D('',#2472,#1968,#1969);
#1779=AXIS2_PLACEMENT_3D('',#2475,#1971,#1972);
#1780=AXIS2_PLACEMENT_3D('',#2476,#1973,#1974);
#1781=AXIS2_PLACEMENT_3D('',#2481,#1976,#1977);
#1782=AXIS2_PLACEMENT_3D('',#2484,#1979,#1980);
#1783=AXIS2_PLACEMENT_3D('',#2485,#1981,#1982);
#1784=AXIS2_PLACEMENT_3D('',#2490,#1984,#1985);
#1785=AXIS2_PLACEMENT_3D('',#2493,#1987,#1988);
#1786=AXIS2_PLACEMENT_3D('',#2494,#1989,#1990);
#1787=AXIS2_PLACEMENT_3D('',#2499,#1992,#1993);
#1788=AXIS2_PLACEMENT_3D('',#2502,#1995,#1996);
#1789=AXIS2_PLACEMENT_3D('',#2503,#1997,#1998);
#1790=AXIS2_PLACEMENT_3D('',#2508,#2000,#2001);
#1791=AXIS2_PLACEMENT_3D('',#2511,#2003,#2004);
#1792=AXIS2_PLACEMENT_3D('',#2512,#2005,#2006);
#1793=AXIS2_PLACEMENT_3D('',#2517,#2008,#2009);
#1794=AXIS2_PLACEMENT_3D('',#2520,#2011,#2012);
#1795=AXIS2_PLACEMENT_3D('',#2521,#2013,#2014);
#1796=AXIS2_PLACEMENT_3D('',#2527,#2018,#2019);
#1797=AXIS2_PLACEMENT_3D('',#2529,#2020,#2021);
#1798=AXIS2_PLACEMENT_3D('',#2532,#2023,#2024);
#1799=AXIS2_PLACEMENT_3D('',#2533,#2025,#2026);
#1800=AXIS2_PLACEMENT_3D('',#2539,#2030,#2031);
#1801=AXIS2_PLACEMENT_3D('',#2541,#2032,#2033);
#1802=AXIS2_PLACEMENT_3D('',#2543,#2034,#2035);
#1803=AXIS2_PLACEMENT_3D('',#2545,#2037,#2038);
#1804=AXIS2_PLACEMENT_3D('',#2548,#2041,#2042);
#1805=AXIS2_PLACEMENT_3D('',#2550,#2043,#2044);
#1806=AXIS2_PLACEMENT_3D('',#2553,#2046,#2047);
#1807=AXIS2_PLACEMENT_3D('',#2554,#2048,#2049);
#1808=AXIS2_PLACEMENT_3D('',#2560,#2053,#2054);
#1809=AXIS2_PLACEMENT_3D('',#2562,#2055,#2056);
#1810=AXIS2_PLACEMENT_3D('',#2564,#2057,#2058);
#1811=AXIS2_PLACEMENT_3D('',#2566,#2060,#2061);
#1812=AXIS2_PLACEMENT_3D('',#2569,#2064,#2065);
#1813=AXIS2_PLACEMENT_3D('',#2571,#2066,#2067);
#1814=AXIS2_PLACEMENT_3D('',#2574,#2069,#2070);
#1815=AXIS2_PLACEMENT_3D('',#2575,#2071,#2072);
#1816=AXIS2_PLACEMENT_3D('',#2581,#2076,#2077);
#1817=AXIS2_PLACEMENT_3D('',#2583,#2078,#2079);
#1818=AXIS2_PLACEMENT_3D('',#2585,#2080,#2081);
#1819=AXIS2_PLACEMENT_3D('',#2587,#2083,#2084);
#1820=AXIS2_PLACEMENT_3D('',#2590,#2087,#2088);
#1821=AXIS2_PLACEMENT_3D('',#2592,#2089,#2090);
#1822=AXIS2_PLACEMENT_3D('',#2595,#2092,#2093);
#1823=AXIS2_PLACEMENT_3D('',#2596,#2094,#2095);
#1824=AXIS2_PLACEMENT_3D('',#2602,#2099,#2100);
#1825=AXIS2_PLACEMENT_3D('',#2604,#2101,#2102);
#1826=AXIS2_PLACEMENT_3D('',#2606,#2103,#2104);
#1827=AXIS2_PLACEMENT_3D('',#2608,#2106,#2107);
#1828=AXIS2_PLACEMENT_3D('',#2611,#2110,#2111);
#1829=AXIS2_PLACEMENT_3D('',#2613,#2112,#2113);
#1830=AXIS2_PLACEMENT_3D('',#2616,#2115,#2116);
#1831=AXIS2_PLACEMENT_3D('',#2617,#2117,#2118);
#1832=AXIS2_PLACEMENT_3D('',#2623,#2122,#2123);
#1833=AXIS2_PLACEMENT_3D('',#2625,#2124,#2125);
#1834=AXIS2_PLACEMENT_3D('',#2627,#2126,#2127);
#1835=AXIS2_PLACEMENT_3D('',#2629,#2129,#2130);
#1836=AXIS2_PLACEMENT_3D('',#2632,#2133,#2134);
#1837=AXIS2_PLACEMENT_3D('',#2634,#2135,#2136);
#1838=AXIS2_PLACEMENT_3D('',#2637,#2138,#2139);
#1839=AXIS2_PLACEMENT_3D('',#2638,#2140,#2141);
#1840=AXIS2_PLACEMENT_3D('',#2644,#2145,#2146);
#1841=AXIS2_PLACEMENT_3D('',#2646,#2147,#2148);
#1842=AXIS2_PLACEMENT_3D('',#2648,#2149,#2150);
#1843=AXIS2_PLACEMENT_3D('',#2650,#2152,#2153);
#1844=AXIS2_PLACEMENT_3D('',#2653,#2156,#2157);
#1845=AXIS2_PLACEMENT_3D('',#2655,#2158,#2159);
#1846=AXIS2_PLACEMENT_3D('',#2658,#2161,#2162);
#1847=AXIS2_PLACEMENT_3D('',#2659,#2163,#2164);
#1848=AXIS2_PLACEMENT_3D('',#2665,#2168,#2169);
#1849=AXIS2_PLACEMENT_3D('',#2667,#2170,#2171);
#1850=AXIS2_PLACEMENT_3D('',#2669,#2172,#2173);
#1851=AXIS2_PLACEMENT_3D('',#2671,#2175,#2176);
#1852=AXIS2_PLACEMENT_3D('',#2674,#2179,#2180);
#1853=AXIS2_PLACEMENT_3D('',#2676,#2181,#2182);
#1854=AXIS2_PLACEMENT_3D('',#2679,#2184,#2185);
#1855=AXIS2_PLACEMENT_3D('',#2680,#2186,#2187);
#1856=AXIS2_PLACEMENT_3D('',#2686,#2191,#2192);
#1857=AXIS2_PLACEMENT_3D('',#2687,#2193,#2194);
#1858=AXIS2_PLACEMENT_3D('',#2688,#2195,#2196);
#1859=AXIS2_PLACEMENT_3D('',#2689,#2197,#2198);
#1860=AXIS2_PLACEMENT_3D('',#2690,#2199,#2200);
#1861=AXIS2_PLACEMENT_3D('',#2691,#2201,#2202);
#1862=AXIS2_PLACEMENT_3D('',#2693,#2203,#2204);
#1863=AXIS2_PLACEMENT_3D('',#2696,#2205,#2206);
#1864=AXIS2_PLACEMENT_3D('',#2706,#2211,#2212);
#1865=AXIS2_PLACEMENT_3D('',#2716,#2217,#2218);
#1866=AXIS2_PLACEMENT_3D('',#2726,#2223,#2224);
#1867=AXIS2_PLACEMENT_3D('',#2736,#2229,#2230);
#1868=AXIS2_PLACEMENT_3D('',#2746,#2235,#2236);
#1869=AXIS2_PLACEMENT_3D('',#2756,#2241,#2242);
#1870=AXIS2_PLACEMENT_3D('',#2766,#2247,#2248);
#1871=AXIS2_PLACEMENT_3D('',#2774,#2253,#2254);
#1872=AXIS2_PLACEMENT_3D('',#2776,#2255,#2256);
#1873=AXIS2_PLACEMENT_3D('',#2779,#2257,#2258);
#1874=AXIS2_PLACEMENT_3D('',#2789,#2263,#2264);
#1875=AXIS2_PLACEMENT_3D('',#2799,#2269,#2270);
#1876=AXIS2_PLACEMENT_3D('',#2809,#2275,#2276);
#1877=AXIS2_PLACEMENT_3D('',#2819,#2281,#2282);
#1878=AXIS2_PLACEMENT_3D('',#2829,#2287,#2288);
#1879=AXIS2_PLACEMENT_3D('',#2839,#2293,#2294);
#1880=AXIS2_PLACEMENT_3D('',#2849,#2299,#2300);
#1881=AXIS2_PLACEMENT_3D('',#2857,#2305,#2306);
#1882=AXIS2_PLACEMENT_3D('',#2859,#2308,#2309);
#1883=AXIS2_PLACEMENT_3D('',#2862,#2312,#2313);
#1884=AXIS2_PLACEMENT_3D('',#2864,#2315,#2316);
#1885=AXIS2_PLACEMENT_3D('',#2866,#2318,#2319);
#1886=AXIS2_PLACEMENT_3D('',#2869,#2322,#2323);
#1887=AXIS2_PLACEMENT_3D('',#2871,#2325,#2326);
#1888=AXIS2_PLACEMENT_3D('',#2873,#2328,#2329);
#1889=AXIS2_PLACEMENT_3D('',#2875,#2331,#2332);
#1890=AXIS2_PLACEMENT_3D('',#2878,#2335,#2336);
#1891=AXIS2_PLACEMENT_3D('',#2880,#2338,#2339);
#1892=AXIS2_PLACEMENT_3D('',#2882,#2341,#2342);
#1893=AXIS2_PLACEMENT_3D('',#2884,#2344,#2345);
#1894=AXIS2_PLACEMENT_3D('',#2887,#2348,#2349);
#1895=AXIS2_PLACEMENT_3D('',#2889,#2351,#2352);
#1896=AXIS2_PLACEMENT_3D('',#2891,#2354,#2355);
#1897=AXIS2_PLACEMENT_3D('',#2893,#2357,#2358);
#1898=AXIS2_PLACEMENT_3D('',#2896,#2361,#2362);
#1899=AXIS2_PLACEMENT_3D('',#2898,#2364,#2365);
#1900=AXIS2_PLACEMENT_3D('',#2900,#2367,#2368);
#1901=AXIS2_PLACEMENT_3D('',#2902,#2370,#2371);
#1902=AXIS2_PLACEMENT_3D('',#2905,#2374,#2375);
#1903=AXIS2_PLACEMENT_3D('',#2907,#2377,#2378);
#1904=AXIS2_PLACEMENT_3D('',#2909,#2380,#2381);
#1905=AXIS2_PLACEMENT_3D('',#2911,#2383,#2384);
#1906=AXIS2_PLACEMENT_3D('',#2914,#2387,#2388);
#1907=AXIS2_PLACEMENT_3D('',#2916,#2390,#2391);
#1908=AXIS2_PLACEMENT_3D('',#2918,#2393,#2394);
#1909=AXIS2_PLACEMENT_3D('',#2920,#2396,#2397);
#1910=AXIS2_PLACEMENT_3D('',#2923,#2400,#2401);
#1911=AXIS2_PLACEMENT_3D('',#2925,#2403,#2404);
#1912=AXIS2_PLACEMENT_3D('',#2927,#2406,#2407);
#1913=AXIS2_PLACEMENT_3D('',#2929,#2409,#2410);
#1914=AXIS2_PLACEMENT_3D('',#2931,#2412,#2413);
#1915=AXIS2_PLACEMENT_3D('',#2932,#2414,#2415);
#1916=AXIS2_PLACEMENT_3D('',#2933,#2416,#2417);
#1917=AXIS2_PLACEMENT_3D('',#2934,#2418,#2419);
#1918=AXIS2_PLACEMENT_3D('',#2935,#2420,#2421);
#1919=AXIS2_PLACEMENT_3D('',#2936,#2422,#2423);
#1920=AXIS2_PLACEMENT_3D('',#2937,#2424,#2425);
#1921=AXIS2_PLACEMENT_3D('',#2938,#2426,#2427);
#1922=DIRECTION('axis',(0.,0.,1.));
#1923=DIRECTION('refdir',(1.,0.,0.));
#1924=DIRECTION('center_axis',(0.,0.,-1.));
#1925=DIRECTION('ref_axis',(-1.,0.,0.));
#1926=DIRECTION('center_axis',(0.,0.,-1.));
#1927=DIRECTION('ref_axis',(-1.,0.,0.));
#1928=DIRECTION('',(0.,0.,-1.));
#1929=DIRECTION('center_axis',(0.,0.,-1.));
#1930=DIRECTION('ref_axis',(-1.,0.,0.));
#1931=DIRECTION('center_axis',(0.,0.,1.));
#1932=DIRECTION('ref_axis',(-1.,0.,0.));
#1933=DIRECTION('center_axis',(0.,0.,1.));
#1934=DIRECTION('ref_axis',(1.,0.,0.));
#1935=DIRECTION('center_axis',(0.,0.,1.));
#1936=DIRECTION('ref_axis',(1.,0.,0.));
#1937=DIRECTION('center_axis',(0.,0.,1.));
#1938=DIRECTION('ref_axis',(1.,0.,0.));
#1939=DIRECTION('',(0.,0.,1.));
#1940=DIRECTION('center_axis',(0.,0.,1.));
#1941=DIRECTION('ref_axis',(1.,0.,0.));
#1942=DIRECTION('center_axis',(0.,0.,1.));
#1943=DIRECTION('ref_axis',(1.,0.,0.));
#1944=DIRECTION('center_axis',(0.,0.,-1.));
#1945=DIRECTION('ref_axis',(1.,0.,0.));
#1946=DIRECTION('center_axis',(0.,0.,1.));
#1947=DIRECTION('ref_axis',(1.,0.,0.));
#1948=DIRECTION('',(0.,0.,1.));
#1949=DIRECTION('center_axis',(0.,0.,1.));
#1950=DIRECTION('ref_axis',(1.,0.,0.));
#1951=DIRECTION('',(0.,0.,1.));
#1952=DIRECTION('center_axis',(0.,0.,1.));
#1953=DIRECTION('ref_axis',(1.,0.,0.));
#1954=DIRECTION('',(0.,0.,1.));
#1955=DIRECTION('center_axis',(0.,0.,1.));
#1956=DIRECTION('ref_axis',(1.,0.,0.));
#1957=DIRECTION('center_axis',(0.,0.,1.));
#1958=DIRECTION('ref_axis',(1.,0.,0.));
#1959=DIRECTION('',(0.,0.,1.));
#1960=DIRECTION('center_axis',(0.,0.,1.));
#1961=DIRECTION('ref_axis',(1.,0.,0.));
#1962=DIRECTION('',(0.,0.,1.));
#1963=DIRECTION('center_axis',(0.,0.,1.));
#1964=DIRECTION('ref_axis',(1.,0.,0.));
#1965=DIRECTION('center_axis',(0.,0.,1.));
#1966=DIRECTION('ref_axis',(1.,0.,0.));
#1967=DIRECTION('',(0.,0.,1.));
#1968=DIRECTION('center_axis',(0.,0.,1.));
#1969=DIRECTION('ref_axis',(1.,0.,0.));
#1970=DIRECTION('',(0.,0.,1.));
#1971=DIRECTION('center_axis',(0.,0.,1.));
#1972=DIRECTION('ref_axis',(1.,0.,0.));
#1973=DIRECTION('center_axis',(0.,0.,1.));
#1974=DIRECTION('ref_axis',(1.,0.,0.));
#1975=DIRECTION('',(0.,0.,1.));
#1976=DIRECTION('center_axis',(0.,0.,1.));
#1977=DIRECTION('ref_axis',(1.,0.,0.));
#1978=DIRECTION('',(0.,0.,1.));
#1979=DIRECTION('center_axis',(0.,0.,1.));
#1980=DIRECTION('ref_axis',(1.,0.,0.));
#1981=DIRECTION('center_axis',(0.,0.,1.));
#1982=DIRECTION('ref_axis',(1.,0.,0.));
#1983=DIRECTION('',(0.,0.,1.));
#1984=DIRECTION('center_axis',(0.,0.,1.));
#1985=DIRECTION('ref_axis',(1.,0.,0.));
#1986=DIRECTION('',(0.,0.,1.));
#1987=DIRECTION('center_axis',(0.,0.,1.));
#1988=DIRECTION('ref_axis',(1.,0.,0.));
#1989=DIRECTION('center_axis',(0.,0.,1.));
#1990=DIRECTION('ref_axis',(1.,0.,0.));
#1991=DIRECTION('',(0.,0.,1.));
#1992=DIRECTION('center_axis',(0.,0.,1.));
#1993=DIRECTION('ref_axis',(1.,0.,0.));
#1994=DIRECTION('',(0.,0.,1.));
#1995=DIRECTION('center_axis',(0.,0.,1.));
#1996=DIRECTION('ref_axis',(1.,0.,0.));
#1997=DIRECTION('center_axis',(0.,0.,1.));
#1998=DIRECTION('ref_axis',(1.,0.,0.));
#1999=DIRECTION('',(0.,0.,1.));
#2000=DIRECTION('center_axis',(0.,0.,1.));
#2001=DIRECTION('ref_axis',(1.,0.,0.));
#2002=DIRECTION('',(0.,0.,1.));
#2003=DIRECTION('center_axis',(0.,0.,1.));
#2004=DIRECTION('ref_axis',(1.,0.,0.));
#2005=DIRECTION('center_axis',(0.,0.,1.));
#2006=DIRECTION('ref_axis',(1.,0.,0.));
#2007=DIRECTION('',(0.,0.,1.));
#2008=DIRECTION('center_axis',(0.,0.,1.));
#2009=DIRECTION('ref_axis',(1.,0.,0.));
#2010=DIRECTION('',(0.,0.,1.));
#2011=DIRECTION('center_axis',(0.,0.,1.));
#2012=DIRECTION('ref_axis',(1.,0.,0.));
#2013=DIRECTION('center_axis',(0.707106781186549,0.707106781186546,0.));
#2014=DIRECTION('ref_axis',(-0.707106781186546,0.707106781186549,0.));
#2015=DIRECTION('',(0.707106781186546,-0.707106781186549,0.));
#2016=DIRECTION('',(0.,0.,1.));
#2017=DIRECTION('',(-0.707106781186546,0.707106781186549,0.));
#2018=DIRECTION('center_axis',(0.,0.,1.));
#2019=DIRECTION('ref_axis',(1.,0.,0.));
#2020=DIRECTION('center_axis',(0.,0.,1.));
#2021=DIRECTION('ref_axis',(1.,0.,0.));
#2022=DIRECTION('',(0.,0.,1.));
#2023=DIRECTION('center_axis',(0.,0.,1.));
#2024=DIRECTION('ref_axis',(1.,0.,0.));
#2025=DIRECTION('center_axis',(-0.707106781186549,-0.707106781186546,0.));
#2026=DIRECTION('ref_axis',(0.707106781186546,-0.707106781186549,0.));
#2027=DIRECTION('',(0.707106781186546,-0.707106781186549,0.));
#2028=DIRECTION('',(0.707106781186546,-0.707106781186549,0.));
#2029=DIRECTION('',(0.,0.,1.));
#2030=DIRECTION('center_axis',(0.,0.,1.));
#2031=DIRECTION('ref_axis',(1.,0.,0.));
#2032=DIRECTION('center_axis',(0.,0.,1.));
#2033=DIRECTION('ref_axis',(1.,0.,0.));
#2034=DIRECTION('center_axis',(0.,0.,1.));
#2035=DIRECTION('ref_axis',(1.,0.,0.));
#2036=DIRECTION('',(0.,0.,1.));
#2037=DIRECTION('center_axis',(1.,-2.00935515162397E-15,0.));
#2038=DIRECTION('ref_axis',(2.00935515162397E-15,1.,0.));
#2039=DIRECTION('',(-2.00935515162397E-15,-1.,0.));
#2040=DIRECTION('',(2.00935515162397E-15,1.,0.));
#2041=DIRECTION('center_axis',(0.,0.,1.));
#2042=DIRECTION('ref_axis',(1.,0.,0.));
#2043=DIRECTION('center_axis',(0.,0.,1.));
#2044=DIRECTION('ref_axis',(1.,0.,0.));
#2045=DIRECTION('',(0.,0.,1.));
#2046=DIRECTION('center_axis',(0.,0.,1.));
#2047=DIRECTION('ref_axis',(1.,0.,0.));
#2048=DIRECTION('center_axis',(-1.,1.90556614585827E-15,0.));
#2049=DIRECTION('ref_axis',(-1.90556614585827E-15,-1.,0.));
#2050=DIRECTION('',(-1.90556614585827E-15,-1.,0.));
#2051=DIRECTION('',(-1.90556614585827E-15,-1.,0.));
#2052=DIRECTION('',(0.,0.,1.));
#2053=DIRECTION('center_axis',(0.,0.,1.));
#2054=DIRECTION('ref_axis',(1.,0.,0.));
#2055=DIRECTION('center_axis',(0.,0.,1.));
#2056=DIRECTION('ref_axis',(1.,0.,0.));
#2057=DIRECTION('center_axis',(0.,0.,1.));
#2058=DIRECTION('ref_axis',(1.,0.,0.));
#2059=DIRECTION('',(0.,0.,1.));
#2060=DIRECTION('center_axis',(0.707106781186546,-0.707106781186549,0.));
#2061=DIRECTION('ref_axis',(0.707106781186549,0.707106781186546,0.));
#2062=DIRECTION('',(-0.707106781186549,-0.707106781186546,0.));
#2063=DIRECTION('',(0.707106781186549,0.707106781186546,0.));
#2064=DIRECTION('center_axis',(0.,0.,1.));
#2065=DIRECTION('ref_axis',(1.,0.,0.));
#2066=DIRECTION('center_axis',(0.,0.,1.));
#2067=DIRECTION('ref_axis',(1.,0.,0.));
#2068=DIRECTION('',(0.,0.,1.));
#2069=DIRECTION('center_axis',(0.,0.,1.));
#2070=DIRECTION('ref_axis',(1.,0.,0.));
#2071=DIRECTION('center_axis',(-0.707106781186546,0.707106781186549,0.));
#2072=DIRECTION('ref_axis',(-0.707106781186549,-0.707106781186546,0.));
#2073=DIRECTION('',(-0.707106781186549,-0.707106781186546,0.));
#2074=DIRECTION('',(-0.707106781186549,-0.707106781186546,0.));
#2075=DIRECTION('',(0.,0.,1.));
#2076=DIRECTION('center_axis',(0.,0.,1.));
#2077=DIRECTION('ref_axis',(1.,0.,0.));
#2078=DIRECTION('center_axis',(0.,0.,1.));
#2079=DIRECTION('ref_axis',(1.,0.,0.));
#2080=DIRECTION('center_axis',(0.,0.,1.));
#2081=DIRECTION('ref_axis',(1.,0.,0.));
#2082=DIRECTION('',(0.,0.,1.));
#2083=DIRECTION('center_axis',(-2.2501456450004E-15,-1.,0.));
#2084=DIRECTION('ref_axis',(1.,-2.2501456450004E-15,0.));
#2085=DIRECTION('',(-1.,2.2501456450004E-15,0.));
#2086=DIRECTION('',(1.,-2.2501456450004E-15,0.));
#2087=DIRECTION('center_axis',(0.,0.,1.));
#2088=DIRECTION('ref_axis',(1.,0.,0.));
#2089=DIRECTION('center_axis',(0.,0.,1.));
#2090=DIRECTION('ref_axis',(1.,0.,0.));
#2091=DIRECTION('',(0.,0.,1.));
#2092=DIRECTION('center_axis',(0.,0.,1.));
#2093=DIRECTION('ref_axis',(1.,0.,0.));
#2094=DIRECTION('center_axis',(2.1463566392347E-15,1.,0.));
#2095=DIRECTION('ref_axis',(-1.,2.1463566392347E-15,0.));
#2096=DIRECTION('',(-1.,2.1463566392347E-15,0.));
#2097=DIRECTION('',(-1.,2.1463566392347E-15,0.));
#2098=DIRECTION('',(0.,0.,1.));
#2099=DIRECTION('center_axis',(0.,0.,1.));
#2100=DIRECTION('ref_axis',(1.,0.,0.));
#2101=DIRECTION('center_axis',(0.,0.,1.));
#2102=DIRECTION('ref_axis',(1.,0.,0.));
#2103=DIRECTION('center_axis',(0.,0.,1.));
#2104=DIRECTION('ref_axis',(1.,0.,0.));
#2105=DIRECTION('',(0.,0.,1.));
#2106=DIRECTION('center_axis',(-0.707106781186549,-0.707106781186546,0.));
#2107=DIRECTION('ref_axis',(0.707106781186546,-0.707106781186549,0.));
#2108=DIRECTION('',(-0.707106781186546,0.707106781186549,0.));
#2109=DIRECTION('',(0.707106781186546,-0.707106781186549,0.));
#2110=DIRECTION('center_axis',(0.,0.,1.));
#2111=DIRECTION('ref_axis',(1.,0.,0.));
#2112=DIRECTION('center_axis',(0.,0.,1.));
#2113=DIRECTION('ref_axis',(1.,0.,0.));
#2114=DIRECTION('',(0.,0.,1.));
#2115=DIRECTION('center_axis',(0.,0.,1.));
#2116=DIRECTION('ref_axis',(1.,0.,0.));
#2117=DIRECTION('center_axis',(0.707106781186549,0.707106781186546,0.));
#2118=DIRECTION('ref_axis',(-0.707106781186546,0.707106781186549,0.));
#2119=DIRECTION('',(-0.707106781186546,0.707106781186549,0.));
#2120=DIRECTION('',(-0.707106781186546,0.707106781186549,0.));
#2121=DIRECTION('',(0.,0.,1.));
#2122=DIRECTION('center_axis',(0.,0.,1.));
#2123=DIRECTION('ref_axis',(1.,0.,0.));
#2124=DIRECTION('center_axis',(0.,0.,1.));
#2125=DIRECTION('ref_axis',(1.,0.,0.));
#2126=DIRECTION('center_axis',(0.,0.,1.));
#2127=DIRECTION('ref_axis',(1.,0.,0.));
#2128=DIRECTION('',(0.,0.,1.));
#2129=DIRECTION('center_axis',(-1.,2.12975039831218E-15,0.));
#2130=DIRECTION('ref_axis',(-2.12975039831218E-15,-1.,0.));
#2131=DIRECTION('',(2.12975039831218E-15,1.,0.));
#2132=DIRECTION('',(-2.12975039831218E-15,-1.,0.));
#2133=DIRECTION('center_axis',(0.,0.,1.));
#2134=DIRECTION('ref_axis',(1.,0.,0.));
#2135=DIRECTION('center_axis',(0.,0.,1.));
#2136=DIRECTION('ref_axis',(1.,0.,0.));
#2137=DIRECTION('',(0.,0.,1.));
#2138=DIRECTION('center_axis',(0.,0.,1.));
#2139=DIRECTION('ref_axis',(1.,0.,0.));
#2140=DIRECTION('center_axis',(1.,-2.03426451300774E-15,0.));
#2141=DIRECTION('ref_axis',(2.03426451300774E-15,1.,0.));
#2142=DIRECTION('',(2.03426451300774E-15,1.,0.));
#2143=DIRECTION('',(2.03426451300774E-15,1.,0.));
#2144=DIRECTION('',(0.,0.,1.));
#2145=DIRECTION('center_axis',(0.,0.,1.));
#2146=DIRECTION('ref_axis',(1.,0.,0.));
#2147=DIRECTION('center_axis',(0.,0.,1.));
#2148=DIRECTION('ref_axis',(1.,0.,0.));
#2149=DIRECTION('center_axis',(0.,0.,1.));
#2150=DIRECTION('ref_axis',(1.,0.,0.));
#2151=DIRECTION('',(0.,0.,1.));
#2152=DIRECTION('center_axis',(-0.707106781186546,0.707106781186549,0.));
#2153=DIRECTION('ref_axis',(-0.707106781186549,-0.707106781186546,0.));
#2154=DIRECTION('',(0.707106781186549,0.707106781186546,0.));
#2155=DIRECTION('',(-0.707106781186549,-0.707106781186546,0.));
#2156=DIRECTION('center_axis',(0.,0.,1.));
#2157=DIRECTION('ref_axis',(1.,0.,0.));
#2158=DIRECTION('center_axis',(0.,0.,1.));
#2159=DIRECTION('ref_axis',(1.,0.,0.));
#2160=DIRECTION('',(0.,0.,1.));
#2161=DIRECTION('center_axis',(0.,0.,1.));
#2162=DIRECTION('ref_axis',(1.,0.,0.));
#2163=DIRECTION('center_axis',(0.707106781186546,-0.707106781186549,0.));
#2164=DIRECTION('ref_axis',(0.707106781186549,0.707106781186546,0.));
#2165=DIRECTION('',(0.707106781186549,0.707106781186546,0.));
#2166=DIRECTION('',(0.707106781186549,0.707106781186546,0.));
#2167=DIRECTION('',(0.,0.,1.));
#2168=DIRECTION('center_axis',(0.,0.,1.));
#2169=DIRECTION('ref_axis',(1.,0.,0.));
#2170=DIRECTION('center_axis',(0.,0.,1.));
#2171=DIRECTION('ref_axis',(1.,0.,0.));
#2172=DIRECTION('center_axis',(0.,0.,1.));
#2173=DIRECTION('ref_axis',(1.,0.,0.));
#2174=DIRECTION('',(0.,0.,1.));
#2175=DIRECTION('center_axis',(1.69798813432687E-15,1.,0.));
#2176=DIRECTION('ref_axis',(-1.,1.69798813432687E-15,0.));
#2177=DIRECTION('',(1.,-1.69798813432687E-15,0.));
#2178=DIRECTION('',(-1.,1.69798813432687E-15,0.));
#2179=DIRECTION('center_axis',(0.,0.,1.));
#2180=DIRECTION('ref_axis',(1.,0.,0.));
#2181=DIRECTION('center_axis',(0.,0.,1.));
#2182=DIRECTION('ref_axis',(1.,0.,0.));
#2183=DIRECTION('',(0.,0.,1.));
#2184=DIRECTION('center_axis',(0.,0.,1.));
#2185=DIRECTION('ref_axis',(1.,0.,0.));
#2186=DIRECTION('center_axis',(-1.60250224902242E-15,-1.,0.));
#2187=DIRECTION('ref_axis',(1.,-1.60250224902242E-15,0.));
#2188=DIRECTION('',(1.,-1.60250224902242E-15,0.));
#2189=DIRECTION('',(1.,-1.60250224902242E-15,0.));
#2190=DIRECTION('',(0.,0.,1.));
#2191=DIRECTION('center_axis',(0.,0.,1.));
#2192=DIRECTION('ref_axis',(1.,0.,0.));
#2193=DIRECTION('center_axis',(0.,0.,1.));
#2194=DIRECTION('ref_axis',(1.,0.,0.));
#2195=DIRECTION('center_axis',(0.,0.,1.));
#2196=DIRECTION('ref_axis',(1.,0.,0.));
#2197=DIRECTION('center_axis',(0.,0.,1.));
#2198=DIRECTION('ref_axis',(1.,0.,0.));
#2199=DIRECTION('center_axis',(0.,0.,1.));
#2200=DIRECTION('ref_axis',(1.,0.,0.));
#2201=DIRECTION('center_axis',(0.,0.,1.));
#2202=DIRECTION('ref_axis',(1.,0.,0.));
#2203=DIRECTION('center_axis',(0.,0.,1.));
#2204=DIRECTION('ref_axis',(1.,0.,0.));
#2205=DIRECTION('center_axis',(0.,0.,-1.));
#2206=DIRECTION('ref_axis',(1.,0.,0.));
#2207=DIRECTION('',(-0.707106781186549,-0.707106781186546,0.));
#2208=DIRECTION('',(0.707106781186548,-0.707106781186548,0.));
#2209=DIRECTION('',(0.707106781186548,-0.707106781186548,0.));
#2210=DIRECTION('',(0.707106781186549,0.707106781186546,0.));
#2211=DIRECTION('center_axis',(0.,0.,-1.));
#2212=DIRECTION('ref_axis',(1.,0.,0.));
#2213=DIRECTION('',(-2.03426451300774E-15,-1.,0.));
#2214=DIRECTION('',(1.,0.,0.));
#2215=DIRECTION('',(1.,0.,0.));
#2216=DIRECTION('',(2.12975039831218E-15,1.,0.));
#2217=DIRECTION('center_axis',(0.,0.,-1.));
#2218=DIRECTION('ref_axis',(1.,0.,0.));
#2219=DIRECTION('',(0.707106781186546,-0.707106781186549,0.));
#2220=DIRECTION('',(0.707106781186548,0.707106781186548,0.));
#2221=DIRECTION('',(0.707106781186548,0.707106781186548,0.));
#2222=DIRECTION('',(-0.707106781186546,0.707106781186549,0.));
#2223=DIRECTION('center_axis',(0.,0.,-1.));
#2224=DIRECTION('ref_axis',(1.,0.,0.));
#2225=DIRECTION('',(1.,-2.1463566392347E-15,0.));
#2226=DIRECTION('',(0.,1.,0.));
#2227=DIRECTION('',(0.,1.,0.));
#2228=DIRECTION('',(-1.,2.2501456450004E-15,0.));
#2229=DIRECTION('center_axis',(0.,0.,-1.));
#2230=DIRECTION('ref_axis',(1.,0.,0.));
#2231=DIRECTION('',(0.707106781186549,0.707106781186546,0.));
#2232=DIRECTION('',(-0.707106781186548,0.707106781186548,0.));
#2233=DIRECTION('',(-0.707106781186548,0.707106781186548,0.));
#2234=DIRECTION('',(-0.707106781186549,-0.707106781186546,0.));
#2235=DIRECTION('center_axis',(0.,0.,-1.));
#2236=DIRECTION('ref_axis',(1.,0.,0.));
#2237=DIRECTION('',(1.90556614585827E-15,1.,0.));
#2238=DIRECTION('',(-1.,0.,0.));
#2239=DIRECTION('',(-1.,0.,0.));
#2240=DIRECTION('',(-2.00935515162397E-15,-1.,0.));
#2241=DIRECTION('center_axis',(0.,0.,-1.));
#2242=DIRECTION('ref_axis',(1.,0.,0.));
#2243=DIRECTION('',(-0.707106781186546,0.707106781186549,0.));
#2244=DIRECTION('',(-0.707106781186548,-0.707106781186548,0.));
#2245=DIRECTION('',(-0.707106781186548,-0.707106781186548,0.));
#2246=DIRECTION('',(0.707106781186546,-0.707106781186549,0.));
#2247=DIRECTION('center_axis',(0.,0.,-1.));
#2248=DIRECTION('ref_axis',(1.,0.,0.));
#2249=DIRECTION('',(-1.,1.60250224902242E-15,0.));
#2250=DIRECTION('',(0.,-1.,0.));
#2251=DIRECTION('',(0.,-1.,0.));
#2252=DIRECTION('',(1.,-1.69798813432687E-15,0.));
#2253=DIRECTION('center_axis',(0.,0.,1.));
#2254=DIRECTION('ref_axis',(1.,0.,0.));
#2255=DIRECTION('center_axis',(0.,0.,1.));
#2256=DIRECTION('ref_axis',(1.,0.,0.));
#2257=DIRECTION('center_axis',(0.,0.,-1.));
#2258=DIRECTION('ref_axis',(1.,0.,0.));
#2259=DIRECTION('',(1.,-1.69798813432687E-15,0.));
#2260=DIRECTION('',(0.,-1.,0.));
#2261=DIRECTION('',(0.,-1.,0.));
#2262=DIRECTION('',(-1.,1.60250224902242E-15,0.));
#2263=DIRECTION('center_axis',(0.,0.,-1.));
#2264=DIRECTION('ref_axis',(1.,0.,0.));
#2265=DIRECTION('',(0.707106781186546,-0.707106781186549,0.));
#2266=DIRECTION('',(-0.707106781186548,-0.707106781186548,0.));
#2267=DIRECTION('',(-0.707106781186548,-0.707106781186548,0.));
#2268=DIRECTION('',(-0.707106781186546,0.707106781186549,0.));
#2269=DIRECTION('center_axis',(0.,0.,-1.));
#2270=DIRECTION('ref_axis',(1.,0.,0.));
#2271=DIRECTION('',(-2.00935515162397E-15,-1.,0.));
#2272=DIRECTION('',(-1.,0.,0.));
#2273=DIRECTION('',(-1.,0.,0.));
#2274=DIRECTION('',(1.90556614585827E-15,1.,0.));
#2275=DIRECTION('center_axis',(0.,0.,-1.));
#2276=DIRECTION('ref_axis',(1.,0.,0.));
#2277=DIRECTION('',(-0.707106781186549,-0.707106781186546,0.));
#2278=DIRECTION('',(-0.707106781186548,0.707106781186548,0.));
#2279=DIRECTION('',(-0.707106781186548,0.707106781186548,0.));
#2280=DIRECTION('',(0.707106781186549,0.707106781186546,0.));
#2281=DIRECTION('center_axis',(0.,0.,-1.));
#2282=DIRECTION('ref_axis',(1.,0.,0.));
#2283=DIRECTION('',(-1.,2.2501456450004E-15,0.));
#2284=DIRECTION('',(0.,1.,0.));
#2285=DIRECTION('',(0.,1.,0.));
#2286=DIRECTION('',(1.,-2.1463566392347E-15,0.));
#2287=DIRECTION('center_axis',(0.,0.,-1.));
#2288=DIRECTION('ref_axis',(1.,0.,0.));
#2289=DIRECTION('',(-0.707106781186546,0.707106781186549,0.));
#2290=DIRECTION('',(0.707106781186548,0.707106781186548,0.));
#2291=DIRECTION('',(0.707106781186548,0.707106781186548,0.));
#2292=DIRECTION('',(0.707106781186546,-0.707106781186549,0.));
#2293=DIRECTION('center_axis',(0.,0.,-1.));
#2294=DIRECTION('ref_axis',(1.,0.,0.));
#2295=DIRECTION('',(2.12975039831218E-15,1.,0.));
#2296=DIRECTION('',(1.,0.,0.));
#2297=DIRECTION('',(1.,0.,0.));
#2298=DIRECTION('',(-2.03426451300774E-15,-1.,0.));
#2299=DIRECTION('center_axis',(0.,0.,-1.));
#2300=DIRECTION('ref_axis',(1.,0.,0.));
#2301=DIRECTION('',(0.707106781186549,0.707106781186546,0.));
#2302=DIRECTION('',(0.707106781186548,-0.707106781186548,0.));
#2303=DIRECTION('',(0.707106781186548,-0.707106781186548,0.));
#2304=DIRECTION('',(-0.707106781186549,-0.707106781186546,0.));
#2305=DIRECTION('center_axis',(0.,0.,1.));
#2306=DIRECTION('ref_axis',(1.,0.,0.));
#2307=DIRECTION('',(0.,0.,-1.));
#2308=DIRECTION('center_axis',(0.,0.,1.));
#2309=DIRECTION('ref_axis',(1.,0.,0.));
#2310=DIRECTION('',(0.,0.,1.));
#2311=DIRECTION('',(0.,0.,1.));
#2312=DIRECTION('center_axis',(-1.69798813432687E-15,-1.,0.));
#2313=DIRECTION('ref_axis',(1.,-1.69798813432687E-15,0.));
#2314=DIRECTION('',(0.,0.,1.));
#2315=DIRECTION('center_axis',(-1.,0.,0.));
#2316=DIRECTION('ref_axis',(0.,-1.,0.));
#2317=DIRECTION('',(0.,0.,1.));
#2318=DIRECTION('center_axis',(1.60250224902242E-15,1.,0.));
#2319=DIRECTION('ref_axis',(-1.,1.60250224902242E-15,0.));
#2320=DIRECTION('',(0.,0.,1.));
#2321=DIRECTION('',(0.,0.,1.));
#2322=DIRECTION('center_axis',(0.,0.,1.));
#2323=DIRECTION('ref_axis',(1.,0.,0.));
#2324=DIRECTION('',(0.,0.,1.));
#2325=DIRECTION('center_axis',(-0.707106781186549,-0.707106781186546,0.));
#2326=DIRECTION('ref_axis',(0.707106781186546,-0.707106781186549,0.));
#2327=DIRECTION('',(0.,0.,1.));
#2328=DIRECTION('center_axis',(-0.707106781186548,0.707106781186548,0.));
#2329=DIRECTION('ref_axis',(-0.707106781186548,-0.707106781186548,0.));
#2330=DIRECTION('',(0.,0.,1.));
#2331=DIRECTION('center_axis',(0.707106781186549,0.707106781186546,0.));
#2332=DIRECTION('ref_axis',(-0.707106781186546,0.707106781186549,0.));
#2333=DIRECTION('',(0.,0.,1.));
#2334=DIRECTION('',(0.,0.,1.));
#2335=DIRECTION('center_axis',(0.,0.,1.));
#2336=DIRECTION('ref_axis',(1.,0.,0.));
#2337=DIRECTION('',(0.,0.,1.));
#2338=DIRECTION('center_axis',(-1.,2.00935515162397E-15,0.));
#2339=DIRECTION('ref_axis',(-2.00935515162397E-15,-1.,0.));
#2340=DIRECTION('',(0.,0.,1.));
#2341=DIRECTION('center_axis',(0.,1.,0.));
#2342=DIRECTION('ref_axis',(-1.,0.,0.));
#2343=DIRECTION('',(0.,0.,1.));
#2344=DIRECTION('center_axis',(1.,-1.90556614585827E-15,0.));
#2345=DIRECTION('ref_axis',(1.90556614585827E-15,1.,0.));
#2346=DIRECTION('',(0.,0.,1.));
#2347=DIRECTION('',(0.,0.,1.));
#2348=DIRECTION('center_axis',(0.,0.,1.));
#2349=DIRECTION('ref_axis',(1.,0.,0.));
#2350=DIRECTION('',(0.,0.,1.));
#2351=DIRECTION('center_axis',(-0.707106781186546,0.707106781186549,0.));
#2352=DIRECTION('ref_axis',(-0.707106781186549,-0.707106781186546,0.));
#2353=DIRECTION('',(0.,0.,1.));
#2354=DIRECTION('center_axis',(0.707106781186548,0.707106781186548,0.));
#2355=DIRECTION('ref_axis',(-0.707106781186548,0.707106781186548,0.));
#2356=DIRECTION('',(0.,0.,1.));
#2357=DIRECTION('center_axis',(0.707106781186546,-0.707106781186549,0.));
#2358=DIRECTION('ref_axis',(0.707106781186549,0.707106781186546,0.));
#2359=DIRECTION('',(0.,0.,1.));
#2360=DIRECTION('',(0.,0.,1.));
#2361=DIRECTION('center_axis',(0.,0.,1.));
#2362=DIRECTION('ref_axis',(1.,0.,0.));
#2363=DIRECTION('',(0.,0.,1.));
#2364=DIRECTION('center_axis',(2.2501456450004E-15,1.,0.));
#2365=DIRECTION('ref_axis',(-1.,2.2501456450004E-15,0.));
#2366=DIRECTION('',(0.,0.,1.));
#2367=DIRECTION('center_axis',(1.,0.,0.));
#2368=DIRECTION('ref_axis',(0.,1.,0.));
#2369=DIRECTION('',(0.,0.,1.));
#2370=DIRECTION('center_axis',(-2.1463566392347E-15,-1.,0.));
#2371=DIRECTION('ref_axis',(1.,-2.1463566392347E-15,0.));
#2372=DIRECTION('',(0.,0.,1.));
#2373=DIRECTION('',(0.,0.,1.));
#2374=DIRECTION('center_axis',(0.,0.,1.));
#2375=DIRECTION('ref_axis',(1.,0.,0.));
#2376=DIRECTION('',(0.,0.,1.));
#2377=DIRECTION('center_axis',(0.707106781186549,0.707106781186546,0.));
#2378=DIRECTION('ref_axis',(-0.707106781186546,0.707106781186549,0.));
#2379=DIRECTION('',(0.,0.,1.));
#2380=DIRECTION('center_axis',(0.707106781186548,-0.707106781186548,0.));
#2381=DIRECTION('ref_axis',(0.707106781186548,0.707106781186548,0.));
#2382=DIRECTION('',(0.,0.,1.));
#2383=DIRECTION('center_axis',(-0.707106781186549,-0.707106781186546,0.));
#2384=DIRECTION('ref_axis',(0.707106781186546,-0.707106781186549,0.));
#2385=DIRECTION('',(0.,0.,1.));
#2386=DIRECTION('',(0.,0.,1.));
#2387=DIRECTION('center_axis',(0.,0.,1.));
#2388=DIRECTION('ref_axis',(1.,0.,0.));
#2389=DIRECTION('',(0.,0.,1.));
#2390=DIRECTION('center_axis',(1.,-2.12975039831218E-15,0.));
#2391=DIRECTION('ref_axis',(2.12975039831218E-15,1.,0.));
#2392=DIRECTION('',(0.,0.,1.));
#2393=DIRECTION('center_axis',(0.,-1.,0.));
#2394=DIRECTION('ref_axis',(1.,0.,0.));
#2395=DIRECTION('',(0.,0.,1.));
#2396=DIRECTION('center_axis',(-1.,2.03426451300774E-15,0.));
#2397=DIRECTION('ref_axis',(-2.03426451300774E-15,-1.,0.));
#2398=DIRECTION('',(0.,0.,1.));
#2399=DIRECTION('',(0.,0.,1.));
#2400=DIRECTION('center_axis',(0.,0.,1.));
#2401=DIRECTION('ref_axis',(1.,0.,0.));
#2402=DIRECTION('',(0.,0.,1.));
#2403=DIRECTION('center_axis',(0.707106781186546,-0.707106781186549,0.));
#2404=DIRECTION('ref_axis',(0.707106781186549,0.707106781186546,0.));
#2405=DIRECTION('',(0.,0.,1.));
#2406=DIRECTION('center_axis',(-0.707106781186548,-0.707106781186548,0.));
#2407=DIRECTION('ref_axis',(0.707106781186548,-0.707106781186548,0.));
#2408=DIRECTION('',(0.,0.,1.));
#2409=DIRECTION('center_axis',(-0.707106781186546,0.707106781186549,0.));
#2410=DIRECTION('ref_axis',(-0.707106781186549,-0.707106781186546,0.));
#2411=DIRECTION('',(0.,0.,1.));
#2412=DIRECTION('center_axis',(-1.,0.,0.));
#2413=DIRECTION('ref_axis',(0.,-1.,0.));
#2414=DIRECTION('center_axis',(-0.707106781186548,-0.707106781186548,0.));
#2415=DIRECTION('ref_axis',(0.707106781186548,-0.707106781186548,0.));
#2416=DIRECTION('center_axis',(0.,-1.,0.));
#2417=DIRECTION('ref_axis',(1.,0.,0.));
#2418=DIRECTION('center_axis',(0.707106781186548,-0.707106781186548,0.));
#2419=DIRECTION('ref_axis',(0.707106781186548,0.707106781186548,0.));
#2420=DIRECTION('center_axis',(1.,0.,0.));
#2421=DIRECTION('ref_axis',(0.,1.,0.));
#2422=DIRECTION('center_axis',(0.707106781186548,0.707106781186548,0.));
#2423=DIRECTION('ref_axis',(-0.707106781186548,0.707106781186548,0.));
#2424=DIRECTION('center_axis',(0.,1.,0.));
#2425=DIRECTION('ref_axis',(-1.,0.,0.));
#2426=DIRECTION('center_axis',(-0.707106781186548,0.707106781186548,0.));
#2427=DIRECTION('ref_axis',(-0.707106781186548,-0.707106781186548,0.));
#2428=CARTESIAN_POINT('',(0.,0.,0.));
#2429=CARTESIAN_POINT('Origin',(0.,0.,30.));
#2430=CARTESIAN_POINT('',(8.6,1.05319624726672E-15,30.));
#2431=CARTESIAN_POINT('Origin',(0.,0.,30.));
#2432=CARTESIAN_POINT('',(8.6,1.05319624726672E-15,23.9));
#2433=CARTESIAN_POINT('',(8.6,-1.05319624726672E-15,30.));
#2434=CARTESIAN_POINT('Origin',(0.,0.,23.9));
#2435=CARTESIAN_POINT('Origin',(0.,0.,23.9));
#2436=CARTESIAN_POINT('',(-3.75,-4.59242549680257E-16,23.9));
#2437=CARTESIAN_POINT('Origin',(0.,0.,23.9));
#2438=CARTESIAN_POINT('Origin',(0.,0.,0.));
#2439=CARTESIAN_POINT('',(-8.6,-1.05319624726672E-15,0.));
#2440=CARTESIAN_POINT('Origin',(0.,0.,0.));
#2441=CARTESIAN_POINT('',(-8.6,-1.05319624726672E-15,6.1));
#2442=CARTESIAN_POINT('',(-8.6,-1.05319624726672E-15,0.));
#2443=CARTESIAN_POINT('Origin',(0.,0.,6.1));
#2444=CARTESIAN_POINT('Origin',(0.,0.,6.1));
#2445=CARTESIAN_POINT('',(-3.75,-4.59242549680257E-16,6.1));
#2446=CARTESIAN_POINT('Origin',(0.,0.,6.1));
#2447=CARTESIAN_POINT('Origin',(0.,0.,0.));
#2448=CARTESIAN_POINT('',(-3.75,-4.59242549680257E-16,0.));
#2449=CARTESIAN_POINT('Origin',(0.,0.,0.));
#2450=CARTESIAN_POINT('',(30.7591449816148,-30.7591449816148,0.));
#2451=CARTESIAN_POINT('',(30.7591449816148,-30.7591449816148,30.));
#2452=CARTESIAN_POINT('',(30.7591449816148,-30.7591449816148,0.));
#2453=CARTESIAN_POINT('',(31.2849029166089,-30.2242427448291,0.));
#2454=CARTESIAN_POINT('Origin',(0.,0.,0.));
#2455=CARTESIAN_POINT('',(31.2849029166089,-30.2242427448291,30.));
#2456=CARTESIAN_POINT('',(31.2849029166089,-30.2242427448291,0.));
#2457=CARTESIAN_POINT('Origin',(0.,0.,30.));
#2458=CARTESIAN_POINT('Origin',(0.,0.,0.));
#2459=CARTESIAN_POINT('',(0.,-43.5,0.));
#2460=CARTESIAN_POINT('',(0.,-43.5,30.));
#2461=CARTESIAN_POINT('',(0.,-43.5,0.));
#2462=CARTESIAN_POINT('',(0.749999999999949,-43.4935340021939,0.));
#2463=CARTESIAN_POINT('Origin',(0.,0.,0.));
#2464=CARTESIAN_POINT('',(0.749999999999948,-43.4935340021939,30.));
#2465=CARTESIAN_POINT('',(0.749999999999949,-43.4935340021939,0.));
#2466=CARTESIAN_POINT('Origin',(0.,0.,30.));
#2467=CARTESIAN_POINT('Origin',(0.,0.,0.));
#2468=CARTESIAN_POINT('',(-30.7591449816148,-30.7591449816148,0.));
#2469=CARTESIAN_POINT('',(-30.7591449816148,-30.7591449816148,30.));
#2470=CARTESIAN_POINT('',(-30.7591449816148,-30.7591449816148,0.));
#2471=CARTESIAN_POINT('',(-30.2242427448291,-31.2849029166089,0.));
#2472=CARTESIAN_POINT('Origin',(0.,0.,0.));
#2473=CARTESIAN_POINT('',(-30.2242427448292,-31.2849029166089,30.));
#2474=CARTESIAN_POINT('',(-30.2242427448291,-31.2849029166089,0.));
#2475=CARTESIAN_POINT('Origin',(0.,0.,30.));
#2476=CARTESIAN_POINT('Origin',(0.,0.,0.));
#2477=CARTESIAN_POINT('',(-43.5,0.,0.));
#2478=CARTESIAN_POINT('',(-43.5,0.,30.));
#2479=CARTESIAN_POINT('',(-43.5,0.,0.));
#2480=CARTESIAN_POINT('',(-43.4935340021939,-0.749999999999931,0.));
#2481=CARTESIAN_POINT('Origin',(0.,0.,0.));
#2482=CARTESIAN_POINT('',(-43.4935340021939,-0.749999999999931,30.));
#2483=CARTESIAN_POINT('',(-43.4935340021939,-0.749999999999931,0.));
#2484=CARTESIAN_POINT('Origin',(0.,0.,30.));
#2485=CARTESIAN_POINT('Origin',(0.,0.,0.));
#2486=CARTESIAN_POINT('',(-30.7591449816148,30.7591449816148,0.));
#2487=CARTESIAN_POINT('',(-30.7591449816148,30.7591449816148,30.));
#2488=CARTESIAN_POINT('',(-30.7591449816148,30.7591449816148,0.));
#2489=CARTESIAN_POINT('',(-31.2849029166089,30.2242427448291,0.));
#2490=CARTESIAN_POINT('Origin',(0.,0.,0.));
#2491=CARTESIAN_POINT('',(-31.2849029166089,30.2242427448291,30.));
#2492=CARTESIAN_POINT('',(-31.2849029166089,30.2242427448291,0.));
#2493=CARTESIAN_POINT('Origin',(0.,0.,30.));
#2494=CARTESIAN_POINT('Origin',(0.,0.,0.));
#2495=CARTESIAN_POINT('',(0.,43.5,0.));
#2496=CARTESIAN_POINT('',(0.,43.5,30.));
#2497=CARTESIAN_POINT('',(0.,43.5,0.));
#2498=CARTESIAN_POINT('',(-0.749999999999944,43.4935340021939,0.));
#2499=CARTESIAN_POINT('Origin',(0.,0.,0.));
#2500=CARTESIAN_POINT('',(-0.749999999999944,43.4935340021939,30.));
#2501=CARTESIAN_POINT('',(-0.749999999999944,43.4935340021939,0.));
#2502=CARTESIAN_POINT('Origin',(0.,0.,30.));
#2503=CARTESIAN_POINT('Origin',(0.,0.,0.));
#2504=CARTESIAN_POINT('',(30.7591449816148,30.7591449816148,0.));
#2505=CARTESIAN_POINT('',(30.7591449816148,30.7591449816148,30.));
#2506=CARTESIAN_POINT('',(30.7591449816148,30.7591449816148,0.));
#2507=CARTESIAN_POINT('',(30.2242427448291,31.2849029166089,0.));
#2508=CARTESIAN_POINT('Origin',(0.,0.,0.));
#2509=CARTESIAN_POINT('',(30.2242427448291,31.2849029166089,30.));
#2510=CARTESIAN_POINT('',(30.2242427448291,31.2849029166089,0.));
#2511=CARTESIAN_POINT('Origin',(0.,0.,30.));
#2512=CARTESIAN_POINT('Origin',(0.,0.,0.));
#2513=CARTESIAN_POINT('',(43.5,0.,0.));
#2514=CARTESIAN_POINT('',(43.5,0.,30.));
#2515=CARTESIAN_POINT('',(43.5,0.,0.));
#2516=CARTESIAN_POINT('',(43.4935340021939,0.749999999999956,0.));
#2517=CARTESIAN_POINT('Origin',(0.,0.,0.));
#2518=CARTESIAN_POINT('',(43.4935340021939,0.749999999999957,30.));
#2519=CARTESIAN_POINT('',(43.4935340021939,0.749999999999956,0.));
#2520=CARTESIAN_POINT('Origin',(0.,0.,30.));
#2521=CARTESIAN_POINT('Origin',(31.2849029166089,-30.2242427448291,0.));
#2522=CARTESIAN_POINT('',(7.65239088315921,-6.59173071137937,0.));
#2523=CARTESIAN_POINT('',(7.65239088315921,-6.59173071137937,0.));
#2524=CARTESIAN_POINT('',(7.65239088315921,-6.59173071137937,30.));
#2525=CARTESIAN_POINT('',(7.65239088315921,-6.59173071137937,0.));
#2526=CARTESIAN_POINT('',(7.65239088315921,-6.59173071137937,30.));
#2527=CARTESIAN_POINT('Origin',(0.,0.,0.));
#2528=CARTESIAN_POINT('',(30.2242427448291,-31.284902916609,30.));
#2529=CARTESIAN_POINT('Origin',(0.,0.,30.));
#2530=CARTESIAN_POINT('',(30.2242427448291,-31.284902916609,0.));
#2531=CARTESIAN_POINT('',(30.2242427448291,-31.284902916609,0.));
#2532=CARTESIAN_POINT('Origin',(0.,0.,0.));
#2533=CARTESIAN_POINT('Origin',(6.59173071137938,-7.65239088315919,0.));
#2534=CARTESIAN_POINT('',(6.59173071137938,-7.65239088315919,0.));
#2535=CARTESIAN_POINT('',(6.59173071137938,-7.65239088315919,0.));
#2536=CARTESIAN_POINT('',(6.59173071137938,-7.65239088315919,30.));
#2537=CARTESIAN_POINT('',(6.59173071137938,-7.65239088315919,30.));
#2538=CARTESIAN_POINT('',(6.59173071137938,-7.65239088315919,0.));
#2539=CARTESIAN_POINT('Origin',(0.,0.,0.));
#2540=CARTESIAN_POINT('',(0.750000000000014,-10.072114971544,0.));
#2541=CARTESIAN_POINT('Origin',(0.,0.,0.));
#2542=CARTESIAN_POINT('',(0.750000000000014,-10.072114971544,30.));
#2543=CARTESIAN_POINT('Origin',(0.,0.,30.));
#2544=CARTESIAN_POINT('',(0.750000000000014,-10.072114971544,0.));
#2545=CARTESIAN_POINT('Origin',(0.749999999999946,-43.4935340021939,0.));
#2546=CARTESIAN_POINT('',(0.750000000000014,-10.072114971544,0.));
#2547=CARTESIAN_POINT('',(0.750000000000014,-10.072114971544,30.));
#2548=CARTESIAN_POINT('Origin',(0.,0.,0.));
#2549=CARTESIAN_POINT('',(-0.750000000000051,-43.4935340021939,30.));
#2550=CARTESIAN_POINT('Origin',(0.,0.,30.));
#2551=CARTESIAN_POINT('',(-0.75000000000005,-43.4935340021939,0.));
#2552=CARTESIAN_POINT('',(-0.75000000000005,-43.4935340021939,0.));
#2553=CARTESIAN_POINT('Origin',(0.,0.,0.));
#2554=CARTESIAN_POINT('Origin',(-0.74999999999999,-10.072114971544,0.));
#2555=CARTESIAN_POINT('',(-0.74999999999999,-10.072114971544,0.));
#2556=CARTESIAN_POINT('',(-0.74999999999999,-10.072114971544,0.));
#2557=CARTESIAN_POINT('',(-0.74999999999999,-10.072114971544,30.));
#2558=CARTESIAN_POINT('',(-0.74999999999999,-10.072114971544,30.));
#2559=CARTESIAN_POINT('',(-0.74999999999999,-10.072114971544,0.));
#2560=CARTESIAN_POINT('Origin',(0.,0.,0.));
#2561=CARTESIAN_POINT('',(-6.59173071137937,-7.6523908831592,0.));
#2562=CARTESIAN_POINT('Origin',(0.,0.,0.));
#2563=CARTESIAN_POINT('',(-6.59173071137937,-7.6523908831592,30.));
#2564=CARTESIAN_POINT('Origin',(0.,0.,30.));
#2565=CARTESIAN_POINT('',(-6.59173071137937,-7.6523908831592,0.));
#2566=CARTESIAN_POINT('Origin',(-30.2242427448291,-31.2849029166089,0.));
#2567=CARTESIAN_POINT('',(-6.59173071137937,-7.6523908831592,0.));
#2568=CARTESIAN_POINT('',(-6.59173071137937,-7.6523908831592,30.));
#2569=CARTESIAN_POINT('Origin',(0.,0.,0.));
#2570=CARTESIAN_POINT('',(-31.284902916609,-30.224242744829,30.));
#2571=CARTESIAN_POINT('Origin',(0.,0.,30.));
#2572=CARTESIAN_POINT('',(-31.284902916609,-30.2242427448291,0.));
#2573=CARTESIAN_POINT('',(-31.284902916609,-30.2242427448291,0.));
#2574=CARTESIAN_POINT('Origin',(0.,0.,0.));
#2575=CARTESIAN_POINT('Origin',(-7.65239088315919,-6.59173071137938,0.));
#2576=CARTESIAN_POINT('',(-7.65239088315919,-6.59173071137938,0.));
#2577=CARTESIAN_POINT('',(-7.65239088315919,-6.59173071137938,0.));
#2578=CARTESIAN_POINT('',(-7.65239088315919,-6.59173071137938,30.));
#2579=CARTESIAN_POINT('',(-7.65239088315919,-6.59173071137938,30.));
#2580=CARTESIAN_POINT('',(-7.65239088315919,-6.59173071137938,0.));
#2581=CARTESIAN_POINT('Origin',(0.,0.,0.));
#2582=CARTESIAN_POINT('',(-10.072114971544,-0.750000000000012,0.));
#2583=CARTESIAN_POINT('Origin',(0.,0.,0.));
#2584=CARTESIAN_POINT('',(-10.072114971544,-0.750000000000012,30.));
#2585=CARTESIAN_POINT('Origin',(0.,0.,30.));
#2586=CARTESIAN_POINT('',(-10.072114971544,-0.750000000000012,0.));
#2587=CARTESIAN_POINT('Origin',(-43.4935340021939,-0.749999999999937,0.));
#2588=CARTESIAN_POINT('',(-10.072114971544,-0.750000000000012,0.));
#2589=CARTESIAN_POINT('',(-10.072114971544,-0.750000000000012,30.));
#2590=CARTESIAN_POINT('Origin',(0.,0.,0.));
#2591=CARTESIAN_POINT('',(-43.4935340021939,0.75000000000006,30.));
#2592=CARTESIAN_POINT('Origin',(0.,0.,30.));
#2593=CARTESIAN_POINT('',(-43.4935340021939,0.750000000000058,0.));
#2594=CARTESIAN_POINT('',(-43.4935340021939,0.750000000000058,0.));
#2595=CARTESIAN_POINT('Origin',(0.,0.,0.));
#2596=CARTESIAN_POINT('Origin',(-10.072114971544,0.749999999999992,0.));
#2597=CARTESIAN_POINT('',(-10.072114971544,0.749999999999992,0.));
#2598=CARTESIAN_POINT('',(-10.072114971544,0.749999999999992,0.));
#2599=CARTESIAN_POINT('',(-10.072114971544,0.749999999999992,30.));
#2600=CARTESIAN_POINT('',(-10.072114971544,0.749999999999992,30.));
#2601=CARTESIAN_POINT('',(-10.072114971544,0.749999999999992,0.));
#2602=CARTESIAN_POINT('Origin',(0.,0.,0.));
#2603=CARTESIAN_POINT('',(-7.65239088315921,6.59173071137937,0.));
#2604=CARTESIAN_POINT('Origin',(0.,0.,0.));
#2605=CARTESIAN_POINT('',(-7.6523908831592,6.59173071137937,30.));
#2606=CARTESIAN_POINT('Origin',(0.,0.,30.));
#2607=CARTESIAN_POINT('',(-7.65239088315921,6.59173071137937,0.));
#2608=CARTESIAN_POINT('Origin',(-31.2849029166089,30.2242427448291,0.));
#2609=CARTESIAN_POINT('',(-7.65239088315921,6.59173071137937,0.));
#2610=CARTESIAN_POINT('',(-7.65239088315921,6.59173071137937,30.));
#2611=CARTESIAN_POINT('Origin',(0.,0.,0.));
#2612=CARTESIAN_POINT('',(-30.2242427448291,31.284902916609,30.));
#2613=CARTESIAN_POINT('Origin',(0.,0.,30.));
#2614=CARTESIAN_POINT('',(-30.2242427448291,31.284902916609,0.));
#2615=CARTESIAN_POINT('',(-30.2242427448291,31.284902916609,0.));
#2616=CARTESIAN_POINT('Origin',(0.,0.,0.));
#2617=CARTESIAN_POINT('Origin',(-6.59173071137938,7.65239088315919,0.));
#2618=CARTESIAN_POINT('',(-6.59173071137938,7.65239088315919,0.));
#2619=CARTESIAN_POINT('',(-6.59173071137938,7.65239088315919,0.));
#2620=CARTESIAN_POINT('',(-6.59173071137938,7.65239088315919,30.));
#2621=CARTESIAN_POINT('',(-6.59173071137938,7.65239088315919,30.));
#2622=CARTESIAN_POINT('',(-6.59173071137938,7.65239088315919,0.));
#2623=CARTESIAN_POINT('Origin',(0.,0.,0.));
#2624=CARTESIAN_POINT('',(-0.750000000000012,10.072114971544,0.));
#2625=CARTESIAN_POINT('Origin',(0.,0.,0.));
#2626=CARTESIAN_POINT('',(-0.750000000000013,10.072114971544,30.));
#2627=CARTESIAN_POINT('Origin',(0.,0.,30.));
#2628=CARTESIAN_POINT('',(-0.750000000000012,10.072114971544,0.));
#2629=CARTESIAN_POINT('Origin',(-0.749999999999941,43.4935340021939,0.));
#2630=CARTESIAN_POINT('',(-0.750000000000012,10.072114971544,0.));
#2631=CARTESIAN_POINT('',(-0.750000000000012,10.072114971544,30.));
#2632=CARTESIAN_POINT('Origin',(0.,0.,0.));
#2633=CARTESIAN_POINT('',(0.750000000000055,43.4935340021939,30.));
#2634=CARTESIAN_POINT('Origin',(0.,0.,30.));
#2635=CARTESIAN_POINT('',(0.750000000000055,43.4935340021939,0.));
#2636=CARTESIAN_POINT('',(0.750000000000055,43.4935340021939,0.));
#2637=CARTESIAN_POINT('Origin',(0.,0.,0.));
#2638=CARTESIAN_POINT('Origin',(0.749999999999991,10.072114971544,0.));
#2639=CARTESIAN_POINT('',(0.749999999999991,10.072114971544,0.));
#2640=CARTESIAN_POINT('',(0.749999999999991,10.072114971544,0.));
#2641=CARTESIAN_POINT('',(0.749999999999991,10.072114971544,30.));
#2642=CARTESIAN_POINT('',(0.749999999999991,10.072114971544,30.));
#2643=CARTESIAN_POINT('',(0.749999999999991,10.072114971544,0.));
#2644=CARTESIAN_POINT('Origin',(0.,0.,0.));
#2645=CARTESIAN_POINT('',(6.59173071137937,7.65239088315921,0.));
#2646=CARTESIAN_POINT('Origin',(0.,0.,0.));
#2647=CARTESIAN_POINT('',(6.59173071137937,7.65239088315921,30.));
#2648=CARTESIAN_POINT('Origin',(0.,0.,30.));
#2649=CARTESIAN_POINT('',(6.59173071137937,7.65239088315921,0.));
#2650=CARTESIAN_POINT('Origin',(30.2242427448291,31.2849029166089,0.));
#2651=CARTESIAN_POINT('',(6.59173071137937,7.65239088315921,0.));
#2652=CARTESIAN_POINT('',(6.59173071137937,7.65239088315921,30.));
#2653=CARTESIAN_POINT('Origin',(0.,0.,0.));
#2654=CARTESIAN_POINT('',(31.284902916609,30.2242427448291,30.));
#2655=CARTESIAN_POINT('Origin',(0.,0.,30.));
#2656=CARTESIAN_POINT('',(31.284902916609,30.2242427448291,0.));
#2657=CARTESIAN_POINT('',(31.284902916609,30.2242427448291,0.));
#2658=CARTESIAN_POINT('Origin',(0.,0.,0.));
#2659=CARTESIAN_POINT('Origin',(7.65239088315919,6.59173071137938,0.));
#2660=CARTESIAN_POINT('',(7.65239088315919,6.59173071137938,0.));
#2661=CARTESIAN_POINT('',(7.65239088315919,6.59173071137938,0.));
#2662=CARTESIAN_POINT('',(7.65239088315919,6.59173071137938,30.));
#2663=CARTESIAN_POINT('',(7.65239088315919,6.59173071137938,30.));
#2664=CARTESIAN_POINT('',(7.65239088315919,6.59173071137938,0.));
#2665=CARTESIAN_POINT('Origin',(0.,0.,0.));
#2666=CARTESIAN_POINT('',(10.072114971544,0.750000000000013,0.));
#2667=CARTESIAN_POINT('Origin',(0.,0.,0.));
#2668=CARTESIAN_POINT('',(10.072114971544,0.750000000000013,30.));
#2669=CARTESIAN_POINT('Origin',(0.,0.,30.));
#2670=CARTESIAN_POINT('',(10.072114971544,0.750000000000013,0.));
#2671=CARTESIAN_POINT('Origin',(43.4935340021939,0.749999999999956,0.));
#2672=CARTESIAN_POINT('',(10.072114971544,0.750000000000013,0.));
#2673=CARTESIAN_POINT('',(10.072114971544,0.750000000000013,30.));
#2674=CARTESIAN_POINT('Origin',(0.,0.,0.));
#2675=CARTESIAN_POINT('',(43.4935340021939,-0.750000000000046,30.));
#2676=CARTESIAN_POINT('Origin',(0.,0.,30.));
#2677=CARTESIAN_POINT('',(43.4935340021939,-0.750000000000044,0.));
#2678=CARTESIAN_POINT('',(43.4935340021939,-0.750000000000044,0.));
#2679=CARTESIAN_POINT('Origin',(0.,0.,0.));
#2680=CARTESIAN_POINT('Origin',(10.072114971544,-0.749999999999991,0.));
#2681=CARTESIAN_POINT('',(10.072114971544,-0.749999999999991,0.));
#2682=CARTESIAN_POINT('',(10.072114971544,-0.749999999999991,0.));
#2683=CARTESIAN_POINT('',(10.072114971544,-0.749999999999991,30.));
#2684=CARTESIAN_POINT('',(10.072114971544,-0.749999999999991,30.));
#2685=CARTESIAN_POINT('',(10.072114971544,-0.749999999999991,0.));
#2686=CARTESIAN_POINT('Origin',(0.,0.,0.));
#2687=CARTESIAN_POINT('Origin',(0.,0.,0.));
#2688=CARTESIAN_POINT('Origin',(0.,0.,30.));
#2689=CARTESIAN_POINT('Origin',(0.,0.,30.));
#2690=CARTESIAN_POINT('Origin',(0.,0.,0.));
#2691=CARTESIAN_POINT('Origin',(0.,0.,0.));
#2692=CARTESIAN_POINT('',(-45.,-5.51091059616309E-15,0.));
#2693=CARTESIAN_POINT('Origin',(0.,0.,0.));
#2694=CARTESIAN_POINT('',(31.284902916609,30.2242427448291,0.));
#2695=CARTESIAN_POINT('',(43.4935340021939,0.749999999999956,0.));
#2696=CARTESIAN_POINT('Origin',(0.,0.,0.));
#2697=CARTESIAN_POINT('',(31.2894750675048,30.2288148957249,0.));
#2698=CARTESIAN_POINT('',(7.65239088315919,6.59173071137938,0.));
#2699=CARTESIAN_POINT('',(30.7591449816148,30.7591449816148,0.));
#2700=CARTESIAN_POINT('',(30.228814895725,31.2894750675047,0.));
#2701=CARTESIAN_POINT('',(30.228814895725,31.2894750675047,0.));
#2702=CARTESIAN_POINT('',(30.228814895725,31.2894750675047,0.));
#2703=CARTESIAN_POINT('',(30.2242427448291,31.2849029166089,0.));
#2704=CARTESIAN_POINT('',(6.59173071137937,7.65239088315921,0.));
#2705=CARTESIAN_POINT('',(0.750000000000055,43.4935340021939,0.));
#2706=CARTESIAN_POINT('Origin',(0.,0.,0.));
#2707=CARTESIAN_POINT('',(0.750000000000059,43.5,0.));
#2708=CARTESIAN_POINT('',(0.749999999999991,10.072114971544,0.));
#2709=CARTESIAN_POINT('',(0.,43.5,0.));
#2710=CARTESIAN_POINT('',(-0.749999999999941,43.5,0.));
#2711=CARTESIAN_POINT('',(-0.749999999999941,43.5,0.));
#2712=CARTESIAN_POINT('',(-0.749999999999941,43.5,0.));
#2713=CARTESIAN_POINT('',(-0.749999999999944,43.4935340021939,0.));
#2714=CARTESIAN_POINT('',(-0.750000000000012,10.072114971544,0.));
#2715=CARTESIAN_POINT('',(-30.2242427448291,31.284902916609,0.));
#2716=CARTESIAN_POINT('Origin',(0.,0.,0.));
#2717=CARTESIAN_POINT('',(-30.2288148957249,31.2894750675048,0.));
#2718=CARTESIAN_POINT('',(-6.59173071137938,7.65239088315919,0.));
#2719=CARTESIAN_POINT('',(-30.7591449816148,30.7591449816148,0.));
#2720=CARTESIAN_POINT('',(-31.2894750675047,30.2288148957249,0.));
#2721=CARTESIAN_POINT('',(-31.2894750675047,30.2288148957249,0.));
#2722=CARTESIAN_POINT('',(-31.2894750675047,30.2288148957249,0.));
#2723=CARTESIAN_POINT('',(-31.2849029166089,30.2242427448291,0.));
#2724=CARTESIAN_POINT('',(-7.65239088315921,6.59173071137937,0.));
#2725=CARTESIAN_POINT('',(-43.4935340021939,0.750000000000058,0.));
#2726=CARTESIAN_POINT('Origin',(0.,0.,0.));
#2727=CARTESIAN_POINT('',(-43.5,0.750000000000063,0.));
#2728=CARTESIAN_POINT('',(-10.072114971544,0.749999999999992,0.));
#2729=CARTESIAN_POINT('',(-43.5,0.,0.));
#2730=CARTESIAN_POINT('',(-43.5,-0.749999999999937,0.));
#2731=CARTESIAN_POINT('',(-43.5,-0.749999999999937,0.));
#2732=CARTESIAN_POINT('',(-43.5,-0.749999999999937,0.));
#2733=CARTESIAN_POINT('',(-43.4935340021939,-0.749999999999931,0.));
#2734=CARTESIAN_POINT('',(-10.072114971544,-0.750000000000012,0.));
#2735=CARTESIAN_POINT('',(-31.284902916609,-30.2242427448291,0.));
#2736=CARTESIAN_POINT('Origin',(0.,0.,0.));
#2737=CARTESIAN_POINT('',(-31.2894750675048,-30.2288148957249,0.));
#2738=CARTESIAN_POINT('',(-7.65239088315919,-6.59173071137938,0.));
#2739=CARTESIAN_POINT('',(-30.7591449816148,-30.7591449816148,0.));
#2740=CARTESIAN_POINT('',(-30.228814895725,-31.2894750675047,0.));
#2741=CARTESIAN_POINT('',(-30.228814895725,-31.2894750675047,0.));
#2742=CARTESIAN_POINT('',(-30.228814895725,-31.2894750675047,0.));
#2743=CARTESIAN_POINT('',(-30.2242427448291,-31.2849029166089,0.));
#2744=CARTESIAN_POINT('',(-6.59173071137937,-7.6523908831592,0.));
#2745=CARTESIAN_POINT('',(-0.75000000000005,-43.4935340021939,0.));
#2746=CARTESIAN_POINT('Origin',(0.,0.,0.));
#2747=CARTESIAN_POINT('',(-0.750000000000054,-43.5,0.));
#2748=CARTESIAN_POINT('',(-0.74999999999999,-10.072114971544,0.));
#2749=CARTESIAN_POINT('',(0.,-43.5,0.));
#2750=CARTESIAN_POINT('',(0.749999999999946,-43.5,0.));
#2751=CARTESIAN_POINT('',(0.749999999999946,-43.5,0.));
#2752=CARTESIAN_POINT('',(0.749999999999946,-43.5,0.));
#2753=CARTESIAN_POINT('',(0.749999999999949,-43.4935340021939,0.));
#2754=CARTESIAN_POINT('',(0.750000000000014,-10.072114971544,0.));
#2755=CARTESIAN_POINT('',(30.2242427448291,-31.284902916609,0.));
#2756=CARTESIAN_POINT('Origin',(0.,0.,0.));
#2757=CARTESIAN_POINT('',(30.2288148957249,-31.2894750675048,0.));
#2758=CARTESIAN_POINT('',(6.59173071137938,-7.65239088315919,0.));
#2759=CARTESIAN_POINT('',(30.7591449816148,-30.7591449816148,0.));
#2760=CARTESIAN_POINT('',(31.2894750675047,-30.2288148957249,0.));
#2761=CARTESIAN_POINT('',(31.2894750675047,-30.2288148957249,0.));
#2762=CARTESIAN_POINT('',(31.2894750675047,-30.2288148957249,0.));
#2763=CARTESIAN_POINT('',(31.2849029166089,-30.2242427448291,0.));
#2764=CARTESIAN_POINT('',(7.65239088315921,-6.59173071137937,0.));
#2765=CARTESIAN_POINT('',(43.4935340021939,-0.750000000000044,0.));
#2766=CARTESIAN_POINT('Origin',(0.,0.,0.));
#2767=CARTESIAN_POINT('',(43.5,-0.750000000000044,0.));
#2768=CARTESIAN_POINT('',(10.072114971544,-0.749999999999991,0.));
#2769=CARTESIAN_POINT('',(43.5,0.,0.));
#2770=CARTESIAN_POINT('',(43.5,0.749999999999956,0.));
#2771=CARTESIAN_POINT('',(43.5,0.749999999999956,0.));
#2772=CARTESIAN_POINT('',(43.5,0.749999999999956,0.));
#2773=CARTESIAN_POINT('',(10.072114971544,0.750000000000013,0.));
#2774=CARTESIAN_POINT('Origin',(0.,0.,30.));
#2775=CARTESIAN_POINT('',(-45.,-4.44089209850063E-15,30.));
#2776=CARTESIAN_POINT('Origin',(0.,0.,30.));
#2777=CARTESIAN_POINT('',(31.284902916609,30.2242427448291,30.));
#2778=CARTESIAN_POINT('',(43.4935340021939,0.749999999999957,30.));
#2779=CARTESIAN_POINT('Origin',(0.,0.,30.));
#2780=CARTESIAN_POINT('',(43.5,0.749999999999957,30.));
#2781=CARTESIAN_POINT('',(10.072114971544,0.750000000000013,30.));
#2782=CARTESIAN_POINT('',(43.5,0.,30.));
#2783=CARTESIAN_POINT('',(43.5,0.749999999999956,30.));
#2784=CARTESIAN_POINT('',(43.5,-0.750000000000046,30.));
#2785=CARTESIAN_POINT('',(43.5,0.749999999999956,30.));
#2786=CARTESIAN_POINT('',(43.4935340021939,-0.750000000000046,30.));
#2787=CARTESIAN_POINT('',(10.072114971544,-0.749999999999991,30.));
#2788=CARTESIAN_POINT('',(31.2849029166089,-30.2242427448291,30.));
#2789=CARTESIAN_POINT('Origin',(0.,0.,30.));
#2790=CARTESIAN_POINT('',(31.2894750675047,-30.2288148957249,30.));
#2791=CARTESIAN_POINT('',(7.65239088315921,-6.59173071137937,30.));
#2792=CARTESIAN_POINT('',(30.7591449816148,-30.7591449816148,30.));
#2793=CARTESIAN_POINT('',(31.2894750675047,-30.2288148957249,30.));
#2794=CARTESIAN_POINT('',(30.2288148957249,-31.2894750675048,30.));
#2795=CARTESIAN_POINT('',(31.2894750675047,-30.2288148957249,30.));
#2796=CARTESIAN_POINT('',(30.2242427448291,-31.284902916609,30.));
#2797=CARTESIAN_POINT('',(6.59173071137938,-7.65239088315919,30.));
#2798=CARTESIAN_POINT('',(0.749999999999948,-43.4935340021939,30.));
#2799=CARTESIAN_POINT('Origin',(0.,0.,30.));
#2800=CARTESIAN_POINT('',(0.749999999999948,-43.5,30.));
#2801=CARTESIAN_POINT('',(0.750000000000014,-10.072114971544,30.));
#2802=CARTESIAN_POINT('',(0.,-43.5,30.));
#2803=CARTESIAN_POINT('',(0.749999999999946,-43.5,30.));
#2804=CARTESIAN_POINT('',(-0.750000000000055,-43.5,30.));
#2805=CARTESIAN_POINT('',(0.749999999999946,-43.5,30.));
#2806=CARTESIAN_POINT('',(-0.750000000000051,-43.4935340021939,30.));
#2807=CARTESIAN_POINT('',(-0.74999999999999,-10.072114971544,30.));
#2808=CARTESIAN_POINT('',(-30.2242427448292,-31.2849029166089,30.));
#2809=CARTESIAN_POINT('Origin',(0.,0.,30.));
#2810=CARTESIAN_POINT('',(-30.228814895725,-31.2894750675047,30.));
#2811=CARTESIAN_POINT('',(-6.59173071137937,-7.6523908831592,30.));
#2812=CARTESIAN_POINT('',(-30.7591449816148,-30.7591449816148,30.));
#2813=CARTESIAN_POINT('',(-30.228814895725,-31.2894750675047,30.));
#2814=CARTESIAN_POINT('',(-31.2894750675048,-30.2288148957249,30.));
#2815=CARTESIAN_POINT('',(-30.228814895725,-31.2894750675047,30.));
#2816=CARTESIAN_POINT('',(-31.284902916609,-30.224242744829,30.));
#2817=CARTESIAN_POINT('',(-7.65239088315919,-6.59173071137938,30.));
#2818=CARTESIAN_POINT('',(-43.4935340021939,-0.749999999999931,30.));
#2819=CARTESIAN_POINT('Origin',(0.,0.,30.));
#2820=CARTESIAN_POINT('',(-43.5,-0.749999999999935,30.));
#2821=CARTESIAN_POINT('',(-10.072114971544,-0.750000000000012,30.));
#2822=CARTESIAN_POINT('',(-43.5,0.,30.));
#2823=CARTESIAN_POINT('',(-43.5,-0.749999999999937,30.));
#2824=CARTESIAN_POINT('',(-43.5,0.750000000000064,30.));
#2825=CARTESIAN_POINT('',(-43.5,-0.749999999999937,30.));
#2826=CARTESIAN_POINT('',(-43.4935340021939,0.75000000000006,30.));
#2827=CARTESIAN_POINT('',(-10.072114971544,0.749999999999992,30.));
#2828=CARTESIAN_POINT('',(-31.2849029166089,30.2242427448291,30.));
#2829=CARTESIAN_POINT('Origin',(0.,0.,30.));
#2830=CARTESIAN_POINT('',(-31.2894750675047,30.2288148957249,30.));
#2831=CARTESIAN_POINT('',(-7.65239088315921,6.59173071137937,30.));
#2832=CARTESIAN_POINT('',(-30.7591449816148,30.7591449816148,30.));
#2833=CARTESIAN_POINT('',(-31.2894750675047,30.2288148957249,30.));
#2834=CARTESIAN_POINT('',(-30.2288148957249,31.2894750675048,30.));
#2835=CARTESIAN_POINT('',(-31.2894750675047,30.2288148957249,30.));
#2836=CARTESIAN_POINT('',(-30.2242427448291,31.284902916609,30.));
#2837=CARTESIAN_POINT('',(-6.59173071137938,7.65239088315919,30.));
#2838=CARTESIAN_POINT('',(-0.749999999999944,43.4935340021939,30.));
#2839=CARTESIAN_POINT('Origin',(0.,0.,30.));
#2840=CARTESIAN_POINT('',(-0.74999999999994,43.5,30.));
#2841=CARTESIAN_POINT('',(-0.750000000000012,10.072114971544,30.));
#2842=CARTESIAN_POINT('',(0.,43.5,30.));
#2843=CARTESIAN_POINT('',(-0.749999999999941,43.5,30.));
#2844=CARTESIAN_POINT('',(0.75000000000006,43.5,30.));
#2845=CARTESIAN_POINT('',(-0.749999999999941,43.5,30.));
#2846=CARTESIAN_POINT('',(0.750000000000055,43.4935340021939,30.));
#2847=CARTESIAN_POINT('',(0.749999999999991,10.072114971544,30.));
#2848=CARTESIAN_POINT('',(30.2242427448291,31.2849029166089,30.));
#2849=CARTESIAN_POINT('Origin',(0.,0.,30.));
#2850=CARTESIAN_POINT('',(30.228814895725,31.2894750675047,30.));
#2851=CARTESIAN_POINT('',(6.59173071137937,7.65239088315921,30.));
#2852=CARTESIAN_POINT('',(30.7591449816148,30.7591449816148,30.));
#2853=CARTESIAN_POINT('',(30.228814895725,31.2894750675047,30.));
#2854=CARTESIAN_POINT('',(31.2894750675048,30.2288148957249,30.));
#2855=CARTESIAN_POINT('',(30.228814895725,31.2894750675047,30.));
#2856=CARTESIAN_POINT('',(7.65239088315919,6.59173071137938,30.));
#2857=CARTESIAN_POINT('Origin',(0.,0.,0.));
#2858=CARTESIAN_POINT('',(-45.,-5.51091059616309E-15,0.));
#2859=CARTESIAN_POINT('Origin',(0.,0.,0.));
#2860=CARTESIAN_POINT('',(43.4935340021939,0.749999999999956,0.));
#2861=CARTESIAN_POINT('',(31.284902916609,30.2242427448291,0.));
#2862=CARTESIAN_POINT('Origin',(43.4935340021939,0.749999999999956,0.));
#2863=CARTESIAN_POINT('',(43.5,0.749999999999956,0.));
#2864=CARTESIAN_POINT('Origin',(43.5,0.749999999999956,0.));
#2865=CARTESIAN_POINT('',(43.5,0.,0.));
#2866=CARTESIAN_POINT('Origin',(43.5,-0.750000000000044,0.));
#2867=CARTESIAN_POINT('',(43.4935340021939,-0.750000000000044,0.));
#2868=CARTESIAN_POINT('',(43.5,-0.750000000000044,0.));
#2869=CARTESIAN_POINT('Origin',(0.,0.,0.));
#2870=CARTESIAN_POINT('',(31.2849029166089,-30.2242427448291,0.));
#2871=CARTESIAN_POINT('Origin',(31.2849029166089,-30.2242427448291,0.));
#2872=CARTESIAN_POINT('',(31.2894750675047,-30.2288148957249,0.));
#2873=CARTESIAN_POINT('Origin',(31.2894750675047,-30.2288148957249,0.));
#2874=CARTESIAN_POINT('',(30.7591449816148,-30.7591449816148,0.));
#2875=CARTESIAN_POINT('Origin',(30.2288148957249,-31.2894750675048,0.));
#2876=CARTESIAN_POINT('',(30.2242427448291,-31.284902916609,0.));
#2877=CARTESIAN_POINT('',(30.2288148957249,-31.2894750675048,0.));
#2878=CARTESIAN_POINT('Origin',(0.,0.,0.));
#2879=CARTESIAN_POINT('',(0.749999999999949,-43.4935340021939,0.));
#2880=CARTESIAN_POINT('Origin',(0.749999999999946,-43.4935340021939,0.));
#2881=CARTESIAN_POINT('',(0.749999999999946,-43.5,0.));
#2882=CARTESIAN_POINT('Origin',(0.749999999999946,-43.5,0.));
#2883=CARTESIAN_POINT('',(0.,-43.5,0.));
#2884=CARTESIAN_POINT('Origin',(-0.750000000000054,-43.5,0.));
#2885=CARTESIAN_POINT('',(-0.75000000000005,-43.4935340021939,0.));
#2886=CARTESIAN_POINT('',(-0.750000000000054,-43.5,0.));
#2887=CARTESIAN_POINT('Origin',(0.,0.,0.));
#2888=CARTESIAN_POINT('',(-30.2242427448291,-31.2849029166089,0.));
#2889=CARTESIAN_POINT('Origin',(-30.2242427448291,-31.2849029166089,0.));
#2890=CARTESIAN_POINT('',(-30.228814895725,-31.2894750675047,0.));
#2891=CARTESIAN_POINT('Origin',(-30.228814895725,-31.2894750675047,0.));
#2892=CARTESIAN_POINT('',(-30.7591449816148,-30.7591449816148,0.));
#2893=CARTESIAN_POINT('Origin',(-31.2894750675048,-30.2288148957249,0.));
#2894=CARTESIAN_POINT('',(-31.284902916609,-30.2242427448291,0.));
#2895=CARTESIAN_POINT('',(-31.2894750675048,-30.2288148957249,0.));
#2896=CARTESIAN_POINT('Origin',(0.,0.,0.));
#2897=CARTESIAN_POINT('',(-43.4935340021939,-0.749999999999931,0.));
#2898=CARTESIAN_POINT('Origin',(-43.4935340021939,-0.749999999999937,0.));
#2899=CARTESIAN_POINT('',(-43.5,-0.749999999999937,0.));
#2900=CARTESIAN_POINT('Origin',(-43.5,-0.749999999999937,0.));
#2901=CARTESIAN_POINT('',(-43.5,0.,0.));
#2902=CARTESIAN_POINT('Origin',(-43.5,0.750000000000063,0.));
#2903=CARTESIAN_POINT('',(-43.4935340021939,0.750000000000058,0.));
#2904=CARTESIAN_POINT('',(-43.5,0.750000000000063,0.));
#2905=CARTESIAN_POINT('Origin',(0.,0.,0.));
#2906=CARTESIAN_POINT('',(-31.2849029166089,30.2242427448291,0.));
#2907=CARTESIAN_POINT('Origin',(-31.2849029166089,30.2242427448291,0.));
#2908=CARTESIAN_POINT('',(-31.2894750675047,30.2288148957249,0.));
#2909=CARTESIAN_POINT('Origin',(-31.2894750675047,30.2288148957249,0.));
#2910=CARTESIAN_POINT('',(-30.7591449816148,30.7591449816148,0.));
#2911=CARTESIAN_POINT('Origin',(-30.2288148957249,31.2894750675048,0.));
#2912=CARTESIAN_POINT('',(-30.2242427448291,31.284902916609,0.));
#2913=CARTESIAN_POINT('',(-30.2288148957249,31.2894750675048,0.));
#2914=CARTESIAN_POINT('Origin',(0.,0.,0.));
#2915=CARTESIAN_POINT('',(-0.749999999999944,43.4935340021939,0.));
#2916=CARTESIAN_POINT('Origin',(-0.749999999999941,43.4935340021939,0.));
#2917=CARTESIAN_POINT('',(-0.749999999999941,43.5,0.));
#2918=CARTESIAN_POINT('Origin',(-0.749999999999941,43.5,0.));
#2919=CARTESIAN_POINT('',(0.,43.5,0.));
#2920=CARTESIAN_POINT('Origin',(0.750000000000059,43.5,0.));
#2921=CARTESIAN_POINT('',(0.750000000000055,43.4935340021939,0.));
#2922=CARTESIAN_POINT('',(0.750000000000059,43.5,0.));
#2923=CARTESIAN_POINT('Origin',(0.,0.,0.));
#2924=CARTESIAN_POINT('',(30.2242427448291,31.2849029166089,0.));
#2925=CARTESIAN_POINT('Origin',(30.2242427448291,31.2849029166089,0.));
#2926=CARTESIAN_POINT('',(30.228814895725,31.2894750675047,0.));
#2927=CARTESIAN_POINT('Origin',(30.228814895725,31.2894750675047,0.));
#2928=CARTESIAN_POINT('',(30.7591449816148,30.7591449816148,0.));
#2929=CARTESIAN_POINT('Origin',(31.2894750675048,30.2288148957249,0.));
#2930=CARTESIAN_POINT('',(31.2894750675048,30.2288148957249,0.));
#2931=CARTESIAN_POINT('Origin',(43.5,0.749999999999956,0.));
#2932=CARTESIAN_POINT('Origin',(30.228814895725,31.2894750675047,0.));
#2933=CARTESIAN_POINT('Origin',(-0.749999999999941,43.5,0.));
#2934=CARTESIAN_POINT('Origin',(-31.2894750675047,30.2288148957249,0.));
#2935=CARTESIAN_POINT('Origin',(-43.5,-0.749999999999937,0.));
#2936=CARTESIAN_POINT('Origin',(-30.228814895725,-31.2894750675047,0.));
#2937=CARTESIAN_POINT('Origin',(0.749999999999946,-43.5,0.));
#2938=CARTESIAN_POINT('Origin',(31.2894750675047,-30.2288148957249,0.));
#2939=UNCERTAINTY_MEASURE_WITH_UNIT(LENGTH_MEASURE(0.01),#2943,
'DISTANCE_ACCURACY_VALUE',
'Maximum model space distance between geometric entities at asserted c
onnectivities');
#2940=UNCERTAINTY_MEASURE_WITH_UNIT(LENGTH_MEASURE(0.01),#2943,
'DISTANCE_ACCURACY_VALUE',
'Maximum model space distance between geometric entities at asserted c
onnectivities');
#2941=(
GEOMETRIC_REPRESENTATION_CONTEXT(3)
GLOBAL_UNCERTAINTY_ASSIGNED_CONTEXT((#2939))
GLOBAL_UNIT_ASSIGNED_CONTEXT((#2943,#2945,#2946))
REPRESENTATION_CONTEXT('','3D')
);
#2942=(
GEOMETRIC_REPRESENTATION_CONTEXT(3)
GLOBAL_UNCERTAINTY_ASSIGNED_CONTEXT((#2940))
GLOBAL_UNIT_ASSIGNED_CONTEXT((#2943,#2945,#2946))
REPRESENTATION_CONTEXT('','3D')
);
#2943=(
LENGTH_UNIT()
NAMED_UNIT(*)
SI_UNIT(.MILLI.,.METRE.)
);
#2944=(
LENGTH_UNIT()
NAMED_UNIT(*)
SI_UNIT($,.METRE.)
);
#2945=(
NAMED_UNIT(*)
PLANE_ANGLE_UNIT()
SI_UNIT($,.RADIAN.)
);
#2946=(
NAMED_UNIT(*)
SI_UNIT($,.STERADIAN.)
SOLID_ANGLE_UNIT()
);
#2947=SHAPE_DEFINITION_REPRESENTATION(#2948,#2949);
#2948=PRODUCT_DEFINITION_SHAPE('',$,#2951);
#2949=SHAPE_REPRESENTATION('',(#1759),#2941);
#2950=PRODUCT_DEFINITION_CONTEXT('part definition',#2955,'design');
#2951=PRODUCT_DEFINITION('2026-06-12-13-37-30-630',
'Rover non-drive wheel w/ bearings',#2952,#2950);
#2952=PRODUCT_DEFINITION_FORMATION('',$,#2957);
#2953=PRODUCT_RELATED_PRODUCT_CATEGORY(
'Rover non-drive wheel w/ bearings','Rover non-drive wheel w/ bearings',
(#2957));
#2954=APPLICATION_PROTOCOL_DEFINITION('international standard',
'automotive_design',2009,#2955);
#2955=APPLICATION_CONTEXT(
'Core Data for Automotive Mechanical Design Process');
#2956=PRODUCT_CONTEXT('part definition',#2955,'mechanical');
#2957=PRODUCT('2026-06-12-13-37-30-630',
'Rover non-drive wheel w/ bearings',$,(#2956));
#2958=PRESENTATION_STYLE_ASSIGNMENT((#2959));
#2959=SURFACE_STYLE_USAGE(.BOTH.,#2960);
#2960=SURFACE_SIDE_STYLE('',(#2961));
#2961=SURFACE_STYLE_FILL_AREA(#2962);
#2962=FILL_AREA_STYLE('Steel - Satin',(#2963));
#2963=FILL_AREA_STYLE_COLOUR('Steel - Satin',#2964);
#2964=COLOUR_RGB('Steel - Satin',0.627450980392157,0.627450980392157,0.627450980392157);
ENDSEC;
END-ISO-10303-21;
