ISO-10303-21;
HEADER;
/* Generated by software containing ST-Developer
 * from STEP Tools, Inc. (www.steptools.com) 
 */

FILE_DESCRIPTION(
/* description */ (''),
/* implementation_level */ '2;1');

FILE_NAME(
/* name */ 'pallet.step',
/* time_stamp */ '2026-07-29T22:59:35-04:00',
/* author */ (''),
/* organization */ (''),
/* preprocessor_version */ 'ST-DEVELOPER v20.1',
/* originating_system */ 'Autodesk Translation Framework v15.8.0.0',
/* authorisation */ '');

FILE_SCHEMA (('AUTOMOTIVE_DESIGN { 1 0 10303 214 3 1 1 }'));
ENDSEC;

DATA;
#10=MECHANICAL_DESIGN_GEOMETRIC_PRESENTATION_REPRESENTATION('',(#13),#3657);
#11=SHAPE_REPRESENTATION_RELATIONSHIP('SRR','None',#3664,#12);
#12=ADVANCED_BREP_SHAPE_REPRESENTATION('',(#14),#3656);
#13=STYLED_ITEM('',(#3673),#14);
#14=MANIFOLD_SOLID_BREP('Body1',#2353);
#15=FACE_BOUND('',#212,.T.);
#16=FACE_BOUND('',#213,.T.);
#17=FACE_BOUND('',#214,.T.);
#18=FACE_BOUND('',#215,.T.);
#19=FACE_BOUND('',#216,.T.);
#20=FACE_BOUND('',#217,.T.);
#21=FACE_BOUND('',#218,.T.);
#22=FACE_BOUND('',#219,.T.);
#23=FACE_BOUND('',#220,.T.);
#24=FACE_BOUND('',#221,.T.);
#25=FACE_BOUND('',#222,.T.);
#26=FACE_BOUND('',#223,.T.);
#27=FACE_BOUND('',#224,.T.);
#28=FACE_BOUND('',#225,.T.);
#29=FACE_BOUND('',#239,.T.);
#30=FACE_BOUND('',#240,.T.);
#31=FACE_BOUND('',#241,.T.);
#32=FACE_BOUND('',#242,.T.);
#33=FACE_BOUND('',#243,.T.);
#34=FACE_BOUND('',#244,.T.);
#35=FACE_BOUND('',#245,.T.);
#36=FACE_BOUND('',#246,.T.);
#37=FACE_BOUND('',#247,.T.);
#38=FACE_BOUND('',#248,.T.);
#39=FACE_BOUND('',#249,.T.);
#40=FACE_BOUND('',#250,.T.);
#41=FACE_BOUND('',#251,.T.);
#42=FACE_BOUND('',#252,.T.);
#43=FACE_BOUND('',#274,.T.);
#44=FACE_OUTER_BOUND('',#145,.T.);
#45=FACE_OUTER_BOUND('',#146,.T.);
#46=FACE_OUTER_BOUND('',#147,.T.);
#47=FACE_OUTER_BOUND('',#148,.T.);
#48=FACE_OUTER_BOUND('',#149,.T.);
#49=FACE_OUTER_BOUND('',#150,.T.);
#50=FACE_OUTER_BOUND('',#151,.T.);
#51=FACE_OUTER_BOUND('',#152,.T.);
#52=FACE_OUTER_BOUND('',#153,.T.);
#53=FACE_OUTER_BOUND('',#154,.T.);
#54=FACE_OUTER_BOUND('',#155,.T.);
#55=FACE_OUTER_BOUND('',#156,.T.);
#56=FACE_OUTER_BOUND('',#157,.T.);
#57=FACE_OUTER_BOUND('',#158,.T.);
#58=FACE_OUTER_BOUND('',#159,.T.);
#59=FACE_OUTER_BOUND('',#160,.T.);
#60=FACE_OUTER_BOUND('',#161,.T.);
#61=FACE_OUTER_BOUND('',#162,.T.);
#62=FACE_OUTER_BOUND('',#163,.T.);
#63=FACE_OUTER_BOUND('',#164,.T.);
#64=FACE_OUTER_BOUND('',#165,.T.);
#65=FACE_OUTER_BOUND('',#166,.T.);
#66=FACE_OUTER_BOUND('',#167,.T.);
#67=FACE_OUTER_BOUND('',#168,.T.);
#68=FACE_OUTER_BOUND('',#169,.T.);
#69=FACE_OUTER_BOUND('',#170,.T.);
#70=FACE_OUTER_BOUND('',#171,.T.);
#71=FACE_OUTER_BOUND('',#172,.T.);
#72=FACE_OUTER_BOUND('',#173,.T.);
#73=FACE_OUTER_BOUND('',#174,.T.);
#74=FACE_OUTER_BOUND('',#175,.T.);
#75=FACE_OUTER_BOUND('',#176,.T.);
#76=FACE_OUTER_BOUND('',#177,.T.);
#77=FACE_OUTER_BOUND('',#178,.T.);
#78=FACE_OUTER_BOUND('',#179,.T.);
#79=FACE_OUTER_BOUND('',#180,.T.);
#80=FACE_OUTER_BOUND('',#181,.T.);
#81=FACE_OUTER_BOUND('',#182,.T.);
#82=FACE_OUTER_BOUND('',#183,.T.);
#83=FACE_OUTER_BOUND('',#184,.T.);
#84=FACE_OUTER_BOUND('',#185,.T.);
#85=FACE_OUTER_BOUND('',#186,.T.);
#86=FACE_OUTER_BOUND('',#187,.T.);
#87=FACE_OUTER_BOUND('',#188,.T.);
#88=FACE_OUTER_BOUND('',#189,.T.);
#89=FACE_OUTER_BOUND('',#190,.T.);
#90=FACE_OUTER_BOUND('',#191,.T.);
#91=FACE_OUTER_BOUND('',#192,.T.);
#92=FACE_OUTER_BOUND('',#193,.T.);
#93=FACE_OUTER_BOUND('',#194,.T.);
#94=FACE_OUTER_BOUND('',#195,.T.);
#95=FACE_OUTER_BOUND('',#196,.T.);
#96=FACE_OUTER_BOUND('',#197,.T.);
#97=FACE_OUTER_BOUND('',#198,.T.);
#98=FACE_OUTER_BOUND('',#199,.T.);
#99=FACE_OUTER_BOUND('',#200,.T.);
#100=FACE_OUTER_BOUND('',#201,.T.);
#101=FACE_OUTER_BOUND('',#202,.T.);
#102=FACE_OUTER_BOUND('',#203,.T.);
#103=FACE_OUTER_BOUND('',#204,.T.);
#104=FACE_OUTER_BOUND('',#205,.T.);
#105=FACE_OUTER_BOUND('',#206,.T.);
#106=FACE_OUTER_BOUND('',#207,.T.);
#107=FACE_OUTER_BOUND('',#208,.T.);
#108=FACE_OUTER_BOUND('',#209,.T.);
#109=FACE_OUTER_BOUND('',#210,.T.);
#110=FACE_OUTER_BOUND('',#211,.T.);
#111=FACE_OUTER_BOUND('',#226,.T.);
#112=FACE_OUTER_BOUND('',#227,.T.);
#113=FACE_OUTER_BOUND('',#228,.T.);
#114=FACE_OUTER_BOUND('',#229,.T.);
#115=FACE_OUTER_BOUND('',#230,.T.);
#116=FACE_OUTER_BOUND('',#231,.T.);
#117=FACE_OUTER_BOUND('',#232,.T.);
#118=FACE_OUTER_BOUND('',#233,.T.);
#119=FACE_OUTER_BOUND('',#234,.T.);
#120=FACE_OUTER_BOUND('',#235,.T.);
#121=FACE_OUTER_BOUND('',#236,.T.);
#122=FACE_OUTER_BOUND('',#237,.T.);
#123=FACE_OUTER_BOUND('',#238,.T.);
#124=FACE_OUTER_BOUND('',#253,.T.);
#125=FACE_OUTER_BOUND('',#254,.T.);
#126=FACE_OUTER_BOUND('',#255,.T.);
#127=FACE_OUTER_BOUND('',#256,.T.);
#128=FACE_OUTER_BOUND('',#257,.T.);
#129=FACE_OUTER_BOUND('',#258,.T.);
#130=FACE_OUTER_BOUND('',#259,.T.);
#131=FACE_OUTER_BOUND('',#260,.T.);
#132=FACE_OUTER_BOUND('',#261,.T.);
#133=FACE_OUTER_BOUND('',#262,.T.);
#134=FACE_OUTER_BOUND('',#263,.T.);
#135=FACE_OUTER_BOUND('',#264,.T.);
#136=FACE_OUTER_BOUND('',#265,.T.);
#137=FACE_OUTER_BOUND('',#266,.T.);
#138=FACE_OUTER_BOUND('',#267,.T.);
#139=FACE_OUTER_BOUND('',#268,.T.);
#140=FACE_OUTER_BOUND('',#269,.T.);
#141=FACE_OUTER_BOUND('',#270,.T.);
#142=FACE_OUTER_BOUND('',#271,.T.);
#143=FACE_OUTER_BOUND('',#272,.T.);
#144=FACE_OUTER_BOUND('',#273,.T.);
#145=EDGE_LOOP('',(#1487,#1488,#1489,#1490));
#146=EDGE_LOOP('',(#1491,#1492,#1493,#1494));
#147=EDGE_LOOP('',(#1495,#1496,#1497,#1498));
#148=EDGE_LOOP('',(#1499,#1500,#1501,#1502));
#149=EDGE_LOOP('',(#1503,#1504,#1505,#1506));
#150=EDGE_LOOP('',(#1507,#1508,#1509,#1510));
#151=EDGE_LOOP('',(#1511,#1512,#1513,#1514));
#152=EDGE_LOOP('',(#1515,#1516,#1517,#1518));
#153=EDGE_LOOP('',(#1519,#1520,#1521,#1522));
#154=EDGE_LOOP('',(#1523,#1524,#1525,#1526));
#155=EDGE_LOOP('',(#1527,#1528,#1529,#1530));
#156=EDGE_LOOP('',(#1531,#1532,#1533,#1534));
#157=EDGE_LOOP('',(#1535,#1536,#1537,#1538));
#158=EDGE_LOOP('',(#1539,#1540,#1541,#1542));
#159=EDGE_LOOP('',(#1543,#1544,#1545,#1546));
#160=EDGE_LOOP('',(#1547,#1548,#1549,#1550));
#161=EDGE_LOOP('',(#1551,#1552,#1553,#1554));
#162=EDGE_LOOP('',(#1555,#1556,#1557,#1558));
#163=EDGE_LOOP('',(#1559,#1560,#1561,#1562));
#164=EDGE_LOOP('',(#1563,#1564,#1565,#1566));
#165=EDGE_LOOP('',(#1567,#1568,#1569,#1570));
#166=EDGE_LOOP('',(#1571,#1572,#1573,#1574));
#167=EDGE_LOOP('',(#1575,#1576,#1577,#1578));
#168=EDGE_LOOP('',(#1579,#1580,#1581,#1582));
#169=EDGE_LOOP('',(#1583,#1584,#1585,#1586));
#170=EDGE_LOOP('',(#1587,#1588,#1589,#1590));
#171=EDGE_LOOP('',(#1591,#1592,#1593,#1594));
#172=EDGE_LOOP('',(#1595,#1596,#1597,#1598,#1599,#1600,#1601,#1602,#1603,
#1604,#1605,#1606,#1607,#1608,#1609,#1610,#1611,#1612,#1613,#1614,#1615,
#1616,#1617,#1618,#1619,#1620,#1621,#1622));
#173=EDGE_LOOP('',(#1623,#1624,#1625,#1626,#1627,#1628,#1629,#1630,#1631,
#1632,#1633,#1634,#1635,#1636,#1637,#1638,#1639,#1640,#1641,#1642,#1643,
#1644,#1645,#1646,#1647,#1648,#1649,#1650));
#174=EDGE_LOOP('',(#1651,#1652,#1653,#1654,#1655,#1656,#1657,#1658,#1659,
#1660,#1661,#1662,#1663,#1664,#1665,#1666,#1667,#1668,#1669,#1670,#1671,
#1672,#1673,#1674,#1675,#1676,#1677,#1678));
#175=EDGE_LOOP('',(#1679,#1680,#1681,#1682,#1683,#1684,#1685,#1686,#1687,
#1688,#1689,#1690,#1691,#1692,#1693,#1694,#1695,#1696,#1697,#1698,#1699,
#1700,#1701,#1702,#1703,#1704,#1705,#1706));
#176=EDGE_LOOP('',(#1707,#1708,#1709,#1710,#1711,#1712,#1713,#1714,#1715,
#1716,#1717,#1718,#1719,#1720,#1721,#1722,#1723,#1724,#1725,#1726,#1727,
#1728,#1729,#1730,#1731,#1732,#1733,#1734));
#177=EDGE_LOOP('',(#1735,#1736,#1737,#1738,#1739,#1740,#1741,#1742,#1743,
#1744,#1745,#1746,#1747,#1748,#1749,#1750,#1751,#1752,#1753,#1754,#1755,
#1756,#1757,#1758,#1759,#1760,#1761,#1762));
#178=EDGE_LOOP('',(#1763,#1764,#1765,#1766));
#179=EDGE_LOOP('',(#1767,#1768,#1769,#1770));
#180=EDGE_LOOP('',(#1771,#1772,#1773,#1774));
#181=EDGE_LOOP('',(#1775,#1776,#1777,#1778));
#182=EDGE_LOOP('',(#1779,#1780,#1781,#1782));
#183=EDGE_LOOP('',(#1783,#1784,#1785,#1786));
#184=EDGE_LOOP('',(#1787,#1788,#1789,#1790));
#185=EDGE_LOOP('',(#1791,#1792,#1793,#1794));
#186=EDGE_LOOP('',(#1795,#1796,#1797,#1798));
#187=EDGE_LOOP('',(#1799,#1800,#1801,#1802));
#188=EDGE_LOOP('',(#1803,#1804,#1805,#1806));
#189=EDGE_LOOP('',(#1807,#1808,#1809,#1810));
#190=EDGE_LOOP('',(#1811,#1812,#1813,#1814));
#191=EDGE_LOOP('',(#1815,#1816,#1817,#1818));
#192=EDGE_LOOP('',(#1819,#1820,#1821,#1822));
#193=EDGE_LOOP('',(#1823,#1824,#1825,#1826));
#194=EDGE_LOOP('',(#1827,#1828,#1829,#1830));
#195=EDGE_LOOP('',(#1831,#1832,#1833,#1834));
#196=EDGE_LOOP('',(#1835,#1836,#1837,#1838));
#197=EDGE_LOOP('',(#1839,#1840,#1841,#1842));
#198=EDGE_LOOP('',(#1843,#1844,#1845,#1846));
#199=EDGE_LOOP('',(#1847,#1848,#1849,#1850));
#200=EDGE_LOOP('',(#1851,#1852,#1853,#1854));
#201=EDGE_LOOP('',(#1855,#1856,#1857,#1858));
#202=EDGE_LOOP('',(#1859,#1860,#1861,#1862));
#203=EDGE_LOOP('',(#1863,#1864,#1865,#1866));
#204=EDGE_LOOP('',(#1867,#1868,#1869,#1870));
#205=EDGE_LOOP('',(#1871,#1872,#1873,#1874));
#206=EDGE_LOOP('',(#1875,#1876,#1877,#1878));
#207=EDGE_LOOP('',(#1879,#1880,#1881,#1882));
#208=EDGE_LOOP('',(#1883,#1884,#1885,#1886));
#209=EDGE_LOOP('',(#1887,#1888,#1889,#1890));
#210=EDGE_LOOP('',(#1891,#1892,#1893,#1894));
#211=EDGE_LOOP('',(#1895,#1896,#1897,#1898));
#212=EDGE_LOOP('',(#1899,#1900,#1901,#1902));
#213=EDGE_LOOP('',(#1903,#1904,#1905,#1906));
#214=EDGE_LOOP('',(#1907,#1908,#1909,#1910));
#215=EDGE_LOOP('',(#1911,#1912,#1913,#1914));
#216=EDGE_LOOP('',(#1915,#1916,#1917,#1918));
#217=EDGE_LOOP('',(#1919,#1920,#1921,#1922));
#218=EDGE_LOOP('',(#1923,#1924,#1925,#1926));
#219=EDGE_LOOP('',(#1927,#1928,#1929,#1930));
#220=EDGE_LOOP('',(#1931,#1932,#1933,#1934));
#221=EDGE_LOOP('',(#1935,#1936,#1937,#1938));
#222=EDGE_LOOP('',(#1939,#1940,#1941,#1942));
#223=EDGE_LOOP('',(#1943,#1944,#1945,#1946));
#224=EDGE_LOOP('',(#1947,#1948,#1949,#1950));
#225=EDGE_LOOP('',(#1951,#1952,#1953,#1954));
#226=EDGE_LOOP('',(#1955,#1956,#1957,#1958));
#227=EDGE_LOOP('',(#1959,#1960,#1961,#1962));
#228=EDGE_LOOP('',(#1963,#1964,#1965,#1966));
#229=EDGE_LOOP('',(#1967,#1968,#1969,#1970));
#230=EDGE_LOOP('',(#1971,#1972,#1973,#1974));
#231=EDGE_LOOP('',(#1975,#1976,#1977,#1978));
#232=EDGE_LOOP('',(#1979,#1980,#1981,#1982));
#233=EDGE_LOOP('',(#1983,#1984,#1985,#1986));
#234=EDGE_LOOP('',(#1987,#1988,#1989,#1990));
#235=EDGE_LOOP('',(#1991,#1992,#1993,#1994));
#236=EDGE_LOOP('',(#1995,#1996,#1997,#1998));
#237=EDGE_LOOP('',(#1999,#2000,#2001,#2002));
#238=EDGE_LOOP('',(#2003,#2004,#2005,#2006));
#239=EDGE_LOOP('',(#2007,#2008,#2009,#2010));
#240=EDGE_LOOP('',(#2011,#2012,#2013,#2014));
#241=EDGE_LOOP('',(#2015,#2016,#2017,#2018));
#242=EDGE_LOOP('',(#2019,#2020,#2021,#2022));
#243=EDGE_LOOP('',(#2023,#2024,#2025,#2026));
#244=EDGE_LOOP('',(#2027,#2028,#2029,#2030));
#245=EDGE_LOOP('',(#2031,#2032,#2033,#2034));
#246=EDGE_LOOP('',(#2035,#2036,#2037,#2038));
#247=EDGE_LOOP('',(#2039,#2040,#2041,#2042));
#248=EDGE_LOOP('',(#2043,#2044,#2045,#2046));
#249=EDGE_LOOP('',(#2047,#2048,#2049,#2050));
#250=EDGE_LOOP('',(#2051,#2052,#2053,#2054));
#251=EDGE_LOOP('',(#2055,#2056,#2057,#2058));
#252=EDGE_LOOP('',(#2059,#2060,#2061,#2062));
#253=EDGE_LOOP('',(#2063,#2064,#2065,#2066));
#254=EDGE_LOOP('',(#2067,#2068,#2069,#2070));
#255=EDGE_LOOP('',(#2071,#2072,#2073,#2074));
#256=EDGE_LOOP('',(#2075,#2076,#2077,#2078));
#257=EDGE_LOOP('',(#2079,#2080,#2081,#2082));
#258=EDGE_LOOP('',(#2083,#2084,#2085,#2086));
#259=EDGE_LOOP('',(#2087,#2088,#2089,#2090));
#260=EDGE_LOOP('',(#2091,#2092,#2093,#2094));
#261=EDGE_LOOP('',(#2095,#2096,#2097,#2098));
#262=EDGE_LOOP('',(#2099,#2100,#2101,#2102));
#263=EDGE_LOOP('',(#2103,#2104,#2105,#2106));
#264=EDGE_LOOP('',(#2107,#2108,#2109,#2110));
#265=EDGE_LOOP('',(#2111,#2112,#2113,#2114));
#266=EDGE_LOOP('',(#2115,#2116,#2117,#2118));
#267=EDGE_LOOP('',(#2119,#2120,#2121,#2122));
#268=EDGE_LOOP('',(#2123,#2124,#2125,#2126));
#269=EDGE_LOOP('',(#2127,#2128,#2129,#2130));
#270=EDGE_LOOP('',(#2131,#2132,#2133,#2134));
#271=EDGE_LOOP('',(#2135,#2136,#2137,#2138));
#272=EDGE_LOOP('',(#2139,#2140,#2141,#2142));
#273=EDGE_LOOP('',(#2143,#2144,#2145,#2146));
#274=EDGE_LOOP('',(#2147,#2148,#2149,#2150));
#275=LINE('',#3008,#607);
#276=LINE('',#3010,#608);
#277=LINE('',#3012,#609);
#278=LINE('',#3013,#610);
#279=LINE('',#3017,#611);
#280=LINE('',#3019,#612);
#281=LINE('',#3021,#613);
#282=LINE('',#3022,#614);
#283=LINE('',#3024,#615);
#284=LINE('',#3025,#616);
#285=LINE('',#3029,#617);
#286=LINE('',#3031,#618);
#287=LINE('',#3033,#619);
#288=LINE('',#3034,#620);
#289=LINE('',#3038,#621);
#290=LINE('',#3040,#622);
#291=LINE('',#3042,#623);
#292=LINE('',#3043,#624);
#293=LINE('',#3045,#625);
#294=LINE('',#3046,#626);
#295=LINE('',#3050,#627);
#296=LINE('',#3052,#628);
#297=LINE('',#3054,#629);
#298=LINE('',#3055,#630);
#299=LINE('',#3059,#631);
#300=LINE('',#3061,#632);
#301=LINE('',#3063,#633);
#302=LINE('',#3064,#634);
#303=LINE('',#3066,#635);
#304=LINE('',#3067,#636);
#305=LINE('',#3071,#637);
#306=LINE('',#3073,#638);
#307=LINE('',#3075,#639);
#308=LINE('',#3076,#640);
#309=LINE('',#3080,#641);
#310=LINE('',#3082,#642);
#311=LINE('',#3084,#643);
#312=LINE('',#3085,#644);
#313=LINE('',#3087,#645);
#314=LINE('',#3088,#646);
#315=LINE('',#3092,#647);
#316=LINE('',#3094,#648);
#317=LINE('',#3096,#649);
#318=LINE('',#3097,#650);
#319=LINE('',#3101,#651);
#320=LINE('',#3103,#652);
#321=LINE('',#3105,#653);
#322=LINE('',#3106,#654);
#323=LINE('',#3108,#655);
#324=LINE('',#3109,#656);
#325=LINE('',#3113,#657);
#326=LINE('',#3115,#658);
#327=LINE('',#3117,#659);
#328=LINE('',#3118,#660);
#329=LINE('',#3122,#661);
#330=LINE('',#3124,#662);
#331=LINE('',#3126,#663);
#332=LINE('',#3127,#664);
#333=LINE('',#3129,#665);
#334=LINE('',#3130,#666);
#335=LINE('',#3134,#667);
#336=LINE('',#3136,#668);
#337=LINE('',#3138,#669);
#338=LINE('',#3139,#670);
#339=LINE('',#3143,#671);
#340=LINE('',#3145,#672);
#341=LINE('',#3147,#673);
#342=LINE('',#3148,#674);
#343=LINE('',#3150,#675);
#344=LINE('',#3151,#676);
#345=LINE('',#3155,#677);
#346=LINE('',#3157,#678);
#347=LINE('',#3159,#679);
#348=LINE('',#3160,#680);
#349=LINE('',#3164,#681);
#350=LINE('',#3166,#682);
#351=LINE('',#3168,#683);
#352=LINE('',#3169,#684);
#353=LINE('',#3171,#685);
#354=LINE('',#3172,#686);
#355=LINE('',#3176,#687);
#356=LINE('',#3178,#688);
#357=LINE('',#3180,#689);
#358=LINE('',#3181,#690);
#359=LINE('',#3185,#691);
#360=LINE('',#3187,#692);
#361=LINE('',#3189,#693);
#362=LINE('',#3190,#694);
#363=LINE('',#3192,#695);
#364=LINE('',#3193,#696);
#365=LINE('',#3195,#697);
#366=LINE('',#3196,#698);
#367=LINE('',#3198,#699);
#368=LINE('',#3200,#700);
#369=LINE('',#3202,#701);
#370=LINE('',#3204,#702);
#371=LINE('',#3206,#703);
#372=LINE('',#3208,#704);
#373=LINE('',#3210,#705);
#374=LINE('',#3212,#706);
#375=LINE('',#3214,#707);
#376=LINE('',#3216,#708);
#377=LINE('',#3218,#709);
#378=LINE('',#3220,#710);
#379=LINE('',#3222,#711);
#380=LINE('',#3224,#712);
#381=LINE('',#3226,#713);
#382=LINE('',#3228,#714);
#383=LINE('',#3229,#715);
#384=LINE('',#3232,#716);
#385=LINE('',#3234,#717);
#386=LINE('',#3236,#718);
#387=LINE('',#3238,#719);
#388=LINE('',#3240,#720);
#389=LINE('',#3242,#721);
#390=LINE('',#3244,#722);
#391=LINE('',#3246,#723);
#392=LINE('',#3248,#724);
#393=LINE('',#3250,#725);
#394=LINE('',#3252,#726);
#395=LINE('',#3254,#727);
#396=LINE('',#3256,#728);
#397=LINE('',#3258,#729);
#398=LINE('',#3260,#730);
#399=LINE('',#3262,#731);
#400=LINE('',#3263,#732);
#401=LINE('',#3264,#733);
#402=LINE('',#3265,#734);
#403=LINE('',#3267,#735);
#404=LINE('',#3269,#736);
#405=LINE('',#3271,#737);
#406=LINE('',#3273,#738);
#407=LINE('',#3275,#739);
#408=LINE('',#3277,#740);
#409=LINE('',#3279,#741);
#410=LINE('',#3281,#742);
#411=LINE('',#3283,#743);
#412=LINE('',#3285,#744);
#413=LINE('',#3287,#745);
#414=LINE('',#3289,#746);
#415=LINE('',#3291,#747);
#416=LINE('',#3293,#748);
#417=LINE('',#3295,#749);
#418=LINE('',#3297,#750);
#419=LINE('',#3299,#751);
#420=LINE('',#3300,#752);
#421=LINE('',#3301,#753);
#422=LINE('',#3303,#754);
#423=LINE('',#3305,#755);
#424=LINE('',#3307,#756);
#425=LINE('',#3309,#757);
#426=LINE('',#3311,#758);
#427=LINE('',#3313,#759);
#428=LINE('',#3315,#760);
#429=LINE('',#3317,#761);
#430=LINE('',#3319,#762);
#431=LINE('',#3321,#763);
#432=LINE('',#3323,#764);
#433=LINE('',#3325,#765);
#434=LINE('',#3327,#766);
#435=LINE('',#3329,#767);
#436=LINE('',#3331,#768);
#437=LINE('',#3333,#769);
#438=LINE('',#3335,#770);
#439=LINE('',#3336,#771);
#440=LINE('',#3337,#772);
#441=LINE('',#3339,#773);
#442=LINE('',#3340,#774);
#443=LINE('',#3342,#775);
#444=LINE('',#3344,#776);
#445=LINE('',#3346,#777);
#446=LINE('',#3348,#778);
#447=LINE('',#3350,#779);
#448=LINE('',#3352,#780);
#449=LINE('',#3354,#781);
#450=LINE('',#3356,#782);
#451=LINE('',#3358,#783);
#452=LINE('',#3360,#784);
#453=LINE('',#3362,#785);
#454=LINE('',#3364,#786);
#455=LINE('',#3366,#787);
#456=LINE('',#3368,#788);
#457=LINE('',#3370,#789);
#458=LINE('',#3372,#790);
#459=LINE('',#3373,#791);
#460=LINE('',#3376,#792);
#461=LINE('',#3378,#793);
#462=LINE('',#3380,#794);
#463=LINE('',#3382,#795);
#464=LINE('',#3384,#796);
#465=LINE('',#3386,#797);
#466=LINE('',#3388,#798);
#467=LINE('',#3390,#799);
#468=LINE('',#3392,#800);
#469=LINE('',#3394,#801);
#470=LINE('',#3396,#802);
#471=LINE('',#3398,#803);
#472=LINE('',#3400,#804);
#473=LINE('',#3402,#805);
#474=LINE('',#3404,#806);
#475=LINE('',#3406,#807);
#476=LINE('',#3407,#808);
#477=LINE('',#3408,#809);
#478=LINE('',#3409,#810);
#479=LINE('',#3411,#811);
#480=LINE('',#3412,#812);
#481=LINE('',#3414,#813);
#482=LINE('',#3415,#814);
#483=LINE('',#3418,#815);
#484=LINE('',#3419,#816);
#485=LINE('',#3421,#817);
#486=LINE('',#3422,#818);
#487=LINE('',#3425,#819);
#488=LINE('',#3426,#820);
#489=LINE('',#3428,#821);
#490=LINE('',#3429,#822);
#491=LINE('',#3432,#823);
#492=LINE('',#3433,#824);
#493=LINE('',#3435,#825);
#494=LINE('',#3436,#826);
#495=LINE('',#3439,#827);
#496=LINE('',#3440,#828);
#497=LINE('',#3442,#829);
#498=LINE('',#3443,#830);
#499=LINE('',#3446,#831);
#500=LINE('',#3447,#832);
#501=LINE('',#3449,#833);
#502=LINE('',#3450,#834);
#503=LINE('',#3453,#835);
#504=LINE('',#3454,#836);
#505=LINE('',#3456,#837);
#506=LINE('',#3457,#838);
#507=LINE('',#3460,#839);
#508=LINE('',#3461,#840);
#509=LINE('',#3463,#841);
#510=LINE('',#3464,#842);
#511=LINE('',#3467,#843);
#512=LINE('',#3468,#844);
#513=LINE('',#3470,#845);
#514=LINE('',#3471,#846);
#515=LINE('',#3476,#847);
#516=LINE('',#3478,#848);
#517=LINE('',#3480,#849);
#518=LINE('',#3481,#850);
#519=LINE('',#3484,#851);
#520=LINE('',#3486,#852);
#521=LINE('',#3487,#853);
#522=LINE('',#3490,#854);
#523=LINE('',#3492,#855);
#524=LINE('',#3493,#856);
#525=LINE('',#3495,#857);
#526=LINE('',#3496,#858);
#527=LINE('',#3499,#859);
#528=LINE('',#3501,#860);
#529=LINE('',#3502,#861);
#530=LINE('',#3505,#862);
#531=LINE('',#3506,#863);
#532=LINE('',#3510,#864);
#533=LINE('',#3512,#865);
#534=LINE('',#3514,#866);
#535=LINE('',#3515,#867);
#536=LINE('',#3516,#868);
#537=LINE('',#3517,#869);
#538=LINE('',#3518,#870);
#539=LINE('',#3521,#871);
#540=LINE('',#3523,#872);
#541=LINE('',#3525,#873);
#542=LINE('',#3526,#874);
#543=LINE('',#3527,#875);
#544=LINE('',#3528,#876);
#545=LINE('',#3529,#877);
#546=LINE('',#3532,#878);
#547=LINE('',#3534,#879);
#548=LINE('',#3535,#880);
#549=LINE('',#3538,#881);
#550=LINE('',#3539,#882);
#551=LINE('',#3542,#883);
#552=LINE('',#3543,#884);
#553=LINE('',#3545,#885);
#554=LINE('',#3548,#886);
#555=LINE('',#3550,#887);
#556=LINE('',#3551,#888);
#557=LINE('',#3554,#889);
#558=LINE('',#3555,#890);
#559=LINE('',#3559,#891);
#560=LINE('',#3560,#892);
#561=LINE('',#3562,#893);
#562=LINE('',#3563,#894);
#563=LINE('',#3566,#895);
#564=LINE('',#3567,#896);
#565=LINE('',#3570,#897);
#566=LINE('',#3571,#898);
#567=LINE('',#3573,#899);
#568=LINE('',#3574,#900);
#569=LINE('',#3576,#901);
#570=LINE('',#3581,#902);
#571=LINE('',#3583,#903);
#572=LINE('',#3585,#904);
#573=LINE('',#3586,#905);
#574=LINE('',#3587,#906);
#575=LINE('',#3588,#907);
#576=LINE('',#3589,#908);
#577=LINE('',#3592,#909);
#578=LINE('',#3594,#910);
#579=LINE('',#3596,#911);
#580=LINE('',#3597,#912);
#581=LINE('',#3598,#913);
#582=LINE('',#3599,#914);
#583=LINE('',#3600,#915);
#584=LINE('',#3602,#916);
#585=LINE('',#3603,#917);
#586=LINE('',#3606,#918);
#587=LINE('',#3607,#919);
#588=LINE('',#3609,#920);
#589=LINE('',#3610,#921);
#590=LINE('',#3615,#922);
#591=LINE('',#3617,#923);
#592=LINE('',#3619,#924);
#593=LINE('',#3620,#925);
#594=LINE('',#3623,#926);
#595=LINE('',#3625,#927);
#596=LINE('',#3626,#928);
#597=LINE('',#3629,#929);
#598=LINE('',#3631,#930);
#599=LINE('',#3632,#931);
#600=LINE('',#3634,#932);
#601=LINE('',#3635,#933);
#602=LINE('',#3640,#934);
#603=LINE('',#3647,#935);
#604=LINE('',#3648,#936);
#605=LINE('',#3650,#937);
#606=LINE('',#3652,#938);
#607=VECTOR('',#2472,10.);
#608=VECTOR('',#2473,10.);
#609=VECTOR('',#2474,10.);
#610=VECTOR('',#2475,10.);
#611=VECTOR('',#2478,10.);
#612=VECTOR('',#2479,10.);
#613=VECTOR('',#2480,10.);
#614=VECTOR('',#2481,10.);
#615=VECTOR('',#2484,10.);
#616=VECTOR('',#2485,10.);
#617=VECTOR('',#2488,10.);
#618=VECTOR('',#2489,10.);
#619=VECTOR('',#2490,10.);
#620=VECTOR('',#2491,10.);
#621=VECTOR('',#2494,10.);
#622=VECTOR('',#2495,10.);
#623=VECTOR('',#2496,10.);
#624=VECTOR('',#2497,10.);
#625=VECTOR('',#2500,10.);
#626=VECTOR('',#2501,10.);
#627=VECTOR('',#2504,10.);
#628=VECTOR('',#2505,10.);
#629=VECTOR('',#2506,10.);
#630=VECTOR('',#2507,10.);
#631=VECTOR('',#2510,10.);
#632=VECTOR('',#2511,10.);
#633=VECTOR('',#2512,10.);
#634=VECTOR('',#2513,10.);
#635=VECTOR('',#2516,10.);
#636=VECTOR('',#2517,10.);
#637=VECTOR('',#2520,10.);
#638=VECTOR('',#2521,10.);
#639=VECTOR('',#2522,10.);
#640=VECTOR('',#2523,10.);
#641=VECTOR('',#2526,10.);
#642=VECTOR('',#2527,10.);
#643=VECTOR('',#2528,10.);
#644=VECTOR('',#2529,10.);
#645=VECTOR('',#2532,10.);
#646=VECTOR('',#2533,10.);
#647=VECTOR('',#2536,10.);
#648=VECTOR('',#2537,10.);
#649=VECTOR('',#2538,10.);
#650=VECTOR('',#2539,10.);
#651=VECTOR('',#2542,10.);
#652=VECTOR('',#2543,10.);
#653=VECTOR('',#2544,10.);
#654=VECTOR('',#2545,10.);
#655=VECTOR('',#2548,10.);
#656=VECTOR('',#2549,10.);
#657=VECTOR('',#2552,10.);
#658=VECTOR('',#2553,10.);
#659=VECTOR('',#2554,10.);
#660=VECTOR('',#2555,10.);
#661=VECTOR('',#2558,10.);
#662=VECTOR('',#2559,10.);
#663=VECTOR('',#2560,10.);
#664=VECTOR('',#2561,10.);
#665=VECTOR('',#2564,10.);
#666=VECTOR('',#2565,10.);
#667=VECTOR('',#2568,10.);
#668=VECTOR('',#2569,10.);
#669=VECTOR('',#2570,10.);
#670=VECTOR('',#2571,10.);
#671=VECTOR('',#2574,10.);
#672=VECTOR('',#2575,10.);
#673=VECTOR('',#2576,10.);
#674=VECTOR('',#2577,10.);
#675=VECTOR('',#2580,10.);
#676=VECTOR('',#2581,10.);
#677=VECTOR('',#2584,10.);
#678=VECTOR('',#2585,10.);
#679=VECTOR('',#2586,10.);
#680=VECTOR('',#2587,10.);
#681=VECTOR('',#2590,10.);
#682=VECTOR('',#2591,10.);
#683=VECTOR('',#2592,10.);
#684=VECTOR('',#2593,10.);
#685=VECTOR('',#2596,10.);
#686=VECTOR('',#2597,10.);
#687=VECTOR('',#2600,10.);
#688=VECTOR('',#2601,10.);
#689=VECTOR('',#2602,10.);
#690=VECTOR('',#2603,10.);
#691=VECTOR('',#2606,10.);
#692=VECTOR('',#2607,10.);
#693=VECTOR('',#2608,10.);
#694=VECTOR('',#2609,10.);
#695=VECTOR('',#2612,10.);
#696=VECTOR('',#2613,10.);
#697=VECTOR('',#2616,10.);
#698=VECTOR('',#2617,10.);
#699=VECTOR('',#2618,10.);
#700=VECTOR('',#2619,10.);
#701=VECTOR('',#2620,10.);
#702=VECTOR('',#2621,10.);
#703=VECTOR('',#2622,10.);
#704=VECTOR('',#2623,10.);
#705=VECTOR('',#2624,10.);
#706=VECTOR('',#2625,10.);
#707=VECTOR('',#2626,10.);
#708=VECTOR('',#2627,10.);
#709=VECTOR('',#2628,10.);
#710=VECTOR('',#2629,10.);
#711=VECTOR('',#2630,10.);
#712=VECTOR('',#2631,10.);
#713=VECTOR('',#2632,10.);
#714=VECTOR('',#2633,10.);
#715=VECTOR('',#2634,10.);
#716=VECTOR('',#2637,10.);
#717=VECTOR('',#2638,10.);
#718=VECTOR('',#2639,10.);
#719=VECTOR('',#2640,10.);
#720=VECTOR('',#2641,10.);
#721=VECTOR('',#2642,10.);
#722=VECTOR('',#2643,10.);
#723=VECTOR('',#2644,10.);
#724=VECTOR('',#2645,10.);
#725=VECTOR('',#2646,10.);
#726=VECTOR('',#2647,10.);
#727=VECTOR('',#2648,10.);
#728=VECTOR('',#2649,10.);
#729=VECTOR('',#2650,10.);
#730=VECTOR('',#2651,10.);
#731=VECTOR('',#2652,10.);
#732=VECTOR('',#2653,10.);
#733=VECTOR('',#2654,10.);
#734=VECTOR('',#2655,10.);
#735=VECTOR('',#2658,10.);
#736=VECTOR('',#2659,10.);
#737=VECTOR('',#2660,10.);
#738=VECTOR('',#2661,10.);
#739=VECTOR('',#2662,10.);
#740=VECTOR('',#2663,10.);
#741=VECTOR('',#2664,10.);
#742=VECTOR('',#2665,10.);
#743=VECTOR('',#2666,10.);
#744=VECTOR('',#2667,10.);
#745=VECTOR('',#2668,10.);
#746=VECTOR('',#2669,10.);
#747=VECTOR('',#2670,10.);
#748=VECTOR('',#2671,10.);
#749=VECTOR('',#2672,10.);
#750=VECTOR('',#2673,10.);
#751=VECTOR('',#2674,10.);
#752=VECTOR('',#2675,10.);
#753=VECTOR('',#2676,10.);
#754=VECTOR('',#2679,10.);
#755=VECTOR('',#2680,10.);
#756=VECTOR('',#2681,10.);
#757=VECTOR('',#2682,10.);
#758=VECTOR('',#2683,10.);
#759=VECTOR('',#2684,10.);
#760=VECTOR('',#2685,10.);
#761=VECTOR('',#2686,10.);
#762=VECTOR('',#2687,10.);
#763=VECTOR('',#2688,10.);
#764=VECTOR('',#2689,10.);
#765=VECTOR('',#2690,10.);
#766=VECTOR('',#2691,10.);
#767=VECTOR('',#2692,10.);
#768=VECTOR('',#2693,10.);
#769=VECTOR('',#2694,10.);
#770=VECTOR('',#2695,10.);
#771=VECTOR('',#2696,10.);
#772=VECTOR('',#2697,10.);
#773=VECTOR('',#2700,10.);
#774=VECTOR('',#2701,10.);
#775=VECTOR('',#2702,10.);
#776=VECTOR('',#2703,10.);
#777=VECTOR('',#2704,10.);
#778=VECTOR('',#2705,10.);
#779=VECTOR('',#2706,10.);
#780=VECTOR('',#2707,10.);
#781=VECTOR('',#2708,10.);
#782=VECTOR('',#2709,10.);
#783=VECTOR('',#2710,10.);
#784=VECTOR('',#2711,10.);
#785=VECTOR('',#2712,10.);
#786=VECTOR('',#2713,10.);
#787=VECTOR('',#2714,10.);
#788=VECTOR('',#2715,10.);
#789=VECTOR('',#2716,10.);
#790=VECTOR('',#2717,10.);
#791=VECTOR('',#2718,10.);
#792=VECTOR('',#2721,10.);
#793=VECTOR('',#2722,10.);
#794=VECTOR('',#2723,10.);
#795=VECTOR('',#2724,10.);
#796=VECTOR('',#2725,10.);
#797=VECTOR('',#2726,10.);
#798=VECTOR('',#2727,10.);
#799=VECTOR('',#2728,10.);
#800=VECTOR('',#2729,10.);
#801=VECTOR('',#2730,10.);
#802=VECTOR('',#2731,10.);
#803=VECTOR('',#2732,10.);
#804=VECTOR('',#2733,10.);
#805=VECTOR('',#2734,10.);
#806=VECTOR('',#2735,10.);
#807=VECTOR('',#2736,10.);
#808=VECTOR('',#2737,10.);
#809=VECTOR('',#2738,10.);
#810=VECTOR('',#2739,10.);
#811=VECTOR('',#2742,10.);
#812=VECTOR('',#2743,10.);
#813=VECTOR('',#2746,10.);
#814=VECTOR('',#2747,10.);
#815=VECTOR('',#2752,10.);
#816=VECTOR('',#2753,10.);
#817=VECTOR('',#2756,10.);
#818=VECTOR('',#2757,10.);
#819=VECTOR('',#2762,10.);
#820=VECTOR('',#2763,10.);
#821=VECTOR('',#2766,10.);
#822=VECTOR('',#2767,10.);
#823=VECTOR('',#2772,10.);
#824=VECTOR('',#2773,10.);
#825=VECTOR('',#2776,10.);
#826=VECTOR('',#2777,10.);
#827=VECTOR('',#2782,10.);
#828=VECTOR('',#2783,10.);
#829=VECTOR('',#2786,10.);
#830=VECTOR('',#2787,10.);
#831=VECTOR('',#2792,10.);
#832=VECTOR('',#2793,10.);
#833=VECTOR('',#2796,10.);
#834=VECTOR('',#2797,10.);
#835=VECTOR('',#2802,10.);
#836=VECTOR('',#2803,10.);
#837=VECTOR('',#2806,10.);
#838=VECTOR('',#2807,10.);
#839=VECTOR('',#2812,10.);
#840=VECTOR('',#2813,10.);
#841=VECTOR('',#2816,10.);
#842=VECTOR('',#2817,10.);
#843=VECTOR('',#2822,10.);
#844=VECTOR('',#2823,10.);
#845=VECTOR('',#2826,10.);
#846=VECTOR('',#2827,10.);
#847=VECTOR('',#2832,10.);
#848=VECTOR('',#2833,10.);
#849=VECTOR('',#2834,10.);
#850=VECTOR('',#2835,10.);
#851=VECTOR('',#2838,10.);
#852=VECTOR('',#2839,10.);
#853=VECTOR('',#2840,10.);
#854=VECTOR('',#2843,10.);
#855=VECTOR('',#2844,10.);
#856=VECTOR('',#2845,10.);
#857=VECTOR('',#2848,10.);
#858=VECTOR('',#2849,10.);
#859=VECTOR('',#2852,10.);
#860=VECTOR('',#2853,10.);
#861=VECTOR('',#2854,10.);
#862=VECTOR('',#2857,10.);
#863=VECTOR('',#2858,10.);
#864=VECTOR('',#2861,10.);
#865=VECTOR('',#2862,10.);
#866=VECTOR('',#2863,10.);
#867=VECTOR('',#2864,10.);
#868=VECTOR('',#2865,10.);
#869=VECTOR('',#2866,10.);
#870=VECTOR('',#2867,10.);
#871=VECTOR('',#2868,10.);
#872=VECTOR('',#2869,10.);
#873=VECTOR('',#2870,10.);
#874=VECTOR('',#2871,10.);
#875=VECTOR('',#2872,10.);
#876=VECTOR('',#2873,10.);
#877=VECTOR('',#2874,10.);
#878=VECTOR('',#2877,10.);
#879=VECTOR('',#2878,10.);
#880=VECTOR('',#2879,10.);
#881=VECTOR('',#2882,10.);
#882=VECTOR('',#2883,10.);
#883=VECTOR('',#2886,10.);
#884=VECTOR('',#2887,10.);
#885=VECTOR('',#2890,10.);
#886=VECTOR('',#2893,10.);
#887=VECTOR('',#2894,10.);
#888=VECTOR('',#2895,10.);
#889=VECTOR('',#2898,10.);
#890=VECTOR('',#2899,10.);
#891=VECTOR('',#2902,10.);
#892=VECTOR('',#2903,10.);
#893=VECTOR('',#2904,10.);
#894=VECTOR('',#2905,10.);
#895=VECTOR('',#2908,10.);
#896=VECTOR('',#2909,10.);
#897=VECTOR('',#2912,10.);
#898=VECTOR('',#2913,10.);
#899=VECTOR('',#2916,10.);
#900=VECTOR('',#2917,10.);
#901=VECTOR('',#2920,10.);
#902=VECTOR('',#2925,10.);
#903=VECTOR('',#2926,10.);
#904=VECTOR('',#2927,10.);
#905=VECTOR('',#2928,10.);
#906=VECTOR('',#2929,10.);
#907=VECTOR('',#2930,10.);
#908=VECTOR('',#2931,10.);
#909=VECTOR('',#2932,10.);
#910=VECTOR('',#2933,10.);
#911=VECTOR('',#2934,10.);
#912=VECTOR('',#2935,10.);
#913=VECTOR('',#2936,10.);
#914=VECTOR('',#2937,10.);
#915=VECTOR('',#2938,10.);
#916=VECTOR('',#2941,10.);
#917=VECTOR('',#2942,10.);
#918=VECTOR('',#2945,10.);
#919=VECTOR('',#2946,10.);
#920=VECTOR('',#2949,10.);
#921=VECTOR('',#2950,10.);
#922=VECTOR('',#2955,10.);
#923=VECTOR('',#2956,10.);
#924=VECTOR('',#2957,10.);
#925=VECTOR('',#2958,10.);
#926=VECTOR('',#2961,10.);
#927=VECTOR('',#2962,10.);
#928=VECTOR('',#2963,10.);
#929=VECTOR('',#2966,10.);
#930=VECTOR('',#2967,10.);
#931=VECTOR('',#2968,10.);
#932=VECTOR('',#2971,10.);
#933=VECTOR('',#2972,10.);
#934=VECTOR('',#2981,10.);
#935=VECTOR('',#2994,10.);
#936=VECTOR('',#2995,10.);
#937=VECTOR('',#2998,10.);
#938=VECTOR('',#3001,10.);
#939=VERTEX_POINT('',#3006);
#940=VERTEX_POINT('',#3007);
#941=VERTEX_POINT('',#3009);
#942=VERTEX_POINT('',#3011);
#943=VERTEX_POINT('',#3015);
#944=VERTEX_POINT('',#3016);
#945=VERTEX_POINT('',#3018);
#946=VERTEX_POINT('',#3020);
#947=VERTEX_POINT('',#3027);
#948=VERTEX_POINT('',#3028);
#949=VERTEX_POINT('',#3030);
#950=VERTEX_POINT('',#3032);
#951=VERTEX_POINT('',#3036);
#952=VERTEX_POINT('',#3037);
#953=VERTEX_POINT('',#3039);
#954=VERTEX_POINT('',#3041);
#955=VERTEX_POINT('',#3048);
#956=VERTEX_POINT('',#3049);
#957=VERTEX_POINT('',#3051);
#958=VERTEX_POINT('',#3053);
#959=VERTEX_POINT('',#3057);
#960=VERTEX_POINT('',#3058);
#961=VERTEX_POINT('',#3060);
#962=VERTEX_POINT('',#3062);
#963=VERTEX_POINT('',#3069);
#964=VERTEX_POINT('',#3070);
#965=VERTEX_POINT('',#3072);
#966=VERTEX_POINT('',#3074);
#967=VERTEX_POINT('',#3078);
#968=VERTEX_POINT('',#3079);
#969=VERTEX_POINT('',#3081);
#970=VERTEX_POINT('',#3083);
#971=VERTEX_POINT('',#3090);
#972=VERTEX_POINT('',#3091);
#973=VERTEX_POINT('',#3093);
#974=VERTEX_POINT('',#3095);
#975=VERTEX_POINT('',#3099);
#976=VERTEX_POINT('',#3100);
#977=VERTEX_POINT('',#3102);
#978=VERTEX_POINT('',#3104);
#979=VERTEX_POINT('',#3111);
#980=VERTEX_POINT('',#3112);
#981=VERTEX_POINT('',#3114);
#982=VERTEX_POINT('',#3116);
#983=VERTEX_POINT('',#3120);
#984=VERTEX_POINT('',#3121);
#985=VERTEX_POINT('',#3123);
#986=VERTEX_POINT('',#3125);
#987=VERTEX_POINT('',#3132);
#988=VERTEX_POINT('',#3133);
#989=VERTEX_POINT('',#3135);
#990=VERTEX_POINT('',#3137);
#991=VERTEX_POINT('',#3141);
#992=VERTEX_POINT('',#3142);
#993=VERTEX_POINT('',#3144);
#994=VERTEX_POINT('',#3146);
#995=VERTEX_POINT('',#3153);
#996=VERTEX_POINT('',#3154);
#997=VERTEX_POINT('',#3156);
#998=VERTEX_POINT('',#3158);
#999=VERTEX_POINT('',#3162);
#1000=VERTEX_POINT('',#3163);
#1001=VERTEX_POINT('',#3165);
#1002=VERTEX_POINT('',#3167);
#1003=VERTEX_POINT('',#3174);
#1004=VERTEX_POINT('',#3175);
#1005=VERTEX_POINT('',#3177);
#1006=VERTEX_POINT('',#3179);
#1007=VERTEX_POINT('',#3183);
#1008=VERTEX_POINT('',#3184);
#1009=VERTEX_POINT('',#3186);
#1010=VERTEX_POINT('',#3188);
#1011=VERTEX_POINT('',#3197);
#1012=VERTEX_POINT('',#3199);
#1013=VERTEX_POINT('',#3201);
#1014=VERTEX_POINT('',#3203);
#1015=VERTEX_POINT('',#3205);
#1016=VERTEX_POINT('',#3207);
#1017=VERTEX_POINT('',#3209);
#1018=VERTEX_POINT('',#3211);
#1019=VERTEX_POINT('',#3213);
#1020=VERTEX_POINT('',#3215);
#1021=VERTEX_POINT('',#3217);
#1022=VERTEX_POINT('',#3219);
#1023=VERTEX_POINT('',#3221);
#1024=VERTEX_POINT('',#3223);
#1025=VERTEX_POINT('',#3225);
#1026=VERTEX_POINT('',#3227);
#1027=VERTEX_POINT('',#3231);
#1028=VERTEX_POINT('',#3233);
#1029=VERTEX_POINT('',#3235);
#1030=VERTEX_POINT('',#3237);
#1031=VERTEX_POINT('',#3239);
#1032=VERTEX_POINT('',#3241);
#1033=VERTEX_POINT('',#3243);
#1034=VERTEX_POINT('',#3245);
#1035=VERTEX_POINT('',#3247);
#1036=VERTEX_POINT('',#3249);
#1037=VERTEX_POINT('',#3251);
#1038=VERTEX_POINT('',#3253);
#1039=VERTEX_POINT('',#3255);
#1040=VERTEX_POINT('',#3257);
#1041=VERTEX_POINT('',#3259);
#1042=VERTEX_POINT('',#3261);
#1043=VERTEX_POINT('',#3268);
#1044=VERTEX_POINT('',#3270);
#1045=VERTEX_POINT('',#3272);
#1046=VERTEX_POINT('',#3274);
#1047=VERTEX_POINT('',#3276);
#1048=VERTEX_POINT('',#3278);
#1049=VERTEX_POINT('',#3280);
#1050=VERTEX_POINT('',#3282);
#1051=VERTEX_POINT('',#3284);
#1052=VERTEX_POINT('',#3286);
#1053=VERTEX_POINT('',#3288);
#1054=VERTEX_POINT('',#3290);
#1055=VERTEX_POINT('',#3292);
#1056=VERTEX_POINT('',#3294);
#1057=VERTEX_POINT('',#3296);
#1058=VERTEX_POINT('',#3298);
#1059=VERTEX_POINT('',#3304);
#1060=VERTEX_POINT('',#3306);
#1061=VERTEX_POINT('',#3308);
#1062=VERTEX_POINT('',#3310);
#1063=VERTEX_POINT('',#3312);
#1064=VERTEX_POINT('',#3314);
#1065=VERTEX_POINT('',#3316);
#1066=VERTEX_POINT('',#3318);
#1067=VERTEX_POINT('',#3320);
#1068=VERTEX_POINT('',#3322);
#1069=VERTEX_POINT('',#3324);
#1070=VERTEX_POINT('',#3326);
#1071=VERTEX_POINT('',#3328);
#1072=VERTEX_POINT('',#3330);
#1073=VERTEX_POINT('',#3332);
#1074=VERTEX_POINT('',#3334);
#1075=VERTEX_POINT('',#3341);
#1076=VERTEX_POINT('',#3343);
#1077=VERTEX_POINT('',#3345);
#1078=VERTEX_POINT('',#3347);
#1079=VERTEX_POINT('',#3349);
#1080=VERTEX_POINT('',#3351);
#1081=VERTEX_POINT('',#3353);
#1082=VERTEX_POINT('',#3355);
#1083=VERTEX_POINT('',#3357);
#1084=VERTEX_POINT('',#3359);
#1085=VERTEX_POINT('',#3361);
#1086=VERTEX_POINT('',#3363);
#1087=VERTEX_POINT('',#3365);
#1088=VERTEX_POINT('',#3367);
#1089=VERTEX_POINT('',#3369);
#1090=VERTEX_POINT('',#3371);
#1091=VERTEX_POINT('',#3375);
#1092=VERTEX_POINT('',#3377);
#1093=VERTEX_POINT('',#3379);
#1094=VERTEX_POINT('',#3381);
#1095=VERTEX_POINT('',#3383);
#1096=VERTEX_POINT('',#3385);
#1097=VERTEX_POINT('',#3387);
#1098=VERTEX_POINT('',#3389);
#1099=VERTEX_POINT('',#3391);
#1100=VERTEX_POINT('',#3393);
#1101=VERTEX_POINT('',#3395);
#1102=VERTEX_POINT('',#3397);
#1103=VERTEX_POINT('',#3399);
#1104=VERTEX_POINT('',#3401);
#1105=VERTEX_POINT('',#3403);
#1106=VERTEX_POINT('',#3405);
#1107=VERTEX_POINT('',#3474);
#1108=VERTEX_POINT('',#3475);
#1109=VERTEX_POINT('',#3477);
#1110=VERTEX_POINT('',#3479);
#1111=VERTEX_POINT('',#3483);
#1112=VERTEX_POINT('',#3485);
#1113=VERTEX_POINT('',#3489);
#1114=VERTEX_POINT('',#3491);
#1115=VERTEX_POINT('',#3498);
#1116=VERTEX_POINT('',#3500);
#1117=VERTEX_POINT('',#3504);
#1118=VERTEX_POINT('',#3508);
#1119=VERTEX_POINT('',#3509);
#1120=VERTEX_POINT('',#3511);
#1121=VERTEX_POINT('',#3513);
#1122=VERTEX_POINT('',#3519);
#1123=VERTEX_POINT('',#3520);
#1124=VERTEX_POINT('',#3522);
#1125=VERTEX_POINT('',#3524);
#1126=VERTEX_POINT('',#3531);
#1127=VERTEX_POINT('',#3533);
#1128=VERTEX_POINT('',#3537);
#1129=VERTEX_POINT('',#3541);
#1130=VERTEX_POINT('',#3547);
#1131=VERTEX_POINT('',#3549);
#1132=VERTEX_POINT('',#3553);
#1133=VERTEX_POINT('',#3557);
#1134=VERTEX_POINT('',#3558);
#1135=VERTEX_POINT('',#3561);
#1136=VERTEX_POINT('',#3565);
#1137=VERTEX_POINT('',#3569);
#1138=VERTEX_POINT('',#3579);
#1139=VERTEX_POINT('',#3580);
#1140=VERTEX_POINT('',#3582);
#1141=VERTEX_POINT('',#3584);
#1142=VERTEX_POINT('',#3590);
#1143=VERTEX_POINT('',#3591);
#1144=VERTEX_POINT('',#3593);
#1145=VERTEX_POINT('',#3595);
#1146=VERTEX_POINT('',#3605);
#1147=VERTEX_POINT('',#3613);
#1148=VERTEX_POINT('',#3614);
#1149=VERTEX_POINT('',#3616);
#1150=VERTEX_POINT('',#3618);
#1151=VERTEX_POINT('',#3622);
#1152=VERTEX_POINT('',#3624);
#1153=VERTEX_POINT('',#3628);
#1154=VERTEX_POINT('',#3630);
#1155=EDGE_CURVE('',#939,#940,#275,.T.);
#1156=EDGE_CURVE('',#941,#940,#276,.T.);
#1157=EDGE_CURVE('',#941,#942,#277,.T.);
#1158=EDGE_CURVE('',#939,#942,#278,.T.);
#1159=EDGE_CURVE('',#943,#944,#279,.T.);
#1160=EDGE_CURVE('',#945,#943,#280,.T.);
#1161=EDGE_CURVE('',#945,#946,#281,.T.);
#1162=EDGE_CURVE('',#944,#946,#282,.T.);
#1163=EDGE_CURVE('',#942,#945,#283,.T.);
#1164=EDGE_CURVE('',#946,#941,#284,.T.);
#1165=EDGE_CURVE('',#947,#948,#285,.T.);
#1166=EDGE_CURVE('',#949,#948,#286,.T.);
#1167=EDGE_CURVE('',#949,#950,#287,.T.);
#1168=EDGE_CURVE('',#947,#950,#288,.T.);
#1169=EDGE_CURVE('',#951,#952,#289,.T.);
#1170=EDGE_CURVE('',#953,#951,#290,.T.);
#1171=EDGE_CURVE('',#953,#954,#291,.T.);
#1172=EDGE_CURVE('',#952,#954,#292,.T.);
#1173=EDGE_CURVE('',#950,#953,#293,.T.);
#1174=EDGE_CURVE('',#954,#949,#294,.T.);
#1175=EDGE_CURVE('',#955,#956,#295,.T.);
#1176=EDGE_CURVE('',#957,#956,#296,.T.);
#1177=EDGE_CURVE('',#957,#958,#297,.T.);
#1178=EDGE_CURVE('',#955,#958,#298,.T.);
#1179=EDGE_CURVE('',#959,#960,#299,.T.);
#1180=EDGE_CURVE('',#961,#959,#300,.T.);
#1181=EDGE_CURVE('',#961,#962,#301,.T.);
#1182=EDGE_CURVE('',#960,#962,#302,.T.);
#1183=EDGE_CURVE('',#958,#961,#303,.T.);
#1184=EDGE_CURVE('',#962,#957,#304,.T.);
#1185=EDGE_CURVE('',#963,#964,#305,.T.);
#1186=EDGE_CURVE('',#965,#964,#306,.T.);
#1187=EDGE_CURVE('',#965,#966,#307,.T.);
#1188=EDGE_CURVE('',#963,#966,#308,.T.);
#1189=EDGE_CURVE('',#967,#968,#309,.T.);
#1190=EDGE_CURVE('',#969,#967,#310,.T.);
#1191=EDGE_CURVE('',#969,#970,#311,.T.);
#1192=EDGE_CURVE('',#968,#970,#312,.T.);
#1193=EDGE_CURVE('',#966,#969,#313,.T.);
#1194=EDGE_CURVE('',#970,#965,#314,.T.);
#1195=EDGE_CURVE('',#971,#972,#315,.T.);
#1196=EDGE_CURVE('',#973,#972,#316,.T.);
#1197=EDGE_CURVE('',#973,#974,#317,.T.);
#1198=EDGE_CURVE('',#971,#974,#318,.T.);
#1199=EDGE_CURVE('',#975,#976,#319,.T.);
#1200=EDGE_CURVE('',#977,#975,#320,.T.);
#1201=EDGE_CURVE('',#977,#978,#321,.T.);
#1202=EDGE_CURVE('',#976,#978,#322,.T.);
#1203=EDGE_CURVE('',#974,#977,#323,.T.);
#1204=EDGE_CURVE('',#978,#973,#324,.T.);
#1205=EDGE_CURVE('',#979,#980,#325,.T.);
#1206=EDGE_CURVE('',#981,#980,#326,.T.);
#1207=EDGE_CURVE('',#981,#982,#327,.T.);
#1208=EDGE_CURVE('',#979,#982,#328,.T.);
#1209=EDGE_CURVE('',#983,#984,#329,.T.);
#1210=EDGE_CURVE('',#985,#983,#330,.T.);
#1211=EDGE_CURVE('',#985,#986,#331,.T.);
#1212=EDGE_CURVE('',#984,#986,#332,.T.);
#1213=EDGE_CURVE('',#982,#985,#333,.T.);
#1214=EDGE_CURVE('',#986,#981,#334,.T.);
#1215=EDGE_CURVE('',#987,#988,#335,.T.);
#1216=EDGE_CURVE('',#989,#988,#336,.T.);
#1217=EDGE_CURVE('',#989,#990,#337,.T.);
#1218=EDGE_CURVE('',#987,#990,#338,.T.);
#1219=EDGE_CURVE('',#991,#992,#339,.T.);
#1220=EDGE_CURVE('',#993,#991,#340,.T.);
#1221=EDGE_CURVE('',#993,#994,#341,.T.);
#1222=EDGE_CURVE('',#992,#994,#342,.T.);
#1223=EDGE_CURVE('',#990,#993,#343,.T.);
#1224=EDGE_CURVE('',#994,#989,#344,.T.);
#1225=EDGE_CURVE('',#995,#996,#345,.T.);
#1226=EDGE_CURVE('',#997,#996,#346,.T.);
#1227=EDGE_CURVE('',#997,#998,#347,.T.);
#1228=EDGE_CURVE('',#995,#998,#348,.T.);
#1229=EDGE_CURVE('',#999,#1000,#349,.T.);
#1230=EDGE_CURVE('',#1001,#999,#350,.T.);
#1231=EDGE_CURVE('',#1001,#1002,#351,.T.);
#1232=EDGE_CURVE('',#1000,#1002,#352,.T.);
#1233=EDGE_CURVE('',#998,#1001,#353,.T.);
#1234=EDGE_CURVE('',#1002,#997,#354,.T.);
#1235=EDGE_CURVE('',#1003,#1004,#355,.T.);
#1236=EDGE_CURVE('',#1005,#1004,#356,.T.);
#1237=EDGE_CURVE('',#1005,#1006,#357,.T.);
#1238=EDGE_CURVE('',#1003,#1006,#358,.T.);
#1239=EDGE_CURVE('',#1007,#1008,#359,.T.);
#1240=EDGE_CURVE('',#1009,#1007,#360,.T.);
#1241=EDGE_CURVE('',#1009,#1010,#361,.T.);
#1242=EDGE_CURVE('',#1008,#1010,#362,.T.);
#1243=EDGE_CURVE('',#1006,#1009,#363,.T.);
#1244=EDGE_CURVE('',#1010,#1005,#364,.T.);
#1245=EDGE_CURVE('',#971,#967,#365,.T.);
#1246=EDGE_CURVE('',#979,#975,#366,.T.);
#1247=EDGE_CURVE('',#1011,#983,#367,.T.);
#1248=EDGE_CURVE('',#1012,#1011,#368,.T.);
#1249=EDGE_CURVE('',#1012,#1013,#369,.T.);
#1250=EDGE_CURVE('',#1013,#1014,#370,.T.);
#1251=EDGE_CURVE('',#1014,#1015,#371,.T.);
#1252=EDGE_CURVE('',#1015,#1016,#372,.T.);
#1253=EDGE_CURVE('',#1016,#1017,#373,.T.);
#1254=EDGE_CURVE('',#1017,#1018,#374,.T.);
#1255=EDGE_CURVE('',#1018,#1019,#375,.T.);
#1256=EDGE_CURVE('',#1019,#1020,#376,.T.);
#1257=EDGE_CURVE('',#1020,#1021,#377,.T.);
#1258=EDGE_CURVE('',#1021,#1022,#378,.T.);
#1259=EDGE_CURVE('',#1022,#1023,#379,.T.);
#1260=EDGE_CURVE('',#1023,#1024,#380,.T.);
#1261=EDGE_CURVE('',#1024,#1025,#381,.T.);
#1262=EDGE_CURVE('',#1025,#1026,#382,.T.);
#1263=EDGE_CURVE('',#963,#1026,#383,.T.);
#1264=EDGE_CURVE('',#1027,#964,#384,.T.);
#1265=EDGE_CURVE('',#1028,#1027,#385,.T.);
#1266=EDGE_CURVE('',#1028,#1029,#386,.T.);
#1267=EDGE_CURVE('',#1029,#1030,#387,.T.);
#1268=EDGE_CURVE('',#1030,#1031,#388,.T.);
#1269=EDGE_CURVE('',#1031,#1032,#389,.T.);
#1270=EDGE_CURVE('',#1032,#1033,#390,.T.);
#1271=EDGE_CURVE('',#1033,#1034,#391,.T.);
#1272=EDGE_CURVE('',#1034,#1035,#392,.T.);
#1273=EDGE_CURVE('',#1035,#1036,#393,.T.);
#1274=EDGE_CURVE('',#1036,#1037,#394,.T.);
#1275=EDGE_CURVE('',#1037,#1038,#395,.T.);
#1276=EDGE_CURVE('',#1038,#1039,#396,.T.);
#1277=EDGE_CURVE('',#1039,#1040,#397,.T.);
#1278=EDGE_CURVE('',#1040,#1041,#398,.T.);
#1279=EDGE_CURVE('',#1041,#1042,#399,.T.);
#1280=EDGE_CURVE('',#984,#1042,#400,.T.);
#1281=EDGE_CURVE('',#976,#980,#401,.T.);
#1282=EDGE_CURVE('',#968,#972,#402,.T.);
#1283=EDGE_CURVE('',#987,#959,#403,.T.);
#1284=EDGE_CURVE('',#1043,#991,#404,.T.);
#1285=EDGE_CURVE('',#1044,#1043,#405,.T.);
#1286=EDGE_CURVE('',#1044,#1045,#406,.T.);
#1287=EDGE_CURVE('',#1045,#1046,#407,.T.);
#1288=EDGE_CURVE('',#1046,#1047,#408,.T.);
#1289=EDGE_CURVE('',#1047,#1048,#409,.T.);
#1290=EDGE_CURVE('',#1048,#1049,#410,.T.);
#1291=EDGE_CURVE('',#1049,#1050,#411,.T.);
#1292=EDGE_CURVE('',#1050,#1051,#412,.T.);
#1293=EDGE_CURVE('',#1051,#1052,#413,.T.);
#1294=EDGE_CURVE('',#1052,#1053,#414,.T.);
#1295=EDGE_CURVE('',#1053,#1054,#415,.T.);
#1296=EDGE_CURVE('',#1054,#1055,#416,.T.);
#1297=EDGE_CURVE('',#1055,#1056,#417,.T.);
#1298=EDGE_CURVE('',#1056,#1057,#418,.T.);
#1299=EDGE_CURVE('',#1057,#1058,#419,.T.);
#1300=EDGE_CURVE('',#995,#1058,#420,.T.);
#1301=EDGE_CURVE('',#955,#999,#421,.T.);
#1302=EDGE_CURVE('',#1000,#956,#422,.T.);
#1303=EDGE_CURVE('',#1059,#996,#423,.T.);
#1304=EDGE_CURVE('',#1060,#1059,#424,.T.);
#1305=EDGE_CURVE('',#1060,#1061,#425,.T.);
#1306=EDGE_CURVE('',#1061,#1062,#426,.T.);
#1307=EDGE_CURVE('',#1062,#1063,#427,.T.);
#1308=EDGE_CURVE('',#1063,#1064,#428,.T.);
#1309=EDGE_CURVE('',#1064,#1065,#429,.T.);
#1310=EDGE_CURVE('',#1065,#1066,#430,.T.);
#1311=EDGE_CURVE('',#1066,#1067,#431,.T.);
#1312=EDGE_CURVE('',#1067,#1068,#432,.T.);
#1313=EDGE_CURVE('',#1068,#1069,#433,.T.);
#1314=EDGE_CURVE('',#1069,#1070,#434,.T.);
#1315=EDGE_CURVE('',#1070,#1071,#435,.T.);
#1316=EDGE_CURVE('',#1071,#1072,#436,.T.);
#1317=EDGE_CURVE('',#1072,#1073,#437,.T.);
#1318=EDGE_CURVE('',#1073,#1074,#438,.T.);
#1319=EDGE_CURVE('',#992,#1074,#439,.T.);
#1320=EDGE_CURVE('',#960,#988,#440,.T.);
#1321=EDGE_CURVE('',#1003,#943,#441,.T.);
#1322=EDGE_CURVE('',#947,#1007,#442,.T.);
#1323=EDGE_CURVE('',#1075,#951,#443,.T.);
#1324=EDGE_CURVE('',#1076,#1075,#444,.T.);
#1325=EDGE_CURVE('',#1076,#1077,#445,.T.);
#1326=EDGE_CURVE('',#1077,#1078,#446,.T.);
#1327=EDGE_CURVE('',#1078,#1079,#447,.T.);
#1328=EDGE_CURVE('',#1079,#1080,#448,.T.);
#1329=EDGE_CURVE('',#1080,#1081,#449,.T.);
#1330=EDGE_CURVE('',#1081,#1082,#450,.T.);
#1331=EDGE_CURVE('',#1082,#1083,#451,.T.);
#1332=EDGE_CURVE('',#1083,#1084,#452,.T.);
#1333=EDGE_CURVE('',#1084,#1085,#453,.T.);
#1334=EDGE_CURVE('',#1085,#1086,#454,.T.);
#1335=EDGE_CURVE('',#1086,#1087,#455,.T.);
#1336=EDGE_CURVE('',#1087,#1088,#456,.T.);
#1337=EDGE_CURVE('',#1088,#1089,#457,.T.);
#1338=EDGE_CURVE('',#1089,#1090,#458,.T.);
#1339=EDGE_CURVE('',#939,#1090,#459,.T.);
#1340=EDGE_CURVE('',#1091,#940,#460,.T.);
#1341=EDGE_CURVE('',#1092,#1091,#461,.T.);
#1342=EDGE_CURVE('',#1092,#1093,#462,.T.);
#1343=EDGE_CURVE('',#1093,#1094,#463,.T.);
#1344=EDGE_CURVE('',#1094,#1095,#464,.T.);
#1345=EDGE_CURVE('',#1095,#1096,#465,.T.);
#1346=EDGE_CURVE('',#1096,#1097,#466,.T.);
#1347=EDGE_CURVE('',#1097,#1098,#467,.T.);
#1348=EDGE_CURVE('',#1098,#1099,#468,.T.);
#1349=EDGE_CURVE('',#1099,#1100,#469,.T.);
#1350=EDGE_CURVE('',#1100,#1101,#470,.T.);
#1351=EDGE_CURVE('',#1101,#1102,#471,.T.);
#1352=EDGE_CURVE('',#1102,#1103,#472,.T.);
#1353=EDGE_CURVE('',#1103,#1104,#473,.T.);
#1354=EDGE_CURVE('',#1104,#1105,#474,.T.);
#1355=EDGE_CURVE('',#1105,#1106,#475,.T.);
#1356=EDGE_CURVE('',#952,#1106,#476,.T.);
#1357=EDGE_CURVE('',#1008,#948,#477,.T.);
#1358=EDGE_CURVE('',#944,#1004,#478,.T.);
#1359=EDGE_CURVE('',#1088,#1093,#479,.T.);
#1360=EDGE_CURVE('',#1094,#1087,#480,.T.);
#1361=EDGE_CURVE('',#1085,#1096,#481,.T.);
#1362=EDGE_CURVE('',#1086,#1095,#482,.T.);
#1363=EDGE_CURVE('',#1052,#1065,#483,.T.);
#1364=EDGE_CURVE('',#1066,#1051,#484,.T.);
#1365=EDGE_CURVE('',#1049,#1068,#485,.T.);
#1366=EDGE_CURVE('',#1050,#1067,#486,.T.);
#1367=EDGE_CURVE('',#1020,#1033,#487,.T.);
#1368=EDGE_CURVE('',#1034,#1019,#488,.T.);
#1369=EDGE_CURVE('',#1017,#1036,#489,.T.);
#1370=EDGE_CURVE('',#1018,#1035,#490,.T.);
#1371=EDGE_CURVE('',#1048,#1069,#491,.T.);
#1372=EDGE_CURVE('',#1070,#1047,#492,.T.);
#1373=EDGE_CURVE('',#1045,#1072,#493,.T.);
#1374=EDGE_CURVE('',#1046,#1071,#494,.T.);
#1375=EDGE_CURVE('',#1084,#1097,#495,.T.);
#1376=EDGE_CURVE('',#1098,#1083,#496,.T.);
#1377=EDGE_CURVE('',#1081,#1100,#497,.T.);
#1378=EDGE_CURVE('',#1082,#1099,#498,.T.);
#1379=EDGE_CURVE('',#1056,#1061,#499,.T.);
#1380=EDGE_CURVE('',#1062,#1055,#500,.T.);
#1381=EDGE_CURVE('',#1053,#1064,#501,.T.);
#1382=EDGE_CURVE('',#1054,#1063,#502,.T.);
#1383=EDGE_CURVE('',#1016,#1037,#503,.T.);
#1384=EDGE_CURVE('',#1038,#1015,#504,.T.);
#1385=EDGE_CURVE('',#1013,#1040,#505,.T.);
#1386=EDGE_CURVE('',#1014,#1039,#506,.T.);
#1387=EDGE_CURVE('',#1024,#1029,#507,.T.);
#1388=EDGE_CURVE('',#1030,#1023,#508,.T.);
#1389=EDGE_CURVE('',#1021,#1032,#509,.T.);
#1390=EDGE_CURVE('',#1022,#1031,#510,.T.);
#1391=EDGE_CURVE('',#1080,#1101,#511,.T.);
#1392=EDGE_CURVE('',#1102,#1079,#512,.T.);
#1393=EDGE_CURVE('',#1077,#1104,#513,.T.);
#1394=EDGE_CURVE('',#1078,#1103,#514,.T.);
#1395=EDGE_CURVE('',#1107,#1108,#515,.T.);
#1396=EDGE_CURVE('',#1108,#1109,#516,.T.);
#1397=EDGE_CURVE('',#1109,#1110,#517,.T.);
#1398=EDGE_CURVE('',#1107,#1110,#518,.T.);
#1399=EDGE_CURVE('',#1108,#1111,#519,.T.);
#1400=EDGE_CURVE('',#1111,#1112,#520,.T.);
#1401=EDGE_CURVE('',#1112,#1109,#521,.T.);
#1402=EDGE_CURVE('',#1111,#1113,#522,.T.);
#1403=EDGE_CURVE('',#1113,#1114,#523,.T.);
#1404=EDGE_CURVE('',#1114,#1112,#524,.T.);
#1405=EDGE_CURVE('',#1110,#1114,#525,.T.);
#1406=EDGE_CURVE('',#1113,#1107,#526,.T.);
#1407=EDGE_CURVE('',#1115,#1110,#527,.T.);
#1408=EDGE_CURVE('',#1116,#1115,#528,.T.);
#1409=EDGE_CURVE('',#1116,#1114,#529,.T.);
#1410=EDGE_CURVE('',#1117,#1109,#530,.T.);
#1411=EDGE_CURVE('',#1115,#1117,#531,.T.);
#1412=EDGE_CURVE('',#1118,#1119,#532,.T.);
#1413=EDGE_CURVE('',#1119,#1120,#533,.T.);
#1414=EDGE_CURVE('',#1120,#1121,#534,.T.);
#1415=EDGE_CURVE('',#1121,#1118,#535,.T.);
#1416=EDGE_CURVE('',#1090,#1091,#536,.T.);
#1417=EDGE_CURVE('',#1026,#1027,#537,.T.);
#1418=EDGE_CURVE('',#1058,#1059,#538,.T.);
#1419=EDGE_CURVE('',#1122,#1123,#539,.T.);
#1420=EDGE_CURVE('',#1124,#1122,#540,.T.);
#1421=EDGE_CURVE('',#1125,#1124,#541,.T.);
#1422=EDGE_CURVE('',#1123,#1125,#542,.T.);
#1423=EDGE_CURVE('',#1074,#1043,#543,.T.);
#1424=EDGE_CURVE('',#1106,#1075,#544,.T.);
#1425=EDGE_CURVE('',#1042,#1011,#545,.T.);
#1426=EDGE_CURVE('',#1123,#1126,#546,.T.);
#1427=EDGE_CURVE('',#1126,#1127,#547,.T.);
#1428=EDGE_CURVE('',#1122,#1127,#548,.T.);
#1429=EDGE_CURVE('',#1125,#1128,#549,.T.);
#1430=EDGE_CURVE('',#1128,#1126,#550,.T.);
#1431=EDGE_CURVE('',#1124,#1129,#551,.T.);
#1432=EDGE_CURVE('',#1129,#1128,#552,.T.);
#1433=EDGE_CURVE('',#1127,#1129,#553,.T.);
#1434=EDGE_CURVE('',#1130,#1127,#554,.T.);
#1435=EDGE_CURVE('',#1131,#1130,#555,.T.);
#1436=EDGE_CURVE('',#1131,#1129,#556,.T.);
#1437=EDGE_CURVE('',#1132,#1126,#557,.T.);
#1438=EDGE_CURVE('',#1130,#1132,#558,.T.);
#1439=EDGE_CURVE('',#1133,#1134,#559,.T.);
#1440=EDGE_CURVE('',#1134,#1132,#560,.T.);
#1441=EDGE_CURVE('',#1132,#1135,#561,.T.);
#1442=EDGE_CURVE('',#1135,#1133,#562,.T.);
#1443=EDGE_CURVE('',#1134,#1136,#563,.T.);
#1444=EDGE_CURVE('',#1136,#1130,#564,.T.);
#1445=EDGE_CURVE('',#1136,#1137,#565,.T.);
#1446=EDGE_CURVE('',#1137,#1131,#566,.T.);
#1447=EDGE_CURVE('',#1135,#1131,#567,.T.);
#1448=EDGE_CURVE('',#1137,#1133,#568,.T.);
#1449=EDGE_CURVE('',#1135,#1128,#569,.T.);
#1450=EDGE_CURVE('',#1138,#1139,#570,.T.);
#1451=EDGE_CURVE('',#1139,#1140,#571,.T.);
#1452=EDGE_CURVE('',#1140,#1141,#572,.T.);
#1453=EDGE_CURVE('',#1141,#1138,#573,.T.);
#1454=EDGE_CURVE('',#1073,#1044,#574,.T.);
#1455=EDGE_CURVE('',#1041,#1012,#575,.T.);
#1456=EDGE_CURVE('',#1105,#1076,#576,.T.);
#1457=EDGE_CURVE('',#1142,#1143,#577,.T.);
#1458=EDGE_CURVE('',#1144,#1142,#578,.T.);
#1459=EDGE_CURVE('',#1145,#1144,#579,.T.);
#1460=EDGE_CURVE('',#1143,#1145,#580,.T.);
#1461=EDGE_CURVE('',#1057,#1060,#581,.T.);
#1462=EDGE_CURVE('',#1089,#1092,#582,.T.);
#1463=EDGE_CURVE('',#1025,#1028,#583,.T.);
#1464=EDGE_CURVE('',#1143,#1116,#584,.T.);
#1465=EDGE_CURVE('',#1115,#1142,#585,.T.);
#1466=EDGE_CURVE('',#1146,#1116,#586,.T.);
#1467=EDGE_CURVE('',#1145,#1146,#587,.T.);
#1468=EDGE_CURVE('',#1117,#1146,#588,.T.);
#1469=EDGE_CURVE('',#1144,#1117,#589,.T.);
#1470=EDGE_CURVE('',#1147,#1148,#590,.T.);
#1471=EDGE_CURVE('',#1147,#1149,#591,.T.);
#1472=EDGE_CURVE('',#1149,#1150,#592,.T.);
#1473=EDGE_CURVE('',#1148,#1150,#593,.T.);
#1474=EDGE_CURVE('',#1151,#1147,#594,.T.);
#1475=EDGE_CURVE('',#1151,#1152,#595,.T.);
#1476=EDGE_CURVE('',#1152,#1149,#596,.T.);
#1477=EDGE_CURVE('',#1153,#1151,#597,.T.);
#1478=EDGE_CURVE('',#1153,#1154,#598,.T.);
#1479=EDGE_CURVE('',#1154,#1152,#599,.T.);
#1480=EDGE_CURVE('',#1148,#1153,#600,.T.);
#1481=EDGE_CURVE('',#1150,#1154,#601,.T.);
#1482=EDGE_CURVE('',#1146,#1112,#602,.T.);
#1483=EDGE_CURVE('',#1139,#1118,#603,.T.);
#1484=EDGE_CURVE('',#1140,#1121,#604,.T.);
#1485=EDGE_CURVE('',#1141,#1120,#605,.T.);
#1486=EDGE_CURVE('',#1138,#1119,#606,.T.);
#1487=ORIENTED_EDGE('',*,*,#1155,.T.);
#1488=ORIENTED_EDGE('',*,*,#1156,.F.);
#1489=ORIENTED_EDGE('',*,*,#1157,.T.);
#1490=ORIENTED_EDGE('',*,*,#1158,.F.);
#1491=ORIENTED_EDGE('',*,*,#1159,.F.);
#1492=ORIENTED_EDGE('',*,*,#1160,.F.);
#1493=ORIENTED_EDGE('',*,*,#1161,.T.);
#1494=ORIENTED_EDGE('',*,*,#1162,.F.);
#1495=ORIENTED_EDGE('',*,*,#1161,.F.);
#1496=ORIENTED_EDGE('',*,*,#1163,.F.);
#1497=ORIENTED_EDGE('',*,*,#1157,.F.);
#1498=ORIENTED_EDGE('',*,*,#1164,.F.);
#1499=ORIENTED_EDGE('',*,*,#1165,.T.);
#1500=ORIENTED_EDGE('',*,*,#1166,.F.);
#1501=ORIENTED_EDGE('',*,*,#1167,.T.);
#1502=ORIENTED_EDGE('',*,*,#1168,.F.);
#1503=ORIENTED_EDGE('',*,*,#1169,.F.);
#1504=ORIENTED_EDGE('',*,*,#1170,.F.);
#1505=ORIENTED_EDGE('',*,*,#1171,.T.);
#1506=ORIENTED_EDGE('',*,*,#1172,.F.);
#1507=ORIENTED_EDGE('',*,*,#1171,.F.);
#1508=ORIENTED_EDGE('',*,*,#1173,.F.);
#1509=ORIENTED_EDGE('',*,*,#1167,.F.);
#1510=ORIENTED_EDGE('',*,*,#1174,.F.);
#1511=ORIENTED_EDGE('',*,*,#1175,.T.);
#1512=ORIENTED_EDGE('',*,*,#1176,.F.);
#1513=ORIENTED_EDGE('',*,*,#1177,.T.);
#1514=ORIENTED_EDGE('',*,*,#1178,.F.);
#1515=ORIENTED_EDGE('',*,*,#1179,.F.);
#1516=ORIENTED_EDGE('',*,*,#1180,.F.);
#1517=ORIENTED_EDGE('',*,*,#1181,.T.);
#1518=ORIENTED_EDGE('',*,*,#1182,.F.);
#1519=ORIENTED_EDGE('',*,*,#1181,.F.);
#1520=ORIENTED_EDGE('',*,*,#1183,.F.);
#1521=ORIENTED_EDGE('',*,*,#1177,.F.);
#1522=ORIENTED_EDGE('',*,*,#1184,.F.);
#1523=ORIENTED_EDGE('',*,*,#1185,.T.);
#1524=ORIENTED_EDGE('',*,*,#1186,.F.);
#1525=ORIENTED_EDGE('',*,*,#1187,.T.);
#1526=ORIENTED_EDGE('',*,*,#1188,.F.);
#1527=ORIENTED_EDGE('',*,*,#1189,.F.);
#1528=ORIENTED_EDGE('',*,*,#1190,.F.);
#1529=ORIENTED_EDGE('',*,*,#1191,.T.);
#1530=ORIENTED_EDGE('',*,*,#1192,.F.);
#1531=ORIENTED_EDGE('',*,*,#1191,.F.);
#1532=ORIENTED_EDGE('',*,*,#1193,.F.);
#1533=ORIENTED_EDGE('',*,*,#1187,.F.);
#1534=ORIENTED_EDGE('',*,*,#1194,.F.);
#1535=ORIENTED_EDGE('',*,*,#1195,.T.);
#1536=ORIENTED_EDGE('',*,*,#1196,.F.);
#1537=ORIENTED_EDGE('',*,*,#1197,.T.);
#1538=ORIENTED_EDGE('',*,*,#1198,.F.);
#1539=ORIENTED_EDGE('',*,*,#1199,.F.);
#1540=ORIENTED_EDGE('',*,*,#1200,.F.);
#1541=ORIENTED_EDGE('',*,*,#1201,.T.);
#1542=ORIENTED_EDGE('',*,*,#1202,.F.);
#1543=ORIENTED_EDGE('',*,*,#1201,.F.);
#1544=ORIENTED_EDGE('',*,*,#1203,.F.);
#1545=ORIENTED_EDGE('',*,*,#1197,.F.);
#1546=ORIENTED_EDGE('',*,*,#1204,.F.);
#1547=ORIENTED_EDGE('',*,*,#1205,.T.);
#1548=ORIENTED_EDGE('',*,*,#1206,.F.);
#1549=ORIENTED_EDGE('',*,*,#1207,.T.);
#1550=ORIENTED_EDGE('',*,*,#1208,.F.);
#1551=ORIENTED_EDGE('',*,*,#1209,.F.);
#1552=ORIENTED_EDGE('',*,*,#1210,.F.);
#1553=ORIENTED_EDGE('',*,*,#1211,.T.);
#1554=ORIENTED_EDGE('',*,*,#1212,.F.);
#1555=ORIENTED_EDGE('',*,*,#1211,.F.);
#1556=ORIENTED_EDGE('',*,*,#1213,.F.);
#1557=ORIENTED_EDGE('',*,*,#1207,.F.);
#1558=ORIENTED_EDGE('',*,*,#1214,.F.);
#1559=ORIENTED_EDGE('',*,*,#1215,.T.);
#1560=ORIENTED_EDGE('',*,*,#1216,.F.);
#1561=ORIENTED_EDGE('',*,*,#1217,.T.);
#1562=ORIENTED_EDGE('',*,*,#1218,.F.);
#1563=ORIENTED_EDGE('',*,*,#1219,.F.);
#1564=ORIENTED_EDGE('',*,*,#1220,.F.);
#1565=ORIENTED_EDGE('',*,*,#1221,.T.);
#1566=ORIENTED_EDGE('',*,*,#1222,.F.);
#1567=ORIENTED_EDGE('',*,*,#1221,.F.);
#1568=ORIENTED_EDGE('',*,*,#1223,.F.);
#1569=ORIENTED_EDGE('',*,*,#1217,.F.);
#1570=ORIENTED_EDGE('',*,*,#1224,.F.);
#1571=ORIENTED_EDGE('',*,*,#1225,.T.);
#1572=ORIENTED_EDGE('',*,*,#1226,.F.);
#1573=ORIENTED_EDGE('',*,*,#1227,.T.);
#1574=ORIENTED_EDGE('',*,*,#1228,.F.);
#1575=ORIENTED_EDGE('',*,*,#1229,.F.);
#1576=ORIENTED_EDGE('',*,*,#1230,.F.);
#1577=ORIENTED_EDGE('',*,*,#1231,.T.);
#1578=ORIENTED_EDGE('',*,*,#1232,.F.);
#1579=ORIENTED_EDGE('',*,*,#1231,.F.);
#1580=ORIENTED_EDGE('',*,*,#1233,.F.);
#1581=ORIENTED_EDGE('',*,*,#1227,.F.);
#1582=ORIENTED_EDGE('',*,*,#1234,.F.);
#1583=ORIENTED_EDGE('',*,*,#1235,.T.);
#1584=ORIENTED_EDGE('',*,*,#1236,.F.);
#1585=ORIENTED_EDGE('',*,*,#1237,.T.);
#1586=ORIENTED_EDGE('',*,*,#1238,.F.);
#1587=ORIENTED_EDGE('',*,*,#1239,.F.);
#1588=ORIENTED_EDGE('',*,*,#1240,.F.);
#1589=ORIENTED_EDGE('',*,*,#1241,.T.);
#1590=ORIENTED_EDGE('',*,*,#1242,.F.);
#1591=ORIENTED_EDGE('',*,*,#1241,.F.);
#1592=ORIENTED_EDGE('',*,*,#1243,.F.);
#1593=ORIENTED_EDGE('',*,*,#1237,.F.);
#1594=ORIENTED_EDGE('',*,*,#1244,.F.);
#1595=ORIENTED_EDGE('',*,*,#1188,.T.);
#1596=ORIENTED_EDGE('',*,*,#1193,.T.);
#1597=ORIENTED_EDGE('',*,*,#1190,.T.);
#1598=ORIENTED_EDGE('',*,*,#1245,.F.);
#1599=ORIENTED_EDGE('',*,*,#1198,.T.);
#1600=ORIENTED_EDGE('',*,*,#1203,.T.);
#1601=ORIENTED_EDGE('',*,*,#1200,.T.);
#1602=ORIENTED_EDGE('',*,*,#1246,.F.);
#1603=ORIENTED_EDGE('',*,*,#1208,.T.);
#1604=ORIENTED_EDGE('',*,*,#1213,.T.);
#1605=ORIENTED_EDGE('',*,*,#1210,.T.);
#1606=ORIENTED_EDGE('',*,*,#1247,.F.);
#1607=ORIENTED_EDGE('',*,*,#1248,.F.);
#1608=ORIENTED_EDGE('',*,*,#1249,.T.);
#1609=ORIENTED_EDGE('',*,*,#1250,.T.);
#1610=ORIENTED_EDGE('',*,*,#1251,.T.);
#1611=ORIENTED_EDGE('',*,*,#1252,.T.);
#1612=ORIENTED_EDGE('',*,*,#1253,.T.);
#1613=ORIENTED_EDGE('',*,*,#1254,.T.);
#1614=ORIENTED_EDGE('',*,*,#1255,.T.);
#1615=ORIENTED_EDGE('',*,*,#1256,.T.);
#1616=ORIENTED_EDGE('',*,*,#1257,.T.);
#1617=ORIENTED_EDGE('',*,*,#1258,.T.);
#1618=ORIENTED_EDGE('',*,*,#1259,.T.);
#1619=ORIENTED_EDGE('',*,*,#1260,.T.);
#1620=ORIENTED_EDGE('',*,*,#1261,.T.);
#1621=ORIENTED_EDGE('',*,*,#1262,.T.);
#1622=ORIENTED_EDGE('',*,*,#1263,.F.);
#1623=ORIENTED_EDGE('',*,*,#1192,.T.);
#1624=ORIENTED_EDGE('',*,*,#1194,.T.);
#1625=ORIENTED_EDGE('',*,*,#1186,.T.);
#1626=ORIENTED_EDGE('',*,*,#1264,.F.);
#1627=ORIENTED_EDGE('',*,*,#1265,.F.);
#1628=ORIENTED_EDGE('',*,*,#1266,.T.);
#1629=ORIENTED_EDGE('',*,*,#1267,.T.);
#1630=ORIENTED_EDGE('',*,*,#1268,.T.);
#1631=ORIENTED_EDGE('',*,*,#1269,.T.);
#1632=ORIENTED_EDGE('',*,*,#1270,.T.);
#1633=ORIENTED_EDGE('',*,*,#1271,.T.);
#1634=ORIENTED_EDGE('',*,*,#1272,.T.);
#1635=ORIENTED_EDGE('',*,*,#1273,.T.);
#1636=ORIENTED_EDGE('',*,*,#1274,.T.);
#1637=ORIENTED_EDGE('',*,*,#1275,.T.);
#1638=ORIENTED_EDGE('',*,*,#1276,.T.);
#1639=ORIENTED_EDGE('',*,*,#1277,.T.);
#1640=ORIENTED_EDGE('',*,*,#1278,.T.);
#1641=ORIENTED_EDGE('',*,*,#1279,.T.);
#1642=ORIENTED_EDGE('',*,*,#1280,.F.);
#1643=ORIENTED_EDGE('',*,*,#1212,.T.);
#1644=ORIENTED_EDGE('',*,*,#1214,.T.);
#1645=ORIENTED_EDGE('',*,*,#1206,.T.);
#1646=ORIENTED_EDGE('',*,*,#1281,.F.);
#1647=ORIENTED_EDGE('',*,*,#1202,.T.);
#1648=ORIENTED_EDGE('',*,*,#1204,.T.);
#1649=ORIENTED_EDGE('',*,*,#1196,.T.);
#1650=ORIENTED_EDGE('',*,*,#1282,.F.);
#1651=ORIENTED_EDGE('',*,*,#1178,.T.);
#1652=ORIENTED_EDGE('',*,*,#1183,.T.);
#1653=ORIENTED_EDGE('',*,*,#1180,.T.);
#1654=ORIENTED_EDGE('',*,*,#1283,.F.);
#1655=ORIENTED_EDGE('',*,*,#1218,.T.);
#1656=ORIENTED_EDGE('',*,*,#1223,.T.);
#1657=ORIENTED_EDGE('',*,*,#1220,.T.);
#1658=ORIENTED_EDGE('',*,*,#1284,.F.);
#1659=ORIENTED_EDGE('',*,*,#1285,.F.);
#1660=ORIENTED_EDGE('',*,*,#1286,.T.);
#1661=ORIENTED_EDGE('',*,*,#1287,.T.);
#1662=ORIENTED_EDGE('',*,*,#1288,.T.);
#1663=ORIENTED_EDGE('',*,*,#1289,.T.);
#1664=ORIENTED_EDGE('',*,*,#1290,.T.);
#1665=ORIENTED_EDGE('',*,*,#1291,.T.);
#1666=ORIENTED_EDGE('',*,*,#1292,.T.);
#1667=ORIENTED_EDGE('',*,*,#1293,.T.);
#1668=ORIENTED_EDGE('',*,*,#1294,.T.);
#1669=ORIENTED_EDGE('',*,*,#1295,.T.);
#1670=ORIENTED_EDGE('',*,*,#1296,.T.);
#1671=ORIENTED_EDGE('',*,*,#1297,.T.);
#1672=ORIENTED_EDGE('',*,*,#1298,.T.);
#1673=ORIENTED_EDGE('',*,*,#1299,.T.);
#1674=ORIENTED_EDGE('',*,*,#1300,.F.);
#1675=ORIENTED_EDGE('',*,*,#1228,.T.);
#1676=ORIENTED_EDGE('',*,*,#1233,.T.);
#1677=ORIENTED_EDGE('',*,*,#1230,.T.);
#1678=ORIENTED_EDGE('',*,*,#1301,.F.);
#1679=ORIENTED_EDGE('',*,*,#1182,.T.);
#1680=ORIENTED_EDGE('',*,*,#1184,.T.);
#1681=ORIENTED_EDGE('',*,*,#1176,.T.);
#1682=ORIENTED_EDGE('',*,*,#1302,.F.);
#1683=ORIENTED_EDGE('',*,*,#1232,.T.);
#1684=ORIENTED_EDGE('',*,*,#1234,.T.);
#1685=ORIENTED_EDGE('',*,*,#1226,.T.);
#1686=ORIENTED_EDGE('',*,*,#1303,.F.);
#1687=ORIENTED_EDGE('',*,*,#1304,.F.);
#1688=ORIENTED_EDGE('',*,*,#1305,.T.);
#1689=ORIENTED_EDGE('',*,*,#1306,.T.);
#1690=ORIENTED_EDGE('',*,*,#1307,.T.);
#1691=ORIENTED_EDGE('',*,*,#1308,.T.);
#1692=ORIENTED_EDGE('',*,*,#1309,.T.);
#1693=ORIENTED_EDGE('',*,*,#1310,.T.);
#1694=ORIENTED_EDGE('',*,*,#1311,.T.);
#1695=ORIENTED_EDGE('',*,*,#1312,.T.);
#1696=ORIENTED_EDGE('',*,*,#1313,.T.);
#1697=ORIENTED_EDGE('',*,*,#1314,.T.);
#1698=ORIENTED_EDGE('',*,*,#1315,.T.);
#1699=ORIENTED_EDGE('',*,*,#1316,.T.);
#1700=ORIENTED_EDGE('',*,*,#1317,.T.);
#1701=ORIENTED_EDGE('',*,*,#1318,.T.);
#1702=ORIENTED_EDGE('',*,*,#1319,.F.);
#1703=ORIENTED_EDGE('',*,*,#1222,.T.);
#1704=ORIENTED_EDGE('',*,*,#1224,.T.);
#1705=ORIENTED_EDGE('',*,*,#1216,.T.);
#1706=ORIENTED_EDGE('',*,*,#1320,.F.);
#1707=ORIENTED_EDGE('',*,*,#1158,.T.);
#1708=ORIENTED_EDGE('',*,*,#1163,.T.);
#1709=ORIENTED_EDGE('',*,*,#1160,.T.);
#1710=ORIENTED_EDGE('',*,*,#1321,.F.);
#1711=ORIENTED_EDGE('',*,*,#1238,.T.);
#1712=ORIENTED_EDGE('',*,*,#1243,.T.);
#1713=ORIENTED_EDGE('',*,*,#1240,.T.);
#1714=ORIENTED_EDGE('',*,*,#1322,.F.);
#1715=ORIENTED_EDGE('',*,*,#1168,.T.);
#1716=ORIENTED_EDGE('',*,*,#1173,.T.);
#1717=ORIENTED_EDGE('',*,*,#1170,.T.);
#1718=ORIENTED_EDGE('',*,*,#1323,.F.);
#1719=ORIENTED_EDGE('',*,*,#1324,.F.);
#1720=ORIENTED_EDGE('',*,*,#1325,.T.);
#1721=ORIENTED_EDGE('',*,*,#1326,.T.);
#1722=ORIENTED_EDGE('',*,*,#1327,.T.);
#1723=ORIENTED_EDGE('',*,*,#1328,.T.);
#1724=ORIENTED_EDGE('',*,*,#1329,.T.);
#1725=ORIENTED_EDGE('',*,*,#1330,.T.);
#1726=ORIENTED_EDGE('',*,*,#1331,.T.);
#1727=ORIENTED_EDGE('',*,*,#1332,.T.);
#1728=ORIENTED_EDGE('',*,*,#1333,.T.);
#1729=ORIENTED_EDGE('',*,*,#1334,.T.);
#1730=ORIENTED_EDGE('',*,*,#1335,.T.);
#1731=ORIENTED_EDGE('',*,*,#1336,.T.);
#1732=ORIENTED_EDGE('',*,*,#1337,.T.);
#1733=ORIENTED_EDGE('',*,*,#1338,.T.);
#1734=ORIENTED_EDGE('',*,*,#1339,.F.);
#1735=ORIENTED_EDGE('',*,*,#1162,.T.);
#1736=ORIENTED_EDGE('',*,*,#1164,.T.);
#1737=ORIENTED_EDGE('',*,*,#1156,.T.);
#1738=ORIENTED_EDGE('',*,*,#1340,.F.);
#1739=ORIENTED_EDGE('',*,*,#1341,.F.);
#1740=ORIENTED_EDGE('',*,*,#1342,.T.);
#1741=ORIENTED_EDGE('',*,*,#1343,.T.);
#1742=ORIENTED_EDGE('',*,*,#1344,.T.);
#1743=ORIENTED_EDGE('',*,*,#1345,.T.);
#1744=ORIENTED_EDGE('',*,*,#1346,.T.);
#1745=ORIENTED_EDGE('',*,*,#1347,.T.);
#1746=ORIENTED_EDGE('',*,*,#1348,.T.);
#1747=ORIENTED_EDGE('',*,*,#1349,.T.);
#1748=ORIENTED_EDGE('',*,*,#1350,.T.);
#1749=ORIENTED_EDGE('',*,*,#1351,.T.);
#1750=ORIENTED_EDGE('',*,*,#1352,.T.);
#1751=ORIENTED_EDGE('',*,*,#1353,.T.);
#1752=ORIENTED_EDGE('',*,*,#1354,.T.);
#1753=ORIENTED_EDGE('',*,*,#1355,.T.);
#1754=ORIENTED_EDGE('',*,*,#1356,.F.);
#1755=ORIENTED_EDGE('',*,*,#1172,.T.);
#1756=ORIENTED_EDGE('',*,*,#1174,.T.);
#1757=ORIENTED_EDGE('',*,*,#1166,.T.);
#1758=ORIENTED_EDGE('',*,*,#1357,.F.);
#1759=ORIENTED_EDGE('',*,*,#1242,.T.);
#1760=ORIENTED_EDGE('',*,*,#1244,.T.);
#1761=ORIENTED_EDGE('',*,*,#1236,.T.);
#1762=ORIENTED_EDGE('',*,*,#1358,.F.);
#1763=ORIENTED_EDGE('',*,*,#1359,.F.);
#1764=ORIENTED_EDGE('',*,*,#1336,.F.);
#1765=ORIENTED_EDGE('',*,*,#1360,.F.);
#1766=ORIENTED_EDGE('',*,*,#1343,.F.);
#1767=ORIENTED_EDGE('',*,*,#1361,.T.);
#1768=ORIENTED_EDGE('',*,*,#1345,.F.);
#1769=ORIENTED_EDGE('',*,*,#1362,.F.);
#1770=ORIENTED_EDGE('',*,*,#1334,.F.);
#1771=ORIENTED_EDGE('',*,*,#1362,.T.);
#1772=ORIENTED_EDGE('',*,*,#1344,.F.);
#1773=ORIENTED_EDGE('',*,*,#1360,.T.);
#1774=ORIENTED_EDGE('',*,*,#1335,.F.);
#1775=ORIENTED_EDGE('',*,*,#1363,.F.);
#1776=ORIENTED_EDGE('',*,*,#1293,.F.);
#1777=ORIENTED_EDGE('',*,*,#1364,.F.);
#1778=ORIENTED_EDGE('',*,*,#1310,.F.);
#1779=ORIENTED_EDGE('',*,*,#1365,.T.);
#1780=ORIENTED_EDGE('',*,*,#1312,.F.);
#1781=ORIENTED_EDGE('',*,*,#1366,.F.);
#1782=ORIENTED_EDGE('',*,*,#1291,.F.);
#1783=ORIENTED_EDGE('',*,*,#1366,.T.);
#1784=ORIENTED_EDGE('',*,*,#1311,.F.);
#1785=ORIENTED_EDGE('',*,*,#1364,.T.);
#1786=ORIENTED_EDGE('',*,*,#1292,.F.);
#1787=ORIENTED_EDGE('',*,*,#1367,.F.);
#1788=ORIENTED_EDGE('',*,*,#1256,.F.);
#1789=ORIENTED_EDGE('',*,*,#1368,.F.);
#1790=ORIENTED_EDGE('',*,*,#1271,.F.);
#1791=ORIENTED_EDGE('',*,*,#1369,.T.);
#1792=ORIENTED_EDGE('',*,*,#1273,.F.);
#1793=ORIENTED_EDGE('',*,*,#1370,.F.);
#1794=ORIENTED_EDGE('',*,*,#1254,.F.);
#1795=ORIENTED_EDGE('',*,*,#1370,.T.);
#1796=ORIENTED_EDGE('',*,*,#1272,.F.);
#1797=ORIENTED_EDGE('',*,*,#1368,.T.);
#1798=ORIENTED_EDGE('',*,*,#1255,.F.);
#1799=ORIENTED_EDGE('',*,*,#1371,.F.);
#1800=ORIENTED_EDGE('',*,*,#1289,.F.);
#1801=ORIENTED_EDGE('',*,*,#1372,.F.);
#1802=ORIENTED_EDGE('',*,*,#1314,.F.);
#1803=ORIENTED_EDGE('',*,*,#1373,.T.);
#1804=ORIENTED_EDGE('',*,*,#1316,.F.);
#1805=ORIENTED_EDGE('',*,*,#1374,.F.);
#1806=ORIENTED_EDGE('',*,*,#1287,.F.);
#1807=ORIENTED_EDGE('',*,*,#1374,.T.);
#1808=ORIENTED_EDGE('',*,*,#1315,.F.);
#1809=ORIENTED_EDGE('',*,*,#1372,.T.);
#1810=ORIENTED_EDGE('',*,*,#1288,.F.);
#1811=ORIENTED_EDGE('',*,*,#1375,.F.);
#1812=ORIENTED_EDGE('',*,*,#1332,.F.);
#1813=ORIENTED_EDGE('',*,*,#1376,.F.);
#1814=ORIENTED_EDGE('',*,*,#1347,.F.);
#1815=ORIENTED_EDGE('',*,*,#1377,.T.);
#1816=ORIENTED_EDGE('',*,*,#1349,.F.);
#1817=ORIENTED_EDGE('',*,*,#1378,.F.);
#1818=ORIENTED_EDGE('',*,*,#1330,.F.);
#1819=ORIENTED_EDGE('',*,*,#1378,.T.);
#1820=ORIENTED_EDGE('',*,*,#1348,.F.);
#1821=ORIENTED_EDGE('',*,*,#1376,.T.);
#1822=ORIENTED_EDGE('',*,*,#1331,.F.);
#1823=ORIENTED_EDGE('',*,*,#1379,.F.);
#1824=ORIENTED_EDGE('',*,*,#1297,.F.);
#1825=ORIENTED_EDGE('',*,*,#1380,.F.);
#1826=ORIENTED_EDGE('',*,*,#1306,.F.);
#1827=ORIENTED_EDGE('',*,*,#1381,.T.);
#1828=ORIENTED_EDGE('',*,*,#1308,.F.);
#1829=ORIENTED_EDGE('',*,*,#1382,.F.);
#1830=ORIENTED_EDGE('',*,*,#1295,.F.);
#1831=ORIENTED_EDGE('',*,*,#1382,.T.);
#1832=ORIENTED_EDGE('',*,*,#1307,.F.);
#1833=ORIENTED_EDGE('',*,*,#1380,.T.);
#1834=ORIENTED_EDGE('',*,*,#1296,.F.);
#1835=ORIENTED_EDGE('',*,*,#1383,.F.);
#1836=ORIENTED_EDGE('',*,*,#1252,.F.);
#1837=ORIENTED_EDGE('',*,*,#1384,.F.);
#1838=ORIENTED_EDGE('',*,*,#1275,.F.);
#1839=ORIENTED_EDGE('',*,*,#1385,.T.);
#1840=ORIENTED_EDGE('',*,*,#1277,.F.);
#1841=ORIENTED_EDGE('',*,*,#1386,.F.);
#1842=ORIENTED_EDGE('',*,*,#1250,.F.);
#1843=ORIENTED_EDGE('',*,*,#1386,.T.);
#1844=ORIENTED_EDGE('',*,*,#1276,.F.);
#1845=ORIENTED_EDGE('',*,*,#1384,.T.);
#1846=ORIENTED_EDGE('',*,*,#1251,.F.);
#1847=ORIENTED_EDGE('',*,*,#1387,.F.);
#1848=ORIENTED_EDGE('',*,*,#1260,.F.);
#1849=ORIENTED_EDGE('',*,*,#1388,.F.);
#1850=ORIENTED_EDGE('',*,*,#1267,.F.);
#1851=ORIENTED_EDGE('',*,*,#1389,.T.);
#1852=ORIENTED_EDGE('',*,*,#1269,.F.);
#1853=ORIENTED_EDGE('',*,*,#1390,.F.);
#1854=ORIENTED_EDGE('',*,*,#1258,.F.);
#1855=ORIENTED_EDGE('',*,*,#1390,.T.);
#1856=ORIENTED_EDGE('',*,*,#1268,.F.);
#1857=ORIENTED_EDGE('',*,*,#1388,.T.);
#1858=ORIENTED_EDGE('',*,*,#1259,.F.);
#1859=ORIENTED_EDGE('',*,*,#1391,.F.);
#1860=ORIENTED_EDGE('',*,*,#1328,.F.);
#1861=ORIENTED_EDGE('',*,*,#1392,.F.);
#1862=ORIENTED_EDGE('',*,*,#1351,.F.);
#1863=ORIENTED_EDGE('',*,*,#1393,.T.);
#1864=ORIENTED_EDGE('',*,*,#1353,.F.);
#1865=ORIENTED_EDGE('',*,*,#1394,.F.);
#1866=ORIENTED_EDGE('',*,*,#1326,.F.);
#1867=ORIENTED_EDGE('',*,*,#1394,.T.);
#1868=ORIENTED_EDGE('',*,*,#1352,.F.);
#1869=ORIENTED_EDGE('',*,*,#1392,.T.);
#1870=ORIENTED_EDGE('',*,*,#1327,.F.);
#1871=ORIENTED_EDGE('',*,*,#1395,.T.);
#1872=ORIENTED_EDGE('',*,*,#1396,.T.);
#1873=ORIENTED_EDGE('',*,*,#1397,.T.);
#1874=ORIENTED_EDGE('',*,*,#1398,.F.);
#1875=ORIENTED_EDGE('',*,*,#1399,.T.);
#1876=ORIENTED_EDGE('',*,*,#1400,.T.);
#1877=ORIENTED_EDGE('',*,*,#1401,.T.);
#1878=ORIENTED_EDGE('',*,*,#1396,.F.);
#1879=ORIENTED_EDGE('',*,*,#1402,.T.);
#1880=ORIENTED_EDGE('',*,*,#1403,.T.);
#1881=ORIENTED_EDGE('',*,*,#1404,.T.);
#1882=ORIENTED_EDGE('',*,*,#1400,.F.);
#1883=ORIENTED_EDGE('',*,*,#1405,.T.);
#1884=ORIENTED_EDGE('',*,*,#1403,.F.);
#1885=ORIENTED_EDGE('',*,*,#1406,.T.);
#1886=ORIENTED_EDGE('',*,*,#1398,.T.);
#1887=ORIENTED_EDGE('',*,*,#1405,.F.);
#1888=ORIENTED_EDGE('',*,*,#1407,.F.);
#1889=ORIENTED_EDGE('',*,*,#1408,.F.);
#1890=ORIENTED_EDGE('',*,*,#1409,.T.);
#1891=ORIENTED_EDGE('',*,*,#1397,.F.);
#1892=ORIENTED_EDGE('',*,*,#1410,.F.);
#1893=ORIENTED_EDGE('',*,*,#1411,.F.);
#1894=ORIENTED_EDGE('',*,*,#1407,.T.);
#1895=ORIENTED_EDGE('',*,*,#1412,.T.);
#1896=ORIENTED_EDGE('',*,*,#1413,.T.);
#1897=ORIENTED_EDGE('',*,*,#1414,.T.);
#1898=ORIENTED_EDGE('',*,*,#1415,.T.);
#1899=ORIENTED_EDGE('',*,*,#1339,.T.);
#1900=ORIENTED_EDGE('',*,*,#1416,.T.);
#1901=ORIENTED_EDGE('',*,*,#1340,.T.);
#1902=ORIENTED_EDGE('',*,*,#1155,.F.);
#1903=ORIENTED_EDGE('',*,*,#1322,.T.);
#1904=ORIENTED_EDGE('',*,*,#1239,.T.);
#1905=ORIENTED_EDGE('',*,*,#1357,.T.);
#1906=ORIENTED_EDGE('',*,*,#1165,.F.);
#1907=ORIENTED_EDGE('',*,*,#1301,.T.);
#1908=ORIENTED_EDGE('',*,*,#1229,.T.);
#1909=ORIENTED_EDGE('',*,*,#1302,.T.);
#1910=ORIENTED_EDGE('',*,*,#1175,.F.);
#1911=ORIENTED_EDGE('',*,*,#1263,.T.);
#1912=ORIENTED_EDGE('',*,*,#1417,.T.);
#1913=ORIENTED_EDGE('',*,*,#1264,.T.);
#1914=ORIENTED_EDGE('',*,*,#1185,.F.);
#1915=ORIENTED_EDGE('',*,*,#1189,.T.);
#1916=ORIENTED_EDGE('',*,*,#1282,.T.);
#1917=ORIENTED_EDGE('',*,*,#1195,.F.);
#1918=ORIENTED_EDGE('',*,*,#1245,.T.);
#1919=ORIENTED_EDGE('',*,*,#1199,.T.);
#1920=ORIENTED_EDGE('',*,*,#1281,.T.);
#1921=ORIENTED_EDGE('',*,*,#1205,.F.);
#1922=ORIENTED_EDGE('',*,*,#1246,.T.);
#1923=ORIENTED_EDGE('',*,*,#1179,.T.);
#1924=ORIENTED_EDGE('',*,*,#1320,.T.);
#1925=ORIENTED_EDGE('',*,*,#1215,.F.);
#1926=ORIENTED_EDGE('',*,*,#1283,.T.);
#1927=ORIENTED_EDGE('',*,*,#1300,.T.);
#1928=ORIENTED_EDGE('',*,*,#1418,.T.);
#1929=ORIENTED_EDGE('',*,*,#1303,.T.);
#1930=ORIENTED_EDGE('',*,*,#1225,.F.);
#1931=ORIENTED_EDGE('',*,*,#1159,.T.);
#1932=ORIENTED_EDGE('',*,*,#1358,.T.);
#1933=ORIENTED_EDGE('',*,*,#1235,.F.);
#1934=ORIENTED_EDGE('',*,*,#1321,.T.);
#1935=ORIENTED_EDGE('',*,*,#1419,.F.);
#1936=ORIENTED_EDGE('',*,*,#1420,.F.);
#1937=ORIENTED_EDGE('',*,*,#1421,.F.);
#1938=ORIENTED_EDGE('',*,*,#1422,.F.);
#1939=ORIENTED_EDGE('',*,*,#1219,.T.);
#1940=ORIENTED_EDGE('',*,*,#1319,.T.);
#1941=ORIENTED_EDGE('',*,*,#1423,.T.);
#1942=ORIENTED_EDGE('',*,*,#1284,.T.);
#1943=ORIENTED_EDGE('',*,*,#1169,.T.);
#1944=ORIENTED_EDGE('',*,*,#1356,.T.);
#1945=ORIENTED_EDGE('',*,*,#1424,.T.);
#1946=ORIENTED_EDGE('',*,*,#1323,.T.);
#1947=ORIENTED_EDGE('',*,*,#1209,.T.);
#1948=ORIENTED_EDGE('',*,*,#1280,.T.);
#1949=ORIENTED_EDGE('',*,*,#1425,.T.);
#1950=ORIENTED_EDGE('',*,*,#1247,.T.);
#1951=ORIENTED_EDGE('',*,*,#1395,.F.);
#1952=ORIENTED_EDGE('',*,*,#1406,.F.);
#1953=ORIENTED_EDGE('',*,*,#1402,.F.);
#1954=ORIENTED_EDGE('',*,*,#1399,.F.);
#1955=ORIENTED_EDGE('',*,*,#1419,.T.);
#1956=ORIENTED_EDGE('',*,*,#1426,.T.);
#1957=ORIENTED_EDGE('',*,*,#1427,.T.);
#1958=ORIENTED_EDGE('',*,*,#1428,.F.);
#1959=ORIENTED_EDGE('',*,*,#1422,.T.);
#1960=ORIENTED_EDGE('',*,*,#1429,.T.);
#1961=ORIENTED_EDGE('',*,*,#1430,.T.);
#1962=ORIENTED_EDGE('',*,*,#1426,.F.);
#1963=ORIENTED_EDGE('',*,*,#1421,.T.);
#1964=ORIENTED_EDGE('',*,*,#1431,.T.);
#1965=ORIENTED_EDGE('',*,*,#1432,.T.);
#1966=ORIENTED_EDGE('',*,*,#1429,.F.);
#1967=ORIENTED_EDGE('',*,*,#1433,.T.);
#1968=ORIENTED_EDGE('',*,*,#1431,.F.);
#1969=ORIENTED_EDGE('',*,*,#1420,.T.);
#1970=ORIENTED_EDGE('',*,*,#1428,.T.);
#1971=ORIENTED_EDGE('',*,*,#1433,.F.);
#1972=ORIENTED_EDGE('',*,*,#1434,.F.);
#1973=ORIENTED_EDGE('',*,*,#1435,.F.);
#1974=ORIENTED_EDGE('',*,*,#1436,.T.);
#1975=ORIENTED_EDGE('',*,*,#1427,.F.);
#1976=ORIENTED_EDGE('',*,*,#1437,.F.);
#1977=ORIENTED_EDGE('',*,*,#1438,.F.);
#1978=ORIENTED_EDGE('',*,*,#1434,.T.);
#1979=ORIENTED_EDGE('',*,*,#1439,.T.);
#1980=ORIENTED_EDGE('',*,*,#1440,.T.);
#1981=ORIENTED_EDGE('',*,*,#1441,.T.);
#1982=ORIENTED_EDGE('',*,*,#1442,.T.);
#1983=ORIENTED_EDGE('',*,*,#1438,.T.);
#1984=ORIENTED_EDGE('',*,*,#1440,.F.);
#1985=ORIENTED_EDGE('',*,*,#1443,.T.);
#1986=ORIENTED_EDGE('',*,*,#1444,.T.);
#1987=ORIENTED_EDGE('',*,*,#1435,.T.);
#1988=ORIENTED_EDGE('',*,*,#1444,.F.);
#1989=ORIENTED_EDGE('',*,*,#1445,.T.);
#1990=ORIENTED_EDGE('',*,*,#1446,.T.);
#1991=ORIENTED_EDGE('',*,*,#1447,.T.);
#1992=ORIENTED_EDGE('',*,*,#1446,.F.);
#1993=ORIENTED_EDGE('',*,*,#1448,.T.);
#1994=ORIENTED_EDGE('',*,*,#1442,.F.);
#1995=ORIENTED_EDGE('',*,*,#1432,.F.);
#1996=ORIENTED_EDGE('',*,*,#1436,.F.);
#1997=ORIENTED_EDGE('',*,*,#1447,.F.);
#1998=ORIENTED_EDGE('',*,*,#1449,.T.);
#1999=ORIENTED_EDGE('',*,*,#1430,.F.);
#2000=ORIENTED_EDGE('',*,*,#1449,.F.);
#2001=ORIENTED_EDGE('',*,*,#1441,.F.);
#2002=ORIENTED_EDGE('',*,*,#1437,.T.);
#2003=ORIENTED_EDGE('',*,*,#1450,.T.);
#2004=ORIENTED_EDGE('',*,*,#1451,.T.);
#2005=ORIENTED_EDGE('',*,*,#1452,.T.);
#2006=ORIENTED_EDGE('',*,*,#1453,.T.);
#2007=ORIENTED_EDGE('',*,*,#1333,.F.);
#2008=ORIENTED_EDGE('',*,*,#1375,.T.);
#2009=ORIENTED_EDGE('',*,*,#1346,.F.);
#2010=ORIENTED_EDGE('',*,*,#1361,.F.);
#2011=ORIENTED_EDGE('',*,*,#1290,.F.);
#2012=ORIENTED_EDGE('',*,*,#1371,.T.);
#2013=ORIENTED_EDGE('',*,*,#1313,.F.);
#2014=ORIENTED_EDGE('',*,*,#1365,.F.);
#2015=ORIENTED_EDGE('',*,*,#1253,.F.);
#2016=ORIENTED_EDGE('',*,*,#1383,.T.);
#2017=ORIENTED_EDGE('',*,*,#1274,.F.);
#2018=ORIENTED_EDGE('',*,*,#1369,.F.);
#2019=ORIENTED_EDGE('',*,*,#1286,.F.);
#2020=ORIENTED_EDGE('',*,*,#1454,.F.);
#2021=ORIENTED_EDGE('',*,*,#1317,.F.);
#2022=ORIENTED_EDGE('',*,*,#1373,.F.);
#2023=ORIENTED_EDGE('',*,*,#1329,.F.);
#2024=ORIENTED_EDGE('',*,*,#1391,.T.);
#2025=ORIENTED_EDGE('',*,*,#1350,.F.);
#2026=ORIENTED_EDGE('',*,*,#1377,.F.);
#2027=ORIENTED_EDGE('',*,*,#1363,.T.);
#2028=ORIENTED_EDGE('',*,*,#1309,.F.);
#2029=ORIENTED_EDGE('',*,*,#1381,.F.);
#2030=ORIENTED_EDGE('',*,*,#1294,.F.);
#2031=ORIENTED_EDGE('',*,*,#1249,.F.);
#2032=ORIENTED_EDGE('',*,*,#1455,.F.);
#2033=ORIENTED_EDGE('',*,*,#1278,.F.);
#2034=ORIENTED_EDGE('',*,*,#1385,.F.);
#2035=ORIENTED_EDGE('',*,*,#1367,.T.);
#2036=ORIENTED_EDGE('',*,*,#1270,.F.);
#2037=ORIENTED_EDGE('',*,*,#1389,.F.);
#2038=ORIENTED_EDGE('',*,*,#1257,.F.);
#2039=ORIENTED_EDGE('',*,*,#1325,.F.);
#2040=ORIENTED_EDGE('',*,*,#1456,.F.);
#2041=ORIENTED_EDGE('',*,*,#1354,.F.);
#2042=ORIENTED_EDGE('',*,*,#1393,.F.);
#2043=ORIENTED_EDGE('',*,*,#1457,.F.);
#2044=ORIENTED_EDGE('',*,*,#1458,.F.);
#2045=ORIENTED_EDGE('',*,*,#1459,.F.);
#2046=ORIENTED_EDGE('',*,*,#1460,.F.);
#2047=ORIENTED_EDGE('',*,*,#1379,.T.);
#2048=ORIENTED_EDGE('',*,*,#1305,.F.);
#2049=ORIENTED_EDGE('',*,*,#1461,.F.);
#2050=ORIENTED_EDGE('',*,*,#1298,.F.);
#2051=ORIENTED_EDGE('',*,*,#1359,.T.);
#2052=ORIENTED_EDGE('',*,*,#1342,.F.);
#2053=ORIENTED_EDGE('',*,*,#1462,.F.);
#2054=ORIENTED_EDGE('',*,*,#1337,.F.);
#2055=ORIENTED_EDGE('',*,*,#1387,.T.);
#2056=ORIENTED_EDGE('',*,*,#1266,.F.);
#2057=ORIENTED_EDGE('',*,*,#1463,.F.);
#2058=ORIENTED_EDGE('',*,*,#1261,.F.);
#2059=ORIENTED_EDGE('',*,*,#1439,.F.);
#2060=ORIENTED_EDGE('',*,*,#1448,.F.);
#2061=ORIENTED_EDGE('',*,*,#1445,.F.);
#2062=ORIENTED_EDGE('',*,*,#1443,.F.);
#2063=ORIENTED_EDGE('',*,*,#1457,.T.);
#2064=ORIENTED_EDGE('',*,*,#1464,.T.);
#2065=ORIENTED_EDGE('',*,*,#1408,.T.);
#2066=ORIENTED_EDGE('',*,*,#1465,.T.);
#2067=ORIENTED_EDGE('',*,*,#1466,.T.);
#2068=ORIENTED_EDGE('',*,*,#1464,.F.);
#2069=ORIENTED_EDGE('',*,*,#1460,.T.);
#2070=ORIENTED_EDGE('',*,*,#1467,.T.);
#2071=ORIENTED_EDGE('',*,*,#1468,.T.);
#2072=ORIENTED_EDGE('',*,*,#1467,.F.);
#2073=ORIENTED_EDGE('',*,*,#1459,.T.);
#2074=ORIENTED_EDGE('',*,*,#1469,.T.);
#2075=ORIENTED_EDGE('',*,*,#1411,.T.);
#2076=ORIENTED_EDGE('',*,*,#1469,.F.);
#2077=ORIENTED_EDGE('',*,*,#1458,.T.);
#2078=ORIENTED_EDGE('',*,*,#1465,.F.);
#2079=ORIENTED_EDGE('',*,*,#1470,.F.);
#2080=ORIENTED_EDGE('',*,*,#1471,.T.);
#2081=ORIENTED_EDGE('',*,*,#1472,.T.);
#2082=ORIENTED_EDGE('',*,*,#1473,.F.);
#2083=ORIENTED_EDGE('',*,*,#1474,.F.);
#2084=ORIENTED_EDGE('',*,*,#1475,.T.);
#2085=ORIENTED_EDGE('',*,*,#1476,.T.);
#2086=ORIENTED_EDGE('',*,*,#1471,.F.);
#2087=ORIENTED_EDGE('',*,*,#1477,.F.);
#2088=ORIENTED_EDGE('',*,*,#1478,.T.);
#2089=ORIENTED_EDGE('',*,*,#1479,.T.);
#2090=ORIENTED_EDGE('',*,*,#1475,.F.);
#2091=ORIENTED_EDGE('',*,*,#1480,.F.);
#2092=ORIENTED_EDGE('',*,*,#1473,.T.);
#2093=ORIENTED_EDGE('',*,*,#1481,.T.);
#2094=ORIENTED_EDGE('',*,*,#1478,.F.);
#2095=ORIENTED_EDGE('',*,*,#1481,.F.);
#2096=ORIENTED_EDGE('',*,*,#1472,.F.);
#2097=ORIENTED_EDGE('',*,*,#1476,.F.);
#2098=ORIENTED_EDGE('',*,*,#1479,.F.);
#2099=ORIENTED_EDGE('',*,*,#1463,.T.);
#2100=ORIENTED_EDGE('',*,*,#1265,.T.);
#2101=ORIENTED_EDGE('',*,*,#1417,.F.);
#2102=ORIENTED_EDGE('',*,*,#1262,.F.);
#2103=ORIENTED_EDGE('',*,*,#1455,.T.);
#2104=ORIENTED_EDGE('',*,*,#1248,.T.);
#2105=ORIENTED_EDGE('',*,*,#1425,.F.);
#2106=ORIENTED_EDGE('',*,*,#1279,.F.);
#2107=ORIENTED_EDGE('',*,*,#1401,.F.);
#2108=ORIENTED_EDGE('',*,*,#1482,.F.);
#2109=ORIENTED_EDGE('',*,*,#1468,.F.);
#2110=ORIENTED_EDGE('',*,*,#1410,.T.);
#2111=ORIENTED_EDGE('',*,*,#1404,.F.);
#2112=ORIENTED_EDGE('',*,*,#1409,.F.);
#2113=ORIENTED_EDGE('',*,*,#1466,.F.);
#2114=ORIENTED_EDGE('',*,*,#1482,.T.);
#2115=ORIENTED_EDGE('',*,*,#1456,.T.);
#2116=ORIENTED_EDGE('',*,*,#1324,.T.);
#2117=ORIENTED_EDGE('',*,*,#1424,.F.);
#2118=ORIENTED_EDGE('',*,*,#1355,.F.);
#2119=ORIENTED_EDGE('',*,*,#1462,.T.);
#2120=ORIENTED_EDGE('',*,*,#1341,.T.);
#2121=ORIENTED_EDGE('',*,*,#1416,.F.);
#2122=ORIENTED_EDGE('',*,*,#1338,.F.);
#2123=ORIENTED_EDGE('',*,*,#1454,.T.);
#2124=ORIENTED_EDGE('',*,*,#1285,.T.);
#2125=ORIENTED_EDGE('',*,*,#1423,.F.);
#2126=ORIENTED_EDGE('',*,*,#1318,.F.);
#2127=ORIENTED_EDGE('',*,*,#1461,.T.);
#2128=ORIENTED_EDGE('',*,*,#1304,.T.);
#2129=ORIENTED_EDGE('',*,*,#1418,.F.);
#2130=ORIENTED_EDGE('',*,*,#1299,.F.);
#2131=ORIENTED_EDGE('',*,*,#1451,.F.);
#2132=ORIENTED_EDGE('',*,*,#1483,.T.);
#2133=ORIENTED_EDGE('',*,*,#1415,.F.);
#2134=ORIENTED_EDGE('',*,*,#1484,.F.);
#2135=ORIENTED_EDGE('',*,*,#1452,.F.);
#2136=ORIENTED_EDGE('',*,*,#1484,.T.);
#2137=ORIENTED_EDGE('',*,*,#1414,.F.);
#2138=ORIENTED_EDGE('',*,*,#1485,.F.);
#2139=ORIENTED_EDGE('',*,*,#1453,.F.);
#2140=ORIENTED_EDGE('',*,*,#1485,.T.);
#2141=ORIENTED_EDGE('',*,*,#1413,.F.);
#2142=ORIENTED_EDGE('',*,*,#1486,.F.);
#2143=ORIENTED_EDGE('',*,*,#1450,.F.);
#2144=ORIENTED_EDGE('',*,*,#1486,.T.);
#2145=ORIENTED_EDGE('',*,*,#1412,.F.);
#2146=ORIENTED_EDGE('',*,*,#1483,.F.);
#2147=ORIENTED_EDGE('',*,*,#1470,.T.);
#2148=ORIENTED_EDGE('',*,*,#1480,.T.);
#2149=ORIENTED_EDGE('',*,*,#1477,.T.);
#2150=ORIENTED_EDGE('',*,*,#1474,.T.);
#2151=PLANE('',#2367);
#2152=PLANE('',#2368);
#2153=PLANE('',#2369);
#2154=PLANE('',#2370);
#2155=PLANE('',#2371);
#2156=PLANE('',#2372);
#2157=PLANE('',#2373);
#2158=PLANE('',#2374);
#2159=PLANE('',#2375);
#2160=PLANE('',#2376);
#2161=PLANE('',#2377);
#2162=PLANE('',#2378);
#2163=PLANE('',#2379);
#2164=PLANE('',#2380);
#2165=PLANE('',#2381);
#2166=PLANE('',#2382);
#2167=PLANE('',#2383);
#2168=PLANE('',#2384);
#2169=PLANE('',#2385);
#2170=PLANE('',#2386);
#2171=PLANE('',#2387);
#2172=PLANE('',#2388);
#2173=PLANE('',#2389);
#2174=PLANE('',#2390);
#2175=PLANE('',#2391);
#2176=PLANE('',#2392);
#2177=PLANE('',#2393);
#2178=PLANE('',#2394);
#2179=PLANE('',#2395);
#2180=PLANE('',#2396);
#2181=PLANE('',#2397);
#2182=PLANE('',#2398);
#2183=PLANE('',#2399);
#2184=PLANE('',#2400);
#2185=PLANE('',#2401);
#2186=PLANE('',#2402);
#2187=PLANE('',#2403);
#2188=PLANE('',#2404);
#2189=PLANE('',#2405);
#2190=PLANE('',#2406);
#2191=PLANE('',#2407);
#2192=PLANE('',#2408);
#2193=PLANE('',#2409);
#2194=PLANE('',#2410);
#2195=PLANE('',#2411);
#2196=PLANE('',#2412);
#2197=PLANE('',#2413);
#2198=PLANE('',#2414);
#2199=PLANE('',#2415);
#2200=PLANE('',#2416);
#2201=PLANE('',#2417);
#2202=PLANE('',#2418);
#2203=PLANE('',#2419);
#2204=PLANE('',#2420);
#2205=PLANE('',#2421);
#2206=PLANE('',#2422);
#2207=PLANE('',#2423);
#2208=PLANE('',#2424);
#2209=PLANE('',#2425);
#2210=PLANE('',#2426);
#2211=PLANE('',#2427);
#2212=PLANE('',#2428);
#2213=PLANE('',#2429);
#2214=PLANE('',#2430);
#2215=PLANE('',#2431);
#2216=PLANE('',#2432);
#2217=PLANE('',#2433);
#2218=PLANE('',#2434);
#2219=PLANE('',#2435);
#2220=PLANE('',#2436);
#2221=PLANE('',#2437);
#2222=PLANE('',#2438);
#2223=PLANE('',#2439);
#2224=PLANE('',#2440);
#2225=PLANE('',#2441);
#2226=PLANE('',#2442);
#2227=PLANE('',#2443);
#2228=PLANE('',#2444);
#2229=PLANE('',#2445);
#2230=PLANE('',#2446);
#2231=PLANE('',#2447);
#2232=PLANE('',#2448);
#2233=PLANE('',#2449);
#2234=PLANE('',#2450);
#2235=PLANE('',#2451);
#2236=PLANE('',#2452);
#2237=PLANE('',#2453);
#2238=PLANE('',#2454);
#2239=PLANE('',#2455);
#2240=PLANE('',#2456);
#2241=PLANE('',#2457);
#2242=PLANE('',#2458);
#2243=PLANE('',#2459);
#2244=PLANE('',#2460);
#2245=PLANE('',#2461);
#2246=PLANE('',#2462);
#2247=PLANE('',#2463);
#2248=PLANE('',#2464);
#2249=PLANE('',#2465);
#2250=PLANE('',#2466);
#2251=PLANE('',#2467);
#2252=ADVANCED_FACE('',(#44),#2151,.F.);
#2253=ADVANCED_FACE('',(#45),#2152,.F.);
#2254=ADVANCED_FACE('',(#46),#2153,.F.);
#2255=ADVANCED_FACE('',(#47),#2154,.F.);
#2256=ADVANCED_FACE('',(#48),#2155,.F.);
#2257=ADVANCED_FACE('',(#49),#2156,.F.);
#2258=ADVANCED_FACE('',(#50),#2157,.F.);
#2259=ADVANCED_FACE('',(#51),#2158,.F.);
#2260=ADVANCED_FACE('',(#52),#2159,.F.);
#2261=ADVANCED_FACE('',(#53),#2160,.F.);
#2262=ADVANCED_FACE('',(#54),#2161,.F.);
#2263=ADVANCED_FACE('',(#55),#2162,.F.);
#2264=ADVANCED_FACE('',(#56),#2163,.F.);
#2265=ADVANCED_FACE('',(#57),#2164,.F.);
#2266=ADVANCED_FACE('',(#58),#2165,.F.);
#2267=ADVANCED_FACE('',(#59),#2166,.F.);
#2268=ADVANCED_FACE('',(#60),#2167,.F.);
#2269=ADVANCED_FACE('',(#61),#2168,.F.);
#2270=ADVANCED_FACE('',(#62),#2169,.F.);
#2271=ADVANCED_FACE('',(#63),#2170,.F.);
#2272=ADVANCED_FACE('',(#64),#2171,.F.);
#2273=ADVANCED_FACE('',(#65),#2172,.F.);
#2274=ADVANCED_FACE('',(#66),#2173,.F.);
#2275=ADVANCED_FACE('',(#67),#2174,.F.);
#2276=ADVANCED_FACE('',(#68),#2175,.F.);
#2277=ADVANCED_FACE('',(#69),#2176,.F.);
#2278=ADVANCED_FACE('',(#70),#2177,.F.);
#2279=ADVANCED_FACE('',(#71),#2178,.T.);
#2280=ADVANCED_FACE('',(#72),#2179,.T.);
#2281=ADVANCED_FACE('',(#73),#2180,.T.);
#2282=ADVANCED_FACE('',(#74),#2181,.T.);
#2283=ADVANCED_FACE('',(#75),#2182,.T.);
#2284=ADVANCED_FACE('',(#76),#2183,.T.);
#2285=ADVANCED_FACE('',(#77),#2184,.T.);
#2286=ADVANCED_FACE('',(#78),#2185,.T.);
#2287=ADVANCED_FACE('',(#79),#2186,.T.);
#2288=ADVANCED_FACE('',(#80),#2187,.T.);
#2289=ADVANCED_FACE('',(#81),#2188,.T.);
#2290=ADVANCED_FACE('',(#82),#2189,.T.);
#2291=ADVANCED_FACE('',(#83),#2190,.T.);
#2292=ADVANCED_FACE('',(#84),#2191,.T.);
#2293=ADVANCED_FACE('',(#85),#2192,.T.);
#2294=ADVANCED_FACE('',(#86),#2193,.T.);
#2295=ADVANCED_FACE('',(#87),#2194,.T.);
#2296=ADVANCED_FACE('',(#88),#2195,.T.);
#2297=ADVANCED_FACE('',(#89),#2196,.T.);
#2298=ADVANCED_FACE('',(#90),#2197,.T.);
#2299=ADVANCED_FACE('',(#91),#2198,.T.);
#2300=ADVANCED_FACE('',(#92),#2199,.T.);
#2301=ADVANCED_FACE('',(#93),#2200,.T.);
#2302=ADVANCED_FACE('',(#94),#2201,.T.);
#2303=ADVANCED_FACE('',(#95),#2202,.T.);
#2304=ADVANCED_FACE('',(#96),#2203,.T.);
#2305=ADVANCED_FACE('',(#97),#2204,.T.);
#2306=ADVANCED_FACE('',(#98),#2205,.T.);
#2307=ADVANCED_FACE('',(#99),#2206,.T.);
#2308=ADVANCED_FACE('',(#100),#2207,.T.);
#2309=ADVANCED_FACE('',(#101),#2208,.T.);
#2310=ADVANCED_FACE('',(#102),#2209,.T.);
#2311=ADVANCED_FACE('',(#103),#2210,.T.);
#2312=ADVANCED_FACE('',(#104),#2211,.T.);
#2313=ADVANCED_FACE('',(#105),#2212,.T.);
#2314=ADVANCED_FACE('',(#106),#2213,.T.);
#2315=ADVANCED_FACE('',(#107),#2214,.T.);
#2316=ADVANCED_FACE('',(#108),#2215,.T.);
#2317=ADVANCED_FACE('',(#109),#2216,.T.);
#2318=ADVANCED_FACE('',(#110,#15,#16,#17,#18,#19,#20,#21,#22,#23,#24,#25,
#26,#27,#28),#2217,.T.);
#2319=ADVANCED_FACE('',(#111),#2218,.T.);
#2320=ADVANCED_FACE('',(#112),#2219,.T.);
#2321=ADVANCED_FACE('',(#113),#2220,.T.);
#2322=ADVANCED_FACE('',(#114),#2221,.T.);
#2323=ADVANCED_FACE('',(#115),#2222,.T.);
#2324=ADVANCED_FACE('',(#116),#2223,.T.);
#2325=ADVANCED_FACE('',(#117),#2224,.T.);
#2326=ADVANCED_FACE('',(#118),#2225,.T.);
#2327=ADVANCED_FACE('',(#119),#2226,.T.);
#2328=ADVANCED_FACE('',(#120),#2227,.T.);
#2329=ADVANCED_FACE('',(#121),#2228,.T.);
#2330=ADVANCED_FACE('',(#122),#2229,.T.);
#2331=ADVANCED_FACE('',(#123,#29,#30,#31,#32,#33,#34,#35,#36,#37,#38,#39,
#40,#41,#42),#2230,.F.);
#2332=ADVANCED_FACE('',(#124),#2231,.T.);
#2333=ADVANCED_FACE('',(#125),#2232,.T.);
#2334=ADVANCED_FACE('',(#126),#2233,.T.);
#2335=ADVANCED_FACE('',(#127),#2234,.T.);
#2336=ADVANCED_FACE('',(#128),#2235,.F.);
#2337=ADVANCED_FACE('',(#129),#2236,.F.);
#2338=ADVANCED_FACE('',(#130),#2237,.F.);
#2339=ADVANCED_FACE('',(#131),#2238,.F.);
#2340=ADVANCED_FACE('',(#132),#2239,.F.);
#2341=ADVANCED_FACE('',(#133),#2240,.T.);
#2342=ADVANCED_FACE('',(#134),#2241,.T.);
#2343=ADVANCED_FACE('',(#135),#2242,.T.);
#2344=ADVANCED_FACE('',(#136),#2243,.T.);
#2345=ADVANCED_FACE('',(#137),#2244,.T.);
#2346=ADVANCED_FACE('',(#138),#2245,.T.);
#2347=ADVANCED_FACE('',(#139),#2246,.T.);
#2348=ADVANCED_FACE('',(#140),#2247,.T.);
#2349=ADVANCED_FACE('',(#141),#2248,.T.);
#2350=ADVANCED_FACE('',(#142),#2249,.T.);
#2351=ADVANCED_FACE('',(#143),#2250,.T.);
#2352=ADVANCED_FACE('',(#144,#43),#2251,.T.);
#2353=CLOSED_SHELL('',(#2252,#2253,#2254,#2255,#2256,#2257,#2258,#2259,
#2260,#2261,#2262,#2263,#2264,#2265,#2266,#2267,#2268,#2269,#2270,#2271,
#2272,#2273,#2274,#2275,#2276,#2277,#2278,#2279,#2280,#2281,#2282,#2283,
#2284,#2285,#2286,#2287,#2288,#2289,#2290,#2291,#2292,#2293,#2294,#2295,
#2296,#2297,#2298,#2299,#2300,#2301,#2302,#2303,#2304,#2305,#2306,#2307,
#2308,#2309,#2310,#2311,#2312,#2313,#2314,#2315,#2316,#2317,#2318,#2319,
#2320,#2321,#2322,#2323,#2324,#2325,#2326,#2327,#2328,#2329,#2330,#2331,
#2332,#2333,#2334,#2335,#2336,#2337,#2338,#2339,#2340,#2341,#2342,#2343,
#2344,#2345,#2346,#2347,#2348,#2349,#2350,#2351,#2352));
#2354=DERIVED_UNIT_ELEMENT(#2356,1.);
#2355=DERIVED_UNIT_ELEMENT(#3659,-3.);
#2356=(
MASS_UNIT()
NAMED_UNIT(*)
SI_UNIT(.KILO.,.GRAM.)
);
#2357=DERIVED_UNIT((#2354,#2355));
#2358=MEASURE_REPRESENTATION_ITEM('density measure',
POSITIVE_RATIO_MEASURE(7850.),#2357);
#2359=PROPERTY_DEFINITION_REPRESENTATION(#2364,#2361);
#2360=PROPERTY_DEFINITION_REPRESENTATION(#2365,#2362);
#2361=REPRESENTATION('material name',(#2363),#3656);
#2362=REPRESENTATION('density',(#2358),#3656);
#2363=DESCRIPTIVE_REPRESENTATION_ITEM('Steel','Steel');
#2364=PROPERTY_DEFINITION('material property','material name',#3666);
#2365=PROPERTY_DEFINITION('material property','density of part',#3666);
#2366=AXIS2_PLACEMENT_3D('',#3004,#2468,#2469);
#2367=AXIS2_PLACEMENT_3D('',#3005,#2470,#2471);
#2368=AXIS2_PLACEMENT_3D('',#3014,#2476,#2477);
#2369=AXIS2_PLACEMENT_3D('',#3023,#2482,#2483);
#2370=AXIS2_PLACEMENT_3D('',#3026,#2486,#2487);
#2371=AXIS2_PLACEMENT_3D('',#3035,#2492,#2493);
#2372=AXIS2_PLACEMENT_3D('',#3044,#2498,#2499);
#2373=AXIS2_PLACEMENT_3D('',#3047,#2502,#2503);
#2374=AXIS2_PLACEMENT_3D('',#3056,#2508,#2509);
#2375=AXIS2_PLACEMENT_3D('',#3065,#2514,#2515);
#2376=AXIS2_PLACEMENT_3D('',#3068,#2518,#2519);
#2377=AXIS2_PLACEMENT_3D('',#3077,#2524,#2525);
#2378=AXIS2_PLACEMENT_3D('',#3086,#2530,#2531);
#2379=AXIS2_PLACEMENT_3D('',#3089,#2534,#2535);
#2380=AXIS2_PLACEMENT_3D('',#3098,#2540,#2541);
#2381=AXIS2_PLACEMENT_3D('',#3107,#2546,#2547);
#2382=AXIS2_PLACEMENT_3D('',#3110,#2550,#2551);
#2383=AXIS2_PLACEMENT_3D('',#3119,#2556,#2557);
#2384=AXIS2_PLACEMENT_3D('',#3128,#2562,#2563);
#2385=AXIS2_PLACEMENT_3D('',#3131,#2566,#2567);
#2386=AXIS2_PLACEMENT_3D('',#3140,#2572,#2573);
#2387=AXIS2_PLACEMENT_3D('',#3149,#2578,#2579);
#2388=AXIS2_PLACEMENT_3D('',#3152,#2582,#2583);
#2389=AXIS2_PLACEMENT_3D('',#3161,#2588,#2589);
#2390=AXIS2_PLACEMENT_3D('',#3170,#2594,#2595);
#2391=AXIS2_PLACEMENT_3D('',#3173,#2598,#2599);
#2392=AXIS2_PLACEMENT_3D('',#3182,#2604,#2605);
#2393=AXIS2_PLACEMENT_3D('',#3191,#2610,#2611);
#2394=AXIS2_PLACEMENT_3D('',#3194,#2614,#2615);
#2395=AXIS2_PLACEMENT_3D('',#3230,#2635,#2636);
#2396=AXIS2_PLACEMENT_3D('',#3266,#2656,#2657);
#2397=AXIS2_PLACEMENT_3D('',#3302,#2677,#2678);
#2398=AXIS2_PLACEMENT_3D('',#3338,#2698,#2699);
#2399=AXIS2_PLACEMENT_3D('',#3374,#2719,#2720);
#2400=AXIS2_PLACEMENT_3D('',#3410,#2740,#2741);
#2401=AXIS2_PLACEMENT_3D('',#3413,#2744,#2745);
#2402=AXIS2_PLACEMENT_3D('',#3416,#2748,#2749);
#2403=AXIS2_PLACEMENT_3D('',#3417,#2750,#2751);
#2404=AXIS2_PLACEMENT_3D('',#3420,#2754,#2755);
#2405=AXIS2_PLACEMENT_3D('',#3423,#2758,#2759);
#2406=AXIS2_PLACEMENT_3D('',#3424,#2760,#2761);
#2407=AXIS2_PLACEMENT_3D('',#3427,#2764,#2765);
#2408=AXIS2_PLACEMENT_3D('',#3430,#2768,#2769);
#2409=AXIS2_PLACEMENT_3D('',#3431,#2770,#2771);
#2410=AXIS2_PLACEMENT_3D('',#3434,#2774,#2775);
#2411=AXIS2_PLACEMENT_3D('',#3437,#2778,#2779);
#2412=AXIS2_PLACEMENT_3D('',#3438,#2780,#2781);
#2413=AXIS2_PLACEMENT_3D('',#3441,#2784,#2785);
#2414=AXIS2_PLACEMENT_3D('',#3444,#2788,#2789);
#2415=AXIS2_PLACEMENT_3D('',#3445,#2790,#2791);
#2416=AXIS2_PLACEMENT_3D('',#3448,#2794,#2795);
#2417=AXIS2_PLACEMENT_3D('',#3451,#2798,#2799);
#2418=AXIS2_PLACEMENT_3D('',#3452,#2800,#2801);
#2419=AXIS2_PLACEMENT_3D('',#3455,#2804,#2805);
#2420=AXIS2_PLACEMENT_3D('',#3458,#2808,#2809);
#2421=AXIS2_PLACEMENT_3D('',#3459,#2810,#2811);
#2422=AXIS2_PLACEMENT_3D('',#3462,#2814,#2815);
#2423=AXIS2_PLACEMENT_3D('',#3465,#2818,#2819);
#2424=AXIS2_PLACEMENT_3D('',#3466,#2820,#2821);
#2425=AXIS2_PLACEMENT_3D('',#3469,#2824,#2825);
#2426=AXIS2_PLACEMENT_3D('',#3472,#2828,#2829);
#2427=AXIS2_PLACEMENT_3D('',#3473,#2830,#2831);
#2428=AXIS2_PLACEMENT_3D('',#3482,#2836,#2837);
#2429=AXIS2_PLACEMENT_3D('',#3488,#2841,#2842);
#2430=AXIS2_PLACEMENT_3D('',#3494,#2846,#2847);
#2431=AXIS2_PLACEMENT_3D('',#3497,#2850,#2851);
#2432=AXIS2_PLACEMENT_3D('',#3503,#2855,#2856);
#2433=AXIS2_PLACEMENT_3D('',#3507,#2859,#2860);
#2434=AXIS2_PLACEMENT_3D('',#3530,#2875,#2876);
#2435=AXIS2_PLACEMENT_3D('',#3536,#2880,#2881);
#2436=AXIS2_PLACEMENT_3D('',#3540,#2884,#2885);
#2437=AXIS2_PLACEMENT_3D('',#3544,#2888,#2889);
#2438=AXIS2_PLACEMENT_3D('',#3546,#2891,#2892);
#2439=AXIS2_PLACEMENT_3D('',#3552,#2896,#2897);
#2440=AXIS2_PLACEMENT_3D('',#3556,#2900,#2901);
#2441=AXIS2_PLACEMENT_3D('',#3564,#2906,#2907);
#2442=AXIS2_PLACEMENT_3D('',#3568,#2910,#2911);
#2443=AXIS2_PLACEMENT_3D('',#3572,#2914,#2915);
#2444=AXIS2_PLACEMENT_3D('',#3575,#2918,#2919);
#2445=AXIS2_PLACEMENT_3D('',#3577,#2921,#2922);
#2446=AXIS2_PLACEMENT_3D('',#3578,#2923,#2924);
#2447=AXIS2_PLACEMENT_3D('',#3601,#2939,#2940);
#2448=AXIS2_PLACEMENT_3D('',#3604,#2943,#2944);
#2449=AXIS2_PLACEMENT_3D('',#3608,#2947,#2948);
#2450=AXIS2_PLACEMENT_3D('',#3611,#2951,#2952);
#2451=AXIS2_PLACEMENT_3D('',#3612,#2953,#2954);
#2452=AXIS2_PLACEMENT_3D('',#3621,#2959,#2960);
#2453=AXIS2_PLACEMENT_3D('',#3627,#2964,#2965);
#2454=AXIS2_PLACEMENT_3D('',#3633,#2969,#2970);
#2455=AXIS2_PLACEMENT_3D('',#3636,#2973,#2974);
#2456=AXIS2_PLACEMENT_3D('',#3637,#2975,#2976);
#2457=AXIS2_PLACEMENT_3D('',#3638,#2977,#2978);
#2458=AXIS2_PLACEMENT_3D('',#3639,#2979,#2980);
#2459=AXIS2_PLACEMENT_3D('',#3641,#2982,#2983);
#2460=AXIS2_PLACEMENT_3D('',#3642,#2984,#2985);
#2461=AXIS2_PLACEMENT_3D('',#3643,#2986,#2987);
#2462=AXIS2_PLACEMENT_3D('',#3644,#2988,#2989);
#2463=AXIS2_PLACEMENT_3D('',#3645,#2990,#2991);
#2464=AXIS2_PLACEMENT_3D('',#3646,#2992,#2993);
#2465=AXIS2_PLACEMENT_3D('',#3649,#2996,#2997);
#2466=AXIS2_PLACEMENT_3D('',#3651,#2999,#3000);
#2467=AXIS2_PLACEMENT_3D('',#3653,#3002,#3003);
#2468=DIRECTION('axis',(0.,0.,1.));
#2469=DIRECTION('refdir',(1.,0.,0.));
#2470=DIRECTION('center_axis',(1.,0.,0.));
#2471=DIRECTION('ref_axis',(0.,0.,1.));
#2472=DIRECTION('',(0.,0.,-1.));
#2473=DIRECTION('',(0.,1.,0.));
#2474=DIRECTION('',(0.,0.,1.));
#2475=DIRECTION('',(0.,-1.,0.));
#2476=DIRECTION('center_axis',(-1.,0.,0.));
#2477=DIRECTION('ref_axis',(0.,0.,-1.));
#2478=DIRECTION('',(0.,0.,-1.));
#2479=DIRECTION('',(0.,1.,0.));
#2480=DIRECTION('',(0.,0.,-1.));
#2481=DIRECTION('',(0.,-1.,0.));
#2482=DIRECTION('center_axis',(0.,1.,0.));
#2483=DIRECTION('ref_axis',(0.,0.,1.));
#2484=DIRECTION('',(1.,0.,1.11022302462516E-15));
#2485=DIRECTION('',(-1.,0.,1.5419764230905E-16));
#2486=DIRECTION('center_axis',(1.,0.,0.));
#2487=DIRECTION('ref_axis',(0.,0.,1.));
#2488=DIRECTION('',(0.,0.,-1.));
#2489=DIRECTION('',(0.,1.,0.));
#2490=DIRECTION('',(0.,0.,1.));
#2491=DIRECTION('',(0.,-1.,0.));
#2492=DIRECTION('center_axis',(-1.,0.,0.));
#2493=DIRECTION('ref_axis',(0.,0.,-1.));
#2494=DIRECTION('',(0.,0.,-1.));
#2495=DIRECTION('',(0.,1.,0.));
#2496=DIRECTION('',(0.,0.,-1.));
#2497=DIRECTION('',(0.,-1.,0.));
#2498=DIRECTION('center_axis',(0.,1.,0.));
#2499=DIRECTION('ref_axis',(0.,0.,1.));
#2500=DIRECTION('',(1.,0.,1.11022302462516E-15));
#2501=DIRECTION('',(-1.,0.,1.5419764230905E-16));
#2502=DIRECTION('center_axis',(1.,0.,0.));
#2503=DIRECTION('ref_axis',(0.,0.,1.));
#2504=DIRECTION('',(0.,0.,-1.));
#2505=DIRECTION('',(0.,1.,0.));
#2506=DIRECTION('',(0.,0.,1.));
#2507=DIRECTION('',(0.,-1.,0.));
#2508=DIRECTION('center_axis',(-1.,0.,0.));
#2509=DIRECTION('ref_axis',(0.,0.,-1.));
#2510=DIRECTION('',(0.,0.,-1.));
#2511=DIRECTION('',(0.,1.,0.));
#2512=DIRECTION('',(0.,0.,-1.));
#2513=DIRECTION('',(0.,-1.,0.));
#2514=DIRECTION('center_axis',(0.,1.,0.));
#2515=DIRECTION('ref_axis',(0.,0.,1.));
#2516=DIRECTION('',(1.,0.,1.2335811384724E-16));
#2517=DIRECTION('',(-1.,0.,1.5419764230905E-16));
#2518=DIRECTION('center_axis',(1.,0.,0.));
#2519=DIRECTION('ref_axis',(0.,0.,1.));
#2520=DIRECTION('',(0.,0.,-1.));
#2521=DIRECTION('',(0.,1.,0.));
#2522=DIRECTION('',(0.,0.,1.));
#2523=DIRECTION('',(0.,-1.,0.));
#2524=DIRECTION('center_axis',(-1.,0.,0.));
#2525=DIRECTION('ref_axis',(0.,0.,-1.));
#2526=DIRECTION('',(0.,0.,-1.));
#2527=DIRECTION('',(0.,1.,0.));
#2528=DIRECTION('',(0.,0.,-1.));
#2529=DIRECTION('',(0.,-1.,0.));
#2530=DIRECTION('center_axis',(0.,1.,0.));
#2531=DIRECTION('ref_axis',(0.,0.,1.));
#2532=DIRECTION('',(1.,0.,0.));
#2533=DIRECTION('',(-1.,0.,0.));
#2534=DIRECTION('center_axis',(1.,0.,0.));
#2535=DIRECTION('ref_axis',(0.,0.,1.));
#2536=DIRECTION('',(0.,0.,-1.));
#2537=DIRECTION('',(0.,1.,0.));
#2538=DIRECTION('',(0.,0.,1.));
#2539=DIRECTION('',(0.,-1.,0.));
#2540=DIRECTION('center_axis',(-1.,0.,0.));
#2541=DIRECTION('ref_axis',(0.,0.,-1.));
#2542=DIRECTION('',(0.,0.,-1.));
#2543=DIRECTION('',(0.,1.,0.));
#2544=DIRECTION('',(0.,0.,-1.));
#2545=DIRECTION('',(0.,-1.,0.));
#2546=DIRECTION('center_axis',(0.,1.,0.));
#2547=DIRECTION('ref_axis',(0.,0.,1.));
#2548=DIRECTION('',(1.,0.,0.));
#2549=DIRECTION('',(-1.,0.,0.));
#2550=DIRECTION('center_axis',(1.,0.,0.));
#2551=DIRECTION('ref_axis',(0.,0.,1.));
#2552=DIRECTION('',(0.,0.,-1.));
#2553=DIRECTION('',(0.,1.,0.));
#2554=DIRECTION('',(0.,0.,1.));
#2555=DIRECTION('',(0.,-1.,0.));
#2556=DIRECTION('center_axis',(-1.,0.,0.));
#2557=DIRECTION('ref_axis',(0.,0.,-1.));
#2558=DIRECTION('',(0.,0.,-1.));
#2559=DIRECTION('',(0.,1.,0.));
#2560=DIRECTION('',(0.,0.,-1.));
#2561=DIRECTION('',(0.,-1.,0.));
#2562=DIRECTION('center_axis',(0.,1.,0.));
#2563=DIRECTION('ref_axis',(0.,0.,1.));
#2564=DIRECTION('',(1.,0.,0.));
#2565=DIRECTION('',(-1.,0.,0.));
#2566=DIRECTION('center_axis',(1.,0.,0.));
#2567=DIRECTION('ref_axis',(0.,0.,1.));
#2568=DIRECTION('',(0.,0.,-1.));
#2569=DIRECTION('',(0.,1.,0.));
#2570=DIRECTION('',(0.,0.,1.));
#2571=DIRECTION('',(0.,-1.,0.));
#2572=DIRECTION('center_axis',(-1.,0.,0.));
#2573=DIRECTION('ref_axis',(0.,0.,-1.));
#2574=DIRECTION('',(0.,0.,-1.));
#2575=DIRECTION('',(0.,1.,0.));
#2576=DIRECTION('',(0.,0.,-1.));
#2577=DIRECTION('',(0.,-1.,0.));
#2578=DIRECTION('center_axis',(0.,1.,0.));
#2579=DIRECTION('ref_axis',(0.,0.,1.));
#2580=DIRECTION('',(1.,0.,1.2335811384724E-16));
#2581=DIRECTION('',(-1.,0.,1.5419764230905E-16));
#2582=DIRECTION('center_axis',(1.,0.,0.));
#2583=DIRECTION('ref_axis',(0.,0.,1.));
#2584=DIRECTION('',(0.,0.,-1.));
#2585=DIRECTION('',(0.,1.,0.));
#2586=DIRECTION('',(0.,0.,1.));
#2587=DIRECTION('',(0.,-1.,0.));
#2588=DIRECTION('center_axis',(-1.,0.,0.));
#2589=DIRECTION('ref_axis',(0.,0.,-1.));
#2590=DIRECTION('',(0.,0.,-1.));
#2591=DIRECTION('',(0.,1.,0.));
#2592=DIRECTION('',(0.,0.,-1.));
#2593=DIRECTION('',(0.,-1.,0.));
#2594=DIRECTION('center_axis',(0.,1.,0.));
#2595=DIRECTION('ref_axis',(0.,0.,1.));
#2596=DIRECTION('',(1.,0.,1.2335811384724E-16));
#2597=DIRECTION('',(-1.,0.,1.5419764230905E-16));
#2598=DIRECTION('center_axis',(1.,0.,0.));
#2599=DIRECTION('ref_axis',(0.,0.,1.));
#2600=DIRECTION('',(0.,0.,-1.));
#2601=DIRECTION('',(0.,1.,0.));
#2602=DIRECTION('',(0.,0.,1.));
#2603=DIRECTION('',(0.,-1.,0.));
#2604=DIRECTION('center_axis',(-1.,0.,0.));
#2605=DIRECTION('ref_axis',(0.,0.,-1.));
#2606=DIRECTION('',(0.,0.,-1.));
#2607=DIRECTION('',(0.,1.,0.));
#2608=DIRECTION('',(0.,0.,-1.));
#2609=DIRECTION('',(0.,-1.,0.));
#2610=DIRECTION('center_axis',(0.,1.,0.));
#2611=DIRECTION('ref_axis',(0.,0.,1.));
#2612=DIRECTION('',(1.,0.,1.11022302462516E-15));
#2613=DIRECTION('',(-1.,0.,1.5419764230905E-16));
#2614=DIRECTION('center_axis',(0.,0.,-1.));
#2615=DIRECTION('ref_axis',(-1.,0.,0.));
#2616=DIRECTION('',(-1.,0.,0.));
#2617=DIRECTION('',(-1.,0.,0.));
#2618=DIRECTION('',(-1.,0.,0.));
#2619=DIRECTION('',(0.,1.,0.));
#2620=DIRECTION('',(-1.,0.,0.));
#2621=DIRECTION('',(0.,1.,0.));
#2622=DIRECTION('',(-1.,0.,0.));
#2623=DIRECTION('',(0.,-1.,0.));
#2624=DIRECTION('',(-1.,0.,0.));
#2625=DIRECTION('',(0.,1.,0.));
#2626=DIRECTION('',(-1.,0.,0.));
#2627=DIRECTION('',(0.,-1.,0.));
#2628=DIRECTION('',(-1.,0.,0.));
#2629=DIRECTION('',(0.,1.,0.));
#2630=DIRECTION('',(-1.,0.,0.));
#2631=DIRECTION('',(0.,-1.,0.));
#2632=DIRECTION('',(-1.,0.,0.));
#2633=DIRECTION('',(0.,1.,0.));
#2634=DIRECTION('',(-1.,0.,0.));
#2635=DIRECTION('center_axis',(0.,0.,1.));
#2636=DIRECTION('ref_axis',(1.,0.,0.));
#2637=DIRECTION('',(1.,0.,0.));
#2638=DIRECTION('',(0.,1.,0.));
#2639=DIRECTION('',(1.,0.,0.));
#2640=DIRECTION('',(0.,1.,0.));
#2641=DIRECTION('',(1.,0.,0.));
#2642=DIRECTION('',(0.,-1.,0.));
#2643=DIRECTION('',(1.,0.,0.));
#2644=DIRECTION('',(0.,1.,0.));
#2645=DIRECTION('',(1.,0.,0.));
#2646=DIRECTION('',(0.,-1.,0.));
#2647=DIRECTION('',(1.,0.,0.));
#2648=DIRECTION('',(0.,1.,0.));
#2649=DIRECTION('',(1.,0.,0.));
#2650=DIRECTION('',(0.,-1.,0.));
#2651=DIRECTION('',(1.,0.,0.));
#2652=DIRECTION('',(0.,1.,0.));
#2653=DIRECTION('',(1.,0.,0.));
#2654=DIRECTION('',(1.,0.,0.));
#2655=DIRECTION('',(1.,0.,0.));
#2656=DIRECTION('center_axis',(1.2335811384724E-16,0.,-1.));
#2657=DIRECTION('ref_axis',(-1.,0.,-1.2335811384724E-16));
#2658=DIRECTION('',(-1.,0.,-1.2335811384724E-16));
#2659=DIRECTION('',(-1.,0.,-1.2335811384724E-16));
#2660=DIRECTION('',(0.,1.,0.));
#2661=DIRECTION('',(-1.,0.,-1.2335811384724E-16));
#2662=DIRECTION('',(0.,1.,0.));
#2663=DIRECTION('',(-1.,0.,-1.2335811384724E-16));
#2664=DIRECTION('',(0.,-1.,0.));
#2665=DIRECTION('',(-1.,0.,-1.2335811384724E-16));
#2666=DIRECTION('',(0.,1.,0.));
#2667=DIRECTION('',(-1.,0.,-1.2335811384724E-16));
#2668=DIRECTION('',(0.,-1.,0.));
#2669=DIRECTION('',(-1.,0.,-1.2335811384724E-16));
#2670=DIRECTION('',(0.,1.,0.));
#2671=DIRECTION('',(-1.,0.,-1.2335811384724E-16));
#2672=DIRECTION('',(0.,-1.,0.));
#2673=DIRECTION('',(-1.,0.,-1.2335811384724E-16));
#2674=DIRECTION('',(0.,1.,0.));
#2675=DIRECTION('',(-1.,0.,-1.2335811384724E-16));
#2676=DIRECTION('',(-1.,0.,-1.2335811384724E-16));
#2677=DIRECTION('center_axis',(1.5419764230905E-16,0.,1.));
#2678=DIRECTION('ref_axis',(1.,0.,-1.5419764230905E-16));
#2679=DIRECTION('',(1.,0.,-1.5419764230905E-16));
#2680=DIRECTION('',(1.,0.,-1.5419764230905E-16));
#2681=DIRECTION('',(0.,1.,0.));
#2682=DIRECTION('',(1.,0.,-1.5419764230905E-16));
#2683=DIRECTION('',(0.,1.,0.));
#2684=DIRECTION('',(1.,0.,-1.5419764230905E-16));
#2685=DIRECTION('',(0.,-1.,0.));
#2686=DIRECTION('',(1.,0.,-1.5419764230905E-16));
#2687=DIRECTION('',(0.,1.,0.));
#2688=DIRECTION('',(1.,0.,-1.5419764230905E-16));
#2689=DIRECTION('',(0.,-1.,0.));
#2690=DIRECTION('',(1.,0.,-1.5419764230905E-16));
#2691=DIRECTION('',(0.,1.,0.));
#2692=DIRECTION('',(1.,0.,-1.5419764230905E-16));
#2693=DIRECTION('',(0.,-1.,0.));
#2694=DIRECTION('',(1.,0.,-1.5419764230905E-16));
#2695=DIRECTION('',(0.,1.,0.));
#2696=DIRECTION('',(1.,0.,-1.5419764230905E-16));
#2697=DIRECTION('',(1.,0.,-1.5419764230905E-16));
#2698=DIRECTION('center_axis',(1.11022302462516E-15,0.,-1.));
#2699=DIRECTION('ref_axis',(-1.,0.,-1.11022302462516E-15));
#2700=DIRECTION('',(-1.,0.,-1.11022302462516E-15));
#2701=DIRECTION('',(-1.,0.,-1.11022302462516E-15));
#2702=DIRECTION('',(-1.,0.,-1.11022302462516E-15));
#2703=DIRECTION('',(0.,1.,0.));
#2704=DIRECTION('',(-1.,0.,-1.11022302462516E-15));
#2705=DIRECTION('',(0.,1.,0.));
#2706=DIRECTION('',(-1.,0.,-1.11022302462516E-15));
#2707=DIRECTION('',(0.,-1.,0.));
#2708=DIRECTION('',(-1.,0.,-1.11022302462516E-15));
#2709=DIRECTION('',(0.,1.,0.));
#2710=DIRECTION('',(-1.,0.,-1.11022302462516E-15));
#2711=DIRECTION('',(0.,-1.,0.));
#2712=DIRECTION('',(-1.,0.,-1.11022302462516E-15));
#2713=DIRECTION('',(0.,1.,0.));
#2714=DIRECTION('',(-1.,0.,-1.11022302462516E-15));
#2715=DIRECTION('',(0.,-1.,0.));
#2716=DIRECTION('',(-1.,0.,-1.11022302462516E-15));
#2717=DIRECTION('',(0.,1.,0.));
#2718=DIRECTION('',(-1.,0.,-1.11022302462516E-15));
#2719=DIRECTION('center_axis',(1.5419764230905E-16,0.,1.));
#2720=DIRECTION('ref_axis',(1.,0.,-1.5419764230905E-16));
#2721=DIRECTION('',(1.,0.,-1.5419764230905E-16));
#2722=DIRECTION('',(0.,1.,0.));
#2723=DIRECTION('',(1.,0.,-1.5419764230905E-16));
#2724=DIRECTION('',(0.,1.,0.));
#2725=DIRECTION('',(1.,0.,-1.5419764230905E-16));
#2726=DIRECTION('',(0.,-1.,0.));
#2727=DIRECTION('',(1.,0.,-1.5419764230905E-16));
#2728=DIRECTION('',(0.,1.,0.));
#2729=DIRECTION('',(1.,0.,-1.5419764230905E-16));
#2730=DIRECTION('',(0.,-1.,0.));
#2731=DIRECTION('',(1.,0.,-1.5419764230905E-16));
#2732=DIRECTION('',(0.,1.,0.));
#2733=DIRECTION('',(1.,0.,-1.5419764230905E-16));
#2734=DIRECTION('',(0.,-1.,0.));
#2735=DIRECTION('',(1.,0.,-1.5419764230905E-16));
#2736=DIRECTION('',(0.,1.,0.));
#2737=DIRECTION('',(1.,0.,-1.5419764230905E-16));
#2738=DIRECTION('',(1.,0.,-1.5419764230905E-16));
#2739=DIRECTION('',(1.,0.,-1.5419764230905E-16));
#2740=DIRECTION('center_axis',(-1.,0.,0.));
#2741=DIRECTION('ref_axis',(0.,0.,1.));
#2742=DIRECTION('',(0.,0.,-1.));
#2743=DIRECTION('',(0.,0.,1.));
#2744=DIRECTION('center_axis',(1.,0.,0.));
#2745=DIRECTION('ref_axis',(0.,0.,-1.));
#2746=DIRECTION('',(0.,0.,-1.));
#2747=DIRECTION('',(0.,0.,-1.));
#2748=DIRECTION('center_axis',(0.,1.,0.));
#2749=DIRECTION('ref_axis',(0.,0.,1.));
#2750=DIRECTION('center_axis',(-1.,0.,0.));
#2751=DIRECTION('ref_axis',(0.,0.,1.));
#2752=DIRECTION('',(0.,0.,-1.));
#2753=DIRECTION('',(0.,0.,1.));
#2754=DIRECTION('center_axis',(1.,0.,0.));
#2755=DIRECTION('ref_axis',(0.,0.,-1.));
#2756=DIRECTION('',(0.,0.,-1.));
#2757=DIRECTION('',(0.,0.,-1.));
#2758=DIRECTION('center_axis',(0.,1.,0.));
#2759=DIRECTION('ref_axis',(0.,0.,1.));
#2760=DIRECTION('center_axis',(-1.,0.,0.));
#2761=DIRECTION('ref_axis',(0.,0.,1.));
#2762=DIRECTION('',(0.,0.,-1.));
#2763=DIRECTION('',(0.,0.,1.));
#2764=DIRECTION('center_axis',(1.,0.,0.));
#2765=DIRECTION('ref_axis',(0.,0.,-1.));
#2766=DIRECTION('',(0.,0.,-1.));
#2767=DIRECTION('',(0.,0.,-1.));
#2768=DIRECTION('center_axis',(0.,1.,0.));
#2769=DIRECTION('ref_axis',(0.,0.,1.));
#2770=DIRECTION('center_axis',(-1.,0.,0.));
#2771=DIRECTION('ref_axis',(0.,0.,1.));
#2772=DIRECTION('',(0.,0.,-1.));
#2773=DIRECTION('',(0.,0.,1.));
#2774=DIRECTION('center_axis',(1.,0.,0.));
#2775=DIRECTION('ref_axis',(0.,0.,-1.));
#2776=DIRECTION('',(0.,0.,-1.));
#2777=DIRECTION('',(0.,0.,-1.));
#2778=DIRECTION('center_axis',(0.,1.,0.));
#2779=DIRECTION('ref_axis',(0.,0.,1.));
#2780=DIRECTION('center_axis',(-1.,0.,0.));
#2781=DIRECTION('ref_axis',(0.,0.,1.));
#2782=DIRECTION('',(0.,0.,-1.));
#2783=DIRECTION('',(0.,0.,1.));
#2784=DIRECTION('center_axis',(1.,0.,0.));
#2785=DIRECTION('ref_axis',(0.,0.,-1.));
#2786=DIRECTION('',(0.,0.,-1.));
#2787=DIRECTION('',(0.,0.,-1.));
#2788=DIRECTION('center_axis',(0.,1.,0.));
#2789=DIRECTION('ref_axis',(0.,0.,1.));
#2790=DIRECTION('center_axis',(-1.,0.,0.));
#2791=DIRECTION('ref_axis',(0.,0.,1.));
#2792=DIRECTION('',(0.,0.,-1.));
#2793=DIRECTION('',(0.,0.,1.));
#2794=DIRECTION('center_axis',(1.,0.,0.));
#2795=DIRECTION('ref_axis',(0.,0.,-1.));
#2796=DIRECTION('',(0.,0.,-1.));
#2797=DIRECTION('',(0.,0.,-1.));
#2798=DIRECTION('center_axis',(0.,1.,0.));
#2799=DIRECTION('ref_axis',(0.,0.,1.));
#2800=DIRECTION('center_axis',(-1.,0.,0.));
#2801=DIRECTION('ref_axis',(0.,0.,1.));
#2802=DIRECTION('',(0.,0.,-1.));
#2803=DIRECTION('',(0.,0.,1.));
#2804=DIRECTION('center_axis',(1.,0.,0.));
#2805=DIRECTION('ref_axis',(0.,0.,-1.));
#2806=DIRECTION('',(0.,0.,-1.));
#2807=DIRECTION('',(0.,0.,-1.));
#2808=DIRECTION('center_axis',(0.,1.,0.));
#2809=DIRECTION('ref_axis',(0.,0.,1.));
#2810=DIRECTION('center_axis',(-1.,0.,0.));
#2811=DIRECTION('ref_axis',(0.,0.,1.));
#2812=DIRECTION('',(0.,0.,-1.));
#2813=DIRECTION('',(0.,0.,1.));
#2814=DIRECTION('center_axis',(1.,0.,0.));
#2815=DIRECTION('ref_axis',(0.,0.,-1.));
#2816=DIRECTION('',(0.,0.,-1.));
#2817=DIRECTION('',(0.,0.,-1.));
#2818=DIRECTION('center_axis',(0.,1.,0.));
#2819=DIRECTION('ref_axis',(0.,0.,1.));
#2820=DIRECTION('center_axis',(-1.,0.,0.));
#2821=DIRECTION('ref_axis',(0.,0.,1.));
#2822=DIRECTION('',(0.,0.,-1.));
#2823=DIRECTION('',(0.,0.,1.));
#2824=DIRECTION('center_axis',(1.,0.,0.));
#2825=DIRECTION('ref_axis',(0.,0.,-1.));
#2826=DIRECTION('',(0.,0.,-1.));
#2827=DIRECTION('',(0.,0.,-1.));
#2828=DIRECTION('center_axis',(0.,1.,0.));
#2829=DIRECTION('ref_axis',(0.,0.,1.));
#2830=DIRECTION('center_axis',(3.56839195155404E-17,0.707106781186547,0.707106781186548));
#2831=DIRECTION('ref_axis',(1.,0.,-5.04646829375071E-17));
#2832=DIRECTION('',(-1.,0.,5.04646829375071E-17));
#2833=DIRECTION('',(0.577350269189624,-0.577350269189627,0.577350269189626));
#2834=DIRECTION('',(1.,0.,-5.04646829375071E-17));
#2835=DIRECTION('',(-0.577350269189625,-0.577350269189627,0.577350269189626));
#2836=DIRECTION('center_axis',(0.70710678118655,0.707106781186545,6.97818870526124E-16));
#2837=DIRECTION('ref_axis',(9.86864910777917E-16,0.,-1.));
#2838=DIRECTION('',(-9.86864910777917E-16,0.,1.));
#2839=DIRECTION('',(0.577350269189625,-0.577350269189627,-0.577350269189625));
#2840=DIRECTION('',(9.86864910777917E-16,0.,-1.));
#2841=DIRECTION('center_axis',(-2.85471356124323E-16,0.707106781186546,
-0.707106781186549));
#2842=DIRECTION('ref_axis',(-1.,0.,4.03717463500057E-16));
#2843=DIRECTION('',(1.,0.,-4.03717463500057E-16));
#2844=DIRECTION('',(-0.577350269189625,-0.577350269189627,-0.577350269189625));
#2845=DIRECTION('',(-1.,0.,4.03717463500057E-16));
#2846=DIRECTION('center_axis',(-0.707106781186549,0.707106781186546,0.));
#2847=DIRECTION('ref_axis',(0.,0.,1.));
#2848=DIRECTION('',(0.,0.,1.));
#2849=DIRECTION('',(0.,0.,-1.));
#2850=DIRECTION('center_axis',(-1.,0.,0.));
#2851=DIRECTION('ref_axis',(0.,0.,1.));
#2852=DIRECTION('',(0.,1.,0.));
#2853=DIRECTION('',(0.,0.,-1.));
#2854=DIRECTION('',(0.,1.,0.));
#2855=DIRECTION('center_axis',(5.04646829375071E-17,0.,1.));
#2856=DIRECTION('ref_axis',(1.,0.,-5.04646829375071E-17));
#2857=DIRECTION('',(0.,1.,0.));
#2858=DIRECTION('',(-1.,0.,5.04646829375071E-17));
#2859=DIRECTION('center_axis',(0.,1.,0.));
#2860=DIRECTION('ref_axis',(0.,0.,1.));
#2861=DIRECTION('',(1.,0.,0.));
#2862=DIRECTION('',(0.,0.,-1.));
#2863=DIRECTION('',(-1.,0.,1.54074395550979E-34));
#2864=DIRECTION('',(0.,0.,1.));
#2865=DIRECTION('',(0.,0.,-1.));
#2866=DIRECTION('',(0.,0.,-1.));
#2867=DIRECTION('',(0.,0.,-1.));
#2868=DIRECTION('',(1.,0.,-2.01858731750029E-16));
#2869=DIRECTION('',(-3.94745964311167E-15,0.,1.));
#2870=DIRECTION('',(-1.,0.,2.52323414687536E-16));
#2871=DIRECTION('',(0.,0.,-1.));
#2872=DIRECTION('',(0.,0.,1.));
#2873=DIRECTION('',(0.,0.,1.));
#2874=DIRECTION('',(0.,0.,1.));
#2875=DIRECTION('center_axis',(-1.42735678062162E-16,0.707106781186546,
-0.707106781186549));
#2876=DIRECTION('ref_axis',(-1.,0.,2.01858731750029E-16));
#2877=DIRECTION('',(-0.577350269189626,-0.577350269189626,-0.577350269189625));
#2878=DIRECTION('',(-1.,0.,2.01858731750029E-16));
#2879=DIRECTION('',(0.577350269189629,-0.577350269189625,-0.577350269189624));
#2880=DIRECTION('center_axis',(-0.707106781186548,0.707106781186548,0.));
#2881=DIRECTION('ref_axis',(0.,0.,1.));
#2882=DIRECTION('',(-0.577350269189626,-0.577350269189626,0.577350269189625));
#2883=DIRECTION('',(0.,0.,1.));
#2884=DIRECTION('center_axis',(1.78419597577703E-16,0.707106781186547,0.707106781186548));
#2885=DIRECTION('ref_axis',(1.,0.,-2.52323414687536E-16));
#2886=DIRECTION('',(0.577350269189624,-0.577350269189627,0.577350269189626));
#2887=DIRECTION('',(1.,0.,-2.52323414687536E-16));
#2888=DIRECTION('center_axis',(0.707106781186548,0.707106781186548,2.79127548210449E-15));
#2889=DIRECTION('ref_axis',(3.94745964311167E-15,0.,-1.));
#2890=DIRECTION('',(3.94745964311167E-15,0.,-1.));
#2891=DIRECTION('center_axis',(1.,0.,3.94745964311167E-15));
#2892=DIRECTION('ref_axis',(3.94745964311167E-15,0.,-1.));
#2893=DIRECTION('',(0.,1.,0.));
#2894=DIRECTION('',(-3.94745964311167E-15,0.,1.));
#2895=DIRECTION('',(0.,1.,0.));
#2896=DIRECTION('center_axis',(-2.01858731750029E-16,0.,-1.));
#2897=DIRECTION('ref_axis',(-1.,0.,2.01858731750029E-16));
#2898=DIRECTION('',(0.,1.,0.));
#2899=DIRECTION('',(1.,0.,-2.01858731750029E-16));
#2900=DIRECTION('center_axis',(-0.707106781186545,-0.70710678118655,0.));
#2901=DIRECTION('ref_axis',(0.,0.,1.));
#2902=DIRECTION('',(0.,0.,1.));
#2903=DIRECTION('',(-0.577350269189629,0.577350269189624,-0.577350269189624));
#2904=DIRECTION('',(0.,0.,-1.));
#2905=DIRECTION('',(0.577350269189629,-0.577350269189624,-0.577350269189624));
#2906=DIRECTION('center_axis',(-1.42735678062162E-16,-0.707106781186547,
-0.707106781186548));
#2907=DIRECTION('ref_axis',(-1.,0.,2.01858731750029E-16));
#2908=DIRECTION('',(-1.,0.,2.01858731750029E-16));
#2909=DIRECTION('',(0.577350269189629,0.577350269189624,-0.577350269189624));
#2910=DIRECTION('center_axis',(0.707106781186547,-0.707106781186548,2.79127548210449E-15));
#2911=DIRECTION('ref_axis',(3.94745964311167E-15,0.,-1.));
#2912=DIRECTION('',(3.94745964311167E-15,0.,-1.));
#2913=DIRECTION('',(0.577350269189624,0.577350269189627,0.577350269189626));
#2914=DIRECTION('center_axis',(1.78419597577702E-16,-0.707106781186547,
0.707106781186548));
#2915=DIRECTION('ref_axis',(1.,0.,-2.52323414687536E-16));
#2916=DIRECTION('',(-1.,0.,2.52323414687536E-16));
#2917=DIRECTION('',(1.,0.,-2.52323414687536E-16));
#2918=DIRECTION('center_axis',(2.52323414687536E-16,0.,1.));
#2919=DIRECTION('ref_axis',(1.,0.,-2.52323414687536E-16));
#2920=DIRECTION('',(0.,1.,0.));
#2921=DIRECTION('center_axis',(-1.,0.,0.));
#2922=DIRECTION('ref_axis',(0.,0.,1.));
#2923=DIRECTION('center_axis',(0.,1.,0.));
#2924=DIRECTION('ref_axis',(1.,0.,0.));
#2925=DIRECTION('',(-1.,0.,0.));
#2926=DIRECTION('',(0.,0.,-1.));
#2927=DIRECTION('',(1.,0.,-1.54074395550979E-34));
#2928=DIRECTION('',(0.,0.,1.));
#2929=DIRECTION('',(0.,0.,1.));
#2930=DIRECTION('',(0.,0.,1.));
#2931=DIRECTION('',(0.,0.,1.));
#2932=DIRECTION('',(0.,0.,1.));
#2933=DIRECTION('',(1.,0.,-5.04646829375071E-17));
#2934=DIRECTION('',(9.86864910777917E-16,0.,-1.));
#2935=DIRECTION('',(-1.,0.,4.03717463500057E-16));
#2936=DIRECTION('',(0.,0.,-1.));
#2937=DIRECTION('',(0.,0.,-1.));
#2938=DIRECTION('',(0.,0.,-1.));
#2939=DIRECTION('center_axis',(-0.707106781186547,-0.707106781186548,0.));
#2940=DIRECTION('ref_axis',(0.,0.,1.));
#2941=DIRECTION('',(-0.577350269189627,0.577350269189626,-0.577350269189625));
#2942=DIRECTION('',(0.577350269189627,-0.577350269189625,-0.577350269189626));
#2943=DIRECTION('center_axis',(-2.85471356124323E-16,-0.707106781186547,
-0.707106781186548));
#2944=DIRECTION('ref_axis',(-1.,0.,4.03717463500057E-16));
#2945=DIRECTION('',(1.,0.,-4.03717463500057E-16));
#2946=DIRECTION('',(0.577350269189626,0.577350269189626,-0.577350269189626));
#2947=DIRECTION('center_axis',(0.707106781186549,-0.707106781186546,6.97818870526124E-16));
#2948=DIRECTION('ref_axis',(9.86864910777917E-16,0.,-1.));
#2949=DIRECTION('',(-9.86864910777917E-16,0.,1.));
#2950=DIRECTION('',(0.577350269189624,0.577350269189626,0.577350269189627));
#2951=DIRECTION('center_axis',(3.56839195155404E-17,-0.707106781186548,
0.707106781186547));
#2952=DIRECTION('ref_axis',(1.,0.,-5.04646829375071E-17));
#2953=DIRECTION('center_axis',(0.,-1.,0.));
#2954=DIRECTION('ref_axis',(-1.,0.,0.));
#2955=DIRECTION('',(-1.,0.,0.));
#2956=DIRECTION('',(0.,0.,-1.));
#2957=DIRECTION('',(-1.,0.,0.));
#2958=DIRECTION('',(0.,0.,-1.));
#2959=DIRECTION('center_axis',(1.,0.,0.));
#2960=DIRECTION('ref_axis',(0.,-1.,0.));
#2961=DIRECTION('',(0.,-1.,0.));
#2962=DIRECTION('',(0.,0.,-1.));
#2963=DIRECTION('',(0.,-1.,0.));
#2964=DIRECTION('center_axis',(0.,1.,0.));
#2965=DIRECTION('ref_axis',(1.,0.,0.));
#2966=DIRECTION('',(1.,0.,0.));
#2967=DIRECTION('',(0.,0.,-1.));
#2968=DIRECTION('',(1.,0.,0.));
#2969=DIRECTION('center_axis',(-1.,-4.93432455388958E-17,0.));
#2970=DIRECTION('ref_axis',(-4.93432455388958E-17,1.,0.));
#2971=DIRECTION('',(-4.93432455388958E-17,1.,0.));
#2972=DIRECTION('',(-4.93432455388958E-17,1.,0.));
#2973=DIRECTION('center_axis',(0.,0.,-1.));
#2974=DIRECTION('ref_axis',(-1.,0.,0.));
#2975=DIRECTION('center_axis',(1.,0.,0.));
#2976=DIRECTION('ref_axis',(0.,0.,-1.));
#2977=DIRECTION('center_axis',(-1.,0.,0.));
#2978=DIRECTION('ref_axis',(0.,0.,1.));
#2979=DIRECTION('center_axis',(1.,0.,9.86864910777917E-16));
#2980=DIRECTION('ref_axis',(9.86864910777917E-16,0.,-1.));
#2981=DIRECTION('',(0.,1.,0.));
#2982=DIRECTION('center_axis',(-4.03717463500057E-16,0.,-1.));
#2983=DIRECTION('ref_axis',(-1.,0.,4.03717463500057E-16));
#2984=DIRECTION('center_axis',(-1.,0.,0.));
#2985=DIRECTION('ref_axis',(0.,0.,1.));
#2986=DIRECTION('center_axis',(1.,0.,0.));
#2987=DIRECTION('ref_axis',(0.,0.,-1.));
#2988=DIRECTION('center_axis',(-1.,0.,0.));
#2989=DIRECTION('ref_axis',(0.,0.,1.));
#2990=DIRECTION('center_axis',(1.,0.,0.));
#2991=DIRECTION('ref_axis',(0.,0.,-1.));
#2992=DIRECTION('center_axis',(-1.,0.,0.));
#2993=DIRECTION('ref_axis',(0.,0.,1.));
#2994=DIRECTION('',(0.,1.,0.));
#2995=DIRECTION('',(0.,1.,0.));
#2996=DIRECTION('center_axis',(-1.54074395550979E-34,0.,-1.));
#2997=DIRECTION('ref_axis',(-1.,0.,1.54074395550979E-34));
#2998=DIRECTION('',(0.,1.,0.));
#2999=DIRECTION('center_axis',(1.,0.,0.));
#3000=DIRECTION('ref_axis',(0.,0.,-1.));
#3001=DIRECTION('',(0.,1.,0.));
#3002=DIRECTION('center_axis',(0.,0.,1.));
#3003=DIRECTION('ref_axis',(1.,0.,0.));
#3004=CARTESIAN_POINT('',(0.,0.,0.));
#3005=CARTESIAN_POINT('Origin',(81.,51.,2.5));
#3006=CARTESIAN_POINT('',(81.,51.,12.5));
#3007=CARTESIAN_POINT('',(81.,51.,2.5));
#3008=CARTESIAN_POINT('',(81.,51.,12.5));
#3009=CARTESIAN_POINT('',(81.,49.,2.5));
#3010=CARTESIAN_POINT('',(81.,25.5,2.5));
#3011=CARTESIAN_POINT('',(81.,49.,12.5));
#3012=CARTESIAN_POINT('',(81.,49.,12.5));
#3013=CARTESIAN_POINT('',(81.,25.5,12.5));
#3014=CARTESIAN_POINT('Origin',(83.,51.,12.5));
#3015=CARTESIAN_POINT('',(83.,51.,12.5));
#3016=CARTESIAN_POINT('',(83.,51.,2.5));
#3017=CARTESIAN_POINT('',(83.,51.,12.5));
#3018=CARTESIAN_POINT('',(83.,49.,12.5));
#3019=CARTESIAN_POINT('',(83.,25.5,12.5));
#3020=CARTESIAN_POINT('',(83.,49.,2.5));
#3021=CARTESIAN_POINT('',(83.,49.,12.5));
#3022=CARTESIAN_POINT('',(83.,25.5,2.5));
#3023=CARTESIAN_POINT('Origin',(82.,49.,7.5));
#3024=CARTESIAN_POINT('',(89.5,49.,12.5));
#3025=CARTESIAN_POINT('',(80.5,49.,2.5));
#3026=CARTESIAN_POINT('Origin',(93.,51.,2.5));
#3027=CARTESIAN_POINT('',(93.,51.,12.5));
#3028=CARTESIAN_POINT('',(93.,51.,2.5));
#3029=CARTESIAN_POINT('',(93.,51.,12.5));
#3030=CARTESIAN_POINT('',(93.,49.,2.5));
#3031=CARTESIAN_POINT('',(93.,25.5,2.5));
#3032=CARTESIAN_POINT('',(93.,49.,12.5));
#3033=CARTESIAN_POINT('',(93.,49.,12.5));
#3034=CARTESIAN_POINT('',(93.,25.5,12.5));
#3035=CARTESIAN_POINT('Origin',(95.,51.,12.5));
#3036=CARTESIAN_POINT('',(95.,51.,12.5));
#3037=CARTESIAN_POINT('',(95.,51.,2.5));
#3038=CARTESIAN_POINT('',(95.,51.,12.5));
#3039=CARTESIAN_POINT('',(95.,49.,12.5));
#3040=CARTESIAN_POINT('',(95.,25.5,12.5));
#3041=CARTESIAN_POINT('',(95.,49.,2.5));
#3042=CARTESIAN_POINT('',(95.,49.,12.5));
#3043=CARTESIAN_POINT('',(95.,25.5,2.5));
#3044=CARTESIAN_POINT('Origin',(94.,49.,7.50000000000001));
#3045=CARTESIAN_POINT('',(95.5,49.,12.5));
#3046=CARTESIAN_POINT('',(86.5,49.,2.5));
#3047=CARTESIAN_POINT('Origin',(11.,51.,2.5));
#3048=CARTESIAN_POINT('',(11.,51.,12.5));
#3049=CARTESIAN_POINT('',(11.,51.,2.5));
#3050=CARTESIAN_POINT('',(11.,51.,12.5));
#3051=CARTESIAN_POINT('',(11.,49.,2.5));
#3052=CARTESIAN_POINT('',(11.,25.5,2.5));
#3053=CARTESIAN_POINT('',(11.,49.,12.5));
#3054=CARTESIAN_POINT('',(11.,49.,12.5));
#3055=CARTESIAN_POINT('',(11.,25.5,12.5));
#3056=CARTESIAN_POINT('Origin',(13.,51.,12.5));
#3057=CARTESIAN_POINT('',(13.,51.,12.5));
#3058=CARTESIAN_POINT('',(13.,51.,2.5));
#3059=CARTESIAN_POINT('',(13.,51.,12.5));
#3060=CARTESIAN_POINT('',(13.,49.,12.5));
#3061=CARTESIAN_POINT('',(13.,25.5,12.5));
#3062=CARTESIAN_POINT('',(13.,49.,2.5));
#3063=CARTESIAN_POINT('',(13.,49.,12.5));
#3064=CARTESIAN_POINT('',(13.,25.5,2.5));
#3065=CARTESIAN_POINT('Origin',(12.,49.,7.5));
#3066=CARTESIAN_POINT('',(16.5,49.,12.5));
#3067=CARTESIAN_POINT('',(7.5,49.,2.5));
#3068=CARTESIAN_POINT('Origin',(43.,51.,2.5));
#3069=CARTESIAN_POINT('',(43.,51.,12.5));
#3070=CARTESIAN_POINT('',(43.,51.,2.5));
#3071=CARTESIAN_POINT('',(43.,51.,12.5));
#3072=CARTESIAN_POINT('',(43.,49.,2.5));
#3073=CARTESIAN_POINT('',(43.,25.5,2.5));
#3074=CARTESIAN_POINT('',(43.,49.,12.5));
#3075=CARTESIAN_POINT('',(43.,49.,12.5));
#3076=CARTESIAN_POINT('',(43.,25.5,12.5));
#3077=CARTESIAN_POINT('Origin',(45.,51.,12.5));
#3078=CARTESIAN_POINT('',(45.,51.,12.5));
#3079=CARTESIAN_POINT('',(45.,51.,2.5));
#3080=CARTESIAN_POINT('',(45.,51.,12.5));
#3081=CARTESIAN_POINT('',(45.,49.,12.5));
#3082=CARTESIAN_POINT('',(45.,25.5,12.5));
#3083=CARTESIAN_POINT('',(45.,49.,2.5));
#3084=CARTESIAN_POINT('',(45.,49.,12.5));
#3085=CARTESIAN_POINT('',(45.,25.5,2.5));
#3086=CARTESIAN_POINT('Origin',(44.,49.,7.5));
#3087=CARTESIAN_POINT('',(51.5,49.,12.5));
#3088=CARTESIAN_POINT('',(42.5,49.,2.5));
#3089=CARTESIAN_POINT('Origin',(49.,51.,2.5));
#3090=CARTESIAN_POINT('',(49.,51.,12.5));
#3091=CARTESIAN_POINT('',(49.,51.,2.5));
#3092=CARTESIAN_POINT('',(49.,51.,12.5));
#3093=CARTESIAN_POINT('',(49.,49.,2.5));
#3094=CARTESIAN_POINT('',(49.,25.5,2.5));
#3095=CARTESIAN_POINT('',(49.,49.,12.5));
#3096=CARTESIAN_POINT('',(49.,49.,12.5));
#3097=CARTESIAN_POINT('',(49.,25.5,12.5));
#3098=CARTESIAN_POINT('Origin',(51.,51.,12.5));
#3099=CARTESIAN_POINT('',(51.,51.,12.5));
#3100=CARTESIAN_POINT('',(51.,51.,2.5));
#3101=CARTESIAN_POINT('',(51.,51.,12.5));
#3102=CARTESIAN_POINT('',(51.,49.,12.5));
#3103=CARTESIAN_POINT('',(51.,25.5,12.5));
#3104=CARTESIAN_POINT('',(51.,49.,2.5));
#3105=CARTESIAN_POINT('',(51.,49.,12.5));
#3106=CARTESIAN_POINT('',(51.,25.5,2.5));
#3107=CARTESIAN_POINT('Origin',(50.,49.,7.5));
#3108=CARTESIAN_POINT('',(54.5,49.,12.5));
#3109=CARTESIAN_POINT('',(45.5,49.,2.5));
#3110=CARTESIAN_POINT('Origin',(55.,51.,2.5));
#3111=CARTESIAN_POINT('',(55.,51.,12.5));
#3112=CARTESIAN_POINT('',(55.,51.,2.5));
#3113=CARTESIAN_POINT('',(55.,51.,12.5));
#3114=CARTESIAN_POINT('',(55.,49.,2.5));
#3115=CARTESIAN_POINT('',(55.,25.5,2.5));
#3116=CARTESIAN_POINT('',(55.,49.,12.5));
#3117=CARTESIAN_POINT('',(55.,49.,12.5));
#3118=CARTESIAN_POINT('',(55.,25.5,12.5));
#3119=CARTESIAN_POINT('Origin',(57.,51.,12.5));
#3120=CARTESIAN_POINT('',(57.,51.,12.5));
#3121=CARTESIAN_POINT('',(57.,51.,2.5));
#3122=CARTESIAN_POINT('',(57.,51.,12.5));
#3123=CARTESIAN_POINT('',(57.,49.,12.5));
#3124=CARTESIAN_POINT('',(57.,25.5,12.5));
#3125=CARTESIAN_POINT('',(57.,49.,2.5));
#3126=CARTESIAN_POINT('',(57.,49.,12.5));
#3127=CARTESIAN_POINT('',(57.,25.5,2.5));
#3128=CARTESIAN_POINT('Origin',(56.,49.,7.5));
#3129=CARTESIAN_POINT('',(57.5,49.,12.5));
#3130=CARTESIAN_POINT('',(48.5,49.,2.5));
#3131=CARTESIAN_POINT('Origin',(17.,51.,2.5));
#3132=CARTESIAN_POINT('',(17.,51.,12.5));
#3133=CARTESIAN_POINT('',(17.,51.,2.5));
#3134=CARTESIAN_POINT('',(17.,51.,12.5));
#3135=CARTESIAN_POINT('',(17.,49.,2.5));
#3136=CARTESIAN_POINT('',(17.,25.5,2.5));
#3137=CARTESIAN_POINT('',(17.,49.,12.5));
#3138=CARTESIAN_POINT('',(17.,49.,12.5));
#3139=CARTESIAN_POINT('',(17.,25.5,12.5));
#3140=CARTESIAN_POINT('Origin',(19.,51.,12.5));
#3141=CARTESIAN_POINT('',(19.,51.,12.5));
#3142=CARTESIAN_POINT('',(19.,51.,2.5));
#3143=CARTESIAN_POINT('',(19.,51.,12.5));
#3144=CARTESIAN_POINT('',(19.,49.,12.5));
#3145=CARTESIAN_POINT('',(19.,25.5,12.5));
#3146=CARTESIAN_POINT('',(19.,49.,2.5));
#3147=CARTESIAN_POINT('',(19.,49.,12.5));
#3148=CARTESIAN_POINT('',(19.,25.5,2.5));
#3149=CARTESIAN_POINT('Origin',(18.,49.,7.5));
#3150=CARTESIAN_POINT('',(19.5,49.,12.5));
#3151=CARTESIAN_POINT('',(10.5,49.,2.5));
#3152=CARTESIAN_POINT('Origin',(5.,51.,2.5));
#3153=CARTESIAN_POINT('',(5.,51.,12.5));
#3154=CARTESIAN_POINT('',(5.,51.,2.5));
#3155=CARTESIAN_POINT('',(5.,51.,12.5));
#3156=CARTESIAN_POINT('',(5.,49.,2.5));
#3157=CARTESIAN_POINT('',(5.,25.5,2.5));
#3158=CARTESIAN_POINT('',(5.,49.,12.5));
#3159=CARTESIAN_POINT('',(5.,49.,12.5));
#3160=CARTESIAN_POINT('',(5.,25.5,12.5));
#3161=CARTESIAN_POINT('Origin',(7.,51.,12.5));
#3162=CARTESIAN_POINT('',(7.,51.,12.5));
#3163=CARTESIAN_POINT('',(7.,51.,2.5));
#3164=CARTESIAN_POINT('',(7.,51.,12.5));
#3165=CARTESIAN_POINT('',(7.,49.,12.5));
#3166=CARTESIAN_POINT('',(7.,25.5,12.5));
#3167=CARTESIAN_POINT('',(7.,49.,2.5));
#3168=CARTESIAN_POINT('',(7.,49.,12.5));
#3169=CARTESIAN_POINT('',(7.,25.5,2.5));
#3170=CARTESIAN_POINT('Origin',(6.,49.,7.5));
#3171=CARTESIAN_POINT('',(13.5,49.,12.5));
#3172=CARTESIAN_POINT('',(4.5,49.,2.5));
#3173=CARTESIAN_POINT('Origin',(87.,51.,2.5));
#3174=CARTESIAN_POINT('',(87.,51.,12.5));
#3175=CARTESIAN_POINT('',(87.,51.,2.5));
#3176=CARTESIAN_POINT('',(87.,51.,12.5));
#3177=CARTESIAN_POINT('',(87.,49.,2.5));
#3178=CARTESIAN_POINT('',(87.,25.5,2.5));
#3179=CARTESIAN_POINT('',(87.,49.,12.5));
#3180=CARTESIAN_POINT('',(87.,49.,12.5));
#3181=CARTESIAN_POINT('',(87.,25.5,12.5));
#3182=CARTESIAN_POINT('Origin',(89.,51.,12.5));
#3183=CARTESIAN_POINT('',(89.,51.,12.5));
#3184=CARTESIAN_POINT('',(89.,51.,2.5));
#3185=CARTESIAN_POINT('',(89.,51.,12.5));
#3186=CARTESIAN_POINT('',(89.,49.,12.5));
#3187=CARTESIAN_POINT('',(89.,25.5,12.5));
#3188=CARTESIAN_POINT('',(89.,49.,2.5));
#3189=CARTESIAN_POINT('',(89.,49.,12.5));
#3190=CARTESIAN_POINT('',(89.,25.5,2.5));
#3191=CARTESIAN_POINT('Origin',(88.,49.,7.50000000000001));
#3192=CARTESIAN_POINT('',(92.5,49.,12.5));
#3193=CARTESIAN_POINT('',(83.5,49.,2.5));
#3194=CARTESIAN_POINT('Origin',(59.,0.,12.5));
#3195=CARTESIAN_POINT('',(41.,51.,12.5));
#3196=CARTESIAN_POINT('',(41.,51.,12.5));
#3197=CARTESIAN_POINT('',(59.,51.,12.5));
#3198=CARTESIAN_POINT('',(41.,51.,12.5));
#3199=CARTESIAN_POINT('',(59.,0.,12.5));
#3200=CARTESIAN_POINT('',(59.,0.,12.5));
#3201=CARTESIAN_POINT('',(57.,0.,12.5));
#3202=CARTESIAN_POINT('',(41.,0.,12.5));
#3203=CARTESIAN_POINT('',(57.,2.,12.5));
#3204=CARTESIAN_POINT('',(57.,0.,12.5));
#3205=CARTESIAN_POINT('',(55.,2.,12.5));
#3206=CARTESIAN_POINT('',(57.5,2.,12.5));
#3207=CARTESIAN_POINT('',(55.,0.,12.5));
#3208=CARTESIAN_POINT('',(55.,0.,12.5));
#3209=CARTESIAN_POINT('',(51.,0.,12.5));
#3210=CARTESIAN_POINT('',(41.,0.,12.5));
#3211=CARTESIAN_POINT('',(51.,2.,12.5));
#3212=CARTESIAN_POINT('',(51.,0.,12.5));
#3213=CARTESIAN_POINT('',(49.,2.,12.5));
#3214=CARTESIAN_POINT('',(54.5,2.,12.5));
#3215=CARTESIAN_POINT('',(49.,0.,12.5));
#3216=CARTESIAN_POINT('',(49.,0.,12.5));
#3217=CARTESIAN_POINT('',(45.,0.,12.5));
#3218=CARTESIAN_POINT('',(41.,0.,12.5));
#3219=CARTESIAN_POINT('',(45.,2.,12.5));
#3220=CARTESIAN_POINT('',(45.,0.,12.5));
#3221=CARTESIAN_POINT('',(43.,2.,12.5));
#3222=CARTESIAN_POINT('',(51.5,2.,12.5));
#3223=CARTESIAN_POINT('',(43.,0.,12.5));
#3224=CARTESIAN_POINT('',(43.,0.,12.5));
#3225=CARTESIAN_POINT('',(41.,0.,12.5));
#3226=CARTESIAN_POINT('',(41.,0.,12.5));
#3227=CARTESIAN_POINT('',(41.,51.,12.5));
#3228=CARTESIAN_POINT('',(41.,0.,12.5));
#3229=CARTESIAN_POINT('',(41.,51.,12.5));
#3230=CARTESIAN_POINT('Origin',(41.,0.,2.5));
#3231=CARTESIAN_POINT('',(41.,51.,2.5));
#3232=CARTESIAN_POINT('',(59.,51.,2.5));
#3233=CARTESIAN_POINT('',(41.,0.,2.5));
#3234=CARTESIAN_POINT('',(41.,0.,2.5));
#3235=CARTESIAN_POINT('',(43.,0.,2.5));
#3236=CARTESIAN_POINT('',(59.,0.,2.5));
#3237=CARTESIAN_POINT('',(43.,2.,2.5));
#3238=CARTESIAN_POINT('',(43.,0.,2.5));
#3239=CARTESIAN_POINT('',(45.,2.,2.5));
#3240=CARTESIAN_POINT('',(42.5,2.,2.5));
#3241=CARTESIAN_POINT('',(45.,0.,2.5));
#3242=CARTESIAN_POINT('',(45.,0.,2.5));
#3243=CARTESIAN_POINT('',(49.,0.,2.5));
#3244=CARTESIAN_POINT('',(59.,0.,2.5));
#3245=CARTESIAN_POINT('',(49.,2.,2.5));
#3246=CARTESIAN_POINT('',(49.,0.,2.5));
#3247=CARTESIAN_POINT('',(51.,2.,2.5));
#3248=CARTESIAN_POINT('',(45.5,2.,2.5));
#3249=CARTESIAN_POINT('',(51.,0.,2.5));
#3250=CARTESIAN_POINT('',(51.,0.,2.5));
#3251=CARTESIAN_POINT('',(55.,0.,2.5));
#3252=CARTESIAN_POINT('',(59.,0.,2.5));
#3253=CARTESIAN_POINT('',(55.,2.,2.5));
#3254=CARTESIAN_POINT('',(55.,0.,2.5));
#3255=CARTESIAN_POINT('',(57.,2.,2.5));
#3256=CARTESIAN_POINT('',(48.5,2.,2.5));
#3257=CARTESIAN_POINT('',(57.,0.,2.5));
#3258=CARTESIAN_POINT('',(57.,0.,2.5));
#3259=CARTESIAN_POINT('',(59.,0.,2.5));
#3260=CARTESIAN_POINT('',(59.,0.,2.5));
#3261=CARTESIAN_POINT('',(59.,51.,2.5));
#3262=CARTESIAN_POINT('',(59.,0.,2.5));
#3263=CARTESIAN_POINT('',(59.,51.,2.5));
#3264=CARTESIAN_POINT('',(59.,51.,2.5));
#3265=CARTESIAN_POINT('',(59.,51.,2.5));
#3266=CARTESIAN_POINT('Origin',(21.,0.,12.5));
#3267=CARTESIAN_POINT('',(3.,51.,12.5));
#3268=CARTESIAN_POINT('',(21.,51.,12.5));
#3269=CARTESIAN_POINT('',(3.,51.,12.5));
#3270=CARTESIAN_POINT('',(21.,0.,12.5));
#3271=CARTESIAN_POINT('',(21.,0.,12.5));
#3272=CARTESIAN_POINT('',(19.,0.,12.5));
#3273=CARTESIAN_POINT('',(3.,0.,12.5));
#3274=CARTESIAN_POINT('',(19.,2.,12.5));
#3275=CARTESIAN_POINT('',(19.,0.,12.5));
#3276=CARTESIAN_POINT('',(17.,2.,12.5));
#3277=CARTESIAN_POINT('',(19.5,2.,12.5));
#3278=CARTESIAN_POINT('',(17.,0.,12.5));
#3279=CARTESIAN_POINT('',(17.,0.,12.5));
#3280=CARTESIAN_POINT('',(13.,0.,12.5));
#3281=CARTESIAN_POINT('',(3.,0.,12.5));
#3282=CARTESIAN_POINT('',(13.,2.,12.5));
#3283=CARTESIAN_POINT('',(13.,0.,12.5));
#3284=CARTESIAN_POINT('',(11.,2.,12.5));
#3285=CARTESIAN_POINT('',(16.5,2.,12.5));
#3286=CARTESIAN_POINT('',(11.,0.,12.5));
#3287=CARTESIAN_POINT('',(11.,0.,12.5));
#3288=CARTESIAN_POINT('',(7.,0.,12.5));
#3289=CARTESIAN_POINT('',(3.,0.,12.5));
#3290=CARTESIAN_POINT('',(7.,2.,12.5));
#3291=CARTESIAN_POINT('',(7.,0.,12.5));
#3292=CARTESIAN_POINT('',(5.,2.,12.5));
#3293=CARTESIAN_POINT('',(13.5,2.,12.5));
#3294=CARTESIAN_POINT('',(5.,0.,12.5));
#3295=CARTESIAN_POINT('',(5.,0.,12.5));
#3296=CARTESIAN_POINT('',(3.,0.,12.5));
#3297=CARTESIAN_POINT('',(3.,0.,12.5));
#3298=CARTESIAN_POINT('',(3.,51.,12.5));
#3299=CARTESIAN_POINT('',(3.,0.,12.5));
#3300=CARTESIAN_POINT('',(3.,51.,12.5));
#3301=CARTESIAN_POINT('',(3.,51.,12.5));
#3302=CARTESIAN_POINT('Origin',(3.,0.,2.5));
#3303=CARTESIAN_POINT('',(21.,51.,2.5));
#3304=CARTESIAN_POINT('',(3.,51.,2.5));
#3305=CARTESIAN_POINT('',(21.,51.,2.5));
#3306=CARTESIAN_POINT('',(3.,0.,2.5));
#3307=CARTESIAN_POINT('',(3.,0.,2.5));
#3308=CARTESIAN_POINT('',(5.,0.,2.5));
#3309=CARTESIAN_POINT('',(21.,0.,2.5));
#3310=CARTESIAN_POINT('',(5.,2.,2.5));
#3311=CARTESIAN_POINT('',(5.,0.,2.5));
#3312=CARTESIAN_POINT('',(7.,2.,2.5));
#3313=CARTESIAN_POINT('',(4.5,2.,2.5));
#3314=CARTESIAN_POINT('',(7.,0.,2.5));
#3315=CARTESIAN_POINT('',(7.,0.,2.5));
#3316=CARTESIAN_POINT('',(11.,0.,2.5));
#3317=CARTESIAN_POINT('',(21.,0.,2.5));
#3318=CARTESIAN_POINT('',(11.,2.,2.5));
#3319=CARTESIAN_POINT('',(11.,0.,2.5));
#3320=CARTESIAN_POINT('',(13.,2.,2.5));
#3321=CARTESIAN_POINT('',(7.5,2.,2.5));
#3322=CARTESIAN_POINT('',(13.,0.,2.5));
#3323=CARTESIAN_POINT('',(13.,0.,2.5));
#3324=CARTESIAN_POINT('',(17.,0.,2.5));
#3325=CARTESIAN_POINT('',(21.,0.,2.5));
#3326=CARTESIAN_POINT('',(17.,2.,2.5));
#3327=CARTESIAN_POINT('',(17.,0.,2.5));
#3328=CARTESIAN_POINT('',(19.,2.,2.5));
#3329=CARTESIAN_POINT('',(10.5,2.,2.5));
#3330=CARTESIAN_POINT('',(19.,0.,2.5));
#3331=CARTESIAN_POINT('',(19.,0.,2.5));
#3332=CARTESIAN_POINT('',(21.,0.,2.5));
#3333=CARTESIAN_POINT('',(21.,0.,2.5));
#3334=CARTESIAN_POINT('',(21.,51.,2.5));
#3335=CARTESIAN_POINT('',(21.,0.,2.5));
#3336=CARTESIAN_POINT('',(21.,51.,2.5));
#3337=CARTESIAN_POINT('',(21.,51.,2.5));
#3338=CARTESIAN_POINT('Origin',(97.,0.,12.5));
#3339=CARTESIAN_POINT('',(79.,51.,12.5));
#3340=CARTESIAN_POINT('',(79.,51.,12.5));
#3341=CARTESIAN_POINT('',(97.,51.,12.5));
#3342=CARTESIAN_POINT('',(79.,51.,12.5));
#3343=CARTESIAN_POINT('',(97.,0.,12.5));
#3344=CARTESIAN_POINT('',(97.,0.,12.5));
#3345=CARTESIAN_POINT('',(95.,0.,12.5));
#3346=CARTESIAN_POINT('',(79.,0.,12.5));
#3347=CARTESIAN_POINT('',(95.,2.,12.5));
#3348=CARTESIAN_POINT('',(95.,0.,12.5));
#3349=CARTESIAN_POINT('',(93.,2.,12.5));
#3350=CARTESIAN_POINT('',(95.5,2.,12.5));
#3351=CARTESIAN_POINT('',(93.,0.,12.5));
#3352=CARTESIAN_POINT('',(93.,0.,12.5));
#3353=CARTESIAN_POINT('',(89.,0.,12.5));
#3354=CARTESIAN_POINT('',(79.,0.,12.5));
#3355=CARTESIAN_POINT('',(89.,2.,12.5));
#3356=CARTESIAN_POINT('',(89.,0.,12.5));
#3357=CARTESIAN_POINT('',(87.,2.,12.5));
#3358=CARTESIAN_POINT('',(92.5,2.,12.5));
#3359=CARTESIAN_POINT('',(87.,0.,12.5));
#3360=CARTESIAN_POINT('',(87.,0.,12.5));
#3361=CARTESIAN_POINT('',(83.,0.,12.5));
#3362=CARTESIAN_POINT('',(79.,0.,12.5));
#3363=CARTESIAN_POINT('',(83.,2.,12.5));
#3364=CARTESIAN_POINT('',(83.,0.,12.5));
#3365=CARTESIAN_POINT('',(81.,2.,12.5));
#3366=CARTESIAN_POINT('',(89.5,2.,12.5));
#3367=CARTESIAN_POINT('',(81.,0.,12.5));
#3368=CARTESIAN_POINT('',(81.,0.,12.5));
#3369=CARTESIAN_POINT('',(79.,0.,12.5));
#3370=CARTESIAN_POINT('',(79.,0.,12.5));
#3371=CARTESIAN_POINT('',(79.,51.,12.5));
#3372=CARTESIAN_POINT('',(79.,0.,12.5));
#3373=CARTESIAN_POINT('',(79.,51.,12.5));
#3374=CARTESIAN_POINT('Origin',(79.,0.,2.5));
#3375=CARTESIAN_POINT('',(79.,51.,2.5));
#3376=CARTESIAN_POINT('',(97.,51.,2.5));
#3377=CARTESIAN_POINT('',(79.,0.,2.5));
#3378=CARTESIAN_POINT('',(79.,0.,2.5));
#3379=CARTESIAN_POINT('',(81.,0.,2.5));
#3380=CARTESIAN_POINT('',(97.,0.,2.5));
#3381=CARTESIAN_POINT('',(81.,2.,2.5));
#3382=CARTESIAN_POINT('',(81.,0.,2.5));
#3383=CARTESIAN_POINT('',(83.,2.,2.5));
#3384=CARTESIAN_POINT('',(80.5,2.,2.5));
#3385=CARTESIAN_POINT('',(83.,0.,2.5));
#3386=CARTESIAN_POINT('',(83.,0.,2.5));
#3387=CARTESIAN_POINT('',(87.,0.,2.5));
#3388=CARTESIAN_POINT('',(97.,0.,2.5));
#3389=CARTESIAN_POINT('',(87.,2.,2.5));
#3390=CARTESIAN_POINT('',(87.,0.,2.5));
#3391=CARTESIAN_POINT('',(89.,2.,2.5));
#3392=CARTESIAN_POINT('',(83.5,2.,2.5));
#3393=CARTESIAN_POINT('',(89.,0.,2.5));
#3394=CARTESIAN_POINT('',(89.,0.,2.5));
#3395=CARTESIAN_POINT('',(93.,0.,2.5));
#3396=CARTESIAN_POINT('',(97.,0.,2.5));
#3397=CARTESIAN_POINT('',(93.,2.,2.5));
#3398=CARTESIAN_POINT('',(93.,0.,2.5));
#3399=CARTESIAN_POINT('',(95.,2.,2.5));
#3400=CARTESIAN_POINT('',(86.5,2.,2.5));
#3401=CARTESIAN_POINT('',(95.,0.,2.5));
#3402=CARTESIAN_POINT('',(95.,0.,2.5));
#3403=CARTESIAN_POINT('',(97.,0.,2.5));
#3404=CARTESIAN_POINT('',(97.,0.,2.5));
#3405=CARTESIAN_POINT('',(97.,51.,2.5));
#3406=CARTESIAN_POINT('',(97.,0.,2.5));
#3407=CARTESIAN_POINT('',(97.,51.,2.5));
#3408=CARTESIAN_POINT('',(97.,51.,2.5));
#3409=CARTESIAN_POINT('',(97.,51.,2.5));
#3410=CARTESIAN_POINT('Origin',(81.,0.,2.5));
#3411=CARTESIAN_POINT('',(81.,0.,12.5));
#3412=CARTESIAN_POINT('',(81.,2.,12.5));
#3413=CARTESIAN_POINT('Origin',(83.,0.,12.5));
#3414=CARTESIAN_POINT('',(83.,0.,12.5));
#3415=CARTESIAN_POINT('',(83.,2.,12.5));
#3416=CARTESIAN_POINT('Origin',(82.,2.,7.5));
#3417=CARTESIAN_POINT('Origin',(11.,0.,2.5));
#3418=CARTESIAN_POINT('',(11.,0.,12.5));
#3419=CARTESIAN_POINT('',(11.,2.,12.5));
#3420=CARTESIAN_POINT('Origin',(13.,0.,12.5));
#3421=CARTESIAN_POINT('',(13.,0.,12.5));
#3422=CARTESIAN_POINT('',(13.,2.,12.5));
#3423=CARTESIAN_POINT('Origin',(12.,2.,7.5));
#3424=CARTESIAN_POINT('Origin',(49.,0.,2.5));
#3425=CARTESIAN_POINT('',(49.,0.,12.5));
#3426=CARTESIAN_POINT('',(49.,2.,12.5));
#3427=CARTESIAN_POINT('Origin',(51.,0.,12.5));
#3428=CARTESIAN_POINT('',(51.,0.,12.5));
#3429=CARTESIAN_POINT('',(51.,2.,12.5));
#3430=CARTESIAN_POINT('Origin',(50.,2.,7.5));
#3431=CARTESIAN_POINT('Origin',(17.,0.,2.5));
#3432=CARTESIAN_POINT('',(17.,0.,12.5));
#3433=CARTESIAN_POINT('',(17.,2.,12.5));
#3434=CARTESIAN_POINT('Origin',(19.,0.,12.5));
#3435=CARTESIAN_POINT('',(19.,0.,12.5));
#3436=CARTESIAN_POINT('',(19.,2.,12.5));
#3437=CARTESIAN_POINT('Origin',(18.,2.,7.5));
#3438=CARTESIAN_POINT('Origin',(87.,0.,2.5));
#3439=CARTESIAN_POINT('',(87.,0.,12.5));
#3440=CARTESIAN_POINT('',(87.,2.,12.5));
#3441=CARTESIAN_POINT('Origin',(89.,0.,12.5));
#3442=CARTESIAN_POINT('',(89.,0.,12.5));
#3443=CARTESIAN_POINT('',(89.,2.,12.5));
#3444=CARTESIAN_POINT('Origin',(88.,2.,7.50000000000001));
#3445=CARTESIAN_POINT('Origin',(5.,0.,2.5));
#3446=CARTESIAN_POINT('',(5.,0.,12.5));
#3447=CARTESIAN_POINT('',(5.,2.,12.5));
#3448=CARTESIAN_POINT('Origin',(7.,0.,12.5));
#3449=CARTESIAN_POINT('',(7.,0.,12.5));
#3450=CARTESIAN_POINT('',(7.,2.,12.5));
#3451=CARTESIAN_POINT('Origin',(6.,2.,7.5));
#3452=CARTESIAN_POINT('Origin',(55.,0.,2.5));
#3453=CARTESIAN_POINT('',(55.,0.,12.5));
#3454=CARTESIAN_POINT('',(55.,2.,12.5));
#3455=CARTESIAN_POINT('Origin',(57.,0.,12.5));
#3456=CARTESIAN_POINT('',(57.,0.,12.5));
#3457=CARTESIAN_POINT('',(57.,2.,12.5));
#3458=CARTESIAN_POINT('Origin',(56.,2.,7.5));
#3459=CARTESIAN_POINT('Origin',(43.,0.,2.5));
#3460=CARTESIAN_POINT('',(43.,0.,12.5));
#3461=CARTESIAN_POINT('',(43.,2.,12.5));
#3462=CARTESIAN_POINT('Origin',(45.,0.,12.5));
#3463=CARTESIAN_POINT('',(45.,0.,12.5));
#3464=CARTESIAN_POINT('',(45.,2.,12.5));
#3465=CARTESIAN_POINT('Origin',(44.,2.,7.5));
#3466=CARTESIAN_POINT('Origin',(93.,0.,2.5));
#3467=CARTESIAN_POINT('',(93.,0.,12.5));
#3468=CARTESIAN_POINT('',(93.,2.,12.5));
#3469=CARTESIAN_POINT('Origin',(95.,0.,12.5));
#3470=CARTESIAN_POINT('',(95.,0.,12.5));
#3471=CARTESIAN_POINT('',(95.,2.,12.5));
#3472=CARTESIAN_POINT('Origin',(94.,2.,7.50000000000001));
#3473=CARTESIAN_POINT('Origin',(37.75,50.25,2.25));
#3474=CARTESIAN_POINT('',(38.,51.,1.5));
#3475=CARTESIAN_POINT('',(24.,51.,1.5));
#3476=CARTESIAN_POINT('',(37.75,51.,1.5));
#3477=CARTESIAN_POINT('',(25.5,49.5,3.));
#3478=CARTESIAN_POINT('',(24.,51.,1.5));
#3479=CARTESIAN_POINT('',(36.5,49.5,3.));
#3480=CARTESIAN_POINT('',(37.75,49.5,3.));
#3481=CARTESIAN_POINT('',(38.,51.,1.5));
#3482=CARTESIAN_POINT('Origin',(24.75,50.25,9.74999999999999));
#3483=CARTESIAN_POINT('',(24.,51.,13.5));
#3484=CARTESIAN_POINT('',(24.,51.,9.74999999999999));
#3485=CARTESIAN_POINT('',(25.5,49.5,12.));
#3486=CARTESIAN_POINT('',(24.,51.,13.5));
#3487=CARTESIAN_POINT('',(25.5,49.5,9.74999999999999));
#3488=CARTESIAN_POINT('Origin',(43.25,50.25,12.75));
#3489=CARTESIAN_POINT('',(38.,51.,13.5));
#3490=CARTESIAN_POINT('',(43.25,51.,13.5));
#3491=CARTESIAN_POINT('',(36.5,49.5,12.));
#3492=CARTESIAN_POINT('',(38.,51.,13.5));
#3493=CARTESIAN_POINT('',(43.25,49.5,12.));
#3494=CARTESIAN_POINT('Origin',(37.25,50.25,5.25));
#3495=CARTESIAN_POINT('',(36.5,49.5,5.25));
#3496=CARTESIAN_POINT('',(38.,51.,5.25));
#3497=CARTESIAN_POINT('Origin',(36.5,0.,3.));
#3498=CARTESIAN_POINT('',(36.5,1.5,3.));
#3499=CARTESIAN_POINT('',(36.5,0.,3.));
#3500=CARTESIAN_POINT('',(36.5,1.5,12.));
#3501=CARTESIAN_POINT('',(36.5,1.5,5.25));
#3502=CARTESIAN_POINT('',(36.5,0.,12.));
#3503=CARTESIAN_POINT('Origin',(25.5,0.,3.));
#3504=CARTESIAN_POINT('',(25.5,1.5,3.));
#3505=CARTESIAN_POINT('',(25.5,0.,3.));
#3506=CARTESIAN_POINT('',(37.75,1.5,3.));
#3507=CARTESIAN_POINT('Origin',(50.,51.,7.5));
#3508=CARTESIAN_POINT('',(0.,51.,15.));
#3509=CARTESIAN_POINT('',(100.,51.,15.));
#3510=CARTESIAN_POINT('',(100.,51.,15.));
#3511=CARTESIAN_POINT('',(100.,51.,0.));
#3512=CARTESIAN_POINT('',(100.,51.,-1.54074395550979E-32));
#3513=CARTESIAN_POINT('',(0.,51.,0.));
#3514=CARTESIAN_POINT('',(0.,51.,0.));
#3515=CARTESIAN_POINT('',(0.,51.,15.));
#3516=CARTESIAN_POINT('',(79.,51.,2.5));
#3517=CARTESIAN_POINT('',(41.,51.,2.5));
#3518=CARTESIAN_POINT('',(3.,51.,2.5));
#3519=CARTESIAN_POINT('',(62.,51.,13.5));
#3520=CARTESIAN_POINT('',(76.,51.,13.5));
#3521=CARTESIAN_POINT('',(62.25,51.,13.5));
#3522=CARTESIAN_POINT('',(62.,51.,1.50000000000001));
#3523=CARTESIAN_POINT('',(62.,51.,9.75000000000002));
#3524=CARTESIAN_POINT('',(76.,51.,1.50000000000001));
#3525=CARTESIAN_POINT('',(56.75,51.,1.50000000000001));
#3526=CARTESIAN_POINT('',(76.,51.,5.25));
#3527=CARTESIAN_POINT('',(21.,51.,12.5));
#3528=CARTESIAN_POINT('',(97.,51.,12.5));
#3529=CARTESIAN_POINT('',(59.,51.,12.5));
#3530=CARTESIAN_POINT('Origin',(62.25,50.25,12.75));
#3531=CARTESIAN_POINT('',(74.5,49.5,12.));
#3532=CARTESIAN_POINT('',(76.,51.,13.5));
#3533=CARTESIAN_POINT('',(63.5,49.5,12.));
#3534=CARTESIAN_POINT('',(62.25,49.5,12.));
#3535=CARTESIAN_POINT('',(62.,51.,13.5));
#3536=CARTESIAN_POINT('Origin',(75.25,50.25,5.25));
#3537=CARTESIAN_POINT('',(74.5,49.5,3.00000000000001));
#3538=CARTESIAN_POINT('',(76.,51.,1.50000000000001));
#3539=CARTESIAN_POINT('',(74.5,49.5,5.25));
#3540=CARTESIAN_POINT('Origin',(56.75,50.25,2.25000000000001));
#3541=CARTESIAN_POINT('',(63.5,49.5,3.00000000000001));
#3542=CARTESIAN_POINT('',(62.,51.,1.50000000000001));
#3543=CARTESIAN_POINT('',(56.75,49.5,3.00000000000001));
#3544=CARTESIAN_POINT('Origin',(62.75,50.25,9.75000000000002));
#3545=CARTESIAN_POINT('',(63.5,49.5,9.75000000000003));
#3546=CARTESIAN_POINT('Origin',(63.5,0.,12.));
#3547=CARTESIAN_POINT('',(63.5,1.5,12.));
#3548=CARTESIAN_POINT('',(63.5,0.,12.));
#3549=CARTESIAN_POINT('',(63.5,1.5,3.00000000000001));
#3550=CARTESIAN_POINT('',(63.5,1.5,9.75000000000003));
#3551=CARTESIAN_POINT('',(63.5,0.,3.00000000000001));
#3552=CARTESIAN_POINT('Origin',(74.5,0.,12.));
#3553=CARTESIAN_POINT('',(74.5,1.5,12.));
#3554=CARTESIAN_POINT('',(74.5,0.,12.));
#3555=CARTESIAN_POINT('',(62.25,1.5,12.));
#3556=CARTESIAN_POINT('Origin',(75.25,0.75,5.25));
#3557=CARTESIAN_POINT('',(76.,0.,1.50000000000001));
#3558=CARTESIAN_POINT('',(76.,0.,13.5));
#3559=CARTESIAN_POINT('',(76.,0.,5.25));
#3560=CARTESIAN_POINT('',(76.,0.,13.5));
#3561=CARTESIAN_POINT('',(74.5,1.5,3.00000000000001));
#3562=CARTESIAN_POINT('',(74.5,1.5,5.25));
#3563=CARTESIAN_POINT('',(74.5,1.5,3.00000000000001));
#3564=CARTESIAN_POINT('Origin',(62.25,0.75,12.75));
#3565=CARTESIAN_POINT('',(62.,0.,13.5));
#3566=CARTESIAN_POINT('',(62.25,0.,13.5));
#3567=CARTESIAN_POINT('',(62.,0.,13.5));
#3568=CARTESIAN_POINT('Origin',(62.75,0.75,9.75000000000002));
#3569=CARTESIAN_POINT('',(62.,0.,1.50000000000001));
#3570=CARTESIAN_POINT('',(62.,0.,9.75000000000002));
#3571=CARTESIAN_POINT('',(62.,0.,1.50000000000001));
#3572=CARTESIAN_POINT('Origin',(56.75,0.75,2.25000000000001));
#3573=CARTESIAN_POINT('',(56.75,1.5,3.00000000000001));
#3574=CARTESIAN_POINT('',(56.75,0.,1.50000000000001));
#3575=CARTESIAN_POINT('Origin',(63.5,0.,3.00000000000001));
#3576=CARTESIAN_POINT('',(74.5,0.,3.00000000000001));
#3577=CARTESIAN_POINT('Origin',(74.5,0.,3.00000000000001));
#3578=CARTESIAN_POINT('Origin',(50.,0.,7.5));
#3579=CARTESIAN_POINT('',(100.,0.,15.));
#3580=CARTESIAN_POINT('',(0.,0.,15.));
#3581=CARTESIAN_POINT('',(100.,0.,15.));
#3582=CARTESIAN_POINT('',(0.,0.,0.));
#3583=CARTESIAN_POINT('',(0.,0.,15.));
#3584=CARTESIAN_POINT('',(100.,0.,-1.54074395550979E-32));
#3585=CARTESIAN_POINT('',(0.,0.,0.));
#3586=CARTESIAN_POINT('',(100.,0.,-1.54074395550979E-32));
#3587=CARTESIAN_POINT('',(21.,0.,12.5));
#3588=CARTESIAN_POINT('',(59.,0.,12.5));
#3589=CARTESIAN_POINT('',(97.,0.,12.5));
#3590=CARTESIAN_POINT('',(38.,0.,1.5));
#3591=CARTESIAN_POINT('',(38.,0.,13.5));
#3592=CARTESIAN_POINT('',(38.,0.,5.25));
#3593=CARTESIAN_POINT('',(24.,0.,1.5));
#3594=CARTESIAN_POINT('',(37.75,0.,1.5));
#3595=CARTESIAN_POINT('',(24.,0.,13.5));
#3596=CARTESIAN_POINT('',(24.,0.,9.74999999999999));
#3597=CARTESIAN_POINT('',(43.25,0.,13.5));
#3598=CARTESIAN_POINT('',(3.,0.,2.5));
#3599=CARTESIAN_POINT('',(79.,0.,2.5));
#3600=CARTESIAN_POINT('',(41.,0.,2.5));
#3601=CARTESIAN_POINT('Origin',(37.25,0.75,5.25));
#3602=CARTESIAN_POINT('',(38.,0.,13.5));
#3603=CARTESIAN_POINT('',(36.5,1.5,3.));
#3604=CARTESIAN_POINT('Origin',(43.25,0.75,12.75));
#3605=CARTESIAN_POINT('',(25.5,1.5,12.));
#3606=CARTESIAN_POINT('',(43.25,1.5,12.));
#3607=CARTESIAN_POINT('',(24.,0.,13.5));
#3608=CARTESIAN_POINT('Origin',(24.75,0.75,9.74999999999999));
#3609=CARTESIAN_POINT('',(25.5,1.5,9.74999999999999));
#3610=CARTESIAN_POINT('',(24.,0.,1.5));
#3611=CARTESIAN_POINT('Origin',(37.75,0.75,2.25));
#3612=CARTESIAN_POINT('Origin',(97.,3.,15.));
#3613=CARTESIAN_POINT('',(97.,3.,15.));
#3614=CARTESIAN_POINT('',(3.,3.,15.));
#3615=CARTESIAN_POINT('',(48.5,3.,15.));
#3616=CARTESIAN_POINT('',(97.,3.,13.));
#3617=CARTESIAN_POINT('',(97.,3.,15.));
#3618=CARTESIAN_POINT('',(3.,3.,13.));
#3619=CARTESIAN_POINT('',(3.,3.,13.));
#3620=CARTESIAN_POINT('',(3.,3.,15.));
#3621=CARTESIAN_POINT('Origin',(97.,48.,15.));
#3622=CARTESIAN_POINT('',(97.,48.,15.));
#3623=CARTESIAN_POINT('',(97.,24.,15.));
#3624=CARTESIAN_POINT('',(97.,48.,13.));
#3625=CARTESIAN_POINT('',(97.,48.,15.));
#3626=CARTESIAN_POINT('',(97.,3.,13.));
#3627=CARTESIAN_POINT('Origin',(3.00000000000001,48.,15.));
#3628=CARTESIAN_POINT('',(3.,48.,15.));
#3629=CARTESIAN_POINT('',(1.5,48.,15.));
#3630=CARTESIAN_POINT('',(3.,48.,13.));
#3631=CARTESIAN_POINT('',(3.,48.,15.));
#3632=CARTESIAN_POINT('',(97.,48.,13.));
#3633=CARTESIAN_POINT('Origin',(3.,3.,15.));
#3634=CARTESIAN_POINT('',(3.,1.5,15.));
#3635=CARTESIAN_POINT('',(3.,48.,13.));
#3636=CARTESIAN_POINT('Origin',(50.,25.5,13.));
#3637=CARTESIAN_POINT('Origin',(41.,0.,12.5));
#3638=CARTESIAN_POINT('Origin',(59.,0.,2.5));
#3639=CARTESIAN_POINT('Origin',(25.5,0.,12.));
#3640=CARTESIAN_POINT('',(25.5,0.,12.));
#3641=CARTESIAN_POINT('Origin',(36.5,0.,12.));
#3642=CARTESIAN_POINT('Origin',(97.,0.,2.5));
#3643=CARTESIAN_POINT('Origin',(79.,0.,12.5));
#3644=CARTESIAN_POINT('Origin',(21.,0.,2.5));
#3645=CARTESIAN_POINT('Origin',(3.,0.,12.5));
#3646=CARTESIAN_POINT('Origin',(0.,0.,0.));
#3647=CARTESIAN_POINT('',(0.,0.,15.));
#3648=CARTESIAN_POINT('',(0.,0.,0.));
#3649=CARTESIAN_POINT('Origin',(100.,0.,-1.54074395550979E-32));
#3650=CARTESIAN_POINT('',(100.,0.,-1.54074395550979E-32));
#3651=CARTESIAN_POINT('Origin',(100.,0.,15.));
#3652=CARTESIAN_POINT('',(100.,0.,15.));
#3653=CARTESIAN_POINT('Origin',(0.,0.,15.));
#3654=UNCERTAINTY_MEASURE_WITH_UNIT(LENGTH_MEASURE(0.01),#3658,
'DISTANCE_ACCURACY_VALUE',
'Maximum model space distance between geometric entities at asserted c
onnectivities');
#3655=UNCERTAINTY_MEASURE_WITH_UNIT(LENGTH_MEASURE(0.01),#3658,
'DISTANCE_ACCURACY_VALUE',
'Maximum model space distance between geometric entities at asserted c
onnectivities');
#3656=(
GEOMETRIC_REPRESENTATION_CONTEXT(3)
GLOBAL_UNCERTAINTY_ASSIGNED_CONTEXT((#3654))
GLOBAL_UNIT_ASSIGNED_CONTEXT((#3658,#3660,#3661))
REPRESENTATION_CONTEXT('','3D')
);
#3657=(
GEOMETRIC_REPRESENTATION_CONTEXT(3)
GLOBAL_UNCERTAINTY_ASSIGNED_CONTEXT((#3655))
GLOBAL_UNIT_ASSIGNED_CONTEXT((#3658,#3660,#3661))
REPRESENTATION_CONTEXT('','3D')
);
#3658=(
LENGTH_UNIT()
NAMED_UNIT(*)
SI_UNIT(.MILLI.,.METRE.)
);
#3659=(
LENGTH_UNIT()
NAMED_UNIT(*)
SI_UNIT($,.METRE.)
);
#3660=(
NAMED_UNIT(*)
PLANE_ANGLE_UNIT()
SI_UNIT($,.RADIAN.)
);
#3661=(
NAMED_UNIT(*)
SI_UNIT($,.STERADIAN.)
SOLID_ANGLE_UNIT()
);
#3662=SHAPE_DEFINITION_REPRESENTATION(#3663,#3664);
#3663=PRODUCT_DEFINITION_SHAPE('',$,#3666);
#3664=SHAPE_REPRESENTATION('',(#2366),#3656);
#3665=PRODUCT_DEFINITION_CONTEXT('part definition',#3670,'design');
#3666=PRODUCT_DEFINITION('2026-07-15-12-47-28-924','RoverPallet',#3667,
#3665);
#3667=PRODUCT_DEFINITION_FORMATION('',$,#3672);
#3668=PRODUCT_RELATED_PRODUCT_CATEGORY('RoverPallet','RoverPallet',(#3672));
#3669=APPLICATION_PROTOCOL_DEFINITION('international standard',
'automotive_design',2009,#3670);
#3670=APPLICATION_CONTEXT(
'Core Data for Automotive Mechanical Design Process');
#3671=PRODUCT_CONTEXT('part definition',#3670,'mechanical');
#3672=PRODUCT('2026-07-15-12-47-28-924','RoverPallet',$,(#3671));
#3673=PRESENTATION_STYLE_ASSIGNMENT((#3674));
#3674=SURFACE_STYLE_USAGE(.BOTH.,#3675);
#3675=SURFACE_SIDE_STYLE('',(#3676));
#3676=SURFACE_STYLE_FILL_AREA(#3677);
#3677=FILL_AREA_STYLE('Steel - Satin',(#3678));
#3678=FILL_AREA_STYLE_COLOUR('Steel - Satin',#3679);
#3679=COLOUR_RGB('Steel - Satin',0.627450980392157,0.627450980392157,0.627450980392157);
ENDSEC;
END-ISO-10303-21;
