ISO-10303-21;
HEADER;
/* Generated by software containing ST-Developer
 * from STEP Tools, Inc. (www.steptools.com) 
 */

FILE_DESCRIPTION(
/* description */ (''),
/* implementation_level */ '2;1');

FILE_NAME(
/* name */ 'wheel-spacer.step',
/* time_stamp */ '2026-07-21T07:41:43-04:00',
/* author */ (''),
/* organization */ (''),
/* preprocessor_version */ 'ST-DEVELOPER v20.1',
/* originating_system */ 'Autodesk Translation Framework v15.8.0.0',
/* authorisation */ '');

FILE_SCHEMA (('AUTOMOTIVE_DESIGN { 1 0 10303 214 3 1 1 }'));
ENDSEC;

DATA;
#10=MECHANICAL_DESIGN_GEOMETRIC_PRESENTATION_REPRESENTATION('',(#13),#1316);
#11=SHAPE_REPRESENTATION_RELATIONSHIP('SRR','None',#1323,#12);
#12=ADVANCED_BREP_SHAPE_REPRESENTATION('',(#14),#1315);
#13=STYLED_ITEM('',(#1332),#14);
#14=MANIFOLD_SOLID_BREP('Body1',#282);
#15=FACE_BOUND('',#51,.T.);
#16=PLANE('',#314);
#17=(
BOUNDED_CURVE()
B_SPLINE_CURVE(2,(#1304,#1305,#1306),.UNSPECIFIED.,.F.,.F.)
B_SPLINE_CURVE_WITH_KNOTS((3,3),(0.,0.839289212221452),.UNSPECIFIED.)
CURVE()
GEOMETRIC_REPRESENTATION_ITEM()
RATIONAL_B_SPLINE_CURVE((1.,0.895171103932442,0.962650825960618))
REPRESENTATION_ITEM('')
);
#18=(
BOUNDED_SURFACE()
B_SPLINE_SURFACE(2,2,((#1273,#1274,#1275,#1276,#1277,#1278,#1279,#1280,
#1281),(#1282,#1283,#1284,#1285,#1286,#1287,#1288,#1289,#1290),(#1291,#1292,
#1293,#1294,#1295,#1296,#1297,#1298,#1299)),.UNSPECIFIED.,.F.,.T.,.F.)
B_SPLINE_SURFACE_WITH_KNOTS((3,3),(3,2,2,2,3),(-1.02121138885465,0.),(-3.14159265358979,
-1.5707963267949,0.,1.5707963267949,3.14159265358979),.UNSPECIFIED.)
GEOMETRIC_REPRESENTATION_ITEM()
RATIONAL_B_SPLINE_SURFACE(((1.,0.707106781186548,1.,0.707106781186548,1.,
0.707106781186548,1.,0.707106781186548,1.),(0.872448661335821,0.616914364667684,
0.872448661335821,0.616914364667684,0.872448661335821,0.616914364667684,
0.872448661335821,0.616914364667684,0.872448661335821),(1.,0.707106781186548,
1.,0.707106781186548,1.,0.707106781186548,1.,0.707106781186548,1.)))
REPRESENTATION_ITEM('')
SURFACE()
);
#19=B_SPLINE_SURFACE_WITH_KNOTS('',3,3,((#642,#643,#644,#645,#646,#647,
#648,#649,#650,#651,#652,#653,#654,#655,#656,#657,#658,#659,#660,#661,#662,
#663,#664,#665,#666,#667,#668,#669,#670),(#671,#672,#673,#674,#675,#676,
#677,#678,#679,#680,#681,#682,#683,#684,#685,#686,#687,#688,#689,#690,#691,
#692,#693,#694,#695,#696,#697,#698,#699),(#700,#701,#702,#703,#704,#705,
#706,#707,#708,#709,#710,#711,#712,#713,#714,#715,#716,#717,#718,#719,#720,
#721,#722,#723,#724,#725,#726,#727,#728),(#729,#730,#731,#732,#733,#734,
#735,#736,#737,#738,#739,#740,#741,#742,#743,#744,#745,#746,#747,#748,#749,
#750,#751,#752,#753,#754,#755,#756,#757)),.UNSPECIFIED.,.F.,.F.,.F.,(4,
4),(4,1,1,1,1,1,1,1,1,1,1,1,1,1,1,1,1,1,1,1,1,1,1,1,1,1,4),(0.,0.0511532338502008),
(11.8669242345263,12.8572574178222,13.847590601118,14.8379237844138,15.8282569677097,
16.8185901510055,17.8089233343013,18.7992565175972,19.789589700893,20.7799228841888,
21.7702560674847,22.7605892507805,23.7509224340764,24.7412556173722,25.731588800668,
26.7219219839639,27.7122551672597,28.7025883505555,29.6929215338514,30.6832547171472,
31.673587900443,32.6639210837389,33.6542542670347,34.6445874503305,35.6349206336264,
36.6252538169222,37.615587000218),.UNSPECIFIED.);
#20=B_SPLINE_SURFACE_WITH_KNOTS('',3,3,((#883,#884,#885,#886,#887,#888,
#889,#890,#891,#892,#893,#894,#895,#896,#897,#898,#899,#900,#901,#902,#903,
#904,#905,#906,#907,#908,#909,#910,#911,#912,#913),(#914,#915,#916,#917,
#918,#919,#920,#921,#922,#923,#924,#925,#926,#927,#928,#929,#930,#931,#932,
#933,#934,#935,#936,#937,#938,#939,#940,#941,#942,#943,#944),(#945,#946,
#947,#948,#949,#950,#951,#952,#953,#954,#955,#956,#957,#958,#959,#960,#961,
#962,#963,#964,#965,#966,#967,#968,#969,#970,#971,#972,#973,#974,#975),
(#976,#977,#978,#979,#980,#981,#982,#983,#984,#985,#986,#987,#988,#989,
#990,#991,#992,#993,#994,#995,#996,#997,#998,#999,#1000,#1001,#1002,#1003,
#1004,#1005,#1006)),.UNSPECIFIED.,.F.,.F.,.F.,(4,4),(4,1,1,1,1,1,1,1,1,
1,1,1,1,1,1,1,1,1,1,1,1,1,1,1,1,1,1,1,4),(0.,0.0511532338502008),(14.3986268518924,
15.3899641933774,16.3813015348625,17.3726388763475,18.3639762178325,19.3553135593176,
20.3466509008026,21.3379882422877,22.3293255837727,23.3206629252577,24.3120002667428,
25.3033376082278,26.2946749497128,27.2860122911979,28.2773496326829,29.268686974168,
30.260024315653,31.251361657138,32.2426989986231,33.2340363401081,34.2253736815932,
35.2167110230782,36.2080483645632,37.1993857060483,38.1907230475333,39.1820603890184,
40.1733977305034,41.1647350719884,42.1560724134735),.UNSPECIFIED.);
#21=FACE_OUTER_BOUND('',#36,.T.);
#22=FACE_OUTER_BOUND('',#37,.T.);
#23=FACE_OUTER_BOUND('',#38,.T.);
#24=FACE_OUTER_BOUND('',#39,.T.);
#25=FACE_OUTER_BOUND('',#40,.T.);
#26=FACE_OUTER_BOUND('',#41,.T.);
#27=FACE_OUTER_BOUND('',#42,.T.);
#28=FACE_OUTER_BOUND('',#43,.T.);
#29=FACE_OUTER_BOUND('',#44,.T.);
#30=FACE_OUTER_BOUND('',#45,.T.);
#31=FACE_OUTER_BOUND('',#46,.T.);
#32=FACE_OUTER_BOUND('',#47,.T.);
#33=FACE_OUTER_BOUND('',#48,.T.);
#34=FACE_OUTER_BOUND('',#49,.T.);
#35=FACE_OUTER_BOUND('',#50,.T.);
#36=EDGE_LOOP('',(#172,#173,#174,#175));
#37=EDGE_LOOP('',(#176,#177,#178,#179));
#38=EDGE_LOOP('',(#180,#181,#182,#183));
#39=EDGE_LOOP('',(#184,#185,#186,#187));
#40=EDGE_LOOP('',(#188,#189,#190,#191));
#41=EDGE_LOOP('',(#192,#193,#194,#195));
#42=EDGE_LOOP('',(#196,#197,#198,#199));
#43=EDGE_LOOP('',(#200,#201,#202,#203));
#44=EDGE_LOOP('',(#204,#205,#206,#207));
#45=EDGE_LOOP('',(#208,#209,#210,#211,#212,#213,#214,#215,#216,#217,#218,
#219));
#46=EDGE_LOOP('',(#220,#221,#222,#223,#224,#225,#226,#227,#228,#229,#230,
#231,#232));
#47=EDGE_LOOP('',(#233,#234,#235,#236,#237,#238,#239,#240,#241));
#48=EDGE_LOOP('',(#242,#243,#244,#245,#246));
#49=EDGE_LOOP('',(#247,#248,#249,#250));
#50=EDGE_LOOP('',(#251));
#51=EDGE_LOOP('',(#252,#253,#254,#255));
#52=CIRCLE('',#297,2.117);
#53=CIRCLE('',#301,2.117);
#54=CIRCLE('',#303,2.56);
#55=CIRCLE('',#307,2.56);
#56=CIRCLE('',#309,3.55);
#57=CIRCLE('',#310,3.55);
#58=CIRCLE('',#312,3.55);
#59=B_SPLINE_CURVE_WITH_KNOTS('',3,(#370,#371,#372,#373,#374,#375,#376,
#377,#378,#379,#380,#381,#382),.UNSPECIFIED.,.F.,.F.,(4,3,3,3,4),(-3.84103903342262,
-2.9709995498875,-1.98066636659167,-0.990333183295834,0.),.UNSPECIFIED.);
#60=B_SPLINE_CURVE_WITH_KNOTS('',3,(#385,#386,#387,#388,#389,#390,#391,
#392,#393,#394,#395,#396,#397,#398,#399,#400,#401,#402,#403),
 .UNSPECIFIED.,.F.,.F.,(4,3,3,3,3,3,4),(2.00878279588939,2.97401202445512,
3.96534936594016,4.95668670742519,5.94802404891023,6.93936139039527,7.59252172323617),
 .UNSPECIFIED.);
#61=B_SPLINE_CURVE_WITH_KNOTS('',3,(#408,#409,#410,#411,#412,#413,#414,
#415,#416,#417,#418,#419,#420,#421,#422,#423,#424,#425,#426,#427,#428,#429,
#430,#431,#432),.UNSPECIFIED.,.F.,.F.,(4,3,3,3,3,3,3,3,4),(-10.1242243406022,
-9.90333183295834,-8.91299864966251,-7.92266546636668,-6.93233228307084,
-5.94199909977501,-4.95166591647917,-3.96133273318334,-3.84103903342262),
 .UNSPECIFIED.);
#62=B_SPLINE_CURVE_WITH_KNOTS('',3,(#433,#434,#435,#436,#437,#438,#439,
#440,#441,#442,#443,#444,#445,#446,#447,#448,#449,#450,#451,#452,#453,#454),
 .UNSPECIFIED.,.F.,.F.,(4,3,3,3,3,3,3,4),(7.59252172323617,7.93069873188031,
8.92203607336535,9.91337341485039,10.9047107563354,11.8960480978205,12.8873854393055,
13.8757070304158),.UNSPECIFIED.);
#63=B_SPLINE_CURVE_WITH_KNOTS('',3,(#459,#460,#461,#462,#463,#464,#465,
#466,#467,#468,#469,#470,#471,#472,#473,#474,#475,#476,#477,#478,#479,#480),
 .UNSPECIFIED.,.F.,.F.,(4,3,3,3,3,3,3,4),(-16.4074096477818,-15.8453309327333,
-14.8549977494375,-13.8646645661417,-12.8743313828458,-11.88399819955,-10.8936650162542,
-10.1242243406022),.UNSPECIFIED.);
#64=B_SPLINE_CURVE_WITH_KNOTS('',3,(#481,#482,#483,#484,#485,#486,#487,
#488,#489,#490,#491,#492,#493,#494,#495,#496,#497,#498,#499,#500,#501,#502,
#503,#504,#505),.UNSPECIFIED.,.F.,.F.,(4,3,3,3,3,3,3,3,4),(13.8757070304158,
13.8787227807905,14.8700601222756,15.8613974637606,16.8527348052457,17.8440721467307,
18.8354094882157,19.8267468297008,20.1588923375953),.UNSPECIFIED.);
#65=B_SPLINE_CURVE_WITH_KNOTS('',3,(#511,#512,#513,#514,#515,#516,#517),
 .UNSPECIFIED.,.F.,.F.,(4,3,4),(26.4420776447749,26.7661082200961,27.7574455615811),
 .UNSPECIFIED.);
#66=B_SPLINE_CURVE_WITH_KNOTS('',3,(#520,#521,#522,#523,#524,#525,#526,
#527,#528,#529,#530,#531,#532),.UNSPECIFIED.,.F.,.F.,(4,3,3,3,4),(-25.7486627656917,
-24.7583295823959,-23.7679963991,-22.7776632158042,-22.6905949549614),
 .UNSPECIFIED.);
#67=B_SPLINE_CURVE_WITH_KNOTS('',3,(#538,#539,#540,#541,#542,#543,#544),
 .UNSPECIFIED.,.F.,.F.,(4,1,1,1,4),(34.5575191894877,34.6445874503305,35.6349206336264,
36.6252538169222,37.023595293278),.UNSPECIFIED.);
#68=B_SPLINE_CURVE_WITH_KNOTS('',3,(#547,#548,#549,#550,#551,#552,#553),
 .UNSPECIFIED.,.F.,.F.,(4,1,1,1,4),(34.5575191894877,35.2167110230782,36.2080483645632,
37.1993857060483,37.5465151147547),.UNSPECIFIED.);
#69=B_SPLINE_CURVE_WITH_KNOTS('',3,(#558,#559,#560,#561,#562,#563,#564,
#565,#566,#567),.UNSPECIFIED.,.F.,.F.,(4,1,1,1,1,1,1,4),(28.2743338823081,
28.7025883505555,29.6929215338514,30.6832547171472,31.673587900443,32.6639210837389,
33.6542542670347,34.5575191894877),.UNSPECIFIED.);
#70=B_SPLINE_CURVE_WITH_KNOTS('',3,(#568,#569,#570,#571,#572,#573,#574,
#575,#576,#577,#578),.UNSPECIFIED.,.F.,.F.,(4,1,1,1,1,1,1,1,4),(28.2743338823081,
28.2773496326829,29.268686974168,30.260024315653,31.251361657138,32.2426989986231,
33.2340363401081,34.2253736815932,34.5575191894877),.UNSPECIFIED.);
#71=B_SPLINE_CURVE_WITH_KNOTS('',3,(#583,#584,#585,#586,#587,#588,#589,
#590,#591,#592),.UNSPECIFIED.,.F.,.F.,(4,1,1,1,1,1,1,4),(21.9911485751286,
22.7605892507805,23.7509224340764,24.7412556173722,25.731588800668,26.7219219839639,
27.7122551672597,28.2743338823081),.UNSPECIFIED.);
#72=B_SPLINE_CURVE_WITH_KNOTS('',3,(#593,#594,#595,#596,#597,#598,#599,
#600,#601,#602),.UNSPECIFIED.,.F.,.F.,(4,1,1,1,1,1,1,4),(21.9911485751285,
22.3293255837727,23.3206629252577,24.3120002667428,25.3033376082278,26.2946749497128,
27.2860122911979,28.2743338823081),.UNSPECIFIED.);
#73=B_SPLINE_CURVE_WITH_KNOTS('',3,(#608,#609,#610,#611,#612),
 .UNSPECIFIED.,.F.,.F.,(4,1,4),(14.3986268518924,15.3899641933774,15.707963267949),
 .UNSPECIFIED.);
#74=B_SPLINE_CURVE_WITH_KNOTS('',3,(#615,#616,#617,#618,#619),
 .UNSPECIFIED.,.F.,.F.,(4,1,4),(13.8757070304157,14.8379237844138,15.707963267949),
 .UNSPECIFIED.);
#75=B_SPLINE_CURVE_WITH_KNOTS('',3,(#621,#622,#623,#624,#625,#626,#627,
#628,#629,#630,#631),.UNSPECIFIED.,.F.,.F.,(4,1,1,1,1,1,1,1,4),(15.707963267949,
15.8282569677097,16.8185901510055,17.8089233343013,18.7992565175972,19.789589700893,
20.7799228841888,21.7702560674847,21.9911485751286),.UNSPECIFIED.);
#76=B_SPLINE_CURVE_WITH_KNOTS('',3,(#632,#633,#634,#635,#636,#637,#638,
#639,#640,#641),.UNSPECIFIED.,.F.,.F.,(4,1,1,1,1,1,1,4),(15.707963267949,
16.3813015348625,17.3726388763475,18.3639762178325,19.3553135593176,20.3466509008026,
21.3379882422877,21.9911485751285),.UNSPECIFIED.);
#77=B_SPLINE_CURVE_WITH_KNOTS('',3,(#758,#759,#760,#761,#762,#763,#764,
#765,#766,#767,#768,#769),.UNSPECIFIED.,.F.,.F.,(4,2,2,2,2,4),(0.,0.0794251990970914,
0.154394287914127,0.188959038717903,0.203905351055365,0.216585828377165),
 .UNSPECIFIED.);
#78=B_SPLINE_CURVE_WITH_KNOTS('',3,(#770,#771,#772,#773,#774,#775,#776,
#777,#778,#779,#780,#781,#782,#783,#784,#785,#786,#787,#788,#789,#790,#791,
#792,#793,#794,#795,#796,#797,#798,#799,#800,#801,#802,#803,#804,#805,#806,
#807,#808,#809,#810,#811,#812,#813,#814,#815,#816,#817,#818,#819,#820,#821,
#822,#823,#824,#825,#826,#827,#828,#829,#830,#831,#832,#833,#834,#835,#836,
#837,#838,#839,#840,#841,#842,#843,#844,#845,#846,#847,#848,#849,#850,#851,
#852,#853,#854,#855,#856,#857,#858,#859,#860),.UNSPECIFIED.,.F.,.F.,(4,
3,3,3,3,3,3,3,3,3,3,3,3,3,3,3,3,3,3,3,3,3,3,3,3,3,3,3,3,3,4),(0.,0.0222967974076771,
0.0452125899614827,0.0673137453811199,0.0769830008772112,0.083409715146809,
0.087579168695557,0.111576956368761,0.135951837253434,0.157469336269721,
0.165924859287762,0.170272466978189,0.173762735396423,0.198837503761654,
0.22202183331858,0.246451960829268,0.254730637516497,0.261054309161602,
0.265156553589861,0.290157541508326,0.315695095893714,0.341471929993483,
0.351822391600635,0.358110218082616,0.384814258188917,0.404842288268642,
0.411506317693322,0.416634099908038,0.443245617673224,0.464926378507818,
0.472119585381878),.UNSPECIFIED.);
#79=B_SPLINE_CURVE_WITH_KNOTS('',3,(#861,#862,#863,#864,#865,#866,#867,
#868,#869,#870,#871,#872,#873,#874,#875,#876,#877,#878,#879,#880,#881,#882),
 .UNSPECIFIED.,.F.,.F.,(4,3,3,3,3,3,3,4),(-22.6905949549614,-21.7873300325083,
-20.7969968492125,-19.8066636659167,-18.8163304826208,-17.825997299325,
-16.8356641160292,-16.4074096477818),.UNSPECIFIED.);
#80=B_SPLINE_CURVE_WITH_KNOTS('',3,(#1008,#1009,#1010,#1011,#1012,#1013,
#1014,#1015,#1016,#1017,#1018,#1019,#1020,#1021,#1022,#1023,#1024,#1025,
#1026,#1027,#1028,#1029,#1030,#1031,#1032,#1033,#1034,#1035,#1036,#1037,
#1038,#1039,#1040,#1041,#1042,#1043,#1044,#1045,#1046,#1047,#1048,#1049,
#1050,#1051,#1052,#1053,#1054,#1055,#1056,#1057,#1058,#1059,#1060,#1061,
#1062,#1063,#1064,#1065,#1066,#1067,#1068,#1069,#1070,#1071,#1072,#1073,
#1074,#1075,#1076,#1077,#1078,#1079,#1080,#1081,#1082,#1083,#1084,#1085,
#1086,#1087,#1088,#1089,#1090,#1091,#1092,#1093,#1094,#1095,#1096,#1097,
#1098,#1099,#1100,#1101,#1102,#1103,#1104,#1105,#1106,#1107,#1108,#1109,
#1110,#1111,#1112,#1113,#1114,#1115,#1116,#1117,#1118,#1119,#1120,#1121,
#1122,#1123,#1124,#1125,#1126,#1127,#1128,#1129,#1130,#1131,#1132,#1133,
#1134,#1135,#1136,#1137,#1138,#1139,#1140,#1141,#1142,#1143,#1144,#1145,
#1146,#1147,#1148,#1149,#1150,#1151,#1152),.UNSPECIFIED.,.F.,.F.,(4,3,3,
3,3,3,3,3,3,3,3,3,3,3,3,3,3,3,3,3,3,3,3,3,3,3,3,3,3,3,3,3,3,3,3,3,3,3,3,
3,3,3,3,3,3,3,3,3,4),(0.,0.0227053254139825,0.0459180371545165,0.0696101675517758,
0.0840405004577293,0.107927133877574,0.132023874745932,0.155847710626919,
0.169671804844228,0.193994884132274,0.215981030721651,0.240022232114232,
0.256864039622666,0.280955114490403,0.305498608054761,0.33022464031646,
0.345588129063508,0.370633777705577,0.395631723885003,0.419952912459955,
0.435815741140676,0.441741013501011,0.465999244585057,0.49079814384512,
0.516086876439905,0.527519237984457,0.552910553256517,0.578565455925403,
0.603984812805181,0.620671630412322,0.646596608627348,0.672212608979048,
0.676897157052445,0.702481665418311,0.715246536119103,0.74076974825065,
0.766767961295603,0.792994078889029,0.811218141160219,0.83771601096322,
0.864188746591228,0.889999214510724,0.908561164406721,0.920899505530102,
0.946637761804495,0.97315827299652,0.995060599526502,1.02175090477904,1.04504723883662),
 .UNSPECIFIED.);
#81=B_SPLINE_CURVE_WITH_KNOTS('',3,(#1153,#1154,#1155,#1156,#1157,#1158,
#1159,#1160,#1161,#1162,#1163,#1164,#1165,#1166,#1167,#1168,#1169,#1170,
#1171,#1172,#1173,#1174),.UNSPECIFIED.,.F.,.F.,(4,3,3,3,3,3,3,4),(20.1588923375953,
20.8180841711858,21.8094215126709,22.8007588541559,23.7920961956409,24.783433537126,
25.774770878611,26.4420776447749),.UNSPECIFIED.);
#82=B_SPLINE_CURVE_WITH_KNOTS('',3,(#1175,#1176,#1177,#1178,#1179,#1180,
#1181,#1182,#1183,#1184,#1185,#1186,#1187,#1188,#1189,#1190,#1191,#1192,
#1193,#1194,#1195,#1196,#1197,#1198,#1199,#1200,#1201,#1202,#1203,#1204,
#1205,#1206,#1207,#1208,#1209,#1210,#1211,#1212,#1213,#1214,#1215,#1216,
#1217,#1218,#1219,#1220,#1221,#1222,#1223,#1224,#1225,#1226,#1227,#1228,
#1229,#1230,#1231,#1232,#1233,#1234,#1235,#1236,#1237,#1238,#1239,#1240,
#1241,#1242,#1243,#1244,#1245,#1246,#1247,#1248,#1249,#1250,#1251,#1252,
#1253,#1254,#1255,#1256,#1257,#1258,#1259,#1260,#1261,#1262,#1263,#1264,
#1265),.UNSPECIFIED.,.F.,.F.,(4,3,3,3,3,3,3,3,3,3,3,3,3,3,3,3,3,3,3,3,3,
3,3,3,3,3,3,3,3,3,4),(0.,0.0259349477179696,0.0533117668864935,0.0772664836589519,
0.0888933925099241,0.0963512977590994,0.100682097122822,0.126685279506495,
0.152536478157927,0.175639733884986,0.186240725188477,0.191598297301272,
0.19552008338736,0.220249993732998,0.244949501066161,0.270267936213322,
0.277899450375013,0.283050301559757,0.286919905400338,0.311522455674819,
0.336167856520192,0.360428048098999,0.370778180530034,0.375371691455996,
0.399045766154515,0.416393583044087,0.423713338505019,0.428501775582274,
0.451255996438067,0.468437033712802,0.474022601254822),.UNSPECIFIED.);
#83=B_SPLINE_CURVE_WITH_KNOTS('',3,(#1266,#1267,#1268,#1269,#1270,#1271,
#1272),.UNSPECIFIED.,.F.,.F.,(4,3,4),(1.04504723883662,1.07195929328327,
1.08398792017433),.UNSPECIFIED.);
#84=LINE('',#368,#93);
#85=LINE('',#407,#94);
#86=LINE('',#458,#95);
#87=LINE('',#509,#96);
#88=LINE('',#536,#97);
#89=LINE('',#557,#98);
#90=LINE('',#582,#99);
#91=LINE('',#606,#100);
#92=LINE('',#1309,#101);
#93=VECTOR('',#319,2.5);
#94=VECTOR('',#324,2.5);
#95=VECTOR('',#327,2.5);
#96=VECTOR('',#330,2.5);
#97=VECTOR('',#335,2.56);
#98=VECTOR('',#340,2.56);
#99=VECTOR('',#343,2.56);
#100=VECTOR('',#346,2.56);
#101=VECTOR('',#357,3.55);
#102=VERTEX_POINT('',#366);
#103=VERTEX_POINT('',#367);
#104=VERTEX_POINT('',#369);
#105=VERTEX_POINT('',#383);
#106=VERTEX_POINT('',#405);
#107=VERTEX_POINT('',#406);
#108=VERTEX_POINT('',#456);
#109=VERTEX_POINT('',#457);
#110=VERTEX_POINT('',#507);
#111=VERTEX_POINT('',#508);
#112=VERTEX_POINT('',#510);
#113=VERTEX_POINT('',#518);
#114=VERTEX_POINT('',#534);
#115=VERTEX_POINT('',#535);
#116=VERTEX_POINT('',#537);
#117=VERTEX_POINT('',#545);
#118=VERTEX_POINT('',#555);
#119=VERTEX_POINT('',#556);
#120=VERTEX_POINT('',#580);
#121=VERTEX_POINT('',#581);
#122=VERTEX_POINT('',#604);
#123=VERTEX_POINT('',#605);
#124=VERTEX_POINT('',#607);
#125=VERTEX_POINT('',#613);
#126=VERTEX_POINT('',#1007);
#127=VERTEX_POINT('',#1300);
#128=VERTEX_POINT('',#1301);
#129=VERTEX_POINT('',#1308);
#130=EDGE_CURVE('',#102,#103,#84,.T.);
#131=EDGE_CURVE('',#103,#104,#59,.T.);
#132=EDGE_CURVE('',#104,#105,#52,.F.);
#133=EDGE_CURVE('',#105,#102,#60,.T.);
#134=EDGE_CURVE('',#106,#107,#85,.T.);
#135=EDGE_CURVE('',#107,#103,#61,.T.);
#136=EDGE_CURVE('',#102,#106,#62,.T.);
#137=EDGE_CURVE('',#108,#109,#86,.T.);
#138=EDGE_CURVE('',#109,#107,#63,.T.);
#139=EDGE_CURVE('',#106,#108,#64,.T.);
#140=EDGE_CURVE('',#110,#111,#87,.T.);
#141=EDGE_CURVE('',#110,#112,#65,.T.);
#142=EDGE_CURVE('',#113,#112,#53,.F.);
#143=EDGE_CURVE('',#113,#111,#66,.T.);
#144=EDGE_CURVE('',#114,#115,#88,.T.);
#145=EDGE_CURVE('',#115,#116,#67,.T.);
#146=EDGE_CURVE('',#117,#116,#54,.T.);
#147=EDGE_CURVE('',#114,#117,#68,.T.);
#148=EDGE_CURVE('',#118,#119,#89,.T.);
#149=EDGE_CURVE('',#119,#115,#69,.T.);
#150=EDGE_CURVE('',#118,#114,#70,.T.);
#151=EDGE_CURVE('',#120,#121,#90,.T.);
#152=EDGE_CURVE('',#121,#119,#71,.T.);
#153=EDGE_CURVE('',#120,#118,#72,.T.);
#154=EDGE_CURVE('',#122,#123,#91,.T.);
#155=EDGE_CURVE('',#124,#122,#73,.T.);
#156=EDGE_CURVE('',#125,#124,#55,.T.);
#157=EDGE_CURVE('',#125,#123,#74,.T.);
#158=EDGE_CURVE('',#123,#121,#75,.T.);
#159=EDGE_CURVE('',#122,#120,#76,.T.);
#160=EDGE_CURVE('',#116,#113,#77,.T.);
#161=EDGE_CURVE('',#104,#125,#78,.T.);
#162=EDGE_CURVE('',#111,#109,#79,.T.);
#163=EDGE_CURVE('',#112,#126,#80,.T.);
#164=EDGE_CURVE('',#108,#110,#81,.T.);
#165=EDGE_CURVE('',#124,#105,#82,.T.);
#166=EDGE_CURVE('',#126,#117,#83,.T.);
#167=EDGE_CURVE('',#127,#128,#56,.T.);
#168=EDGE_CURVE('',#128,#127,#57,.T.);
#169=EDGE_CURVE('',#127,#126,#17,.T.);
#170=EDGE_CURVE('',#128,#129,#92,.T.);
#171=EDGE_CURVE('',#129,#129,#58,.T.);
#172=ORIENTED_EDGE('',*,*,#130,.T.);
#173=ORIENTED_EDGE('',*,*,#131,.T.);
#174=ORIENTED_EDGE('',*,*,#132,.T.);
#175=ORIENTED_EDGE('',*,*,#133,.T.);
#176=ORIENTED_EDGE('',*,*,#134,.T.);
#177=ORIENTED_EDGE('',*,*,#135,.T.);
#178=ORIENTED_EDGE('',*,*,#130,.F.);
#179=ORIENTED_EDGE('',*,*,#136,.T.);
#180=ORIENTED_EDGE('',*,*,#137,.T.);
#181=ORIENTED_EDGE('',*,*,#138,.T.);
#182=ORIENTED_EDGE('',*,*,#134,.F.);
#183=ORIENTED_EDGE('',*,*,#139,.T.);
#184=ORIENTED_EDGE('',*,*,#140,.F.);
#185=ORIENTED_EDGE('',*,*,#141,.T.);
#186=ORIENTED_EDGE('',*,*,#142,.F.);
#187=ORIENTED_EDGE('',*,*,#143,.T.);
#188=ORIENTED_EDGE('',*,*,#144,.T.);
#189=ORIENTED_EDGE('',*,*,#145,.T.);
#190=ORIENTED_EDGE('',*,*,#146,.F.);
#191=ORIENTED_EDGE('',*,*,#147,.F.);
#192=ORIENTED_EDGE('',*,*,#148,.T.);
#193=ORIENTED_EDGE('',*,*,#149,.T.);
#194=ORIENTED_EDGE('',*,*,#144,.F.);
#195=ORIENTED_EDGE('',*,*,#150,.F.);
#196=ORIENTED_EDGE('',*,*,#151,.T.);
#197=ORIENTED_EDGE('',*,*,#152,.T.);
#198=ORIENTED_EDGE('',*,*,#148,.F.);
#199=ORIENTED_EDGE('',*,*,#153,.F.);
#200=ORIENTED_EDGE('',*,*,#154,.F.);
#201=ORIENTED_EDGE('',*,*,#155,.F.);
#202=ORIENTED_EDGE('',*,*,#156,.F.);
#203=ORIENTED_EDGE('',*,*,#157,.T.);
#204=ORIENTED_EDGE('',*,*,#154,.T.);
#205=ORIENTED_EDGE('',*,*,#158,.T.);
#206=ORIENTED_EDGE('',*,*,#151,.F.);
#207=ORIENTED_EDGE('',*,*,#159,.F.);
#208=ORIENTED_EDGE('',*,*,#160,.F.);
#209=ORIENTED_EDGE('',*,*,#145,.F.);
#210=ORIENTED_EDGE('',*,*,#149,.F.);
#211=ORIENTED_EDGE('',*,*,#152,.F.);
#212=ORIENTED_EDGE('',*,*,#158,.F.);
#213=ORIENTED_EDGE('',*,*,#157,.F.);
#214=ORIENTED_EDGE('',*,*,#161,.F.);
#215=ORIENTED_EDGE('',*,*,#131,.F.);
#216=ORIENTED_EDGE('',*,*,#135,.F.);
#217=ORIENTED_EDGE('',*,*,#138,.F.);
#218=ORIENTED_EDGE('',*,*,#162,.F.);
#219=ORIENTED_EDGE('',*,*,#143,.F.);
#220=ORIENTED_EDGE('',*,*,#163,.F.);
#221=ORIENTED_EDGE('',*,*,#141,.F.);
#222=ORIENTED_EDGE('',*,*,#164,.F.);
#223=ORIENTED_EDGE('',*,*,#139,.F.);
#224=ORIENTED_EDGE('',*,*,#136,.F.);
#225=ORIENTED_EDGE('',*,*,#133,.F.);
#226=ORIENTED_EDGE('',*,*,#165,.F.);
#227=ORIENTED_EDGE('',*,*,#155,.T.);
#228=ORIENTED_EDGE('',*,*,#159,.T.);
#229=ORIENTED_EDGE('',*,*,#153,.T.);
#230=ORIENTED_EDGE('',*,*,#150,.T.);
#231=ORIENTED_EDGE('',*,*,#147,.T.);
#232=ORIENTED_EDGE('',*,*,#166,.F.);
#233=ORIENTED_EDGE('',*,*,#167,.T.);
#234=ORIENTED_EDGE('',*,*,#168,.T.);
#235=ORIENTED_EDGE('',*,*,#169,.T.);
#236=ORIENTED_EDGE('',*,*,#166,.T.);
#237=ORIENTED_EDGE('',*,*,#146,.T.);
#238=ORIENTED_EDGE('',*,*,#160,.T.);
#239=ORIENTED_EDGE('',*,*,#142,.T.);
#240=ORIENTED_EDGE('',*,*,#163,.T.);
#241=ORIENTED_EDGE('',*,*,#169,.F.);
#242=ORIENTED_EDGE('',*,*,#167,.F.);
#243=ORIENTED_EDGE('',*,*,#168,.F.);
#244=ORIENTED_EDGE('',*,*,#170,.T.);
#245=ORIENTED_EDGE('',*,*,#171,.T.);
#246=ORIENTED_EDGE('',*,*,#170,.F.);
#247=ORIENTED_EDGE('',*,*,#140,.T.);
#248=ORIENTED_EDGE('',*,*,#162,.T.);
#249=ORIENTED_EDGE('',*,*,#137,.F.);
#250=ORIENTED_EDGE('',*,*,#164,.T.);
#251=ORIENTED_EDGE('',*,*,#171,.F.);
#252=ORIENTED_EDGE('',*,*,#165,.T.);
#253=ORIENTED_EDGE('',*,*,#132,.F.);
#254=ORIENTED_EDGE('',*,*,#161,.T.);
#255=ORIENTED_EDGE('',*,*,#156,.T.);
#256=CYLINDRICAL_SURFACE('',#296,2.117);
#257=CYLINDRICAL_SURFACE('',#298,2.117);
#258=CYLINDRICAL_SURFACE('',#299,2.117);
#259=CYLINDRICAL_SURFACE('',#300,2.117);
#260=CYLINDRICAL_SURFACE('',#302,2.56);
#261=CYLINDRICAL_SURFACE('',#304,2.56);
#262=CYLINDRICAL_SURFACE('',#305,2.56);
#263=CYLINDRICAL_SURFACE('',#306,2.56);
#264=CYLINDRICAL_SURFACE('',#308,2.56);
#265=CYLINDRICAL_SURFACE('',#311,3.55);
#266=CYLINDRICAL_SURFACE('',#313,2.117);
#267=ADVANCED_FACE('',(#21),#256,.F.);
#268=ADVANCED_FACE('',(#22),#257,.F.);
#269=ADVANCED_FACE('',(#23),#258,.F.);
#270=ADVANCED_FACE('',(#24),#259,.F.);
#271=ADVANCED_FACE('',(#25),#260,.F.);
#272=ADVANCED_FACE('',(#26),#261,.F.);
#273=ADVANCED_FACE('',(#27),#262,.F.);
#274=ADVANCED_FACE('',(#28),#263,.F.);
#275=ADVANCED_FACE('',(#29),#264,.F.);
#276=ADVANCED_FACE('',(#30),#19,.F.);
#277=ADVANCED_FACE('',(#31),#20,.F.);
#278=ADVANCED_FACE('',(#32),#18,.T.);
#279=ADVANCED_FACE('',(#33),#265,.T.);
#280=ADVANCED_FACE('',(#34),#266,.F.);
#281=ADVANCED_FACE('',(#35,#15),#16,.F.);
#282=CLOSED_SHELL('',(#267,#268,#269,#270,#271,#272,#273,#274,#275,#276,
#277,#278,#279,#280,#281));
#283=DERIVED_UNIT_ELEMENT(#285,1.);
#284=DERIVED_UNIT_ELEMENT(#1318,-3.);
#285=(
MASS_UNIT()
NAMED_UNIT(*)
SI_UNIT(.KILO.,.GRAM.)
);
#286=DERIVED_UNIT((#283,#284));
#287=MEASURE_REPRESENTATION_ITEM('density measure',
POSITIVE_RATIO_MEASURE(7850.),#286);
#288=PROPERTY_DEFINITION_REPRESENTATION(#293,#290);
#289=PROPERTY_DEFINITION_REPRESENTATION(#294,#291);
#290=REPRESENTATION('material name',(#292),#1315);
#291=REPRESENTATION('density',(#287),#1315);
#292=DESCRIPTIVE_REPRESENTATION_ITEM('Steel','Steel');
#293=PROPERTY_DEFINITION('material property','material name',#1325);
#294=PROPERTY_DEFINITION('material property','density of part',#1325);
#295=AXIS2_PLACEMENT_3D('',#364,#315,#316);
#296=AXIS2_PLACEMENT_3D('',#365,#317,#318);
#297=AXIS2_PLACEMENT_3D('',#384,#320,#321);
#298=AXIS2_PLACEMENT_3D('',#404,#322,#323);
#299=AXIS2_PLACEMENT_3D('',#455,#325,#326);
#300=AXIS2_PLACEMENT_3D('',#506,#328,#329);
#301=AXIS2_PLACEMENT_3D('',#519,#331,#332);
#302=AXIS2_PLACEMENT_3D('',#533,#333,#334);
#303=AXIS2_PLACEMENT_3D('',#546,#336,#337);
#304=AXIS2_PLACEMENT_3D('',#554,#338,#339);
#305=AXIS2_PLACEMENT_3D('',#579,#341,#342);
#306=AXIS2_PLACEMENT_3D('',#603,#344,#345);
#307=AXIS2_PLACEMENT_3D('',#614,#347,#348);
#308=AXIS2_PLACEMENT_3D('',#620,#349,#350);
#309=AXIS2_PLACEMENT_3D('',#1302,#351,#352);
#310=AXIS2_PLACEMENT_3D('',#1303,#353,#354);
#311=AXIS2_PLACEMENT_3D('',#1307,#355,#356);
#312=AXIS2_PLACEMENT_3D('',#1310,#358,#359);
#313=AXIS2_PLACEMENT_3D('',#1311,#360,#361);
#314=AXIS2_PLACEMENT_3D('',#1312,#362,#363);
#315=DIRECTION('axis',(0.,0.,1.));
#316=DIRECTION('refdir',(1.,0.,0.));
#317=DIRECTION('center_axis',(0.,0.,1.));
#318=DIRECTION('ref_axis',(0.939359931516187,0.342932820041921,0.));
#319=DIRECTION('',(0.,0.,-1.));
#320=DIRECTION('center_axis',(0.,0.,1.));
#321=DIRECTION('ref_axis',(1.,0.,0.));
#322=DIRECTION('center_axis',(0.,0.,1.));
#323=DIRECTION('ref_axis',(1.,0.,0.));
#324=DIRECTION('',(0.,0.,-1.));
#325=DIRECTION('center_axis',(0.,0.,1.));
#326=DIRECTION('ref_axis',(1.,0.,0.));
#327=DIRECTION('',(0.,0.,-1.));
#328=DIRECTION('center_axis',(0.,0.,1.));
#329=DIRECTION('ref_axis',(1.,0.,0.));
#330=DIRECTION('',(0.,0.,-1.));
#331=DIRECTION('center_axis',(0.,0.,1.));
#332=DIRECTION('ref_axis',(1.,0.,0.));
#333=DIRECTION('center_axis',(0.,0.,1.));
#334=DIRECTION('ref_axis',(-0.0765933963258778,-0.997062411105377,0.));
#335=DIRECTION('',(1.22464679914735E-16,7.12613306560982E-31,1.));
#336=DIRECTION('center_axis',(0.,0.,-1.));
#337=DIRECTION('ref_axis',(1.,5.69646455794496E-15,0.));
#338=DIRECTION('center_axis',(0.,0.,1.));
#339=DIRECTION('ref_axis',(1.,5.69646455794496E-15,0.));
#340=DIRECTION('',(1.22464679914735E-16,7.12613306560982E-31,1.));
#341=DIRECTION('center_axis',(0.,0.,1.));
#342=DIRECTION('ref_axis',(1.,5.69646455794496E-15,0.));
#343=DIRECTION('',(1.22464679914735E-16,7.12613306560982E-31,1.));
#344=DIRECTION('center_axis',(0.,0.,1.));
#345=DIRECTION('ref_axis',(-0.609094793150328,0.793097429675043,0.));
#346=DIRECTION('',(1.22464679914735E-16,7.12613306560982E-31,1.));
#347=DIRECTION('center_axis',(0.,0.,1.));
#348=DIRECTION('ref_axis',(1.,5.69646455794496E-15,0.));
#349=DIRECTION('center_axis',(0.,0.,1.));
#350=DIRECTION('ref_axis',(1.,5.69646455794496E-15,0.));
#351=DIRECTION('center_axis',(0.,0.,1.));
#352=DIRECTION('ref_axis',(-1.,0.,0.));
#353=DIRECTION('center_axis',(0.,0.,1.));
#354=DIRECTION('ref_axis',(-1.,0.,0.));
#355=DIRECTION('center_axis',(0.,0.,1.));
#356=DIRECTION('ref_axis',(1.,0.,0.));
#357=DIRECTION('',(0.,0.,-1.));
#358=DIRECTION('center_axis',(0.,0.,1.));
#359=DIRECTION('ref_axis',(1.,0.,0.));
#360=DIRECTION('center_axis',(0.,0.,1.));
#361=DIRECTION('ref_axis',(1.,0.,0.));
#362=DIRECTION('center_axis',(0.,0.,1.));
#363=DIRECTION('ref_axis',(1.,0.,0.));
#364=CARTESIAN_POINT('',(0.,0.,0.));
#365=CARTESIAN_POINT('Origin',(0.,0.,0.));
#366=CARTESIAN_POINT('',(-2.1149585920799,-0.00152647725736432,0.710943720977501));
#367=CARTESIAN_POINT('',(-2.11919376182694,-0.00128318109424846,0.4890562790225));
#368=CARTESIAN_POINT('',(-2.117,-2.59257727379495E-16,0.));
#369=CARTESIAN_POINT('',(1.61992569438872,-1.36291222925735,0.));
#370=CARTESIAN_POINT('Ctrl Pts',(-2.11919376182694,-0.00128318109424846,
0.4890562790225));
#371=CARTESIAN_POINT('Ctrl Pts',(-2.11461741767486,0.610708046337117,0.452130656491904));
#372=CARTESIAN_POINT('Ctrl Pts',(-1.83438326118903,1.22618344163724,0.415205033961309));
#373=CARTESIAN_POINT('Ctrl Pts',(-1.36719000452263,1.62048968735905,0.378279411430713));
#374=CARTESIAN_POINT('Ctrl Pts',(-0.835401512339665,2.06931363950025,0.33624836571619));
#375=CARTESIAN_POINT('Ctrl Pts',(-0.0613811133394271,2.23158173648506,0.294217320001666));
#376=CARTESIAN_POINT('Ctrl Pts',(0.605442766892587,2.03248334250947,0.252186274287142));
#377=CARTESIAN_POINT('Ctrl Pts',(1.2722666471246,1.83338494853387,0.210155228572618));
#378=CARTESIAN_POINT('Ctrl Pts',(1.83189400858839,1.27292006359786,0.168124182858095));
#379=CARTESIAN_POINT('Ctrl Pts',(2.03128687095052,0.607534616618947,0.126093137143571));
#380=CARTESIAN_POINT('Ctrl Pts',(2.23067973331265,-0.0578508303599657,0.0840620914290472));
#381=CARTESIAN_POINT('Ctrl Pts',(2.06983809657313,-0.828156839381782,0.0420310457145236));
#382=CARTESIAN_POINT('Ctrl Pts',(1.61992569438872,-1.36291222925735,-1.07464979552037E-16));
#383=CARTESIAN_POINT('',(-1.62290285009119,-1.36515784516583,-2.07995254950155E-16));
#384=CARTESIAN_POINT('Origin',(0.,0.,0.));
#385=CARTESIAN_POINT('Ctrl Pts',(-1.62290495470145,-1.36515943263614,-1.73472347597681E-16));
#386=CARTESIAN_POINT('Ctrl Pts',(-1.18534213199961,-1.88343529928256,0.0409656007848029));
#387=CARTESIAN_POINT('Ctrl Pts',(-0.476338573661915,-2.17459217744738,0.081931201569606));
#388=CARTESIAN_POINT('Ctrl Pts',(0.19888334157619,-2.11085404181093,0.122896802354409));
#389=CARTESIAN_POINT('Ctrl Pts',(0.892369073829896,-2.04539187794034,0.164970465866122));
#390=CARTESIAN_POINT('Ctrl Pts',(1.55022095414852,-1.60557621276099,0.207044129377834));
#391=CARTESIAN_POINT('Ctrl Pts',(1.87521255313837,-0.989725743292743,0.249117792889547));
#392=CARTESIAN_POINT('Ctrl Pts',(2.20020415212822,-0.373875273824497,0.291191456401259));
#393=CARTESIAN_POINT('Ctrl Pts',(2.19233546978929,0.41800999993265,0.333265119912972));
#394=CARTESIAN_POINT('Ctrl Pts',(1.85495627153244,1.02731331805901,0.375338783424684));
#395=CARTESIAN_POINT('Ctrl Pts',(1.51757707327559,1.63661663618538,0.417412446936397));
#396=CARTESIAN_POINT('Ctrl Pts',(0.850687359100812,2.06333799868096,0.45948611044811));
#397=CARTESIAN_POINT('Ctrl Pts',(0.156116789305085,2.11459624784211,0.501559773959822));
#398=CARTESIAN_POINT('Ctrl Pts',(-0.538453780490639,2.16585449700326,0.543633437471535));
#399=CARTESIAN_POINT('Ctrl Pts',(-1.26070520590731,1.84164963282998,0.585707100983248));
#400=CARTESIAN_POINT('Ctrl Pts',(-1.68392742892161,1.2885674246106,0.62778076449496));
#401=CARTESIAN_POINT('Ctrl Pts',(-1.96277495789251,0.924159322452579,0.655501749989141));
#402=CARTESIAN_POINT('Ctrl Pts',(-2.11181185167812,0.460393989724926,0.683222735483321));
#403=CARTESIAN_POINT('Ctrl Pts',(-2.1149585920799,-0.00152647725736432,
0.710943720977501));
#404=CARTESIAN_POINT('Origin',(0.,0.,0.));
#405=CARTESIAN_POINT('',(-2.12037897932108,-3.85454995535762E-5,1.5109437209775));
#406=CARTESIAN_POINT('',(-2.11720551607982,0.00185423056275426,1.2890562790225));
#407=CARTESIAN_POINT('',(-2.117,-2.59257727379495E-16,0.));
#408=CARTESIAN_POINT('Ctrl Pts',(-2.11720551607982,0.00185423056275426,
1.2890562790225));
#409=CARTESIAN_POINT('Ctrl Pts',(-2.11860871669733,0.157647597770045,1.2796813098269));
#410=CARTESIAN_POINT('Ctrl Pts',(-2.10284615200526,0.313159451724721,1.27030634063131));
#411=CARTESIAN_POINT('Ctrl Pts',(-2.06884457474073,0.464575289796752,1.26093137143571));
#412=CARTESIAN_POINT('Ctrl Pts',(-1.9164044100261,1.1434218949566,1.21890032572119));
#413=CARTESIAN_POINT('Ctrl Pts',(-1.39735618068298,1.73993770235762,1.17686928000666));
#414=CARTESIAN_POINT('Ctrl Pts',(-0.746097318653696,1.9847583330092,1.13483823429214));
#415=CARTESIAN_POINT('Ctrl Pts',(-0.0948384566244133,2.22957896366077,1.09280718857762));
#416=CARTESIAN_POINT('Ctrl Pts',(0.688631038091035,2.12270441756291,1.05077614286309));
#417=CARTESIAN_POINT('Ctrl Pts',(1.25050712792403,1.71236831890131,1.00874509714857));
#418=CARTESIAN_POINT('Ctrl Pts',(1.81238321775704,1.30203222023972,0.966714051434046));
#419=CARTESIAN_POINT('Ctrl Pts',(2.15266590270759,0.588234569014395,0.924683005719522));
#420=CARTESIAN_POINT('Ctrl Pts',(2.11768371692095,-0.106624656789938,0.882651960004999));
#421=CARTESIAN_POINT('Ctrl Pts',(2.08270153113431,-0.801483882594271,0.840620914290475));
#422=CARTESIAN_POINT('Ctrl Pts',(1.67245447461047,-1.47740468297761,0.79858986857595));
#423=CARTESIAN_POINT('Ctrl Pts',(1.07221242673725,-1.82925812193741,0.756558822861427));
#424=CARTESIAN_POINT('Ctrl Pts',(0.471970378864021,-2.1811115608972,0.714527777146903));
#425=CARTESIAN_POINT('Ctrl Pts',(-0.318266660358599,-2.20889763843344,0.67249673143238));
#426=CARTESIAN_POINT('Ctrl Pts',(-0.941649841279203,-1.8998590377695,0.630465685717856));
#427=CARTESIAN_POINT('Ctrl Pts',(-1.56503302219981,-1.59082043710555,0.588434640003333));
#428=CARTESIAN_POINT('Ctrl Pts',(-2.02156234481839,-0.944957158241413,0.546403594288809));
#429=CARTESIAN_POINT('Ctrl Pts',(-2.10504871344484,-0.254335615160562,0.504372548574285));
#430=CARTESIAN_POINT('Ctrl Pts',(-2.11518962796842,-0.170447261268216,0.499267125390357));
#431=CARTESIAN_POINT('Ctrl Pts',(-2.11982649790369,-0.0858985236873222,
0.494161702206428));
#432=CARTESIAN_POINT('Ctrl Pts',(-2.11919376182694,-0.00128318109424846,
0.4890562790225));
#433=CARTESIAN_POINT('Ctrl Pts',(-2.1149585920799,-0.00152647725736432,
0.710943720977501));
#434=CARTESIAN_POINT('Ctrl Pts',(-2.11658783256275,-0.240688094859194,0.725296398995033));
#435=CARTESIAN_POINT('Ctrl Pts',(-2.07910826911764,-0.479355158914843,0.739649077012565));
#436=CARTESIAN_POINT('Ctrl Pts',(-2.00028815011128,-0.703481356533986,0.754001755030098));
#437=CARTESIAN_POINT('Ctrl Pts',(-1.76923362767473,-1.36048837719372,0.79607541854181));
#438=CARTESIAN_POINT('Ctrl Pts',(-1.1829315621897,-1.89254286624772,0.838149082053523));
#439=CARTESIAN_POINT('Ctrl Pts',(-0.506657414338678,-2.05895364137294,0.880222745565236));
#440=CARTESIAN_POINT('Ctrl Pts',(0.169616733512347,-2.22536441649817,0.922296409076948));
#441=CARTESIAN_POINT('Ctrl Pts',(0.935862963729374,-2.02613147769462,0.964370072588661));
#442=CARTESIAN_POINT('Ctrl Pts',(1.44541765747603,-1.55138022575066,1.00644373610037));
#443=CARTESIAN_POINT('Ctrl Pts',(1.95497235122269,-1.0766289738067,1.04851739961209));
#444=CARTESIAN_POINT('Ctrl Pts',(2.20783550849897,-0.326359408722336,1.0905910631238));
#445=CARTESIAN_POINT('Ctrl Pts',(2.08960029653009,0.359978113834305,1.13266472663551));
#446=CARTESIAN_POINT('Ctrl Pts',(1.9713650845612,1.04631563639095,1.17473839014722));
#447=CARTESIAN_POINT('Ctrl Pts',(1.48203150334713,1.66872111641987,1.21681205365894));
#448=CARTESIAN_POINT('Ctrl Pts',(0.842990400768632,1.94560395425838,1.25888571717065));
#449=CARTESIAN_POINT('Ctrl Pts',(0.203949298190134,2.22248679209689,1.30095938068236));
#450=CARTESIAN_POINT('Ctrl Pts',(-0.584799325752796,2.153846987745,1.34303304419407));
#451=CARTESIAN_POINT('Ctrl Pts',(-1.16640429208507,1.77073753065874,1.38510670770579));
#452=CARTESIAN_POINT('Ctrl Pts',(-1.7462399561609,1.38879353202991,1.42705237879636));
#453=CARTESIAN_POINT('Ctrl Pts',(-2.12019035035317,0.694290268636651,1.46899804988693));
#454=CARTESIAN_POINT('Ctrl Pts',(-2.12037897932108,-3.85454995535762E-5,
1.5109437209775));
#455=CARTESIAN_POINT('Origin',(0.,0.,0.));
#456=CARTESIAN_POINT('',(-2.11505634700585,0.00156565129063222,2.3109437209775));
#457=CARTESIAN_POINT('',(-2.11389056884199,-0.000731673664662869,2.0890562790225));
#458=CARTESIAN_POINT('',(-2.117,-2.59257727379495E-16,0.));
#459=CARTESIAN_POINT('Ctrl Pts',(-2.11389056884199,-0.000731673664662869,
2.0890562790225));
#460=CARTESIAN_POINT('Ctrl Pts',(-2.11263380509115,0.39727141161687,2.06520091744738));
#461=CARTESIAN_POINT('Ctrl Pts',(-2.00459818781312,0.795907304435491,2.04134555587226));
#462=CARTESIAN_POINT('Ctrl Pts',(-1.79414618391675,1.13003873608867,2.01749019429714));
#463=CARTESIAN_POINT('Ctrl Pts',(-1.42334829143346,1.71874888555547,1.97545914858262));
#464=CARTESIAN_POINT('Ctrl Pts',(-0.734615770397666,2.10721566989516,1.93342810286809));
#465=CARTESIAN_POINT('Ctrl Pts',(-0.0389785634524237,2.12000679834888,1.89139705715357));
#466=CARTESIAN_POINT('Ctrl Pts',(0.656658643492816,2.13279792680259,1.84936601143904));
#467=CARTESIAN_POINT('Ctrl Pts',(1.3592005363475,1.76991339937033,1.80733496572452));
#468=CARTESIAN_POINT('Ctrl Pts',(1.75139033551982,1.19522998506534,1.76530392001));
#469=CARTESIAN_POINT('Ctrl Pts',(2.14358013469213,0.620546570760355,1.72327287429547));
#470=CARTESIAN_POINT('Ctrl Pts',(2.22541784018206,-0.165935730417358,1.68124182858095));
#471=CARTESIAN_POINT('Ctrl Pts',(1.95994473645997,-0.809050697238936,1.63921078286643));
#472=CARTESIAN_POINT('Ctrl Pts',(1.69447163273789,-1.45216566406051,1.5971797371519));
#473=CARTESIAN_POINT('Ctrl Pts',(1.0816877198038,-1.95191329652595,1.55514869143738));
#474=CARTESIAN_POINT('Ctrl Pts',(0.398320305587189,-2.08261464479352,1.51311764572285));
#475=CARTESIAN_POINT('Ctrl Pts',(-0.285047108629418,-2.21331599306109,1.47108660000833));
#476=CARTESIAN_POINT('Ctrl Pts',(-1.03899802412854,-1.97497105713078,1.42905555429381));
#477=CARTESIAN_POINT('Ctrl Pts',(-1.52305743183503,-1.47520988770628,1.38702450857928));
#478=CARTESIAN_POINT('Ctrl Pts',(-1.89914802841773,-1.08691978660428,1.35436843206036));
#479=CARTESIAN_POINT('Ctrl Pts',(-2.11231771050088,-0.540824898778037,1.32171235554143));
#480=CARTESIAN_POINT('Ctrl Pts',(-2.11720551607982,0.00185423056275426,
1.2890562790225));
#481=CARTESIAN_POINT('Ctrl Pts',(-2.12037897932108,-3.85454995537958E-5,
1.5109437209775));
#482=CARTESIAN_POINT('Ctrl Pts',(-2.12037955490082,-0.00215721051739335,
1.51107171339864));
#483=CARTESIAN_POINT('Ctrl Pts',(-2.12037665040168,-0.00427587391094372,
1.51119970581978));
#484=CARTESIAN_POINT('Ctrl Pts',(-2.12037026105408,-0.00639452679502922,
1.51132769824092));
#485=CARTESIAN_POINT('Ctrl Pts',(-2.11826995496919,-0.702838017341931,1.55340136175264));
#486=CARTESIAN_POINT('Ctrl Pts',(-1.73960803407777,-1.39814588861512,1.59547502526435));
#487=CARTESIAN_POINT('Ctrl Pts',(-1.15570293585002,-1.77774044763164,1.63754868877606));
#488=CARTESIAN_POINT('Ctrl Pts',(-0.57179783762228,-2.15733500664816,1.67962235228778));
#489=CARTESIAN_POINT('Ctrl Pts',(0.217350437941786,-2.22121625340801,1.72169601579949));
#490=CARTESIAN_POINT('Ctrl Pts',(0.854709907798589,-1.94048409839525,1.7637696793112));
#491=CARTESIAN_POINT('Ctrl Pts',(1.4920693776554,-1.6597519433825,1.80584334282291));
#492=CARTESIAN_POINT('Ctrl Pts',(1.97764004180494,-1.03440638659714,1.84791700633462));
#493=CARTESIAN_POINT('Ctrl Pts',(2.09173348295842,-0.347368216693695,1.88999066984634));
#494=CARTESIAN_POINT('Ctrl Pts',(2.20582692411191,0.339669953209748,1.93206433335805));
#495=CARTESIAN_POINT('Ctrl Pts',(1.94844314226935,1.08840073623128,1.97413799686976));
#496=CARTESIAN_POINT('Ctrl Pts',(1.43603427186968,1.5600699918303,2.01621166038148));
#497=CARTESIAN_POINT('Ctrl Pts',(0.923625401470004,2.03173924742932,2.05828532389319));
#498=CARTESIAN_POINT('Ctrl Pts',(0.156191442513226,2.22634697560584,2.1003589874049));
#499=CARTESIAN_POINT('Ctrl Pts',(-0.519066703656763,2.05586030410195,2.14243265091661));
#500=CARTESIAN_POINT('Ctrl Pts',(-1.19432484982676,1.88537363259806,2.18450631442833));
#501=CARTESIAN_POINT('Ctrl Pts',(-1.77740718320996,1.34979256141376,2.22657997794004));
#502=CARTESIAN_POINT('Ctrl Pts',(-2.00449478858198,0.691403894271797,2.26865364145175));
#503=CARTESIAN_POINT('Ctrl Pts',(-2.08058001695626,0.470812145037069,2.282750334627));
#504=CARTESIAN_POINT('Ctrl Pts',(-2.11670230799013,0.236434370684496,2.29684702780225));
#505=CARTESIAN_POINT('Ctrl Pts',(-2.11505634700585,0.00156565129063238,
2.3109437209775));
#506=CARTESIAN_POINT('Origin',(0.,0.,0.));
#507=CARTESIAN_POINT('',(-2.11470495147546,-0.00242975097589588,3.1109437209775));
#508=CARTESIAN_POINT('',(-2.11951165422161,-0.000862406755838818,2.8890562790225));
#509=CARTESIAN_POINT('',(-2.117,-2.59257727379495E-16,0.));
#510=CARTESIAN_POINT('',(-0.534881097415888,-2.0483142365436,3.27842156573285));
#511=CARTESIAN_POINT('Ctrl Pts',(-2.11470495147546,-0.00242975097589588,
3.1109437209775));
#512=CARTESIAN_POINT('Ctrl Pts',(-2.11631073171154,-0.231591793074413,3.12469600571757));
#513=CARTESIAN_POINT('Ctrl Pts',(-2.08199405885732,-0.46012871767096,3.13844829045764));
#514=CARTESIAN_POINT('Ctrl Pts',(-2.00969115820309,-0.675589973630083,3.15220057519772));
#515=CARTESIAN_POINT('Ctrl Pts',(-1.78848806573197,-1.33477094278357,3.19427423870943));
#516=CARTESIAN_POINT('Ctrl Pts',(-1.21173789400956,-1.87156503483599,3.23634790222114));
#517=CARTESIAN_POINT('Ctrl Pts',(-0.534881097415859,-2.0483142365436,3.27842156573285));
#518=CARTESIAN_POINT('',(2.10961977337631,-0.176616567115533,3.27842156573285));
#519=CARTESIAN_POINT('Origin',(0.,0.,3.27842156573285));
#520=CARTESIAN_POINT('Ctrl Pts',(2.10961977337631,-0.176616567115533,3.27842156573285));
#521=CARTESIAN_POINT('Ctrl Pts',(2.05131669099821,-0.873025389019398,3.23639052001833));
#522=CARTESIAN_POINT('Ctrl Pts',(1.62195951634803,-1.53249016914081,3.1943594743038));
#523=CARTESIAN_POINT('Ctrl Pts',(1.01127040243411,-1.86347976529047,3.15232842858928));
#524=CARTESIAN_POINT('Ctrl Pts',(0.400581288520183,-2.19446936144015,3.11029738287476));
#525=CARTESIAN_POINT('Ctrl Pts',(-0.391439764657485,-2.19698377361807,3.06826633716024));
#526=CARTESIAN_POINT('Ctrl Pts',(-1.00454013932938,-1.86773889771486,3.02623529144571));
#527=CARTESIAN_POINT('Ctrl Pts',(-1.61764051400127,-1.53849402181164,2.98420424573119));
#528=CARTESIAN_POINT('Ctrl Pts',(-2.0518202101674,-0.877489857827294,2.94217320001666));
#529=CARTESIAN_POINT('Ctrl Pts',(-2.1121676597331,-0.184236566623579,2.90014215430214));
#530=CARTESIAN_POINT('Ctrl Pts',(-2.11747329582468,-0.123287020140875,2.89644686254226));
#531=CARTESIAN_POINT('Ctrl Pts',(-2.1198893578062,-0.0620882007719155,2.89275157078238));
#532=CARTESIAN_POINT('Ctrl Pts',(-2.11951165422161,-0.000862406755838818,
2.8890562790225));
#533=CARTESIAN_POINT('Origin',(0.,0.,-1.7667098902285));
#534=CARTESIAN_POINT('',(-2.55764962132025,0.00189327695040958,2.56670989022851));
#535=CARTESIAN_POINT('',(-2.56303723892646,-0.00104287260033589,2.6332901097715));
#536=CARTESIAN_POINT('',(-2.56,-1.48964588489208E-14,-1.7667098902285));
#537=CARTESIAN_POINT('',(1.99567008977675,-1.60069866693167,2.94728067132799));
#538=CARTESIAN_POINT('Ctrl Pts',(-2.56303723892646,-0.00104287260033587,
2.6332901097715));
#539=CARTESIAN_POINT('Ctrl Pts',(-2.56349398015298,-0.0750806773623432,
2.63698540153138));
#540=CARTESIAN_POINT('Ctrl Pts',(-2.52734093676179,-0.990836808231443,2.68271173900578));
#541=CARTESIAN_POINT('Ctrl Pts',(-1.43110991670192,-2.65976162288037,2.77046912219471));
#542=CARTESIAN_POINT('Ctrl Pts',(0.869645090016807,-2.65245746551725,2.87143735095723));
#543=CARTESIAN_POINT('Ctrl Pts',(1.7814886402508,-1.86717770316356,2.93037453400524));
#544=CARTESIAN_POINT('Ctrl Pts',(1.99264447844239,-1.60059753201779,2.94728067133872));
#545=CARTESIAN_POINT('',(2.52735371064444,-0.390449344693876,2.94728067133872));
#546=CARTESIAN_POINT('Origin',(0.,0.,2.9472806713205));
#547=CARTESIAN_POINT('Ctrl Pts',(-2.55764962132025,0.00189327695040948,
2.56670989022851));
#548=CARTESIAN_POINT('Ctrl Pts',(-2.55369939408398,-0.561780358787321,2.59468686056497));
#549=CARTESIAN_POINT('Ctrl Pts',(-2.09338171909044,-1.97899964352034,2.66473749441314));
#550=CARTESIAN_POINT('Ctrl Pts',(0.240416293959766,-3.00972984347305,2.77686179177304));
#551=CARTESIAN_POINT('Ctrl Pts',(2.12833722471391,-1.7855981627671,2.8757417484733));
#552=CARTESIAN_POINT('Ctrl Pts',(2.48415425417637,-0.684241388759124,2.93254804166187));
#553=CARTESIAN_POINT('Ctrl Pts',(2.52735371064444,-0.390449344693876,2.94728067133872));
#554=CARTESIAN_POINT('Origin',(0.,0.,-1.7667098902285));
#555=CARTESIAN_POINT('',(-2.56408605907509,-4.66114685207519E-5,1.7667098902285));
#556=CARTESIAN_POINT('',(-2.55623989430113,-0.000884782513707715,1.8332901097715));
#557=CARTESIAN_POINT('',(-2.56,-1.48964588489208E-14,-1.7667098902285));
#558=CARTESIAN_POINT('Ctrl Pts',(-2.55623989430113,-0.000884782513707535,
1.8332901097715));
#559=CARTESIAN_POINT('Ctrl Pts',(-2.55739781153112,-0.367584275336982,1.8514657939109));
#560=CARTESIAN_POINT('Ctrl Pts',(-2.31293829201351,-1.58080034829065,1.91167252376483));
#561=CARTESIAN_POINT('Ctrl Pts',(-0.45768968705338,-2.98356097770406,2.01391029933328));
#562=CARTESIAN_POINT('Ctrl Pts',(2.24392958972858,-2.01885176364742,2.14000343647685));
#563=CARTESIAN_POINT('Ctrl Pts',(2.91867826433858,0.769058321931064,2.26609657362042));
#564=CARTESIAN_POINT('Ctrl Pts',(0.957733486148338,2.86271826419187,2.39218971076399));
#565=CARTESIAN_POINT('Ctrl Pts',(-1.78612453927847,2.38460707747096,2.51458755614769));
#566=CARTESIAN_POINT('Ctrl Pts',(-2.55829890690323,0.767041287225551,2.59495435581685));
#567=CARTESIAN_POINT('Ctrl Pts',(-2.56303723892646,-0.00104287260033587,
2.6332901097715));
#568=CARTESIAN_POINT('Ctrl Pts',(-2.56408605907509,-4.6611468520792E-5,
1.7667098902285));
#569=CARTESIAN_POINT('Ctrl Pts',(-2.56408675509971,-0.00260862490530367,
1.76683788264965));
#570=CARTESIAN_POINT('Ctrl Pts',(-2.56292868300495,-0.847354944246362,1.8090395385825));
#571=CARTESIAN_POINT('Ctrl Pts',(-1.64573549823195,-2.53152651172133,1.89331485802707));
#572=CARTESIAN_POINT('Ctrl Pts',(1.21711700830183,-2.76327331149254,2.0195358485622));
#573=CARTESIAN_POINT('Ctrl Pts',(2.97865819898132,-0.494660238223045,2.14575683909734));
#574=CARTESIAN_POINT('Ctrl Pts',(2.04492771029408,2.2215666930974,2.27197782963248));
#575=CARTESIAN_POINT('Ctrl Pts',(-0.739150137976148,2.92755977405896,2.39819882016761));
#576=CARTESIAN_POINT('Ctrl Pts',(-2.3855858848605,1.41525221393106,2.4964428403663));
#577=CARTESIAN_POINT('Ctrl Pts',(-2.55964001344107,0.285910245135714,2.55261319705326));
#578=CARTESIAN_POINT('Ctrl Pts',(-2.55764962132025,0.00189327695040948,
2.56670989022851));
#579=CARTESIAN_POINT('Origin',(0.,0.,-1.7667098902285));
#580=CARTESIAN_POINT('',(-2.55753141035642,-0.00184590542222612,0.966709890228505));
#581=CARTESIAN_POINT('',(-2.56024852204267,0.00224224385480037,1.0332901097715));
#582=CARTESIAN_POINT('',(-2.56,-1.48964588489208E-14,-1.7667098902285));
#583=CARTESIAN_POINT('Ctrl Pts',(-2.56024852204267,0.00224224385480051,
1.0332901097715));
#584=CARTESIAN_POINT('Ctrl Pts',(-2.55433790216449,-0.653997043397165,1.06594618629042));
#585=CARTESIAN_POINT('Ctrl Pts',(-1.96478027022065,-2.16431692442928,1.14063330852388));
#586=CARTESIAN_POINT('Ctrl Pts',(0.567025859984151,-2.96469153434954,1.25735147647185));
#587=CARTESIAN_POINT('Ctrl Pts',(2.79006811380269,-1.15171949026139,1.38344461361542));
#588=CARTESIAN_POINT('Ctrl Pts',(2.4931793192053,1.70146146063365,1.50953775075899));
#589=CARTESIAN_POINT('Ctrl Pts',(-0.0554847039992457,3.01792493284895,1.63563088790256));
#590=CARTESIAN_POINT('Ctrl Pts',(-2.19389575056606,1.811793905949,1.74354834090673));
#591=CARTESIAN_POINT('Ctrl Pts',(-2.55472014219808,0.48040378542239,1.80943474819638));
#592=CARTESIAN_POINT('Ctrl Pts',(-2.55623989430113,-0.000884782513707535,
1.8332901097715));
#593=CARTESIAN_POINT('Ctrl Pts',(-2.55753141035642,-0.00184590542222609,
0.966709890228505));
#594=CARTESIAN_POINT('Ctrl Pts',(-2.55950158307068,-0.291054096759346,0.981062568246038));
#595=CARTESIAN_POINT('Ctrl Pts',(-2.38132009484991,-1.4257005214701,1.03748890977528));
#596=CARTESIAN_POINT('Ctrl Pts',(-0.721479221333953,-2.93196468095059,1.13598891481624));
#597=CARTESIAN_POINT('Ctrl Pts',(2.05828981412508,-2.20919237579647,1.26220990535138));
#598=CARTESIAN_POINT('Ctrl Pts',(2.97562049333239,0.512616910858203,1.38843089588651));
#599=CARTESIAN_POINT('Ctrl Pts',(1.20042828562146,2.77056404672126,1.51465188642165));
#600=CARTESIAN_POINT('Ctrl Pts',(-1.65807281408061,2.52180677442023,1.64074488453565));
#601=CARTESIAN_POINT('Ctrl Pts',(-2.56385795791408,0.839576328630054,1.72476421913793));
#602=CARTESIAN_POINT('Ctrl Pts',(-2.56408605907509,-4.6611468520792E-5,
1.7667098902285));
#603=CARTESIAN_POINT('Origin',(0.,0.,-1.7667098902285));
#604=CARTESIAN_POINT('',(-2.55735249427874,0.00298749545438223,0.166709890228505));
#605=CARTESIAN_POINT('',(-2.56265282488283,-0.00155169749706483,0.233290109771496));
#606=CARTESIAN_POINT('',(-2.56,-1.48964588489208E-14,-1.7667098902285));
#607=CARTESIAN_POINT('',(-0.661737268568504,2.47299490241842,0.));
#608=CARTESIAN_POINT('Ctrl Pts',(-0.661737268568499,2.47299490241842,-2.77555756156289E-16));
#609=CARTESIAN_POINT('Ctrl Pts',(-1.47892799925834,2.25432661422367,0.0420736635117123));
#610=CARTESIAN_POINT('Ctrl Pts',(-2.39490347431804,1.39143927783906,0.0976436269212141));
#611=CARTESIAN_POINT('Ctrl Pts',(-2.55931034154739,0.274905780556759,0.153213590330716));
#612=CARTESIAN_POINT('Ctrl Pts',(-2.55735249427874,0.0029874954543823,0.166709890228505));
#613=CARTESIAN_POINT('',(0.6631516836476,2.47724539803797,-3.81175186453246E-16));
#614=CARTESIAN_POINT('Origin',(0.,0.,0.));
#615=CARTESIAN_POINT('Ctrl Pts',(0.663152945795849,2.47724919095257,3.87602276663568E-17));
#616=CARTESIAN_POINT('Ctrl Pts',(-0.127136713821923,2.68713766902973,0.0408377473932365));
#617=CARTESIAN_POINT('Ctrl Pts',(-1.84346530532822,2.30589374797411,0.118601117317068));
#618=CARTESIAN_POINT('Ctrl Pts',(-2.55711884234655,0.738503825518664,0.196364487240901));
#619=CARTESIAN_POINT('Ctrl Pts',(-2.56265282488283,-0.00155169749706467,
0.233290109771496));
#620=CARTESIAN_POINT('Origin',(0.,0.,-1.7667098902285));
#621=CARTESIAN_POINT('Ctrl Pts',(-2.56265282488283,-0.00155169749706474,
0.233290109771496));
#622=CARTESIAN_POINT('Ctrl Pts',(-2.56341796628883,-0.103873509985616,0.238395532955424));
#623=CARTESIAN_POINT('Ctrl Pts',(-2.5116490205756,-1.04782903753881,0.285532001853876));
#624=CARTESIAN_POINT('Ctrl Pts',(-1.34046739297493,-2.70472853702522,0.374699516466851));
#625=CARTESIAN_POINT('Ctrl Pts',(1.52633490330742,-2.60392689532548,0.500792653610424));
#626=CARTESIAN_POINT('Ctrl Pts',(3.01461898176893,-0.151838209948029,0.626885790753994));
#627=CARTESIAN_POINT('Ctrl Pts',(1.78014991213255,2.43765917380751,0.752978927897566));
#628=CARTESIAN_POINT('Ctrl Pts',(-1.06210125433635,2.82537599668499,0.879072065041136));
#629=CARTESIAN_POINT('Ctrl Pts',(-2.45742759793354,1.221798191416,0.972509125665781));
#630=CARTESIAN_POINT('Ctrl Pts',(-2.56194535415454,0.190636679400704,1.0239151405759));
#631=CARTESIAN_POINT('Ctrl Pts',(-2.56024852204267,0.00224224385480051,
1.0332901097715));
#632=CARTESIAN_POINT('Ctrl Pts',(-2.55735249427874,0.0029874954543823,0.166709890228505));
#633=CARTESIAN_POINT('Ctrl Pts',(-2.55320690521209,-0.572778289649283,0.195287253842429));
#634=CARTESIAN_POINT('Ctrl Pts',(-2.0786621206416,-2.00448971534247,0.265938280968064));
#635=CARTESIAN_POINT('Ctrl Pts',(0.283591882564408,-3.00525805875597,0.378662971605413));
#636=CARTESIAN_POINT('Ctrl Pts',(2.67013058868016,-1.40970571648985,0.504883962140551));
#637=CARTESIAN_POINT('Ctrl Pts',(2.64158477840006,1.46307600408404,0.631104952675688));
#638=CARTESIAN_POINT('Ctrl Pts',(0.222258843179331,3.01112516042131,0.757325943210827));
#639=CARTESIAN_POINT('Ctrl Pts',(-2.09996603085716,1.96872278726925,0.869194255728431));
#640=CARTESIAN_POINT('Ctrl Pts',(-2.55372618814171,0.55673529225121,0.938988904734325));
#641=CARTESIAN_POINT('Ctrl Pts',(-2.55753141035642,-0.00184590542222609,
0.966709890228505));
#642=CARTESIAN_POINT('Ctrl Pts',(1.61992569438872,-1.36291222925735,0.));
#643=CARTESIAN_POINT('Ctrl Pts',(2.06983809657313,-0.828156839381782,0.0420310457145237));
#644=CARTESIAN_POINT('Ctrl Pts',(2.39152137005218,0.712455178661852,0.126093137143571));
#645=CARTESIAN_POINT('Ctrl Pts',(0.712639285660808,2.39384983346988,0.252186274287143));
#646=CARTESIAN_POINT('Ctrl Pts',(-1.6094219113399,1.90704554251543,0.378279411430714));
#647=CARTESIAN_POINT('Ctrl Pts',(-2.47809166743698,-0.299093879377271,0.504372548574285));
#648=CARTESIAN_POINT('Ctrl Pts',(-1.10850369958122,-2.23668371596969,0.630465685717857));
#649=CARTESIAN_POINT('Ctrl Pts',(1.26220741808664,-2.15332548336095,0.756558822861427));
#650=CARTESIAN_POINT('Ctrl Pts',(2.49294858765814,-0.125563082210928,0.882651960004999));
#651=CARTESIAN_POINT('Ctrl Pts',(1.47210053280649,2.01582987146504,1.00874509714857));
#652=CARTESIAN_POINT('Ctrl Pts',(-0.878307951339864,2.33645350975864,1.13483823429214));
#653=CARTESIAN_POINT('Ctrl Pts',(-2.43545263936922,0.546906087555584,1.26093137143571));
#654=CARTESIAN_POINT('Ctrl Pts',(-1.79294893962766,-1.73662612120046,1.38702450857929));
#655=CARTESIAN_POINT('Ctrl Pts',(0.468903806869706,-2.4516609289914,1.51311764572285));
#656=CARTESIAN_POINT('Ctrl Pts',(2.30725554567199,-0.95241803159506,1.63921078286643));
#657=CARTESIAN_POINT('Ctrl Pts',(2.0617424292022,1.40702887193806,1.76530392001));
#658=CARTESIAN_POINT('Ctrl Pts',(-0.0458832493618756,2.49568245423486,1.89139705715357));
#659=CARTESIAN_POINT('Ctrl Pts',(-2.11208081246925,1.33028210121578,2.01749019429714));
#660=CARTESIAN_POINT('Ctrl Pts',(-2.27067060426161,-1.03657844256598,2.14358333144071));
#661=CARTESIAN_POINT('Ctrl Pts',(-0.378487916989065,-2.46726507414043,2.26967646858428));
#662=CARTESIAN_POINT('Ctrl Pts',(1.85562458650602,-1.66949577485999,2.39576960572785));
#663=CARTESIAN_POINT('Ctrl Pts',(2.41361011156436,0.635975182628148,2.52186274287142));
#664=CARTESIAN_POINT('Ctrl Pts',(0.792000699287513,2.36733381456805,2.647955880015));
#665=CARTESIAN_POINT('Ctrl Pts',(-1.54554551522934,1.96002156142631,2.77404901715857));
#666=CARTESIAN_POINT('Ctrl Pts',(-2.48599990633353,-0.216485693842939,2.90014215430213));
#667=CARTESIAN_POINT('Ctrl Pts',(-1.18346081783515,-2.199498185796,3.02623529144572));
#668=CARTESIAN_POINT('Ctrl Pts',(1.19260234169784,-2.19195494926222,3.15232842858928));
#669=CARTESIAN_POINT('Ctrl Pts',(2.05131669099821,-0.873025389019398,3.23639052001833));
#670=CARTESIAN_POINT('Ctrl Pts',(2.10961977337631,-0.176616567115533,3.27842156573285));
#671=CARTESIAN_POINT('Ctrl Pts',(1.7329200389981,-1.45797916636347,-0.0852553897503348));
#672=CARTESIAN_POINT('Ctrl Pts',(2.21421508866602,-0.885923093490762,-0.0432243440358111));
#673=CARTESIAN_POINT('Ctrl Pts',(2.55833666952204,0.762150918568514,0.0408377473932364));
#674=CARTESIAN_POINT('Ctrl Pts',(0.762347867545197,2.5608275497708,0.166930884536808));
#675=CARTESIAN_POINT('Ctrl Pts',(-1.72168358772529,2.04006729898438,0.293024021680379));
#676=CARTESIAN_POINT('Ctrl Pts',(-2.65094548709917,-0.319956513382016,0.41911715882395));
#677=CARTESIAN_POINT('Ctrl Pts',(-1.18582493071246,-2.39269865632153,0.545210295967522));
#678=CARTESIAN_POINT('Ctrl Pts',(1.35024991316024,-2.3035259540158,0.671303433111092));
#679=CARTESIAN_POINT('Ctrl Pts',(2.6668387190284,-0.134321458123294,0.797396570254664));
#680=CARTESIAN_POINT('Ctrl Pts',(1.57478365924851,2.15643963891253,0.923489707398236));
#681=CARTESIAN_POINT('Ctrl Pts',(-0.939572385672027,2.49942767206743,1.04958284454181));
#682=CARTESIAN_POINT('Ctrl Pts',(-2.60533226765462,0.585054315675111,1.17567598168538));
#683=CARTESIAN_POINT('Ctrl Pts',(-1.91801213916396,-1.85776064673846,1.30176911882895));
#684=CARTESIAN_POINT('Ctrl Pts',(0.501611157907853,-2.62267113077745,1.42786225597252));
#685=CARTESIAN_POINT('Ctrl Pts',(2.46819306838222,-1.0188518511505,1.55395539311609));
#686=CARTESIAN_POINT('Ctrl Pts',(2.2055547258699,1.50517306816992,1.68004853025966));
#687=CARTESIAN_POINT('Ctrl Pts',(-0.0490837342409998,2.66976328043956,1.80614166740323));
#688=CARTESIAN_POINT('Ctrl Pts',(-2.25940435205733,1.42307299569517,1.9322348045468));
#689=CARTESIAN_POINT('Ctrl Pts',(-2.42905622505958,-1.10888268600115,2.05832794169038));
#690=CARTESIAN_POINT('Ctrl Pts',(-0.404888507010503,-2.63936370866164,2.18442107883394));
#691=CARTESIAN_POINT('Ctrl Pts',(1.9850595875802,-1.78594777112247,2.31051421597752));
#692=CARTESIAN_POINT('Ctrl Pts',(2.5819661624891,0.680336229062454,2.43660735312109));
#693=CARTESIAN_POINT('Ctrl Pts',(0.847244961574454,2.53246196444266,2.56270049026466));
#694=CARTESIAN_POINT('Ctrl Pts',(-1.65335163446199,2.09673854327355,2.68879362740823));
#695=CARTESIAN_POINT('Ctrl Pts',(-2.65940534776098,-0.231586176030379,2.81488676455181));
#696=CARTESIAN_POINT('Ctrl Pts',(-1.2660105174574,-2.35291933149079,2.94097990169537));
#697=CARTESIAN_POINT('Ctrl Pts',(1.27578968815858,-2.34484993312668,3.06707303883895));
#698=CARTESIAN_POINT('Ctrl Pts',(2.19440176328796,-0.933921349865814,3.15113513026799));
#699=CARTESIAN_POINT('Ctrl Pts',(2.25677164860946,-0.188936066286086,3.19316617598252));
#700=CARTESIAN_POINT('Ctrl Pts',(1.84591438360749,-1.5530461034696,-0.17051077950067));
#701=CARTESIAN_POINT('Ctrl Pts',(2.3585920807589,-0.943689347599741,-0.128479733786146));
#702=CARTESIAN_POINT('Ctrl Pts',(2.7251519689919,0.811846658475174,-0.0444176423570985));
#703=CARTESIAN_POINT('Ctrl Pts',(0.812056449429583,2.72780526607172,0.0816754947864729));
#704=CARTESIAN_POINT('Ctrl Pts',(-1.83394526411068,2.17308905545334,0.207768631930044));
#705=CARTESIAN_POINT('Ctrl Pts',(-2.82379930676136,-0.340819147386762,0.333861769073615));
#706=CARTESIAN_POINT('Ctrl Pts',(-1.2631461618437,-2.54871359667338,0.459954906217187));
#707=CARTESIAN_POINT('Ctrl Pts',(1.43829240823383,-2.45372642467064,0.586048043360757));
#708=CARTESIAN_POINT('Ctrl Pts',(2.84072885039866,-0.143079834035659,0.712141180504329));
#709=CARTESIAN_POINT('Ctrl Pts',(1.67746678569053,2.29704940636002,0.8382343176479));
#710=CARTESIAN_POINT('Ctrl Pts',(-1.00083682000419,2.66240183437621,0.964327454791472));
#711=CARTESIAN_POINT('Ctrl Pts',(-2.77521189594001,0.623202543794639,1.09042059193504));
#712=CARTESIAN_POINT('Ctrl Pts',(-2.04307533870027,-1.97889517227645,1.21651372907861));
#713=CARTESIAN_POINT('Ctrl Pts',(0.534318508946003,-2.79368133256349,1.34260686622218));
#714=CARTESIAN_POINT('Ctrl Pts',(2.62913059109246,-1.08528567070594,1.46870000336576));
#715=CARTESIAN_POINT('Ctrl Pts',(2.3493670225376,1.60331726440179,1.59479314050933));
#716=CARTESIAN_POINT('Ctrl Pts',(-0.0522842191201214,2.84384410664425,1.7208862776529));
#717=CARTESIAN_POINT('Ctrl Pts',(-2.4067278916454,1.51586389017456,1.84697941479647));
#718=CARTESIAN_POINT('Ctrl Pts',(-2.58744184585755,-1.18118692943631,1.97307255194004));
#719=CARTESIAN_POINT('Ctrl Pts',(-0.431289097031941,-2.81146234318285,2.09916568908361));
#720=CARTESIAN_POINT('Ctrl Pts',(2.11449458865439,-1.90239976738494,2.22525882622719));
#721=CARTESIAN_POINT('Ctrl Pts',(2.75032221341384,0.724697275496759,2.35135196337075));
#722=CARTESIAN_POINT('Ctrl Pts',(0.902489223861396,2.69759011431727,2.47744510051433));
#723=CARTESIAN_POINT('Ctrl Pts',(-1.76115775369465,2.2334555251208,2.6035382376579));
#724=CARTESIAN_POINT('Ctrl Pts',(-2.83281078918843,-0.246686658217817,2.72963137480147));
#725=CARTESIAN_POINT('Ctrl Pts',(-1.34856021707966,-2.50634047718558,2.85572451194504));
#726=CARTESIAN_POINT('Ctrl Pts',(1.35897703461932,-2.49774491699113,2.98181764908861));
#727=CARTESIAN_POINT('Ctrl Pts',(2.33748683557771,-0.994817310712232,3.06587974051766));
#728=CARTESIAN_POINT('Ctrl Pts',(2.4039235238426,-0.201255565456639,3.10791078623218));
#729=CARTESIAN_POINT('Ctrl Pts',(1.95890872821687,-1.64811304057572,-0.255766169251004));
#730=CARTESIAN_POINT('Ctrl Pts',(2.50296907285178,-1.00145560170872,-0.213735123536481));
#731=CARTESIAN_POINT('Ctrl Pts',(2.89196726846177,0.861542398381833,-0.129673032107433));
#732=CARTESIAN_POINT('Ctrl Pts',(0.861765031313969,2.89478298237265,-0.00357989496386176));
#733=CARTESIAN_POINT('Ctrl Pts',(-1.94620694049606,2.30611081192229,0.122513242179709));
#734=CARTESIAN_POINT('Ctrl Pts',(-2.99665312642356,-0.361681781391505,0.248606379323281));
#735=CARTESIAN_POINT('Ctrl Pts',(-1.34046739297493,-2.70472853702522,0.374699516466851));
#736=CARTESIAN_POINT('Ctrl Pts',(1.52633490330742,-2.60392689532548,0.500792653610424));
#737=CARTESIAN_POINT('Ctrl Pts',(3.01461898176893,-0.151838209948029,0.626885790753994));
#738=CARTESIAN_POINT('Ctrl Pts',(1.78014991213255,2.43765917380751,0.752978927897566));
#739=CARTESIAN_POINT('Ctrl Pts',(-1.06210125433635,2.82537599668499,0.879072065041136));
#740=CARTESIAN_POINT('Ctrl Pts',(-2.94509152422541,0.661350771914169,1.00516520218471));
#741=CARTESIAN_POINT('Ctrl Pts',(-2.16813853823657,-2.10002969781445,1.13125833932828));
#742=CARTESIAN_POINT('Ctrl Pts',(0.567025859984151,-2.96469153434954,1.25735147647185));
#743=CARTESIAN_POINT('Ctrl Pts',(2.79006811380269,-1.15171949026139,1.38344461361542));
#744=CARTESIAN_POINT('Ctrl Pts',(2.4931793192053,1.70146146063365,1.50953775075899));
#745=CARTESIAN_POINT('Ctrl Pts',(-0.0554847039992457,3.01792493284895,1.63563088790256));
#746=CARTESIAN_POINT('Ctrl Pts',(-2.55405143123348,1.60865478465394,1.76172402504614));
#747=CARTESIAN_POINT('Ctrl Pts',(-2.74582746665552,-1.25349117287148,1.88781716218971));
#748=CARTESIAN_POINT('Ctrl Pts',(-0.45768968705338,-2.98356097770406,2.01391029933328));
#749=CARTESIAN_POINT('Ctrl Pts',(2.24392958972858,-2.01885176364742,2.14000343647685));
#750=CARTESIAN_POINT('Ctrl Pts',(2.91867826433858,0.769058321931064,2.26609657362042));
#751=CARTESIAN_POINT('Ctrl Pts',(0.957733486148338,2.86271826419187,2.39218971076399));
#752=CARTESIAN_POINT('Ctrl Pts',(-1.86896387292731,2.37017250696805,2.51828284790757));
#753=CARTESIAN_POINT('Ctrl Pts',(-3.00621623061589,-0.261787140405257,2.64437598505113));
#754=CARTESIAN_POINT('Ctrl Pts',(-1.43110991670192,-2.65976162288037,2.77046912219471));
#755=CARTESIAN_POINT('Ctrl Pts',(1.44216438108006,-2.65063990085559,2.89656225933828));
#756=CARTESIAN_POINT('Ctrl Pts',(2.48057190786746,-1.05571327155865,2.98062435076732));
#757=CARTESIAN_POINT('Ctrl Pts',(2.55107539907575,-0.213575064627191,3.02265539648185));
#758=CARTESIAN_POINT('Ctrl Pts',(1.99778318417433,-1.60076929912786,2.9472806713205));
#759=CARTESIAN_POINT('Ctrl Pts',(2.12897553081348,-1.37361251341966,2.98307559829122));
#760=CARTESIAN_POINT('Ctrl Pts',(2.20827334958738,-1.14309915472815,3.01975866693062));
#761=CARTESIAN_POINT('Ctrl Pts',(2.27725111927874,-0.728958262184079,3.09596569076138));
#762=CARTESIAN_POINT('Ctrl Pts',(2.2702164111911,-0.55256578740756,3.13370747737594));
#763=CARTESIAN_POINT('Ctrl Pts',(2.22477704336156,-0.357452442332183,3.19046762351303));
#764=CARTESIAN_POINT('Ctrl Pts',(2.20522862620728,-0.304554691987828,3.20872749119488));
#765=CARTESIAN_POINT('Ctrl Pts',(2.17162057118228,-0.24425411305864,3.23538655551488));
#766=CARTESIAN_POINT('Ctrl Pts',(2.16001902740095,-0.226780418773588,3.24406678525651));
#767=CARTESIAN_POINT('Ctrl Pts',(2.13572606245749,-0.198142194860574,3.2611860272193));
#768=CARTESIAN_POINT('Ctrl Pts',(2.12331715907125,-0.186247989182575,3.26956850848747));
#769=CARTESIAN_POINT('Ctrl Pts',(2.10961977337631,-0.176616567115533,3.27842156573285));
#770=CARTESIAN_POINT('Ctrl Pts',(1.61992569438872,-1.36291222925735,0.));
#771=CARTESIAN_POINT('Ctrl Pts',(1.67340918902304,-1.3113043490675,-1.07269144048758E-17));
#772=CARTESIAN_POINT('Ctrl Pts',(1.7237650576424,-1.25684751180017,-3.48548845286207E-16));
#773=CARTESIAN_POINT('Ctrl Pts',(1.77099771362975,-1.1999084383751,-3.79904441238921E-16));
#774=CARTESIAN_POINT('Ctrl Pts',(1.81954162451439,-1.14138864421105,-4.12130519231894E-16));
#775=CARTESIAN_POINT('Ctrl Pts',(1.86478695708964,-1.08024640702747,2.13641286300626E-16));
#776=CARTESIAN_POINT('Ctrl Pts',(1.90671145495318,-1.0168322354057,2.25514051876985E-16));
#777=CARTESIAN_POINT('Ctrl Pts',(1.94714557221083,-0.95567238420136,2.36964750631912E-16));
#778=CARTESIAN_POINT('Ctrl Pts',(1.98449089845023,-0.892398412690927,9.39527827656549E-17));
#779=CARTESIAN_POINT('Ctrl Pts',(2.0186987959591,-0.827291585138608,5.55111512312578E-17));
#780=CARTESIAN_POINT('Ctrl Pts',(2.03366475111923,-0.798807348084468,3.86929374349591E-17));
#781=CARTESIAN_POINT('Ctrl Pts',(2.04802979267938,-0.769971926597322,-2.55603281217876E-16));
#782=CARTESIAN_POINT('Ctrl Pts',(2.06178792609931,-0.740807379748908,-2.35922392732846E-16));
#783=CARTESIAN_POINT('Ctrl Pts',(2.07093233152004,-0.721423032166737,-2.22841401449056E-16));
#784=CARTESIAN_POINT('Ctrl Pts',(2.07980860107766,-0.701893271016746,-1.19233665300767E-16));
#785=CARTESIAN_POINT('Ctrl Pts',(2.08841466548399,-0.682224398424498,-1.31838984174237E-16));
#786=CARTESIAN_POINT('Ctrl Pts',(2.09399801403108,-0.669463841911573,-1.40016925390438E-16));
#787=CARTESIAN_POINT('Ctrl Pts',(2.09946446672423,-0.656651838045863,-1.00375548803688E-16));
#788=CARTESIAN_POINT('Ctrl Pts',(2.10481094710379,-0.643797457967858,-1.11022302462516E-16));
#789=CARTESIAN_POINT('Ctrl Pts',(2.13558325322203,-0.569812538798954,-1.72300964216686E-16));
#790=CARTESIAN_POINT('Ctrl Pts',(2.16241569895865,-0.494355045562789,2.02164489873414E-16));
#791=CARTESIAN_POINT('Ctrl Pts',(2.18528313217925,-0.417804300615921,1.2490009027033E-16));
#792=CARTESIAN_POINT('Ctrl Pts',(2.2085098965994,-0.340050662858871,4.64215837264171E-17));
#793=CARTESIAN_POINT('Ctrl Pts',(2.22764655760473,-0.261168326332665,2.572945562417E-16));
#794=CARTESIAN_POINT('Ctrl Pts',(2.2426259680112,-0.181520065581106,3.33066907387547E-16));
#795=CARTESIAN_POINT('Ctrl Pts',(2.25584939462858,-0.111208691323344,3.99956731340192E-16));
#796=CARTESIAN_POINT('Ctrl Pts',(2.26583271895704,-0.0402995163400882,-1.22395983621667E-16));
#797=CARTESIAN_POINT('Ctrl Pts',(2.27249931133868,0.0309717964467444,-1.52655665885959E-16));
#798=CARTESIAN_POINT('Ctrl Pts',(2.27511901752722,0.0589785933955408,-1.6454651991647E-16));
#799=CARTESIAN_POINT('Ctrl Pts',(2.27722623096031,0.0870414079605268,-4.1165525038115E-16));
#800=CARTESIAN_POINT('Ctrl Pts',(2.27881497155778,0.115146211583556,-4.57966997657877E-16));
#801=CARTESIAN_POINT('Ctrl Pts',(2.27963186021446,0.129596962898258,-4.81779280846965E-16));
#802=CARTESIAN_POINT('Ctrl Pts',(2.28031166520307,0.144058816530355,-4.48512395300769E-17));
#803=CARTESIAN_POINT('Ctrl Pts',(2.28085349187567,0.15852987125935,-4.16333634234434E-17));
#804=CARTESIAN_POINT('Ctrl Pts',(2.28128847144563,0.170147263833741,-3.90500458500803E-17));
#805=CARTESIAN_POINT('Ctrl Pts',(2.28163438144057,0.181767967482191,2.6103761198479E-16));
#806=CARTESIAN_POINT('Ctrl Pts',(2.28189079516308,0.19338230330846,2.4980018054066E-16));
#807=CARTESIAN_POINT('Ctrl Pts',(2.28373292130559,0.276821954837355,1.69068283529615E-16));
#808=CARTESIAN_POINT('Ctrl Pts',(2.28096480370544,0.360059747342737,1.16631524278057E-16));
#809=CARTESIAN_POINT('Ctrl Pts',(2.27352838033286,0.442715633242538,9.71445146547012E-17));
#810=CARTESIAN_POINT('Ctrl Pts',(2.26665260434628,0.519139920422707,7.91266711154832E-17));
#811=CARTESIAN_POINT('Ctrl Pts',(2.25578568461427,0.595067667173706,-3.17023413432672E-16));
#812=CARTESIAN_POINT('Ctrl Pts',(2.24084401969529,0.670210757464987,-2.77555756156289E-16));
#813=CARTESIAN_POINT('Ctrl Pts',(2.22509947214233,0.749391622835955,-2.39583710076637E-16));
#814=CARTESIAN_POINT('Ctrl Pts',(2.20483134759234,0.827702084136559,-4.49242377084946E-16));
#815=CARTESIAN_POINT('Ctrl Pts',(2.18030469598655,0.904913054018385,-4.71844785465692E-16));
#816=CARTESIAN_POINT('Ctrl Pts',(2.17199331002364,0.93107765983468,-4.79504100025349E-16));
#817=CARTESIAN_POINT('Ctrl Pts',(2.16319245735349,0.957115960405242,-4.2405066261343E-16));
#818=CARTESIAN_POINT('Ctrl Pts',(2.15391113470552,0.983018823194545,-4.71844785465692E-16));
#819=CARTESIAN_POINT('Ctrl Pts',(2.14682159140343,1.00280473888328,-5.0835235194063E-16));
#820=CARTESIAN_POINT('Ctrl Pts',(2.13945169601842,1.02251162860084,-3.45704141936564E-16));
#821=CARTESIAN_POINT('Ctrl Pts',(2.13180521329476,1.04213535008422,-3.33066907387547E-16));
#822=CARTESIAN_POINT('Ctrl Pts',(2.12684484487127,1.05486550222284,-3.2486897619714E-16));
#823=CARTESIAN_POINT('Ctrl Pts',(2.12177098673642,1.06755309962475,-1.10415048300263E-16));
#824=CARTESIAN_POINT('Ctrl Pts',(2.11658714167947,1.08019222312844,-1.11022302462516E-16));
#825=CARTESIAN_POINT('Ctrl Pts',(2.08499437583962,1.15722092766859,-1.14723192119243E-16));
#826=CARTESIAN_POINT('Ctrl Pts',(2.04929852691366,1.23250682205195,-1.45253338167591E-16));
#827=CARTESIAN_POINT('Ctrl Pts',(2.00982992025699,1.3058159402909,-1.66533453693773E-16));
#828=CARTESIAN_POINT('Ctrl Pts',(1.96951424584055,1.38069840493899,-1.88270279028417E-16));
#829=CARTESIAN_POINT('Ctrl Pts',(1.92526182066648,1.45351911350052,-5.17656611924275E-16));
#830=CARTESIAN_POINT('Ctrl Pts',(1.8773688712349,1.5240231444392,-5.82867087928207E-16));
#831=CARTESIAN_POINT('Ctrl Pts',(1.82902717831411,1.59518777835227,-6.48688567783072E-16));
#832=CARTESIAN_POINT('Ctrl Pts',(1.77697595037047,1.66399297788014,-3.89440517722682E-16));
#833=CARTESIAN_POINT('Ctrl Pts',(1.7214696794879,1.73015850372664,-3.60822483003176E-16));
#834=CARTESIAN_POINT('Ctrl Pts',(1.69918162334018,1.7567266901975,-3.49331162211417E-16));
#835=CARTESIAN_POINT('Ctrl Pts',(1.67633597035363,1.78286899323573,-2.24231918417196E-17));
#836=CARTESIAN_POINT('Ctrl Pts',(1.65294722219212,1.8085659690228,2.77555756156289E-17));
#837=CARTESIAN_POINT('Ctrl Pts',(1.63873873607313,1.82417668581915,5.82387941257519E-17));
#838=CARTESIAN_POINT('Ctrl Pts',(1.62432569963412,1.83962714372168,1.31266882694429E-16));
#839=CARTESIAN_POINT('Ctrl Pts',(1.6097343703575,1.8548891206806,1.11022302462516E-16));
#840=CARTESIAN_POINT('Ctrl Pts',(1.54776582791697,1.91970586554158,2.50447259505834E-17));
#841=CARTESIAN_POINT('Ctrl Pts',(1.48252447968546,1.98119570927984,-4.00944823394631E-16));
#842=CARTESIAN_POINT('Ctrl Pts',(1.41432042311235,2.03906595784427,-5.55111512312578E-16));
#843=CARTESIAN_POINT('Ctrl Pts',(1.36316738068252,2.08246864426759,-6.70736529001039E-16));
#844=CARTESIAN_POINT('Ctrl Pts',(1.31034662547187,2.12383504945516,-6.26363664889388E-16));
#845=CARTESIAN_POINT('Ctrl Pts',(1.25597196318371,2.16303071263723,-7.49400541621981E-16));
#846=CARTESIAN_POINT('Ctrl Pts',(1.23787960222745,2.17607248717648,-7.9033923422444E-16));
#847=CARTESIAN_POINT('Ctrl Pts',(1.21961509638811,2.188873838528,-7.34019816414747E-17));
#848=CARTESIAN_POINT('Ctrl Pts',(1.20118233107309,2.20142950839247,-8.32667268468867E-17));
#849=CARTESIAN_POINT('Ctrl Pts',(1.18699883935554,2.21109074133757,-9.08573693536094E-17));
#850=CARTESIAN_POINT('Ctrl Pts',(1.17271645733499,2.22060589727322,-1.62878168036989E-16));
#851=CARTESIAN_POINT('Ctrl Pts',(1.15834784684374,2.22996576649672,-1.38777878078145E-16));
#852=CARTESIAN_POINT('Ctrl Pts',(1.08377944332389,2.27854043595249,-1.37052311655577E-17));
#853=CARTESIAN_POINT('Ctrl Pts',(1.00681679920277,2.32298710144774,1.25351349908764E-16));
#854=CARTESIAN_POINT('Ctrl Pts',(0.927736074334513,2.36301030671204,1.94289029309402E-16));
#855=CARTESIAN_POINT('Ctrl Pts',(0.863307945972066,2.3956177494301,2.50453482339302E-16));
#856=CARTESIAN_POINT('Ctrl Pts',(0.79747297008417,2.42528879046386,3.72061641946475E-17));
#857=CARTESIAN_POINT('Ctrl Pts',(0.730363438386693,2.45184450731453,1.11022302462516E-16));
#858=CARTESIAN_POINT('Ctrl Pts',(0.70809794925538,2.46065511901092,1.35246696269685E-16));
#859=CARTESIAN_POINT('Ctrl Pts',(0.685692052533693,2.46912264207399,4.40644596520459E-17));
#860=CARTESIAN_POINT('Ctrl Pts',(0.663152945795849,2.47724919095257,5.55111512312578E-17));
#861=CARTESIAN_POINT('Ctrl Pts',(-2.11951165422161,-0.000862406755838818,
2.8890562790225));
#862=CARTESIAN_POINT('Ctrl Pts',(-2.11559327574772,0.634307189475183,2.85072052506785));
#863=CARTESIAN_POINT('Ctrl Pts',(-1.81099768772465,1.272379914631,2.81238477111321));
#864=CARTESIAN_POINT('Ctrl Pts',(-1.31269687799389,1.66515572773839,2.77404901715857));
#865=CARTESIAN_POINT('Ctrl Pts',(-0.766363443723719,2.09579231247355,2.73201797144404));
#866=CARTESIAN_POINT('Ctrl Pts',(0.0128186277818997,2.2315630635208,2.68998692572952));
#867=CARTESIAN_POINT('Ctrl Pts',(0.672677898914181,2.01088866705444,2.647955880015));
#868=CARTESIAN_POINT('Ctrl Pts',(1.33253717004647,1.79021427058808,2.60592483430047));
#869=CARTESIAN_POINT('Ctrl Pts',(1.87307364080542,1.21309472660811,2.56389378858595));
#870=CARTESIAN_POINT('Ctrl Pts',(2.05034428867517,0.54028979503677,2.52186274287142));
#871=CARTESIAN_POINT('Ctrl Pts',(2.22761493654491,-0.132515136534568,2.4798316971569));
#872=CARTESIAN_POINT('Ctrl Pts',(2.04161976152547,-0.901005455697275,2.43780065144238));
#873=CARTESIAN_POINT('Ctrl Pts',(1.5762700900999,-1.4182121651587,2.39576960572785));
#874=CARTESIAN_POINT('Ctrl Pts',(1.11092041867433,-1.93541887462014,2.35373856001333));
#875=CARTESIAN_POINT('Ctrl Pts',(0.36621625084263,-2.20134197438029,2.31170751429881));
#876=CARTESIAN_POINT('Ctrl Pts',(-0.321499614285312,-2.09585575233128,2.26967646858428));
#877=CARTESIAN_POINT('Ctrl Pts',(-1.00921547941325,-1.99036953028228,2.22764542286976));
#878=CARTESIAN_POINT('Ctrl Pts',(-1.63994304183743,-1.51347398642413,2.18561437715523));
#879=CARTESIAN_POINT('Ctrl Pts',(-1.92887519108413,-0.880549457198099,2.14358333144071));
#880=CARTESIAN_POINT('Ctrl Pts',(-2.05381948864207,-0.606850905764772,2.12540764730131));
#881=CARTESIAN_POINT('Ctrl Pts',(-2.11484811211382,-0.303974965190783,2.1072319631619));
#882=CARTESIAN_POINT('Ctrl Pts',(-2.11389056884199,-0.000731673664662869,
2.0890562790225));
#883=CARTESIAN_POINT('Ctrl Pts',(-0.661737268568499,2.47299490241842,-2.77555756156289E-16));
#884=CARTESIAN_POINT('Ctrl Pts',(-1.47892799925834,2.25432661422367,0.0420736635117123));
#885=CARTESIAN_POINT('Ctrl Pts',(-2.86595226769805,0.947691546929156,0.126220990535137));
#886=CARTESIAN_POINT('Ctrl Pts',(-2.36149002889987,-1.88466973966052,0.252441981070275));
#887=CARTESIAN_POINT('Ctrl Pts',(0.283591882564408,-3.00525805875597,0.378662971605413));
#888=CARTESIAN_POINT('Ctrl Pts',(2.67013058868016,-1.40970571648985,0.504883962140551));
#889=CARTESIAN_POINT('Ctrl Pts',(2.64158477840006,1.46307600408404,0.631104952675688));
#890=CARTESIAN_POINT('Ctrl Pts',(0.222258843179331,3.01112516042131,0.757325943210827));
#891=CARTESIAN_POINT('Ctrl Pts',(-2.39790693254105,1.83498280952346,0.883546933745963));
#892=CARTESIAN_POINT('Ctrl Pts',(-2.84845128695747,-1.00179062524218,1.0097679242811));
#893=CARTESIAN_POINT('Ctrl Pts',(-0.721479221333953,-2.93196468095059,1.13598891481624));
#894=CARTESIAN_POINT('Ctrl Pts',(2.05828981412508,-2.20919237579647,1.26220990535138));
#895=CARTESIAN_POINT('Ctrl Pts',(2.97562049333239,0.512616910858203,1.38843089588651));
#896=CARTESIAN_POINT('Ctrl Pts',(1.20042828562146,2.77056404672126,1.51465188642165));
#897=CARTESIAN_POINT('Ctrl Pts',(-1.6609743746911,2.52155426995103,1.64087287695679));
#898=CARTESIAN_POINT('Ctrl Pts',(-3.01943580642567,-0.00910589227018541,
1.76709386749193));
#899=CARTESIAN_POINT('Ctrl Pts',(-1.64573549823195,-2.53152651172133,1.89331485802707));
#900=CARTESIAN_POINT('Ctrl Pts',(1.21711700830183,-2.76327331149254,2.0195358485622));
#901=CARTESIAN_POINT('Ctrl Pts',(2.97865819898132,-0.494660238223045,2.14575683909734));
#902=CARTESIAN_POINT('Ctrl Pts',(2.04492771029408,2.2215666930974,2.27197782963248));
#903=CARTESIAN_POINT('Ctrl Pts',(-0.739150137976148,2.92755977405896,2.39819882016761));
#904=CARTESIAN_POINT('Ctrl Pts',(-2.85444173947969,0.984592071321413,2.52441981070276));
#905=CARTESIAN_POINT('Ctrl Pts',(-2.38679568285764,-1.84941232197343,2.65064080123789));
#906=CARTESIAN_POINT('Ctrl Pts',(0.240416293959766,-3.00972984347305,2.77686179177304));
#907=CARTESIAN_POINT('Ctrl Pts',(2.65036121994844,-1.44711676757435,2.90308278230816));
#908=CARTESIAN_POINT('Ctrl Pts',(2.66157943095246,1.42578487172518,3.02930377284331));
#909=CARTESIAN_POINT('Ctrl Pts',(0.265460617853294,3.00691386905961,3.15552476337844));
#910=CARTESIAN_POINT('Ctrl Pts',(-2.37281439273093,1.87039221604307,3.28174575391358));
#911=CARTESIAN_POINT('Ctrl Pts',(-2.8601841699968,-0.964960197388638,3.40796674444872));
#912=CARTESIAN_POINT('Ctrl Pts',(-1.46530420815516,-2.26320571052439,3.49211407147215));
#913=CARTESIAN_POINT('Ctrl Pts',(-0.646809451764099,-2.47694116464413,3.53418773498386));
#914=CARTESIAN_POINT('Ctrl Pts',(-0.623566746436228,2.33034688916694,-0.0852553897503351));
#915=CARTESIAN_POINT('Ctrl Pts',(-1.39362004305112,2.12429188895009,-0.0431817262386225));
#916=CARTESIAN_POINT('Ctrl Pts',(-2.70063757308995,0.893026526709157,0.0409656007848027));
#917=CARTESIAN_POINT('Ctrl Pts',(-2.22527387228494,-1.77595767004208,0.167186591319941));
#918=CARTESIAN_POINT('Ctrl Pts',(0.267233652880029,-2.8319078868772,0.293407581855078));
#919=CARTESIAN_POINT('Ctrl Pts',(2.51611133727582,-1.32839066018712,0.419628572390216));
#920=CARTESIAN_POINT('Ctrl Pts',(2.48921211475016,1.37868242728596,0.545849562925354));
#921=CARTESIAN_POINT('Ctrl Pts',(0.209438443761563,2.83743656067305,0.672070553460493));
#922=CARTESIAN_POINT('Ctrl Pts',(-2.25959016546869,1.72913679590121,0.798291543995628));
#923=CARTESIAN_POINT('Ctrl Pts',(-2.6841460890249,-0.944005046208029,0.924512534530768));
#924=CARTESIAN_POINT('Ctrl Pts',(-0.679862646457526,-2.76284223906763,1.0507335250659));
#925=CARTESIAN_POINT('Ctrl Pts',(1.93956294073218,-2.081761096828,1.17695451560104));
#926=CARTESIAN_POINT('Ctrl Pts',(2.80397988414668,0.483047992692815,1.30317550613618));
#927=CARTESIAN_POINT('Ctrl Pts',(1.13118483112533,2.6107515632971,1.42939649667132));
#928=CARTESIAN_POINT('Ctrl Pts',(-1.56516556635931,2.37610524109839,1.55561748720646));
#929=CARTESIAN_POINT('Ctrl Pts',(-2.84526782957065,-0.00858064353637014,
1.68183847774159));
#930=CARTESIAN_POINT('Ctrl Pts',(-1.55080570321675,-2.38550226111033,1.80805946827673));
#931=CARTESIAN_POINT('Ctrl Pts',(1.1469109100365,-2.60388137438431,1.93428045881187));
#932=CARTESIAN_POINT('Ctrl Pts',(2.80684236797237,-0.466127102085962,2.06050144934701));
#933=CARTESIAN_POINT('Ctrl Pts',(1.92697159367165,2.0934216351492,2.18672243988215));
#934=CARTESIAN_POINT('Ctrl Pts',(-0.696514264131952,2.75869141730009,2.31294343041728));
#935=CARTESIAN_POINT('Ctrl Pts',(-2.68979099851751,0.927798544290764,2.43916442095242));
#936=CARTESIAN_POINT('Ctrl Pts',(-2.24911983813031,-1.74273398100543,2.56538541148756));
#937=CARTESIAN_POINT('Ctrl Pts',(0.226548531170161,-2.83612172880397,2.69160640202269));
#938=CARTESIAN_POINT('Ctrl Pts',(2.49748231103735,-1.3636437561114,2.81782739255784));
#939=CARTESIAN_POINT('Ctrl Pts',(2.50805342992226,1.34354233290041,2.94404838309297));
#940=CARTESIAN_POINT('Ctrl Pts',(0.250148241068266,2.83346818624797,3.07026937362811));
#941=CARTESIAN_POINT('Ctrl Pts',(-2.23594502085856,1.7625037067062,3.19649036416325));
#942=CARTESIAN_POINT('Ctrl Pts',(-2.69520219248266,-0.909299081836141,3.32271135469839));
#943=CARTESIAN_POINT('Ctrl Pts',(-1.38078210343996,-2.13265881862826,3.40685868172181));
#944=CARTESIAN_POINT('Ctrl Pts',(-0.609500000314686,-2.33406552194396,3.44893234523352));
#945=CARTESIAN_POINT('Ctrl Pts',(-0.585396224303956,2.18769887591546,-0.17051077950067));
#946=CARTESIAN_POINT('Ctrl Pts',(-1.3083120868439,1.99425716367651,-0.128437115988957));
#947=CARTESIAN_POINT('Ctrl Pts',(-2.53532287848185,0.838361506489153,-0.044289788965532));
#948=CARTESIAN_POINT('Ctrl Pts',(-2.08905771567001,-1.66724560042364,0.0819312015696056));
#949=CARTESIAN_POINT('Ctrl Pts',(0.25087542319565,-2.65855771499844,0.208152192104744));
#950=CARTESIAN_POINT('Ctrl Pts',(2.36209208587148,-1.24707560388438,0.334373182639881));
#951=CARTESIAN_POINT('Ctrl Pts',(2.33683945110026,1.29428885048788,0.46059417317502));
#952=CARTESIAN_POINT('Ctrl Pts',(0.196618044343798,2.66374796092479,0.586815163710157));
#953=CARTESIAN_POINT('Ctrl Pts',(-2.12127339839634,1.62329078227896,0.713036154245294));
#954=CARTESIAN_POINT('Ctrl Pts',(-2.51984089109233,-0.886219467173878,0.839257144780433));
#955=CARTESIAN_POINT('Ctrl Pts',(-0.638246071581104,-2.59371979718467,0.96547813531557));
#956=CARTESIAN_POINT('Ctrl Pts',(1.82083606733929,-1.95432981785954,1.09169912585071));
#957=CARTESIAN_POINT('Ctrl Pts',(2.63233927496097,0.453479074527427,1.21792011638584));
#958=CARTESIAN_POINT('Ctrl Pts',(1.0619413766292,2.45093907987295,1.34414110692098));
#959=CARTESIAN_POINT('Ctrl Pts',(-1.46935675802752,2.23065621224574,1.47036209745612));
#960=CARTESIAN_POINT('Ctrl Pts',(-2.67109985271563,-0.0080553948025547,
1.59658308799126));
#961=CARTESIAN_POINT('Ctrl Pts',(-1.45587590820155,-2.23947801049932,1.7228040785264));
#962=CARTESIAN_POINT('Ctrl Pts',(1.07670481177118,-2.44448943727608,1.84902506906153));
#963=CARTESIAN_POINT('Ctrl Pts',(2.63502653696342,-0.437593965948877,1.97524605959667));
#964=CARTESIAN_POINT('Ctrl Pts',(1.80901547704922,1.96527657720101,2.10146705013181));
#965=CARTESIAN_POINT('Ctrl Pts',(-0.653878390287754,2.58982306054122,2.22768804066695));
#966=CARTESIAN_POINT('Ctrl Pts',(-2.52514025755534,0.871005017260114,2.35390903120209));
#967=CARTESIAN_POINT('Ctrl Pts',(-2.11144399340297,-1.63605564003743,2.48013002173722));
#968=CARTESIAN_POINT('Ctrl Pts',(0.212680768380553,-2.66251361413488,2.60635101227236));
#969=CARTESIAN_POINT('Ctrl Pts',(2.34460340212626,-1.28017074464845,2.7325720028075));
#970=CARTESIAN_POINT('Ctrl Pts',(2.35452742889206,1.26129979407564,2.85879299334264));
#971=CARTESIAN_POINT('Ctrl Pts',(0.234835864283239,2.66002250343633,2.98501398387777));
#972=CARTESIAN_POINT('Ctrl Pts',(-2.09907564898619,1.65461519736935,3.11123497441291));
#973=CARTESIAN_POINT('Ctrl Pts',(-2.53022021496852,-0.853637966283646,3.23745596494805));
#974=CARTESIAN_POINT('Ctrl Pts',(-1.29625999872476,-2.00211192673212,3.32160329197148));
#975=CARTESIAN_POINT('Ctrl Pts',(-0.572190548865272,-2.19118987924378,3.36367695548319));
#976=CARTESIAN_POINT('Ctrl Pts',(-0.547225702171685,2.04505086266398,-0.255766169251005));
#977=CARTESIAN_POINT('Ctrl Pts',(-1.22300413063668,1.86422243840293,-0.213692505739292));
#978=CARTESIAN_POINT('Ctrl Pts',(-2.37000818387374,0.783696486269151,-0.129545178715867));
#979=CARTESIAN_POINT('Ctrl Pts',(-1.95284155905509,-1.5585335308052,-0.00332418818072912));
#980=CARTESIAN_POINT('Ctrl Pts',(0.234517193511271,-2.48520754311968,0.122896802354409));
#981=CARTESIAN_POINT('Ctrl Pts',(2.20807283446715,-1.16576054758165,0.249117792889546));
#982=CARTESIAN_POINT('Ctrl Pts',(2.18446678745036,1.20989527368981,0.375338783424685));
#983=CARTESIAN_POINT('Ctrl Pts',(0.183797644926033,2.49005936117653,0.501559773959822));
#984=CARTESIAN_POINT('Ctrl Pts',(-1.98295663132398,1.5174447686567,0.62778076449496));
#985=CARTESIAN_POINT('Ctrl Pts',(-2.35553569315975,-0.828433888139726,0.754001755030098));
#986=CARTESIAN_POINT('Ctrl Pts',(-0.596629496704679,-2.42459735530172,0.880222745565235));
#987=CARTESIAN_POINT('Ctrl Pts',(1.7021091939464,-1.82689853889107,1.00644373610037));
#988=CARTESIAN_POINT('Ctrl Pts',(2.46069866577526,0.423910156362038,1.13266472663551));
#989=CARTESIAN_POINT('Ctrl Pts',(0.992697922133063,2.29112659644879,1.25888571717065));
#990=CARTESIAN_POINT('Ctrl Pts',(-1.37354794969572,2.0852071833931,1.38510670770579));
#991=CARTESIAN_POINT('Ctrl Pts',(-2.49693187586061,-0.00753014606874127,
1.51132769824092));
#992=CARTESIAN_POINT('Ctrl Pts',(-1.36094611318634,-2.09345375988831,1.63754868877606));
#993=CARTESIAN_POINT('Ctrl Pts',(1.00649871350585,-2.28509750016785,1.7637696793112));
#994=CARTESIAN_POINT('Ctrl Pts',(2.46321070595447,-0.409060829811793,1.88999066984634));
#995=CARTESIAN_POINT('Ctrl Pts',(1.69105936042678,1.83713151925281,2.01621166038148));
#996=CARTESIAN_POINT('Ctrl Pts',(-0.611242516443557,2.42095470378235,2.14243265091661));
#997=CARTESIAN_POINT('Ctrl Pts',(-2.36048951659317,0.814211490229466,2.26865364145175));
#998=CARTESIAN_POINT('Ctrl Pts',(-1.97376814867563,-1.52937729906943,2.39487463198689));
#999=CARTESIAN_POINT('Ctrl Pts',(0.198813005590947,-2.4889054994658,2.52109562252203));
#1000=CARTESIAN_POINT('Ctrl Pts',(2.19172449321517,-1.1966977331855,2.64731661305716));
#1001=CARTESIAN_POINT('Ctrl Pts',(2.20100142786186,1.17905725525086,2.7735376035923));
#1002=CARTESIAN_POINT('Ctrl Pts',(0.219523487498211,2.48657682062469,2.89975859412744));
#1003=CARTESIAN_POINT('Ctrl Pts',(-1.96220627711382,1.54672668803249,3.02597958466258));
#1004=CARTESIAN_POINT('Ctrl Pts',(-2.36523823745439,-0.797976850731151,
3.15220057519771));
#1005=CARTESIAN_POINT('Ctrl Pts',(-1.21173789400956,-1.87156503483599,3.23634790222114));
#1006=CARTESIAN_POINT('Ctrl Pts',(-0.534881097415859,-2.0483142365436,3.27842156573285));
#1007=CARTESIAN_POINT('',(2.5427101695362,0.000146384517832438,2.95910243868448));
#1008=CARTESIAN_POINT('Ctrl Pts',(-0.534881097415903,-2.04831423654359,
3.27842156573285));
#1009=CARTESIAN_POINT('Ctrl Pts',(-0.608946503346339,-2.03292024045909,
3.27608240691752));
#1010=CARTESIAN_POINT('Ctrl Pts',(-0.681850401596664,-2.01329900920951,
3.27374983783824));
#1011=CARTESIAN_POINT('Ctrl Pts',(-0.753382496279448,-1.98976678032857,
3.27142054291302));
#1012=CARTESIAN_POINT('Ctrl Pts',(-0.826513088499258,-1.96570868665821,
3.26903919621695));
#1013=CARTESIAN_POINT('Ctrl Pts',(-0.89821057912558,-1.93756252237089,3.26666127164223));
#1014=CARTESIAN_POINT('Ctrl Pts',(-0.968245874155129,-1.90561064043155,
3.26428322632699));
#1015=CARTESIAN_POINT('Ctrl Pts',(-1.03972762780794,-1.87299884729827,3.2618560665738));
#1016=CARTESIAN_POINT('Ctrl Pts',(-1.10947863997673,-1.83642211603719,3.25942878104122));
#1017=CARTESIAN_POINT('Ctrl Pts',(-1.17723915175167,-1.79612896866162,3.25699760278732));
#1018=CARTESIAN_POINT('Ctrl Pts',(-1.21851052441401,-1.77158733729674,3.25551682790683));
#1019=CARTESIAN_POINT('Ctrl Pts',(-1.25904310609157,-1.74566603060093,3.25403460892462));
#1020=CARTESIAN_POINT('Ctrl Pts',(-1.29877331492573,-1.71841310810429,3.25255009469161));
#1021=CARTESIAN_POINT('Ctrl Pts',(-1.36453901418577,-1.67330115029021,3.25009276764853));
#1022=CARTESIAN_POINT('Ctrl Pts',(-1.42774631281166,-1.62479058866364,3.24764260021175));
#1023=CARTESIAN_POINT('Ctrl Pts',(-1.48815591580797,-1.57318364529605,3.24519587851222));
#1024=CARTESIAN_POINT('Ctrl Pts',(-1.54909688324264,-1.52112276591303,3.24272763538502));
#1025=CARTESIAN_POINT('Ctrl Pts',(-1.60719155166763,-1.46591023223477,3.24026289887927));
#1026=CARTESIAN_POINT('Ctrl Pts',(-1.66217221611844,-1.40780774821182,3.23779785625951));
#1027=CARTESIAN_POINT('Ctrl Pts',(-1.71653020310346,-1.35036329747873,3.23536073120873));
#1028=CARTESIAN_POINT('Ctrl Pts',(-1.76784505465959,-1.29009330897307,3.2329233069384));
#1029=CARTESIAN_POINT('Ctrl Pts',(-1.81582507291917,-1.22721290447371,3.23048189879364));
#1030=CARTESIAN_POINT('Ctrl Pts',(-1.84366610978168,-1.19072572245299,3.22906523959634));
#1031=CARTESIAN_POINT('Ctrl Pts',(-1.87038361997549,-1.15335894686476,3.22764723900727));
#1032=CARTESIAN_POINT('Ctrl Pts',(-1.89591393194058,-1.11515001236653,3.22622717712706));
#1033=CARTESIAN_POINT('Ctrl Pts',(-1.94083375036875,-1.04792253773398,3.2237286208265));
#1034=CARTESIAN_POINT('Ctrl Pts',(-1.98183377252098,-0.978458392532073,
3.22123734899102));
#1035=CARTESIAN_POINT('Ctrl Pts',(-2.01865319781578,-0.907023711241297,
3.21874958456634));
#1036=CARTESIAN_POINT('Ctrl Pts',(-2.05193505626312,-0.842452389665399,
3.21650084160608));
#1037=CARTESIAN_POINT('Ctrl Pts',(-2.08180114660739,-0.776270099537678,
3.21425496445825));
#1038=CARTESIAN_POINT('Ctrl Pts',(-2.10803171044556,-0.708648730357493,
3.21200916350368));
#1039=CARTESIAN_POINT('Ctrl Pts',(-2.13671405663619,-0.63470676202329,3.20955344654497));
#1040=CARTESIAN_POINT('Ctrl Pts',(-2.16105066235932,-0.559043859433907,
3.20709782068883));
#1041=CARTESIAN_POINT('Ctrl Pts',(-2.18113150728245,-0.482021162468854,
3.20463863868086));
#1042=CARTESIAN_POINT('Ctrl Pts',(-2.19519892925856,-0.428063732684742,
3.20291588492449));
#1043=CARTESIAN_POINT('Ctrl Pts',(-2.20717675721078,-0.373438416730037,
3.20119138596749));
#1044=CARTESIAN_POINT('Ctrl Pts',(-2.21708127309471,-0.31826547830813,3.19946388790768));
#1045=CARTESIAN_POINT('Ctrl Pts',(-2.23124901806916,-0.239344294252938,
3.19699281791878));
#1046=CARTESIAN_POINT('Ctrl Pts',(-2.2411011274065,-0.159724526929446,3.19452875817728));
#1047=CARTESIAN_POINT('Ctrl Pts',(-2.24677718254914,-0.0797837723652135,
3.19206816924124));
#1048=CARTESIAN_POINT('Ctrl Pts',(-2.25255983125324,0.00165823078113529,
3.18956137163891));
#1049=CARTESIAN_POINT('Ctrl Pts',(-2.2540081728324,0.0834342980830568,3.18705817642617));
#1050=CARTESIAN_POINT('Ctrl Pts',(-2.25121823353046,0.165164513737928,3.18455484098587));
#1051=CARTESIAN_POINT('Ctrl Pts',(-2.24840754445691,0.247502586096652,3.1820328873489));
#1052=CARTESIAN_POINT('Ctrl Pts',(-2.2412952866227,0.329795140817119,3.17951079139077));
#1053=CARTESIAN_POINT('Ctrl Pts',(-2.22992749529852,0.411658502757976,3.1769847263662));
#1054=CARTESIAN_POINT('Ctrl Pts',(-2.22286413259482,0.462524198744393,3.17541515907095));
#1055=CARTESIAN_POINT('Ctrl Pts',(-2.21415678982097,0.51322423281264,3.17384405942137));
#1056=CARTESIAN_POINT('Ctrl Pts',(-2.20380650290401,0.563664805624053,3.172270509432));
#1057=CARTESIAN_POINT('Ctrl Pts',(-2.18693340502012,0.645893320562235,3.16970529909448));
#1058=CARTESIAN_POINT('Ctrl Pts',(-2.16578852417683,0.7269840879999,3.16714752025883));
#1059=CARTESIAN_POINT('Ctrl Pts',(-2.1404765095391,0.806546213806348,3.16459333278405));
#1060=CARTESIAN_POINT('Ctrl Pts',(-2.11521270469021,0.885956803935353,3.16204401006778));
#1061=CARTESIAN_POINT('Ctrl Pts',(-2.08579750186224,0.963845619930204,3.15949826504504));
#1062=CARTESIAN_POINT('Ctrl Pts',(-2.05228334084918,1.03982167780491,3.15695227947509));
#1063=CARTESIAN_POINT('Ctrl Pts',(-2.01967649290737,1.11374087170544,3.15447522017144));
#1064=CARTESIAN_POINT('Ctrl Pts',(-1.98318933174561,1.18585036010059,3.15199793316872));
#1065=CARTESIAN_POINT('Ctrl Pts',(-1.94282460347956,1.25577371611829,3.14951690201482));
#1066=CARTESIAN_POINT('Ctrl Pts',(-1.9164978157383,1.30137930870154,3.14789871744196));
#1067=CARTESIAN_POINT('Ctrl Pts',(-1.88852062224258,1.3460545739148,3.14627894012848));
#1068=CARTESIAN_POINT('Ctrl Pts',(-1.85888369806245,1.38968846774735,3.1446565944285));
#1069=CARTESIAN_POINT('Ctrl Pts',(-1.8478133617924,1.40598711853048,3.14405059657474));
#1070=CARTESIAN_POINT('Ctrl Pts',(-1.8365253720993,1.4221197838501,3.14344500665645));
#1071=CARTESIAN_POINT('Ctrl Pts',(-1.82502075142063,1.43808153244286,3.14283977551978));
#1072=CARTESIAN_POINT('Ctrl Pts',(-1.77792051197413,1.50342937846941,3.14036194228615));
#1073=CARTESIAN_POINT('Ctrl Pts',(-1.72719332486956,1.56591431791096,3.13789012261464));
#1074=CARTESIAN_POINT('Ctrl Pts',(-1.67322590836149,1.62546332472239,3.13542094355443));
#1075=CARTESIAN_POINT('Ctrl Pts',(-1.6180556644689,1.68633956156905,3.13289673135787));
#1076=CARTESIAN_POINT('Ctrl Pts',(-1.55949854500535,1.74414803436578,3.13037527879241));
#1077=CARTESIAN_POINT('Ctrl Pts',(-1.49791989987853,1.79878266335743,3.127852982314));
#1078=CARTESIAN_POINT('Ctrl Pts',(-1.43512493975427,1.85449644760632,3.12528086487853));
#1079=CARTESIAN_POINT('Ctrl Pts',(-1.36918719058114,1.90691034651006,3.12270786986255));
#1080=CARTESIAN_POINT('Ctrl Pts',(-1.30045507022212,1.95587476751406,3.12013017594249));
#1081=CARTESIAN_POINT('Ctrl Pts',(-1.2693831117235,1.97801027634746,3.11896486926946));
#1082=CARTESIAN_POINT('Ctrl Pts',(-1.23773961170929,1.99944026412033,3.11779860228001));
#1083=CARTESIAN_POINT('Ctrl Pts',(-1.20555484704225,2.02014799477295,3.11663102192068));
#1084=CARTESIAN_POINT('Ctrl Pts',(-1.13407237131464,2.06613993751554,3.11403782182868));
#1085=CARTESIAN_POINT('Ctrl Pts',(-1.06030427816833,2.10832588488802,3.11145196878341));
#1086=CARTESIAN_POINT('Ctrl Pts',(-0.984644211457922,2.14660608661597,3.10886971950613));
#1087=CARTESIAN_POINT('Ctrl Pts',(-0.908198717139123,2.18528367534869,3.10626066388355));
#1088=CARTESIAN_POINT('Ctrl Pts',(-0.82982091799425,2.21997452702545,3.10365528723879));
#1089=CARTESIAN_POINT('Ctrl Pts',(-0.749880586261004,2.25053618825583,3.10104972850178));
#1090=CARTESIAN_POINT('Ctrl Pts',(-0.670674212039223,2.28081725319224,3.09846809222499));
#1091=CARTESIAN_POINT('Ctrl Pts',(-0.589932944041989,2.30704499858043,3.09588627718428));
#1092=CARTESIAN_POINT('Ctrl Pts',(-0.507994436296959,2.32903556673575,3.09330052768524));
#1093=CARTESIAN_POINT('Ctrl Pts',(-0.454204997791128,2.34347151811017,3.09160308386428));
#1094=CARTESIAN_POINT('Ctrl Pts',(-0.399899197258952,2.35608056317327,3.08990394452351));
#1095=CARTESIAN_POINT('Ctrl Pts',(-0.345170197909245,2.36679863437627,3.0882020471918));
#1096=CARTESIAN_POINT('Ctrl Pts',(-0.260142114707551,2.38345044714169,3.08555794498565));
#1097=CARTESIAN_POINT('Ctrl Pts',(-0.174550218222934,2.39545045832867,3.08292135516733));
#1098=CARTESIAN_POINT('Ctrl Pts',(-0.0887669031204391,2.40266207283785,
3.08028841778929));
#1099=CARTESIAN_POINT('Ctrl Pts',(-0.00400596671348842,2.40978773822014,
3.07768686016242));
#1100=CARTESIAN_POINT('Ctrl Pts',(0.0809427854898541,2.4122388099332,3.07508886843394));
#1101=CARTESIAN_POINT('Ctrl Pts',(0.165735899916585,2.40983560831683,3.07249071902836));
#1102=CARTESIAN_POINT('Ctrl Pts',(0.181242513570995,2.40939612075643,3.0720155802235));
#1103=CARTESIAN_POINT('Ctrl Pts',(0.196743943429247,2.40879415023658,3.07154043614535));
#1104=CARTESIAN_POINT('Ctrl Pts',(0.212238109291273,2.40802840742389,3.07106526402044));
#1105=CARTESIAN_POINT('Ctrl Pts',(0.296858996921887,2.40384632772474,3.0684701267704));
#1106=CARTESIAN_POINT('Ctrl Pts',(0.381263631944542,2.39478361510246,3.06587415295191));
#1107=CARTESIAN_POINT('Ctrl Pts',(0.465154712189566,2.38106349029798,3.06327363270573));
#1108=CARTESIAN_POINT('Ctrl Pts',(0.507010462433579,2.37421811275063,3.06197615595838));
#1109=CARTESIAN_POINT('Ctrl Pts',(0.548738296085208,2.36621252826122,3.060677547465));
#1110=CARTESIAN_POINT('Ctrl Pts',(0.590300317536713,2.35706974369118,3.05937734646487));
#1111=CARTESIAN_POINT('Ctrl Pts',(0.673403101339829,2.33878885111312,3.05677760952136));
#1112=CARTESIAN_POINT('Ctrl Pts',(0.755410425831565,2.31606014435683,3.05418501528845));
#1113=CARTESIAN_POINT('Ctrl Pts',(0.836034712180301,2.28916983497809,3.05159599176001));
#1114=CARTESIAN_POINT('Ctrl Pts',(0.918159460518734,2.26177908225973,3.04895878509009));
#1115=CARTESIAN_POINT('Ctrl Pts',(0.998850033819147,2.23007008306589,3.0463252832669));
#1116=CARTESIAN_POINT('Ctrl Pts',(1.07779910776439,2.19429025274354,3.04369171111879));
#1117=CARTESIAN_POINT('Ctrl Pts',(1.15744026208527,2.15819677063058,3.04103505265048));
#1118=CARTESIAN_POINT('Ctrl Pts',(1.23531014223951,2.11796036598057,3.0383783226189));
#1119=CARTESIAN_POINT('Ctrl Pts',(1.31107685073494,2.07378502217325,3.03571764569827));
#1120=CARTESIAN_POINT('Ctrl Pts',(1.36372578776441,2.04308836211566,3.03386878866816));
#1121=CARTESIAN_POINT('Ctrl Pts',(1.41535885515102,2.01048869205732,3.0320180258382));
#1122=CARTESIAN_POINT('Ctrl Pts',(1.4658565650191,1.97604203442423,3.03016405691372));
#1123=CARTESIAN_POINT('Ctrl Pts',(1.53928046587733,1.92595643684848,3.02746837762726));
#1124=CARTESIAN_POINT('Ctrl Pts',(1.60991345970928,1.8722350161446,3.02478025160748));
#1125=CARTESIAN_POINT('Ctrl Pts',(1.67744173052345,1.81513608714464,3.02209579864788));
#1126=CARTESIAN_POINT('Ctrl Pts',(1.74490594836324,1.75809131851621,3.01941389198769));
#1127=CARTESIAN_POINT('Ctrl Pts',(1.80927220555301,1.69767492097354,3.01673565142292));
#1128=CARTESIAN_POINT('Ctrl Pts',(1.87020467536444,1.63409796729107,3.01405720777813));
#1129=CARTESIAN_POINT('Ctrl Pts',(1.92961279923283,1.57211151653285,3.01144577068528));
#1130=CARTESIAN_POINT('Ctrl Pts',(1.98575747083669,1.50712005491536,3.00883414054622));
#1131=CARTESIAN_POINT('Ctrl Pts',(2.03829442554506,1.43928359801723,3.00621873136669));
#1132=CARTESIAN_POINT('Ctrl Pts',(2.07607709279567,1.39049808517831,3.00433782419757));
#1133=CARTESIAN_POINT('Ctrl Pts',(2.11199322086282,1.34024040264684,3.00245496252258));
#1134=CARTESIAN_POINT('Ctrl Pts',(2.14590079155644,1.2885607733438,3.0005688125355));
#1135=CARTESIAN_POINT('Ctrl Pts',(2.16843954293909,1.25420873064121,2.99931506699255));
#1136=CARTESIAN_POINT('Ctrl Pts',(2.19003859479576,1.21930736001566,2.99806275017647));
#1137=CARTESIAN_POINT('Ctrl Pts',(2.21066556632179,1.18387838094301,2.99681148033172));
#1138=CARTESIAN_POINT('Ctrl Pts',(2.25369422584682,1.10997216180113,2.99420128309284));
#1139=CARTESIAN_POINT('Ctrl Pts',(2.29249578539784,1.0337721882236,2.99159564180959));
#1140=CARTESIAN_POINT('Ctrl Pts',(2.32714388436098,0.955664131001752,2.98899109108982));
#1141=CARTESIAN_POINT('Ctrl Pts',(2.36284503235401,0.875182159587073,2.98630738105999));
#1142=CARTESIAN_POINT('Ctrl Pts',(2.39413670478023,0.792673602869167,2.98362482889134));
#1143=CARTESIAN_POINT('Ctrl Pts',(2.42105187460978,0.708530958696121,2.98093964352353));
#1144=CARTESIAN_POINT('Ctrl Pts',(2.44328013536797,0.639040606325827,2.97872204649859));
#1145=CARTESIAN_POINT('Ctrl Pts',(2.46252254996244,0.568434933578075,2.97650265349808));
#1146=CARTESIAN_POINT('Ctrl Pts',(2.47877234937078,0.496926491581739,2.97427932908988));
#1147=CARTESIAN_POINT('Ctrl Pts',(2.49857396767583,0.409788008304668,2.97157003895077));
#1148=CARTESIAN_POINT('Ctrl Pts',(2.5138414922385,0.321712854023761,2.96886739832941));
#1149=CARTESIAN_POINT('Ctrl Pts',(2.52463959880037,0.233108875795358,2.96616765182096));
#1150=CARTESIAN_POINT('Ctrl Pts',(2.53406460519405,0.155771885599533,2.96381120831324));
#1151=CARTESIAN_POINT('Ctrl Pts',(2.54008388920642,0.0780311391571667,2.96145696967841));
#1152=CARTESIAN_POINT('Ctrl Pts',(2.5427101695362,0.000146384517832475,
2.95910243868448));
#1153=CARTESIAN_POINT('Ctrl Pts',(-2.11505634700585,0.00156565129063222,
2.3109437209775));
#1154=CARTESIAN_POINT('Ctrl Pts',(-2.11178969424836,-0.464566023262796,
2.33892069131396));
#1155=CARTESIAN_POINT('Ctrl Pts',(-1.95976044294548,-0.932631445241179,
2.36689766165043));
#1156=CARTESIAN_POINT('Ctrl Pts',(-1.67612485095079,-1.29870053425235,2.39487463198689));
#1157=CARTESIAN_POINT('Ctrl Pts',(-1.24957443058677,-1.84922003253489,2.4369482954986));
#1158=CARTESIAN_POINT('Ctrl Pts',(-0.525380712497912,-2.16906276600035,
2.47902195901032));
#1159=CARTESIAN_POINT('Ctrl Pts',(0.168868061150555,-2.11361617168636,2.52109562252203));
#1160=CARTESIAN_POINT('Ctrl Pts',(0.863116834799022,-2.05816957737237,2.56316928603374));
#1161=CARTESIAN_POINT('Ctrl Pts',(1.5274206640071,-1.62743365527894,2.60524294954545));
#1162=CARTESIAN_POINT('Ctrl Pts',(1.86111873438558,-1.01610652949283,2.64731661305717));
#1163=CARTESIAN_POINT('Ctrl Pts',(2.19481680476407,-0.404779403706719,2.68939027656888));
#1164=CARTESIAN_POINT('Ctrl Pts',(2.19790911631297,0.387138925772073,2.73146394008059));
#1165=CARTESIAN_POINT('Ctrl Pts',(1.86920894869347,1.00101801807377,2.7735376035923));
#1166=CARTESIAN_POINT('Ctrl Pts',(1.54050878107398,1.61489711037547,2.81561126710402));
#1167=CARTESIAN_POINT('Ctrl Pts',(0.880016134286091,2.05073696550008,2.85768493061573));
#1168=CARTESIAN_POINT('Ctrl Pts',(0.186148183456809,2.11201520429702,2.89975859412744));
#1169=CARTESIAN_POINT('Ctrl Pts',(-0.507719767372469,2.17329344309395,2.94183225763915));
#1170=CARTESIAN_POINT('Ctrl Pts',(-1.23496302224315,1.86001006556322,2.98390592115087));
#1171=CARTESIAN_POINT('Ctrl Pts',(-1.66575664306858,1.31258445367058,3.02597958466258));
#1172=CARTESIAN_POINT('Ctrl Pts',(-1.95574016932859,0.944091510350049,3.05430096343422));
#1173=CARTESIAN_POINT('Ctrl Pts',(-2.11139801658066,0.46950528505805,3.08262234220586));
#1174=CARTESIAN_POINT('Ctrl Pts',(-2.11470495147546,-0.00242975097589588,
3.1109437209775));
#1175=CARTESIAN_POINT('Ctrl Pts',(-0.661737268568499,2.47299490241842,-2.77555756156289E-16));
#1176=CARTESIAN_POINT('Ctrl Pts',(-0.743022883250449,2.4435632661416,-2.63158968106819E-16));
#1177=CARTESIAN_POINT('Ctrl Pts',(-0.82243685858661,2.40977560125753,-1.66348605429821E-16));
#1178=CARTESIAN_POINT('Ctrl Pts',(-0.899778765844415,2.3719441173694,-1.6826817716975E-16));
#1179=CARTESIAN_POINT('Ctrl Pts',(-0.981420550210867,2.33200936583085,-1.7029446883521E-16));
#1180=CARTESIAN_POINT('Ctrl Pts',(-1.06075441192897,2.2875682026086,-1.4242982327714E-16));
#1181=CARTESIAN_POINT('Ctrl Pts',(-1.13751237615972,2.23893718153328,-1.11022302462516E-16));
#1182=CARTESIAN_POINT('Ctrl Pts',(-1.20467559486163,2.19638503809238,-8.35407217497193E-17));
#1183=CARTESIAN_POINT('Ctrl Pts',(-1.26986644234187,2.15062386753325,-3.64029568316725E-17));
#1184=CARTESIAN_POINT('Ctrl Pts',(-1.33287825585074,2.10184157406712,-1.17961196366423E-16));
#1185=CARTESIAN_POINT('Ctrl Pts',(-1.36346232074122,2.07816409605477,-1.57547146228562E-16));
#1186=CARTESIAN_POINT('Ctrl Pts',(-1.39353262162555,2.05377460007885,-2.85033693892725E-16));
#1187=CARTESIAN_POINT('Ctrl Pts',(-1.42306296621822,2.02869319639715,-2.98372437868011E-16));
#1188=CARTESIAN_POINT('Ctrl Pts',(-1.44200476018689,2.01260510844772,-3.06928373928555E-16));
#1189=CARTESIAN_POINT('Ctrl Pts',(-1.46072436008449,1.99623232648662,-4.05569714674394E-16));
#1190=CARTESIAN_POINT('Ctrl Pts',(-1.47921445253466,1.97958001291098,-4.16333634234434E-16));
#1191=CARTESIAN_POINT('Ctrl Pts',(-1.48995163381316,1.96991002829353,-4.22584233353661E-16));
#1192=CARTESIAN_POINT('Ctrl Pts',(-1.50061227818295,1.96014487071517,-3.49509043551967E-16));
#1193=CARTESIAN_POINT('Ctrl Pts',(-1.51118212503685,1.95029776178359,-3.46944695195361E-16));
#1194=CARTESIAN_POINT('Ctrl Pts',(-1.57464607993897,1.89117330276457,-3.31547718237558E-16));
#1195=CARTESIAN_POINT('Ctrl Pts',(-1.63494911614766,1.82900039556604,4.03569602606872E-16));
#1196=CARTESIAN_POINT('Ctrl Pts',(-1.69185990480087,1.76405576172154,3.7470027081099E-16));
#1197=CARTESIAN_POINT('Ctrl Pts',(-1.74843806055028,1.69949071710175,3.45999674854011E-16));
#1198=CARTESIAN_POINT('Ctrl Pts',(-1.80166402180351,1.63218542865824,8.90418446099306E-17));
#1199=CARTESIAN_POINT('Ctrl Pts',(-1.8512669751469,1.56238495343018,1.66533453693773E-16));
#1200=CARTESIAN_POINT('Ctrl Pts',(-1.89559721032717,1.50000416208631,2.35787823114128E-16));
#1201=CARTESIAN_POINT('Ctrl Pts',(-1.93703342257675,1.43562973331576,-9.09616567824817E-17));
#1202=CARTESIAN_POINT('Ctrl Pts',(-1.97534757901169,1.36942613627026,-8.32667268468867E-17));
#1203=CARTESIAN_POINT('Ctrl Pts',(-1.99292813319704,1.33904843691782,-7.97358874581905E-17));
#1204=CARTESIAN_POINT('Ctrl Pts',(-2.00985086657307,1.30828552062537,-1.15191027085815E-16));
#1205=CARTESIAN_POINT('Ctrl Pts',(-2.02609115176995,1.27715298103209,-9.71445146547012E-17));
#1206=CARTESIAN_POINT('Ctrl Pts',(-2.03429873317283,1.26141909151644,-8.80240947839398E-17));
#1207=CARTESIAN_POINT('Ctrl Pts',(-2.04233198138269,1.24559079398854,-1.86159959424593E-16));
#1208=CARTESIAN_POINT('Ctrl Pts',(-2.05018754758421,1.22967009856394,-1.94289029309402E-16));
#1209=CARTESIAN_POINT('Ctrl Pts',(-2.05593788553186,1.21801602084318,-2.00239574163657E-16));
#1210=CARTESIAN_POINT('Ctrl Pts',(-2.06159267701452,1.20631294675487,-2.47042610974054E-16));
#1211=CARTESIAN_POINT('Ctrl Pts',(-2.0671451095071,1.19457379553477,-2.4980018054066E-16));
#1212=CARTESIAN_POINT('Ctrl Pts',(-2.10215751322507,1.12054932024869,-2.67188800587E-16));
#1213=CARTESIAN_POINT('Ctrl Pts',(-2.13316556457733,1.0449676198371,-7.1908054683617E-16));
#1214=CARTESIAN_POINT('Ctrl Pts',(-2.15993322790037,0.968047931762042,-5.68989300120393E-16));
#1215=CARTESIAN_POINT('Ctrl Pts',(-2.18666798299243,0.891222808940289,-4.19082575951698E-16));
#1216=CARTESIAN_POINT('Ctrl Pts',(-2.20917320234652,0.813062304197832,-2.07085944787218E-16));
#1217=CARTESIAN_POINT('Ctrl Pts',(-2.22716267774785,0.733775412188136,-1.94289029309402E-16));
#1218=CARTESIAN_POINT('Ctrl Pts',(-2.24560293892943,0.652501724972838,-1.50604958226654E-16));
#1219=CARTESIAN_POINT('Ctrl Pts',(-2.25929776329186,0.570043295820897,1.39361314367511E-16));
#1220=CARTESIAN_POINT('Ctrl Pts',(-2.26832081549785,0.48679101285993,1.66533453693773E-16));
#1221=CARTESIAN_POINT('Ctrl Pts',(-2.27104055509833,0.46169700634978,1.74723713671E-16));
#1222=CARTESIAN_POINT('Ctrl Pts',(-2.27333549476992,0.436530965170391,2.1357192218997E-16));
#1223=CARTESIAN_POINT('Ctrl Pts',(-2.27520677645326,0.411303897322523,2.22044604925031E-16));
#1224=CARTESIAN_POINT('Ctrl Pts',(-2.27646978838922,0.394277017786072,2.27763198506752E-16));
#1225=CARTESIAN_POINT('Ctrl Pts',(-2.27753979451868,0.377222341019671,-3.71041038301526E-16));
#1226=CARTESIAN_POINT('Ctrl Pts',(-2.27841704704201,0.360143304032525,-3.88578058618805E-16));
#1227=CARTESIAN_POINT('Ctrl Pts',(-2.27907608757951,0.347312588341377,-4.01752836677441E-16));
#1228=CARTESIAN_POINT('Ctrl Pts',(-2.27962624650407,0.33446841254075,4.33661331463728E-16));
#1229=CARTESIAN_POINT('Ctrl Pts',(-2.28006737658414,0.321626058337457,4.16333634234434E-16));
#1230=CARTESIAN_POINT('Ctrl Pts',(-2.28287203706607,0.23997566776884,3.06165885858216E-16));
#1231=CARTESIAN_POINT('Ctrl Pts',(-2.28128192574751,0.158255789195359,-2.5843573371083E-16));
#1232=CARTESIAN_POINT('Ctrl Pts',(-2.27542487254126,0.0768277858728153,
-2.77555756156289E-16));
#1233=CARTESIAN_POINT('Ctrl Pts',(-2.26955761803186,-0.0047420416260834,
-2.96709080185044E-16));
#1234=CARTESIAN_POINT('Ctrl Pts',(-2.25940816331518,-0.0860200011619507,
9.74660514847202E-17));
#1235=CARTESIAN_POINT('Ctrl Pts',(-2.24505414027439,-0.166630913091699,
5.55111512312578E-17));
#1236=CARTESIAN_POINT('Ctrl Pts',(-2.23092447157551,-0.24598187106669,1.42120088799254E-17));
#1237=CARTESIAN_POINT('Ctrl Pts',(-2.21272017183253,-0.324687346745836,
5.28941840033965E-17));
#1238=CARTESIAN_POINT('Ctrl Pts',(-2.19047257604576,-0.402363925602822,
2.77555756156289E-17));
#1239=CARTESIAN_POINT('Ctrl Pts',(-2.18098107792972,-0.43550310652594,1.70306839716309E-17));
#1240=CARTESIAN_POINT('Ctrl Pts',(-2.17075315095558,-0.468454618070464,
-9.91483152852322E-17));
#1241=CARTESIAN_POINT('Ctrl Pts',(-2.15978912003363,-0.501186648700581,
-1.11022302462516E-16));
#1242=CARTESIAN_POINT('Ctrl Pts',(-2.15492315371212,-0.5157135102002,-1.16292118109515E-16));
#1243=CARTESIAN_POINT('Ctrl Pts',(-2.14991177783892,-0.530197980390643,
6.82607052159331E-17));
#1244=CARTESIAN_POINT('Ctrl Pts',(-2.1447608437104,-0.544621495830623,5.55111512312578E-17));
#1245=CARTESIAN_POINT('Ctrl Pts',(-2.11821391668851,-0.618957529301543,
-1.01976058112226E-17));
#1246=CARTESIAN_POINT('Ctrl Pts',(-2.0879309126426,-0.691776358366495,1.3765723518816E-16));
#1247=CARTESIAN_POINT('Ctrl Pts',(-2.05396552780206,-0.762721737425641,
2.4980018054066E-16));
#1248=CARTESIAN_POINT('Ctrl Pts',(-2.0290764757778,-0.81470887782088,3.3197594902187E-16));
#1249=CARTESIAN_POINT('Ctrl Pts',(-2.00220922314747,-0.865689605937055,
-2.53652169688217E-16));
#1250=CARTESIAN_POINT('Ctrl Pts',(-1.9733721022305,-0.915511573928704,-2.4980018054066E-16));
#1251=CARTESIAN_POINT('Ctrl Pts',(-1.96120453817024,-0.936533505656637,
-2.4817486833119E-16));
#1252=CARTESIAN_POINT('Ctrl Pts',(-1.94868614618386,-0.957348993481244,
-6.34711112058663E-16));
#1253=CARTESIAN_POINT('Ctrl Pts',(-1.93581702989421,-0.977945908152027,
-6.66133814775094E-16));
#1254=CARTESIAN_POINT('Ctrl Pts',(-1.92739831236714,-0.991419996243225,
-6.86689916076292E-16));
#1255=CARTESIAN_POINT('Ctrl Pts',(-1.91883429399698,-1.00479283327118,3.31006458398415E-16));
#1256=CARTESIAN_POINT('Ctrl Pts',(-1.91012634102923,-1.01805995874955,3.05311331771918E-16));
#1257=CARTESIAN_POINT('Ctrl Pts',(-1.86874693438083,-1.08110414172325,1.83210408914635E-16));
#1258=CARTESIAN_POINT('Ctrl Pts',(-1.8241131375901,-1.14177521812157,-1.07654001142315E-16));
#1259=CARTESIAN_POINT('Ctrl Pts',(-1.77625269450104,-1.19973122405507,-1.11022302462516E-16));
#1260=CARTESIAN_POINT('Ctrl Pts',(-1.74011469347215,-1.24349208515196,-1.13565606885096E-16));
#1261=CARTESIAN_POINT('Ctrl Pts',(-1.70213634781989,-1.28570439685297,-7.62461466921652E-17));
#1262=CARTESIAN_POINT('Ctrl Pts',(-1.66231832772276,-1.32620466189894,-1.66533453693773E-16));
#1263=CARTESIAN_POINT('Ctrl Pts',(-1.64937346082761,-1.33937132711634,-1.95472506917272E-16));
#1264=CARTESIAN_POINT('Ctrl Pts',(-1.63623408352402,-1.35235691864523,-9.96533886961411E-17));
#1265=CARTESIAN_POINT('Ctrl Pts',(-1.62290495470145,-1.36515943263614,-1.11022302462516E-16));
#1266=CARTESIAN_POINT('Ctrl Pts',(2.5427101695362,0.000146384517832475,
2.95910243868448));
#1267=CARTESIAN_POINT('Ctrl Pts',(2.54574430054604,-0.0898315890241241,
2.95638235642512));
#1268=CARTESIAN_POINT('Ctrl Pts',(2.54425109230195,-0.180002489421961,2.9536618903689));
#1269=CARTESIAN_POINT('Ctrl Pts',(2.53820240671017,-0.269970441603331,2.95093714499174));
#1270=CARTESIAN_POINT('Ctrl Pts',(2.53549888281871,-0.310182567774795,2.94971929127567));
#1271=CARTESIAN_POINT('Ctrl Pts',(2.53188460792956,-0.350354134083193,2.94850058266365));
#1272=CARTESIAN_POINT('Ctrl Pts',(2.52735371059101,-0.390449345057257,2.9472806713205));
#1273=CARTESIAN_POINT('Ctrl Pts',(2.117,0.,3.27842156573285));
#1274=CARTESIAN_POINT('Ctrl Pts',(2.117,2.117,3.27842156573285));
#1275=CARTESIAN_POINT('Ctrl Pts',(0.,2.117,3.27842156573285));
#1276=CARTESIAN_POINT('Ctrl Pts',(-2.117,2.117,3.27842156573285));
#1277=CARTESIAN_POINT('Ctrl Pts',(-2.117,0.,3.27842156573285));
#1278=CARTESIAN_POINT('Ctrl Pts',(-2.117,-2.117,3.27842156573285));
#1279=CARTESIAN_POINT('Ctrl Pts',(0.,-2.117,3.27842156573285));
#1280=CARTESIAN_POINT('Ctrl Pts',(2.117,-2.117,3.27842156573285));
#1281=CARTESIAN_POINT('Ctrl Pts',(2.117,0.,3.27842156573285));
#1282=CARTESIAN_POINT('Ctrl Pts',(3.55,0.,2.40065994896032));
#1283=CARTESIAN_POINT('Ctrl Pts',(3.55,3.55,2.40065994896032));
#1284=CARTESIAN_POINT('Ctrl Pts',(0.,3.55,2.40065994896032));
#1285=CARTESIAN_POINT('Ctrl Pts',(-3.55,3.55,2.40065994896032));
#1286=CARTESIAN_POINT('Ctrl Pts',(-3.55,0.,2.40065994896032));
#1287=CARTESIAN_POINT('Ctrl Pts',(-3.55,-3.55,2.40065994896032));
#1288=CARTESIAN_POINT('Ctrl Pts',(0.,-3.55,2.40065994896032));
#1289=CARTESIAN_POINT('Ctrl Pts',(3.55,-3.55,2.40065994896032));
#1290=CARTESIAN_POINT('Ctrl Pts',(3.55,0.,2.40065994896032));
#1291=CARTESIAN_POINT('Ctrl Pts',(3.55,0.,0.720197376964401));
#1292=CARTESIAN_POINT('Ctrl Pts',(3.55,3.55,0.720197376964401));
#1293=CARTESIAN_POINT('Ctrl Pts',(0.,3.55,0.720197376964401));
#1294=CARTESIAN_POINT('Ctrl Pts',(-3.55,3.55,0.720197376964401));
#1295=CARTESIAN_POINT('Ctrl Pts',(-3.55,0.,0.720197376964401));
#1296=CARTESIAN_POINT('Ctrl Pts',(-3.55,-3.55,0.720197376964401));
#1297=CARTESIAN_POINT('Ctrl Pts',(0.,-3.55,0.720197376964401));
#1298=CARTESIAN_POINT('Ctrl Pts',(3.55,-3.55,0.720197376964401));
#1299=CARTESIAN_POINT('Ctrl Pts',(3.55,0.,0.720197376964401));
#1300=CARTESIAN_POINT('',(3.55,4.3474961369731E-16,0.720197376964401));
#1301=CARTESIAN_POINT('',(-3.55,-4.3474961369731E-16,0.720197376964401));
#1302=CARTESIAN_POINT('Origin',(0.,0.,0.720197376964401));
#1303=CARTESIAN_POINT('Origin',(0.,0.,0.720197376964401));
#1304=CARTESIAN_POINT('Ctrl Pts',(3.55,0.,0.720197376964401));
#1305=CARTESIAN_POINT('Ctrl Pts',(3.55,0.,2.06623953249911));
#1306=CARTESIAN_POINT('Ctrl Pts',(2.54452937891154,0.,2.96114640732157));
#1307=CARTESIAN_POINT('Origin',(0.,0.,0.));
#1308=CARTESIAN_POINT('',(-3.55,-4.3474961369731E-16,0.));
#1309=CARTESIAN_POINT('',(-3.55,-4.3474961369731E-16,0.));
#1310=CARTESIAN_POINT('Origin',(0.,0.,0.));
#1311=CARTESIAN_POINT('Origin',(0.,0.,0.));
#1312=CARTESIAN_POINT('Origin',(0.,0.,0.));
#1313=UNCERTAINTY_MEASURE_WITH_UNIT(LENGTH_MEASURE(0.01),#1317,
'DISTANCE_ACCURACY_VALUE',
'Maximum model space distance between geometric entities at asserted c
onnectivities');
#1314=UNCERTAINTY_MEASURE_WITH_UNIT(LENGTH_MEASURE(0.01),#1317,
'DISTANCE_ACCURACY_VALUE',
'Maximum model space distance between geometric entities at asserted c
onnectivities');
#1315=(
GEOMETRIC_REPRESENTATION_CONTEXT(3)
GLOBAL_UNCERTAINTY_ASSIGNED_CONTEXT((#1313))
GLOBAL_UNIT_ASSIGNED_CONTEXT((#1317,#1319,#1320))
REPRESENTATION_CONTEXT('','3D')
);
#1316=(
GEOMETRIC_REPRESENTATION_CONTEXT(3)
GLOBAL_UNCERTAINTY_ASSIGNED_CONTEXT((#1314))
GLOBAL_UNIT_ASSIGNED_CONTEXT((#1317,#1319,#1320))
REPRESENTATION_CONTEXT('','3D')
);
#1317=(
LENGTH_UNIT()
NAMED_UNIT(*)
SI_UNIT(.MILLI.,.METRE.)
);
#1318=(
LENGTH_UNIT()
NAMED_UNIT(*)
SI_UNIT($,.METRE.)
);
#1319=(
NAMED_UNIT(*)
PLANE_ANGLE_UNIT()
SI_UNIT($,.RADIAN.)
);
#1320=(
NAMED_UNIT(*)
SI_UNIT($,.STERADIAN.)
SOLID_ANGLE_UNIT()
);
#1321=SHAPE_DEFINITION_REPRESENTATION(#1322,#1323);
#1322=PRODUCT_DEFINITION_SHAPE('',$,#1325);
#1323=SHAPE_REPRESENTATION('',(#295),#1315);
#1324=PRODUCT_DEFINITION_CONTEXT('part definition',#1329,'design');
#1325=PRODUCT_DEFINITION('2026-06-22-12-10-08-242','Rover Wheel Spacer',
#1326,#1324);
#1326=PRODUCT_DEFINITION_FORMATION('',$,#1331);
#1327=PRODUCT_RELATED_PRODUCT_CATEGORY('Rover Wheel Spacer',
'Rover Wheel Spacer',(#1331));
#1328=APPLICATION_PROTOCOL_DEFINITION('international standard',
'automotive_design',2009,#1329);
#1329=APPLICATION_CONTEXT(
'Core Data for Automotive Mechanical Design Process');
#1330=PRODUCT_CONTEXT('part definition',#1329,'mechanical');
#1331=PRODUCT('2026-06-22-12-10-08-242','Rover Wheel Spacer',$,(#1330));
#1332=PRESENTATION_STYLE_ASSIGNMENT((#1333));
#1333=SURFACE_STYLE_USAGE(.BOTH.,#1334);
#1334=SURFACE_SIDE_STYLE('',(#1335));
#1335=SURFACE_STYLE_FILL_AREA(#1336);
#1336=FILL_AREA_STYLE('Steel - Satin',(#1337));
#1337=FILL_AREA_STYLE_COLOUR('Steel - Satin',#1338);
#1338=COLOUR_RGB('Steel - Satin',0.627450980392157,0.627450980392157,0.627450980392157);
ENDSEC;
END-ISO-10303-21;
